S3250800C000006000203D26010805FA00080DFA000815FA00081DFA000825FA000800000000B3
S3250800C0200000000000000000000000002DFA000839FA00080000000045FA000851FA0008EE
S3250800C040852601088526010885260108852601088526010885260108852601088526010832
S3250800C0608526010885260108852601088526010885260108852601085DFA00088526010867
S3250800C0808526010885260108852601088526010871FA000885FA0008852601088526010860
S3250800C0A08526010885260108852601088526010885260108852601088526010885260108D2
S3250800C0C08526010885260108852601088526010885260108852601088526010885260108B2
S3250800C0E0852601088526010885260108852601088526010885260108852601088526010892
S3250800C100852601088526010885260108852601088526010885260108852601088526010871
S3250800C120852601088526010885260108852601080000000000000000000000000000000021
S3250800C1400000000000000000000000000000000000000000000000000000000000000000D1
S3250800C1600000000000000000000000000000000000000000000000000000000000000000B1
S3250800C180000000000000000000000000000000000000000000000000000000000000000091
S3250800C1A0000000000000000000000000000000000000000000000000000000000000000071
S3250800C1C0000000000000000000000000000000000000000000000000000000000000000051
S3250800C1E05FF8E0F110B5054C237833B9044B13B10448AFF300800123237010BDC020002067
S3250800C200000000000C34010808B5034B1BB103490348AFF3008008BD00000000C42000206E
S3250800C2200C340108034613F8012B002AFBD1181A01387047002310B50446C0E90033C0E958
S3250800C2400433836081814366C2818361194608225C3000F0F4F80D4B246263620C4BA362F4
S3250800C2600C4BE3620C4B23630C4B9C4206D003F16802944202D0D0339C4205D104F1580022
S3250800C280BDE8104000F04EB910BD00BFB9C30008DBC3000813C4000837C40008DC200020F0
S3250800C2A0024A0349034800F069B800BF0020002019C800081020002041680C4B10B59942A4
S3250800C2C0044601D000F0A8FAA168094B994202D0204600F0A1FAE168064B994204D02046F9
S3250800C2E0BDE8104000F098BA10BD00BFDC20002044210020AC21002010B50B4B0B4C0C4A17
S3250800C30020461A6004210022FFF794FF04F1680001220921FFF78EFF04F1D0000222BDE8A4
S3250800C32010401221FFF786BF14220020DC200020A1C20008014800F0F6B800BF1D2200204F
S3250800C340014800F0F1B800BF1D22002010B50446FFF7F0FF236A1BB1BDE81040FFF7F0BFE8
S3250800C360044B2362044B1B68002BF5D1FFF7C4FFF2E700BFB9C20008142200202DE9F8439D
S3250800C3800746884614460026D4E90195B9F1010905D52468002CF7D13046BDE8F883AB89C9
S3250800C3A0012B07D9B5F90E30013303D029463846C04706436835E9E710B50C46B1F90E10E7
S3250800C3C000F068F80028ABBF636DA3891B1823F48053ACBF6365A38110BD2DE9F0411F4684
S3250800C3E08B890546DB050C46164605D502230022B1F90E1000F03CF8A389324623F48053A7
S3250800C400A38128463B46B4F90E10BDE8F04100F053B810B50C46B1F90E1000F029F8431C10
S3250800C420A38915BF606523F4805343F48053A38118BFA38110BDB1F90E1000F009B8034687
S3250800C4400244934200D1704703F8011BF9E7000038B50023054D044608462B6006F0BDF804
S3250800C460431C02D12B6803B1236038BD1822002038B50446084611460022054D2A601A4629
S3250800C48006F0CFF8431C02D12B6803B1236038BD1822002038B50446084611460022054D36
S3250800C4A02A601A4606F060F8431C02D12B6803B1236038BD1822002038B50446084611460F
S3250800C4C00022054D2A601A4606F06BF8431C02D12B6803B1236038BD1822002070B5002601
S3250800C4E00C4D0D4C641BA410A64209D106F08EFF00260A4D0A4C641BA410A64205D170BD13
S3250800C50055F8043B98470136EEE755F8043B98470136F2E70C3901080C3901080C39010831
S3250800C52010390108704770477047000038B50546002940D051F8043C0C1F002BB8BFE418B3
S3250800C54000F0DEF81C4A136833B9636014602846BDE8384000F0DAB8A34208D9206821186F
S3250800C5608B4201BF19685B6809182160EDE71A465B680BB1A342FAD911685018A0420BD130
S3250800C58020680144501883421160E0D118685B68084410605360DAE702D90C232B60D6E7AC
S3250800C5A0206821188B4201BF19685B680918216063605460CBE738BD2422002070B50F4E33
S3250800C5C00C463168054611B900F04EF930602146284600F049F9431C03D14FF0FF34204674
S3250800C5E070BDC41C24F00304A042F8D0211A284600F03AF90130F2D1EFE700BF20220020A4
S3250800C6002DE9F843CD1C25F0030508350C2D38BF0C25002D064601DBA94204D90C23336038
S3250800C6200020BDE8F883DFF8D48000F069F8D8F800301C4644BB29463046FFF7BFFF431CD7
S3250800C640044658D1D8F800402746002F43D1002C4BD023683946304604EB030900F004F9EA
S3250800C660814542D1216830466D1A2946FFF7A6FF01303AD023682B442360D8F800305A68C9
S3250800C68062BBC8F800700FE02268521B20D40B2A17D96119A342256018BF5960636808BF3A
S3250800C6A0C8F8001062514B60304600F02FF804F10B00231D20F00700C21A1CBF1B1AA3507B
S3250800C6C0AFE76268A3420CBFC8F800205A60EBE723466468AEE73C467F68B6E71A465B68DD
S3250800C6E0A342FBD100235360DEE70C233046336000F00CF894E70560D6E700BF24220020F2
S3250800C7000148FFF710BF00BF1C2200200148FFF70BBF00BF1C220020B1F90C20F8B516071A
S3250800C72005460C4654D44B68002B02DC0B6C002B48DDE66A002E45D0002312F480522F687E
S3250800C740216A2B6030D0626DA389590705D56368D21A636B0BB1236CD21A00232846E66AE3
S3250800C760216AB047431CA38906D129681D292BD8284ACA40D60727D5002262602269D9044C
S3250800C780226004D5421C01D12B6803B96065616B2F60B9B104F14403994202D02846FFF7DA
S3250800C7A0C5FE002363630DE001232846B0470246501CC9D12B68002BC6D01D2B01D0162B4D
S3250800C7C01DD12F60002021E043F040031BB21AE00F69002FF6D0930718BF00230E6808BF32
S3250800C7E04B69F61B0F608B60002EEBDD33463A462846216AD4F828C0E047002807DCB4F991
S3250800C8000C3043F040034FF0FF30A381F8BD0744361AE9E70100402038B50B6905460C4647
S3250800C82013B90025284638BD18B1036A0BB9FFF78DFDB4F90C30002BF3D0626ED00704D4C6
S3250800C840990502D4A06DFFF76EFE28462146FFF763FF636E0546DA07E4D4A3899B05E1D484
S3250800C860A06DFFF761FEDDE738B50023054D044608462B6005F020FE431C02D12B6803B173
S3250800C880236038BD1822002080B485B000AF786039600023FB730F23BB6018E0BB687A6854
S3250800C8A013441B785BB25B005AB297F90F30134359B2BB683A681344CAB21A70BB687A68B5
S3250800C8C013441B78DB09FB73BB68013BBB60BB68002BE3DA00BF00BF1437BD4680BC7047CA
S3250800C8E080B487B000AFF860B9607A6000237B6110E07B69FA68134419787B69BA6813444B
S3250800C9001A787B69786803444A40D2B21A707B6901337B617B690F2BEBDD00BF00BF1C3729
S3250800C920BD4680BC7047000080B586B000AFF860B9607A607868FFF775FC03469AB24FF66D
S3250800C940FF737968154805F0DCFB00237B6115E0FA687B6913441B781A4607F11003104965
S3250800C960184605F0FDFE07F110014FF6FF7303220A4805F0C6FB7B6901337B617A69BB6874
S3250800C9809A42E5D34FF6FF7302220649034805F0B8FB00BF1837BD4680BD00BF5427002030
S3250800C9A0243401082C34010880B485B000AF786039600023FB6010E0FB687A68134419787B
S3250800C9C0FB683A6813441A78FB68786803444A40D2B21A70FB680133FB60FB680F2BEBDDE2
S3250800C9E000BF00BF1437BD4680BC704780B485B000AF78600023FB600DE0FB687A68134473
S3250800CA001B781946FB687A681344074A525C1A70FB680133FB60FB680F2BEEDD00BF00BF19
S3250800CA201437BD4680BC7047AC34010880B485B000AF78607B685B78FB737B6801337A68B1
S3250800CA4052791A707B6805337A68527A1A707B6809337A68527B1A707B680D33FA7B1A70A6
S3250800CA607B689B78FB737B6802337A68927A1A707B680A33FA7B1A707B689B79FB737B684D
S3250800CA8006337A68927B1A707B680E33FA7B1A707B68DB78FB737B6803337A68D27B1A703D
S3250800CAA07B680F337A68D27A1A707B680B337A68D2791A707B680733FA7B1A7000BF14378D
S3250800CAC0BD4680BC7047000080B485B000AF78600023FB607AE0FB689B001A467B681344F2
S3250800CAE01B78FB72FB689B0001337A6813441B78BB72FB689B0002337A6813441B787B7211
S3250800CB00FB689B0003337A6813441B783B72FB7A334AD25CBB7A3249C95CBB7A4B40DBB218
S3250800CB205340DAB27B7A5340D9B2FB689B001A467B6813443A7A4A40D2B21A70BB7A284A2A
S3250800CB40D25CFB7A5340DAB27B7A2549C95C7B7A4B40DBB25340D9B2FB689B0001337A683E
S3250800CB6013443A7A4A40D2B21A70FA7ABB7A5340DAB27B7A1A49CB5C5340D9B23B7A184A88
S3250800CB80D25C3B7A5340DAB2FB689B000233786803444A40D2B21A70FB7A114AD25CFB7A20
S3250800CBA05340DAB2BB7A5340DAB27B7A5340D9B23B7A0B4AD25CFB689B000333786803444E
S3250800CBC04A40D2B21A70FB680133FB60FB68032B81DD00BF00BF1437BD4680BC704700BF50
S3250800CBE0AC35010880B485B000AF786039600023FB7332E0FB7B9B001A467B681A44FB7BE9
S3250800CC009B0019463B680B4412781A70FB7B9B0001337A681A44FB7B9B00013339680B444C
S3250800CC2012781A70FB7B9B0002337A681A44FB7B9B00023339680B4412781A70FB7B9B00F1
S3250800CC4003337A681A44FB7B9B00033339680B4412781A70FB7B0133FB73FB7B032BC9D9A7
S3250800CC6087E0FB7B013B9B001A463B6813441B783B72FB7B013B9B0001333A6813441B784B
S3250800CC807B72FB7B013B9B0002333A6813441B78BB72FB7B013B9B0003333A6813441B784F
S3250800CCA0FB72FB7B03F00303DBB2002B1ED13B7ABB737B7A1A46344B9B5C3B72BB7A1A46F3
S3250800CCC0314B9B5C7B72FB7A1A462F4B9B5CBB72BB7B2D4AD35CFB723A7AFB7B9B08DBB2D0
S3250800CCE0013B2A49CB5C5340DBB23B72FB7B043B9B001A463B68134419783A7AFB7B9B0083
S3250800CD0018463B6803444A40D2B21A70FB7B043B9B0001333A68134419787A7AFB7B9B0012
S3250800CD200133386803444A40D2B21A70FB7B043B9B0002333A6813441978BA7AFB7B9B00DE
S3250800CD400233386803444A40D2B21A70FB7B043B9B0003333A6813441978FA7AFB7B9B007C
S3250800CD600333386803444A40D2B21A70FB7B0133FB73FB7B2B2B7FF674AF00BF00BF1437AB
S3250800CD80BD4680BC704700BFAC340108AC360108B0B5B6B000AFF860B9607A6007F1140328
S3250800CDA01946F868FFF71EFFBB6807F1C404186859689A68DB680FC407F1140207F1C4038A
S3250800CDC011461846FFF7F0FD0123C7F8D43020E007F1C4031846FFF709FE07F1C40318468F
S3250800CDE0FFF724FE07F1C4031846FFF76DFED7F8D4301B011A4607F114031A4407F1C40314
S3250800CE0011461846FFF7D0FDD7F8D4300133C7F8D430D7F8D430092BDADD07F1C4031846E7
S3250800CE20FFF7E4FD07F1C4031846FFF7FFFD07F11403A03307F1C40219461046FFF7B4FD02
S3250800CE407B681D4607F1C4040FCC28606960AA60EB6000BFD837BD46B0BD80B588B000AFE3
S3250800CE60F860B9607A6007F1100300221A605A609A60DA6007F1100207F110031946F868F0
S3250800CE80FFF786FF07F11003B9681846FFF7FCFC3B7C5BB2002B09DABB680F331B78BA68A5
S3250800CEA00F3283F07803DB43DBB213707968B868FFF7EAFCBB681B785BB2002B09DA7B6876
S3250800CEC00F331B787A680F3283F07803DB43DBB2137000BF2037BD4680BD80B582B000AFC4
S3250800CEE0786039607B6810223968184605F060FC00BF0837BD4680BD90B59DB000AFF86077
S3250800CF00B9607A603B60FB6807F1440207F154011846FFF7A2FF7B680F331B09FB6607F1F0
S3250800CF20340300221A605A609A60DA60FB6E002B01D10123FB667B6803F00F03002B1ED036
S3250800CF407B6803F00F037B66FB6E013B1B01BA68D11807F134037A6E184605F029FC07F1A7
S3250800CF6034027B6E134480221A7007F1340207F1440107F134031846FFF7B2FC14E0FB6E08
S3250800CF80013B1B01BA68134407F13404186859689A68DB680FC407F1340207F1540107F1B6
S3250800CFA034031846FFF79CFC07F1240300221A605A609A60DA600023BB6615E0BB6E1B0119
S3250800CFC0BA68D11807F1140207F124031846FFF787FCFB6807F1240207F114011846FFF752
S3250800CFE0D7FEBB6E0133BB66FB6E013BBA6E9A42E4D307F1140207F1340107F124031846B8
S3250800D000FFF76EFCFB6807F114013A681846FFF7BFFE00BF7437BD4690BD000080B58CB054
S3250800D02000AF786039603B68002B01D101236DE07A683B681344013B7A689A4201D90123DD
S3250800D04064E07A683B681344013B7B627B68B3F1006F0FD37B6AB3F1006F0BD37B682D4A81
S3250800D060934207D87B6A2B4A934203D87A6A7B689A4201D2012349E07B6823F4FF6323F0B2
S3250800D08007033B627A6A3B6AD31ADB0A0133FB614FF0FF33BB600023FB6001233B6104F032
S3250800D0A0FDFD0346002B01D001232FE0002387F82F300023BB621FE00123BB61BB6ADA026F
S3250800D0C03B6A13447B6172B600BF07F1080207F10C031146184604F0C9FE034687F82F30E3
S3250800D0E062B600BF0C4804F0ADFF97F82F30002B07D1BB6A0133BB62BA6AFB699A42DBD3DE
S3250800D10000E000BF04F0F0FD97F82F3018463037BD4680BDFFFF070848270020B0B588B055
S3250800D12000AFF860B9601346FB800023FB7704F0B5FD0023BB833EE00023BB61FA88BB8B2C
S3250800D140D31A042BA8BF0423BB750023FB7511E0BA8BFB7D13441A46BB6813441B781A4682
S3250800D160FB7DDB0002FA03F3BA691343BB61FB7D0133FB75FA7DBB7D9A42E9D3BA8BFB68BC
S3250800D180D118BB6900221C46154622462B46022004F014FD0346FB77FB7F002B10D1BB8B0E
S3250800D1A003F007039BB2002B02D1094804F04AFFBB8B0433BB83BA8BFB889A42BCD300E0BD
S3250800D1C000BF04F091FDFB7F18462037BD46B0BD4827002080B400AF034B4FF6FF721A8051
S3250800D1E000BFBD4680BC70475C20002080B485B000AF78600B467B800023FB8130E0FB8961
S3250800D2007A6813441B781B029AB21B4B1B8853409AB2194B1A800023BB601BE0164B1B88A8
S3250800D2201BB2002B0DDA144B1B881BB25B001BB283F4815383F001031BB29AB20E4B1A803C
S3250800D24005E00D4B1B885B009AB20B4B1A80BB680133BB60BB68072BE0DDFB890133FB8191
S3250800D260FA897B889A42CAD3034B1B8818461437BD4680BC704700BF5C20002080B584B04D
S3250800D28000AFF860B9601346FB71FB6840F22312934206D1FB791A46B968002000F0C0FE62
S3250800D2A00AE0FB6840F2DF72934205D1FB791A46B968012000F0B4FE00BF1037BD4680BDE7
S3250800D2C080B584B000AFF860B9601346FB71FB791A46B968F86802F065FA00BF1037BD4643
S3250800D2E080BD80B500AF00F0EDF900BF80BD80B500AF00F009FE00F0C9F900BF80BD0000A4
S3250800D30080B483B000AF0346FB71FB79012B0ED8FB79002B03D1084B42F211721A60FB7943
S3250800D320012B05D1044B41F289325A6000E000BF0C37BD4680BC70472822002080B483B03D
S3250800D34000AF0346FB71FB79012B05D8FB79054A002142F8231000E000BF0C37BD4680BC6C
S3250800D360704700BF2822002080B483B000AF0346FB71FB79012B01D900231EE0FB79114A8A
S3250800D38052F82330002B01D1002316E0FB790D4A52F82330012B07D1FB790A4A002142F83D
S3250800D3A023104FF0FF3308E0FB79064A52F82320013A044941F82320012318460C37BD46B6
S3250800D3C080BC70472822002080B483B000AF0346FB71FB79012B01D9002308E0FB79064ACE
S3250800D3E052F82330002B01D0012300E0002318460C37BD4680BC70472822002080B400AF7B
S3250800D40000BFBD4680BC704780B584B000AF03460A46FB711346BB7107F1080300221A6008
S3250800D4205A60BB79782B02D00120FFF769FF124B1B78022B0ED1BB79112B18D0BB79122B37
S3250800D44015D0BB79312B12D0BB797E2B0FD0BB797F2B0CD07F233B72FB797B72BB79BB72E0
S3250800D46007F108030321184600F024FD00E000BF1037BD4680BD00BFD826002080B582B09E
S3250800D48000AF78600B467B800120FFF739FF074B1B78012B05D07B881946786800F00AFD3D
S3250800D4A000E000BF0837BD4680BD00BF3022002080B582B000AF0346FB710120FFF73EFFF0
S3250800D4C000BF0837BD4680BD80B582B000AF0346FB710120FFF714FF00BF0837BD4680BDCD
S3250800D4E080B584B000AF78600B467B8013467B700120FFF723FF7B78002B03D00120FFF75D
S3250800D500FFFEB9E07B681B78BB737B6801331B78DB097B730023FB73A5E0FA7B58491346C2
S3250800D5209B0013449B000B441B78BA7B9A4240F09680544B1B78022B0DD1FA7B5049134673
S3250800D5409B0013449B000B440F331B78002B02D1FFF754FF90E000F055FE0346012B0AD1C2
S3250800D560FA7B474913469B0013449B000B440C331B78002B1FD000F045FE0346022B0AD1F3
S3250800D580FA7B3F4913469B0013449B000B440D331B78002B0FD000F035FE0346032B10D1F3
S3250800D5A0FA7B374913469B0013449B000B440E331B78002B05D1BB7B7F211846FFF724FF11
S3250800D5C05AE001F08FF903461846FA7B2C4913469B0013449B000B4411331B78984205D23C
S3250800D5E0BB7B33211846FFF70FFF45E0FA7B244913469B0013449B000B4408331B687A8835
S3250800D6001146786898470346002B05D1BB7B13211846FFF7F9FE2FE0FA7B194913469B000D
S3250800D62013449B000B4410331B78012B06D17B7B012B03D1144B01221A7002E0124B00225F
S3250800D6401A70FA7B0E4913469B0013449B000B4404331B687A881146786898470CE000BFB4
S3250800D660FB7B0133FB73FB7B0F2B7FF656AFBB7B11211846FFF7C8FE1037BD4680BD00BF92
S3250800D680B8360108D82600203022002080B500AF0120FFF769FE0346002B05DA012000F02F
S3250800D6A0A1FD002001F00EF90020FFF75DFE0346002B02DA024B00221A7000BF80BD00BF31
S3250800D6C0FD26002080B584B000AF3B1D00221A605A609A60074B7B60074BBB60074BFB60F2
S3250800D6E03B1D184600F03EFD034618461037BD4680BD00BFB1D40008E1D40008C9D400085F
S3250800D70080B483B000AF0346FB71FB79022B16D8FB79002B03D10C4B40F2E9321A60FB799C
S3250800D720012B03D1084B40F2E9325A60FB79022B06D1064B1B781A46034B9A6000E000BFDE
S3250800D7400C37BD4680BC7047342200204022002080B483B000AF03463960FB71FB79022B85
S3250800D76012D8FB79002B02D10A4A3B681360FB79012B02D1074A3B685360FB79022B04D145
S3250800D780044A3B68936000E000BF0C37BD4680BC704700BF3422002080B483B000AF03462B
S3250800D7A0FB71FB79022B05D8FB79054A002142F8231000E000BF0C37BD4680BC704700BF89
S3250800D7C03422002080B483B000AF0346FB71FB79022B01D900231EE0FB79114A52F82330F2
S3250800D7E0002B01D1002316E0FB790D4A52F82330012B07D1FB790A4A002142F823104FF004
S3250800D800FF3308E0FB79064A52F82320013A044941F82320012318460C37BD4680BC7047D0
S3250800D8203422002080B483B000AF0346FB71FB79022B01D9002312E0FB790B4A52F82330A3
S3250800D840002B06D0FB79084A002142F82310012305E0FB79044A002142F82310002318468B
S3250800D8600C37BD4680BC70473422002080B582B000AF134B00221A70124B00221A70124B65
S3250800D88000221A70114B00221A70114B00221A70104B00221A70104B00221A700023FB7121
S3250800D8A006E0FB791846FFF777FFFB790133FB71FB79022BF5D900BF00BF0837BD4680BDB6
S3250800D8C03122002032220020332200204222002043220020442200204522002080B584B05F
S3250800D8E000AF78600B46FB707B681B7803F00F03BB81BB89072B02D8BB89002B02D14FF04F
S3250800D900FF3319E00023FB810BE0FB8901331A467B681A44FB891178094AD154FB890133AE
S3250800D920FB81FA89BB899A42EFD3064B5B68B989002203489847002318461037BD4680BD4E
S3250800D940CC260020DC26002080B584B000AF78600B46FB707B681B781B029BB203F470632F
S3250800D960BB817B6801331B781A46BB891343BB81BB89072B02D84FF0FF333AE0BB89B3F5B6
S3250800D980806F05D9022000F03DF96FF0010330E01A4ABB8913800023FB810BE0FB89023373
S3250800D9A01A467B681A44FB891178154AD154FB890133FB81FA89FB78023B9A42EEDBFB78A8
S3250800D9C09BB2023B9AB20F4B1A80002000F01AF90D4B00221A700D4B01221A700020FFF72D
S3250800D9E08FFE0B4B00221A700A4B1B6800209847002318461037BD4680BD00BFD4260020D2
S3250800DA00CC220020D6260020442200203222002045220020DC26002080B584B000AF78603B
S3250800DA200B46FB707B681B7803F00F037B730020FFF7F8FE0346002B02DC4FF0FF3358E0AC
S3250800DA402E4B1B780133DAB22C4B1A702B4B1B780F2B02D9294B00221A70284B1B787A7BB2
S3250800DA609A4209D0264B5B68264A11880322264898476FF001033CE00023FB8117E0214BB3
S3250800DA801B881A46FB891344B3F5806F0CDAFB8901331A467B681A441A4B1B881946FB89D9
S3250800DAA00B441178184AD154FB890133FB81FB89062BE4D9134B1B8807339AB2114B1A80D6
S3250800DAC0104B1A88114B1B889A420BD3104B00221A700B4B5B680D4A118800220A4898471F
S3250800DAE0002306E00A4B01221A700020FFF708FE012318461037BD4680BD00BF45220020A2
S3250800DB00DC260020D6260020CC220020D42600203222002080B584B000AF78600B46FB7071
S3250800DB207B681B7803F00F03FB730120FFF77AFE0346002B02DC4FF0FF3353E02B4B1B7860
S3250800DB40022B02D14FF0FF334CE0294B00221A70FB7B022B06D9274B9B68042098476FF0A1
S3250800DB6001033FE0FB7B022B06D1224B9B68062098476FF0020335E0FB7B012B07D11C4B2B
S3250800DB8001221A700120FFF7BBFD01232AE07B685A78194B1A707B6802331B785BB2002B47
S3250800DBA007DB7B6802331B780133DAB2134B1A7010E07B6802331B78EF2B08D97B68023374
S3250800DBC01B78F92B03D80D4B02221A7002E00B4B80221A700A4B00221A7001210220FFF700
S3250800DBE0B7FD002318461037BD4680BDD826002033220020DC2600204122002040220020A1
S3250800DC004222002080B586B000AF0346FB7107F10C0300221A605A600023FB8208E0FB8A39
S3250800DC2018333B44AA2203F80C2CFB8A0133FB82FB8A072BF3D997F9073003F00F035BB27B
S3250800DC4043F030035BB2DBB23B7300237B730023BB7307F10C03082219464FF49170FFF7DC
S3250800DC602FFB00BF1837BD4680BD80B586B000AF78600B467B8007F10C0300221A605A6083
S3250800DC800023FB8208E0FB8A18333B44AA2203F80C2CFB8A0133FB82FB8A072BF3D97B88E4
S3250800DCA0002B02D07B88072B02D94FF0FF3322E07B88DBB203F00F03DBB23B730023FB8266
S3250800DCC00CE0FB8A7A681A44FB8A0133127818333B4403F80C2CFB8A0133FB82FA8A7B8888
S3250800DCE09A42EED307F10C03082219464FF49170FFF7E6FA002318461837BD4680BD0000BF
S3250800DD0080B586B000AF78600B467B8007F10C0300221A605A607B88072B02D97B88802B9C
S3250800DD2001D9002330E07B881B0A9BB25BB203F00F035BB243F010035BB2DBB23B737B88A3
S3250800DD40DBB27B730023FB820CE0FB8A7A681A44FB8A0233127818333B4403F80C2CFB8A23
S3250800DD600133FB82FB8A052BEFD907F10C03082219464FF49170FFF7A3FA054B01221A7003
S3250800DD800120FFF7BDFC062318461837BD4680BD3322002080B586B000AF78600B467B80DC
S3250800DDA013467B7007F10C0300221A605A6097F9013003F00F035BB243F020035BB2DBB2F1
S3250800DDC03B730023FB820CE0FB8A7A681A44FB8A0133127818333B4403F80C2CFB8A01333D
S3250800DDE0FB82FA8A7B889A420DD2FB8A062BEBD909E0FB8A013318333B44AA2203F80C2C71
S3250800DE00FB8A0133FB82FB8A062BF2D907F10C03082219464FF49170FFF752FA7B88072BF2
S3250800DE2001D9072300E07B8818461837BD4680BD80B584B000AF78600B467B807B88072B8F
S3250800DE4002D97B88802B02D94FF0FF3326E00023FB8109E0FB897A681A44FB891178114A25
S3250800DE60D154FB890133FB81FA897B889A42F1D30D4B00221A707B8819467868FFF740FF9A
S3250800DE8003467B737B7B9AB2084B1A807B7B9BB27A88D31A9AB2064B1A80002318461037DD
S3250800DEA0BD4680BD4822002043220020CA220020C822002080B582B000AF78600B467B80B5
S3250800DEC07B68002B05D07B88002B02D07B88802B02D94FF0FF3311E07B88072B05D87B8851
S3250800DEE019467868FFF7C1FE07E0064B01221A707B8819467868FFF79BFF002318460837A9
S3250800DF00BD4680BD3122002080B582B000AF0020FFF758FC0346002B08DAFFF7A7FC364B50
S3250800DF205B68364A11880222354898470120FFF749FC0346002B05DAFFF798FC2E4B9B68C2
S3250800DF40012098470220FFF73DFC0346002B4FDA2C4B1B780133DAB22A4B1A70294B1B78F5
S3250800DF600F2B02D9274B00221A70274B1B881A46264B1344264A1188224A12781846FFF7D0
S3250800DF8009FF0346FB71FB799AB21F4B1B8813449AB21D4B1A801E4B1A88FB799BB2D31A8B
S3250800DFA09AB21B4B1A801A4B1B88002B1ED0194B1B78002B16D0184B1B780133DAB2164BC7
S3250800DFC01A70154B1A78134B1B789A4203D20220FFF796FB0CE0114B01221A700120FFF760
S3250800DFE08FFB05E00220FFF78BFB01E0FFF73EFC00BF0837BD4680BDDC260020D626002079
S3250800E000CC22002043220020CA22002048220020C822002041220020422200203322002043
S3250800E02080B584B000AF03463960FB711346BB714FF0FF33FB603B68002B79D0BB79082B9D
S3250800E04076D1FB79002B03D13F4B01221A7002E03D4B02221A703B681B781B09FB72FB7A6D
S3250800E060032B67D801A252F823F000BF7DE0000889E00008D5E0000803E10008BB79194654
S3250800E0803868FFF72BFC5CE0304B1B78022B03D02E4B1B78002B4FD1FFF7E8FB2B4B1B7832
S3250800E0A0022B06D12A4B5B682A4A118805222A489847BB7919463868FFF746FCF860FB686B
S3250800E0C0002B03D1214B02221A7035E01F4B00221A7031E01D4B1B78022B2FD11F4B1B78B8
S3250800E0E0012B2BD1BB7919463868FFF795FCF860FB68002B22DCFFF7B9FB144B00221A7097
S3250800E1001CE0124B1B78012B1AD1154B1B78012B16D1BB7919463868FFF7FCFCF860FB680C
S3250800E120002B0DDAFFF7A2FB084B00221A7007E000BF06E000BF04E000BF02E000BF00E0BE
S3250800E14000BF1037BD4680BDD826002031220020DC260020D6260020CC220020322200201A
S3250800E1603322002080B483B000AF78607B68002B0BD07B681B68002B07D07B685B68002B0C
S3250800E18003D07B689B68002B02D14FF0FF330CE07B689B68074A93607B681B68054A13600B
S3250800E1A07B685B68034A5360002318460C37BD4680BC7047DC26002080B400AFBFF34F8F5C
S3250800E1C000BF064BDB6803F4E0620449044B1343CB60BFF34F8F00BF00BFFDE700ED00E0C9
S3250800E1E00400FA0580B483B000AF0346FB71044AFB79137000BF0C37BD4680BC704700BF47
S3250800E2009820002080B400AF024B1B781846BD4680BC70479820002080B485B000AF786039
S3250800E2200B467B800023FB737B88022B01D10123FB73FB7B18461437BD4680BC704700004A
S3250800E24080B586B000AF78600B467B800023FB757B6801331B7803F07F03FB7550233B732F
S3250800E260FB7D7B730023BB733223FB7301233B7490237B74FB7D032B28D0032B37DC012B96
S3250800E28002D0022B0ED032E0FB7D1846FFF7AAFF002000F017FB07F10C0306211846FFF768
S3250800E2A0EDF829E0FB7D1846FFF79CFF002000F009FB07F10C0306211846FFF7DFF801206D
S3250800E2C0FFF71EF80E4B01221A7015E0FB7D1846FFF788FF002000F0F5FA07F10C030621A9
S3250800E2E01846FFF7CBF80120FFF70AF804E012211020FFF789F800BF00BF1837BD4680BD15
S3250800E300E826002080B500AF064B1B78012B07D1044B00221A70044B044A1A60FFF74CFFA2
S3250800E32000BF80BDE8260020FC0F00203412CDAB80B485B000AF78600B467B800023FB73EF
S3250800E3407B88022B01D10123FB73FB7B18461437BD4680BC704780B586B000AF78600B46C3
S3250800E3607B807B6801331B7803F07F03FB75FB7D012B02D0032B0BD015E051233B7301234B
S3250800E3807B7307F10C0302211846FFF777F80FE051233B7303237B7307F10C0302211846E7
S3250800E3A0FFF76CF804E012211120FFF72DF800BF00BF1837BD4680BD80B485B000AF786095
S3250800E3C00B467B800023FB737B88042B01D10123FB73FB7B18461437BD4680BC704780B572
S3250800E3E086B000AF78600B467B8000237B6100237B617B6801331B781B047A6913437B612A
S3250800E4007B6802331B781B027A6913437B617B6803331B781A467B6913437B617B696FF0AC
S3250800E4207F42934208D154233B7307F10C0301211846FFF723F803E031211420FEF7E4FF61
S3250800E44000BF1837BD4680BD80B485B000AF78600023FB730FE0FB7B0B4A1B0113441B682F
S3250800E4607A689A4204D1FB7B1B01074A134406E0FB7B0133FB73FB7B012BECD900231846DB
S3250800E4801437BD4680BC70477820002080B485B000AF78600B467B800023FB73FB7B1846D4
S3250800E4A01437BD4680BC704780B59AB000AF78600B467B800023A7F866307B6801331B78B9
S3250800E4C003F07F0387F8603097F86030013B032B00F2A28101A252F823F000BFEDE4000874
S3250800E4E05DE500083DE6000833E70008002387F8653015E097F86530C64A1B01134404336D
S3250800E5001A787B6802331B789A4204D1B7F866300133A7F8663097F86530013387F86530E5
S3250800E52097F86530012BE5D959233B7397F860307B737F23BB730123FB73B7F86630DBB254
S3250800E5403B74B7F866301B0A9BB2DBB27B7407F10C0306211846FEF791FF62E159233B734D
S3250800E56097F860307B737F23BB73002387F8643053E097F86430A74A1B01134404331A78F7
S3250800E5807B6802331B789A4242D197F86430A14A1B0113441B681A0CB7F866309B00033393
S3250800E5A0D2B268333B4403F85C2C97F86430994A1B0113441B681A0AB7F8663001339B00F8
S3250800E5C0D2B268333B4403F85C2C97F86430914A1B0113441A68B7F866309B000533D2B27D
S3250800E5E068333B4403F85C2C97F86420B7F866309B000633874912010A44043212786833B8
S3250800E6003B4403F85C2CB7F866300133A7F8663097F86430013387F8643097F86430012B83
S3250800E620A7D9B7F866309B009BB203339AB207F10C0311461846FEF721FFF2E000233B6537
S3250800E6400023FB64002387F8633059233B7397F860307B73022387F86330002387F8623053
S3250800E66059E0002387F8613045E097F86230694A1B0113441B681A0C97F86330591C87F8F5
S3250800E6806310D2B268333B4403F85C2C97F86230604A1B0113441B681A0A97F86330591C5C
S3250800E6A087F86310D2B268333B4403F85C2C97F86230584A1B0113441A6897F86330591CEA
S3250800E6C087F86310D2B268333B4403F85C2C97F863305A1C87F86320194697F861300133CC
S3250800E6E0DAB201F168033B4403F85C2C97F86130013387F8613097F86230464A1B01134499
S3250800E7000C331B7897F861209A42AED397F86230013387F8623097F86230012BA1D997F8F0
S3250800E72063309AB207F10C0311461846FEF7A6FE77E00023FB650023BB6559233B7397F8C1
S3250800E74060307B737B6802331B78BB737B6803331B78FB737B6804331B783B747B680233C6
S3250800E7601B781B04FA6D1343FB657B6803331B781B02FA6D1343FB657B6804331B781A46C9
S3250800E780FB6D1343FB657B6805331B78BB65F86DFFF75AFE78657B6D002B05D07B6D1B7B89
S3250800E7A01A46BB6D934204D931211920FEF72CFE37E07B6D1B797B74BB6DDBB2BB740123DD
S3250800E7C0FB7411233B7511237B757B6D9968BA6D13465B001344033B0B441B78BB757B6D61
S3250800E7E09968BA6D13465B001344033B0B449B78FB757B6D9968BA6D13465B001344033B6F
S3250800E8000B445B783B7607F10C030D211846FEF735FE06E07820002012211920FEF7F4FD6C
S3250800E82000BF00BF6837BD4680BD00BF80B485B000AF78600B467B800023FB737B88032BB0
S3250800E84001D10123FB73FB7B18461437BD4680BC704780B5A4B000AF78600B467B80622350
S3250800E8603B737B6801331B787B737B6802331B78BB737B6801331B781B02A7F88E307B6864
S3250800E88002331B781A46B7F88E301343A7F88E30B7F88E304FF2861293420AD1FFF7B2FC88
S3250800E8A00346FB7307F10C0304211846FEF7E6FD04E031212220FEF7A7FD00BF00BF9037DB
S3250800E8C0BD4680BD80B483B000AF0346FB71044AFB79137000BF0C37BD4680BC704700BF23
S3250800E8E0FC26002080B400AF024B1B781846BD4680BC7047FC26002080B500AF01F09AFF01
S3250800E90002460E4B1B681344184603F0BDFE0B4B1B680133094A136003F0E4FE0246084B1F
S3250800E92083FB02131344D911D317C91A0B461B025B1AD11ACBB2184680BD00BF9C200020A7
S3250800E9408180808090B591B000AF78603960002387F83F301023BB631B4B07F118040FCB4C
S3250800E96084E80F0007F1180207F1080311461846FEF7B3FA07F1280307F10800BA6B3968B9
S3250800E980FEF7BAFA002387F83F3014E097F83F3040333B4413F8182C97F83F3079680B444E
S3250800E9A01B789A4202D04FF0FF3309E097F83F30013387F83F3097F83F300F2BE6D9002374
S3250800E9C018464437BD4690BD9034010880B485B000AF78600B467B800023FB737B6801334F
S3250800E9E01B7803F07F03BB73BB7B012B02D17B88022B05D0BB7B022B04D17B88122B01D14F
S3250800EA000123FB73FB7B18461437BD4680BC704790B589B000AF78600B467B807B680133D9
S3250800EA201B7803F07F037B777B7F012B02D0022B3BD074E00020FEF7C7FC0346002B04DD1D
S3250800EA4037212720FEF7E0FC6EE0394B01221A7067233B727B7F7B720023FB831BE0354B7F
S3250800EA601B78012B04D1FB8B334A0021D15406E0FC8BFFF741FF03461A462F4B1A55FA8BF1
S3250800EA80FB8B02332C498A5C20333B4403F8182CFB8B0133FB83FB8B0F2BE0D907F108038D
S3250800EAA012211846FEF7EAFC3EE0214B1B78002B04D124212720FEF7A7FC35E01C4B0022FD
S3250800EAC01A707B6802331C491846FFF73BFF0346002B0DD167233B727B7F7B7207F1080320
S3250800EAE002211846FEF7CAFC0120FFF7EBFE1BE0124B1B780133DAB2104B1A700F4B1B784F
S3250800EB00012B07D90020FEF7FBFB36212720FEF77BFC09E035212720FEF776FC04E01221C2
S3250800EB202720FEF771FC00BF00BF2437BD4690BDE9260020FC260020EC260020FD2600200F
S3250800EB4080B485B000AF78600B467B800023FB737B88032B01D10123FB73FB7B1846143726
S3250800EB60BD4680BC7047000080B586B000AF78600B467B807B6801331B7803F07F03FB75C4
S3250800EB807B6802331B78BB75FB7D002B02D0032B1FD03DE0BB7D012B05D0BB7D022B02D06D
S3250800EBA0BB7D032B10D11F4B00221A701E4B00221A7068233B73FB7D7B7307F10C0302210C
S3250800EBC01846FEF75BFC28E031212820FEF71CFC23E0BB7D012B05D0BB7D022B02D0BB7D23
S3250800EBE0032B10D10F4B01221A700F4B01221A7068233B73FB7D7B7307F10C0302211846C3
S3250800EC00FEF73CFC09E031212820FEF7FDFB04E012212820FEF7F8FB00BF00BF1837BD4632
S3250800EC2080BD00BFFE260020FF26002080B485B000AF78600B467B800023FB737B88042B42
S3250800EC4001D90123FB73FB7B18461437BD4680BC704780B586B000AF78600B467B800023C4
S3250800EC60FB757B6801331B781B02BB827B6802331B781A46BB8A1343BB82BB8A41F2342261
S3250800EC80934218D1FB7D002B10D06E233B737B6801331B787B737B6802331B78BB7307F17D
S3250800ECA00C0303211846FEF7E9FB09E072212E20FEF7AAFB04E031212E20FEF7A5FB00BFA0
S3250800ECC000BF1837BD4680BD80B485B000AF78600B467B800023FB737B88032B01D90123DC
S3250800ECE0FB73FB7B18461437BD4680BC7047000080B58AB000AF78600B467B807B6801332A
S3250800ED001B7803F07F0387F827307B6802331B781BB21B021AB27B6803331B781BB21343D7
S3250800ED201BB2BB84002387F8233071233B747B6801331B787B747B6802331B78BB747B682B
S3250800ED4003331B78FB7497F82730032B00F0DB80032B00F3E680012B03D0022B00F0C58026
S3250800ED60DFE0BB8CB3F57F4F47D17B880B2B04D813213120FEF748FBD9E07B6804331B78B9
S3250800ED801A067B6805331B781B041A437B6806331B781B0213437A68073212781343FB61A2
S3250800EDA07B6808331B781A067B6809331B781B041A437B680A331B781B0213437A680B3201
S3250800EDC012781343BB61BB69002B04D131213120FEF71AFBABE0B969F869FEF71FF90346F4
S3250800EDE0002B06D107F1100304211846FEF746FB03E072213120FEF707FBBB8C40F20222E4
S3250800EE0093422CD17B88012B04D813213120FEF7FBFA8CE0484B1B889BB219467B68043330
S3250800EE201B781B027A6805321278134499420BD1424B01221A7010233B7507F11003052115
S3250800EE401846FEF71BFB0AE03C4B00221A7001233B7507F1100305211846FEF70FFBBB8C75
S3250800EE6040F20522934237D17B88032B04D813213120FEF7C9FA5AE0314B1A68314B1B68CD
S3250800EE809A4220D12D4B1B78012B13D110233B754FF05A33FB6007F10C03042219462A4874
S3250800EEA0FEF73CF90346002B06D072213120FEF7ABFA01E012233B7507F1100305211846FD
S3250800EEC0FEF7DCFA32E001233B7507F1100305211846FEF7D3FA29E097F82330012B25D115
S3250800EEE024213120FEF790FA20E097F82330012B04D124213120FEF787FA18E03121312065
S3250800EF00FEF782FA13E097F82330012B04D124213120FEF779FA0AE031213120FEF774FAAE
S3250800EF2005E012213120FEF76FFA00E000BF00BF2837BD4680BD00BFA02000200027002019
S3250800EF40F07F0008FCFF010800A0000880B485B000AF78600B467B800023FB737B88042B81
S3250800EF6001D90123FB73FB7B18461437BD4680BC7047000080B485B000AF78600B467B80C6
S3250800EF800023FB730A4B1B78012B05D17B88022B07D90123FB7304E07B88012B01D9012335
S3250800EFA0FB73FB7B18461437BD4680BC704700BF0127002080B485B000AF78600B467B807D
S3250800EFC00023FB737B88002B01D00123FB73FB7B18461437BD4680BC7047000080B586B081
S3250800EFE000AF78600B467B8074233B7320237B730323BB73FE23FB737B6801331B781B0909
S3250800F000DAB2454B1A707B6801331B7803F00F03DAB2424B1A707B6802331B781B09BB75EB
S3250800F0207B6802331B7803F00F037B753C4B01221A703C4B00221A603B4B00221A60002386
S3250800F040FB7515E0FB7D03331A467B6813441B7819467B7D5A1EFB7DD31ADB0001FA03F263
S3250800F060304B1B6813432F4A1360FB7D0133FB75FA7D7B7D9A42E5D30023FB7517E07B7DA1
S3250800F080DA1CFB7D13441A467B6813441B781946BB7D5A1EFB7DD31ADB0001FA03F2224BC4
S3250800F0A01B681343204A1360FB7D0133FB75FA7DBB7D9A42E3D3BB7D042B02D87B7D042BC7
S3250800F0C004D931213420FEF79FF920E0154B1B68B3F1006F07D3134B1A68134B1B6813442A
S3250800F0E0124A934204D931213420FEF78DF90EE00F4B00221A600F4B00221A7007F10C03E2
S3250800F10004211846FEF7BAF9FEF764F800BF00BF1837BD4680BD00BF032700200227002006
S3250800F12001270020042700200827002000000808102700200C27002080B588B000AF786031
S3250800F1400B467B8076233B737B6801331B787B73384B1A78384B1A707B6801331A78354B2B
S3250800F1601A70364B1B78012B08D0344B1B78022B04D024213620FEF747F957E02D4B1B78BA
S3250800F1801A462D4B1B78D31A012B04DD73213620FEF73AF94AE0294B1B78012B46D1264B05
S3250800F1A01A78244B1B789A423AD07B88023BFB83234B1A68234B1B681344BB61224B1A68C6
S3250800F1C0204B1B68D31A7B61FB8B7A699A4204D231213620FEF718F928E07B680233FA8BFC
S3250800F1E01946B869FDF79AFF0346FB747B680233FA8B11461846FDF7F9FF03461A46134BF7
S3250800F2001A80FB7C002B06D1FA8B0E4B1B6813440C4A136004E072213620FEF7F5F805E0B8
S3250800F22007F10C0302211846FEF728F92037BD4680BD00BF0C2700201427002001270020D6
S3250800F240042700201027002008270020A020002080B584B000AF78600B467B8077233B724C
S3250800F2607B6801331A780E4B1A700E4B1B78012B08D00C4B1B78022B04D024213720FEF788
S3250800F280C3F809E0074B00221A7007F1080301211846FEF7F3F800BF00BF1037BD4680BD56
S3250800F2A00C2700200127002080B485B000AF78600B467B800023FB737B88022B01D10123B2
S3250800F2C0FB73FB7B18461437BD4680BC704780B586B000AF78600B467B807B6801331B78B5
S3250800F2E003F07F03FB75FB7D002B0AD17E233B73FB7D7B7307F10C0302211846FEF7BEF8B5
S3250800F30003E012213E20FEF77FF800BF1837BD4680BD80B485B000AF78600B467B80002352
S3250800F320FB737B88022B01D10123FB73FB7B18461437BD4680BC704780B586B000AF7860B6
S3250800F3400B467B807B6801331B7803F07F03FB75FB7D012B02D0022B0ED01BE0124B0122C8
S3250800F3601A70C5233B73FB7D7B7307F10C0302211846FEF783F812E00B4B02221A70C52323
S3250800F3803B73FB7D7B7307F10C0302211846FEF775F804E012218520FEF736F800BF00BF04
S3250800F3A01837BD4680BD00BFA220002080B500AF00F054F8214B224A9A60BFF34F8F00BFCE
S3250800F3C0BFF36F8F00BF72B600BF01F00BFA62B600BF00F0B1F800F03DFA00F073FA00F0EF
S3250800F3E0E9F8FDF77EFF174A10211748FDF79CFA00F04EFA01F01EFA0246144B1B68013393
S3250800F4009A42F7D301F016FA0346104A1360FDF76EFF0F4B1B685A1C0D490A60642BE9D95C
S3250800F420FEF770FF0B4802F00DFE094B00221A600121094801F0E8FFDCE700BF00ED00E080
S3250800F44000C00008A0340108A4200020182700201C270020482700200010014080B590B0FE
S3250800F46000AF07F11803282200211846FCF7E7FF3B1D00221A605A609A60DA601A610A2390
S3250800F480BB610123BB621023FB6201233B6302237B630023BB634FF4E013FB6307F11803C4
S3250800F4A0184601F0F5F90346002B01D000F018F80F237B600223BB600023FB6000233B6132
S3250800F4C000237B613B1D0221184601F063FC0346002B01D000F004F800BF4037BD4680BD4F
S3250800F4E080B400AF72B600BF00BFFDE780B582B000AF78600E4B1B680E4AA2FB03239B0908
S3250800F500184602F04EFB0346002B01D001230BE07B680F2B07D8002279684FF0FF3002F091
S3250800F52016FB002300E0012318460837BD4680BDBC200020D34D621080B586B000AF07F108
S3250800F540080300221A605A609A60DA60174B9B69164A43F010039361144B9B6903F010039F
S3250800F5607B607B68114B9B69104A43F0040393610E4B9B6903F004033B603B6800220121FE
S3250800F5800B4801F029FF0123BB600123FB6000233B6102237B6107F108031946044801F0D4
S3250800F5A087FD00BF1837BD4680BD00BF001002400010014080B500AF184B194A1A60174B83
S3250800F5C009225A60154B00229A60144B0022DA60124B4FF4A0221A61104B00225A610F4B92
S3250800F5E000221A760D4B01225A760C4B00229A760A4B0122DA76094B00221A77074B002234
S3250800F6005A77064800F07AFA0346002B01D0FFF767FF00F063F800BF80BD00BF202700204B
S3250800F6200064004080B588B000AF786007F1100300221A605A609A60DA607B681B68244ABB
S3250800F640934241D1234BDB69224A43F00073D361204BDB6903F00073FB60FB681D4B9B697E
S3250800F6601C4A43F0040393611A4B9B6903F00403BB60BB684FF400633B6100237B610023E3
S3250800F680BB6107F110031946134801F011FD4FF480533B6102237B610323FB6107F110033C
S3250800F6A019460D4801F004FD00220021142002F04EFA142002F067FA00220021152002F0F4
S3250800F6C046FA152002F05FFA00BF2037BD4680BD00640040001002400008014080B58AB058
S3250800F6E000AF00237B610023BB610123FB6100233B6000237B600023BB600023FB600023F4
S3250800F7003B6101233B620E237B623B4619460E4800F0EFFA0346002B01D0FFF7E1FE0A48F5
S3250800F72000F0B0FB0346002B01D0FFF7D9FE0221054800F00FFE0346002B01D0FFF7D0FE98
S3250800F74000BF2837BD4680BD2027002080B58CB000AFF860B9607A60FB68002B05D0BB68E5
S3250800F760002B02D07B68002B01D1002313E007F11402BB6800210A4800F0CBFC0346002BB9
S3250800F78001D0002307E07A69FB681A607B6ADAB27B681A70012318463037BD4680BD00BFFA
S3250800F7A02027002080B58CB000AFF860B9601346FB71FB68BB610023FB6100233B6200239D
S3250800F7C07B62FB79BB62002387F82C300D4800F06CFC0346002B02D1012001F035F807F184
S3250800F7E0140307F11801BA68064800F08FFB0346002B01D0FFF774FE00BF18463037BD46B5
S3250800F80080BD00BF2027002080B588B000AF786007F10F0207F1100107F118031846FFF70A
S3250800F82095FF0346012B11D1BB690133FB61FB69B3F5006F02D340F2FF73FB61BB6907F1AF
S3250800F840100108221846FDF719FD00E000BF2037BD4680BD80B582B000AF0C4B5B690B4A3B
S3250800F86043F001035361094B5B6903F001037B607B68002200210E2002F069F90E2002F0DD
S3250800F88082F900BF0837BD4680BD00BF0010024080B500AF094B0A4A1A60084B01225A605A
S3250800F8A0064B40F6C4129A60044802F087FB0346002B01D0FFF714FE00BF80BD482700204B
S3250800F8C00030004080B500AF114B124A1A60104B4FF4E1325A600E4B00229A600C4B00223B
S3250800F8E0DA600B4B00221A61094B0C225A61084B00229A61064B0022DA61054802F0B1FB87
S3250800F9000346002B01D0FFF7EBFD00BF80BD00BF542700200038014080B588B000AF7860F3
S3250800F92007F1100300221A605A609A60DA607B681B682F4A934257D12E4B9B692D4A43F41D
S3250800F940804393612B4B9B6903F48043FB60FB68284B9B69274A43F004039361254B9B6966
S3250800F96003F00403BB60BB684FF400733B6102237B610323FB6107F1100319461E4801F0AB
S3250800F98097FB4FF480633B6100237B610023BB6107F110031946184801F08AFB174B184AC3
S3250800F9A01A60164B10225A60144B00229A60134B8022DA60114B00221A61104B00225A618C
S3250800F9C00E4B00229A610D4B0022DA610B4801F035FD0346002B01D0FFF782FD7B68074A8A
S3250800F9E09A63064A7B68536200BF2037BD4680BD0038014000100240000801409C270020C7
S3250800FA004400024080B400AF00BFFDE780B400AF00BFFDE780B400AF00BFFDE780B400AFDD
S3250800FA2000BFFDE780B400AF00BFFDE780B400AF00BFBD4680BC704780B400AF00BFBD4652
S3250800FA4080BC704780B400AF00BFBD4680BC704780B500AF00F0DCFE00BF80BD80B500AF7F
S3250800FA60024801F061FD00BF80BD00BF9C27002080B500AF024800F092FC00BF80BD00BFDA
S3250800FA802027002080B500AF024800F088FC00BF80BD00BF2027002080B485B000AF154BB5
S3250800FAA09B69144A43F001039361124B9B6903F00103BB60BB680F4BDB690E4A43F0805319
S3250800FAC0D3610C4BDB6903F080537B607B680A4B5B68FB60FB6823F0E063FB60FB6843F0A8
S3250800FAE00073FB60044AFB68536000BF1437BD4680BC7047001002400000014080B584B0CA
S3250800FB0000AF78607B68002B01D10123EDE07B6893F82030DBB2002B02D17868FFF782FDE1
S3250800FB207B681B681A687B681B6842F001021A6000F080FEF86012E000F07CFE0246FB68ED
S3250800FB40D31A0A2B0BD97B685B6A43F400327B685A627B68052283F820200123C5E07B6870
S3250800FB601B685B6803F00103002BE5D07B681B681A687B681B6822F002021A6000F05AFE34
S3250800FB80F86012E000F056FE0246FB68D31A0A2B0BD97B685B6A43F400327B685A627B6885
S3250800FBA0052283F8202001239FE07B681B685B6803F00203002BE5D17B681B7E012B08D12F
S3250800FBC07B681B681A687B681B6842F080021A6007E07B681B681A687B681B6822F08002D2
S3250800FBE01A607B685B7E012B08D17B681B681A687B681B6842F040021A6007E07B681B6833
S3250800FC001A687B681B6822F040021A607B689B7E012B08D17B681B681A687B681B6842F09F
S3250800FC2020021A6007E07B681B681A687B681B6822F020021A607B68DB7E012B08D17B6813
S3250800FC401B681A687B681B6822F010021A6007E07B681B681A687B681B6842F010021A609A
S3250800FC607B681B7F012B08D17B681B681A687B681B6842F008021A6007E07B681B681A6821
S3250800FC807B681B6822F008021A607B685B7F012B08D17B681B681A687B681B6842F0040212
S3250800FCA01A6007E07B681B681A687B681B6822F004021A607B689A687B68DB681A437B68AA
S3250800FCC01B691A437B685B6942EA03017B685B685A1E7B681B680A43DA617B6800225A6291
S3250800FCE07B68012283F82020002318461037BD4680BD80B487B000AF786039607B681B683C
S3250800FD007B617B6893F82030FB74FB7C012B03D0FB7C022B40F0AA807B69D3F8003243F044
S3250800FD2001027B69C3F800223B685B6903F01F03012202FA03F3FB607B69D3F81C22FB68B5
S3250800FD40DB431A407B69C3F81C223B68DB69002B23D17B69D3F80C22FB68DB431A407B699E
S3250800FD60C3F80C223B68DB6819043B685B689BB23A68526919437B69483243F832103B689F
S3250800FD809B6819043B681B689AB23B685B690A4379694833DB000B445A603B68DB69012BBB
S3250800FDA022D17B69D3F80C22FB681A437B69C3F80C223B681B6819043B685B689BB23A6840
S3250800FDC0526919437B69483243F832103B689B6819043B68DB689AB23B685B690A43796998
S3250800FDE04833DB000B445A603B689B69002B09D17B69D3F80422FB68DB431A407B69C3F89B
S3250800FE00042207E07B69D3F80422FB681A437B69C3F804223B681B69002B09D17B69D3F892
S3250800FE201422FB68DB431A407B69C3F8142207E07B69D3F81422FB681A437B69C3F814226D
S3250800FE403B681B6A012B07D17B69D3F81C22FB681A437B69C3F81C227B69D3F8003223F0EA
S3250800FE6001027B69C3F80022002306E07B685B6A43F480227B685A62012318461C37BD46AF
S3250800FE8080BC704780B584B000AF78607B6893F82030DBB2012B2ED17B68022283F8202039
S3250800FEA07B681B681A687B681B6822F001021A6000F0C0FCF86012E000F0BCFC0246FB680E
S3250800FEC0D31A0A2B0BD97B685B6A43F400327B685A627B68052283F82020012312E07B68A0
S3250800FEE01B685B6803F00103002BE5D17B6800225A62002306E07B685B6A43F400227B6828
S3250800FF005A62012318461037BD4680BD80B489B000AFF860B9607A603B60FB6893F82030CE
S3250800FF20FB77FB681B689B68BB61FB7F012B03D0FB7F022B40F0AD80BB6903F08063002B9A
S3250800FF400AD1BB6903F00063002B05D1BB6903F08053002B00F09580BB691B0E03F00303DD
S3250800FF607B6101227B699A403B681A60BB689B68002B0DD1BB681B685A05BB68DB68F9689E
S3250800FF8009681A437B6918331B010B441A600FE0BB685B68DA00BB689B681A43BB68DB68D9
S3250800FFA0F96809681A437B6918331B010B441A60FB681968BB681A697B6918331B010B44CC
S3250800FFC004331A60BB681B7D012B11D1FB681A687B6918331B01134404331B68FA6811687D
S3250800FFE043F480727B6918331B010B4404331A607B6807331B781A067B6806331B781B04E1
S325080100001A437B6805331B781B0213437A68043212781046FA68116843EA00027B691B0151
S325080100200B4403F5C6731A607B6803331B781A067B6802331B781B041A437B6801331B781A
S325080100401B0213437A6812781046FA68116843EA00027B691B010B4403F5C4731A60FB68F7
S325080100601A687B6918331B0113441B68FA68116843F001027B6918331B010B441A60002382
S325080100800EE0FB685B6A43F40012FB685A62012306E0FB685B6A43F48022FB685A62012385
S325080100A018462437BD4680BC704780B485B000AF78600023FB607B6893F82030FB72FB7A74
S325080100C0012B02D0FB7A022B1DD17B681B689B6803F08063002B02D0FB680133FB607B6872
S325080100E01B689B6803F00063002B02D0FB680133FB607B681B689B6803F08053002B02D0FA
S32508010100FB680133FB60FB6818461437BD4680BC704780B487B000AFF860B9607A603B60DC
S32508010120FB6893F82030FB75FB7D012B03D0FB7D022B40F00381BB68002B0ED1FB681B681F
S32508010140DB6803F00303002B16D1FB685B6A43F40012FB685A620123F7E0FB681B681B694D
S3250801016003F00303002B07D1FB685B6A43F40012FB685A620123E8E0FB681A68BB681B33A2
S325080101801B0113441B6803F004027B689A607B689B68002B0CD1FB681A68BB681B331B0124
S325080101A013441B685B0DC3F30A027B681A600BE0FB681A68BB681B331B0113441B68DB08B5
S325080101C023F060427B685A60FB681A68BB681B331B0113441B6803F002027B68DA60FB68FB
S325080101E01A68BB681B331B01134404331B6803F00803002B03D07B6808221A610BE0FB68FE
S325080102001A68BB681B331B01134404331B6803F00F027B681A61FB681A68BB681B331B01DB
S32508010220134404331B681B0ADAB27B689A61FB681A68BB681B331B01134404331B681B0C65
S325080102409AB27B685A61FB681A68BB681B01134403F5DC731B68DAB23B681A70FB681A68C2
S32508010260BB681B01134403F5DC731B681A0A3B680133D2B21A70FB681A68BB681B0113448B
S3250801028003F5DC731B681A0C3B680233D2B21A70FB681A68BB681B01134403F5DC731B6834
S325080102A01A0E3B680333D2B21A70FB681A68BB681B01134403F5DE731A683B680433D2B27C
S325080102C01A70FB681A68BB681B01134403F5DE731B681A0A3B680533D2B21A70FB681A684C
S325080102E0BB681B01134403F5DE731B681A0C3B680633D2B21A70FB681A68BB681B01134402
S3250801030003F5DE731B681A0E3B680733D2B21A70BB68002B08D1FB681B68DA68FB681B68BA
S3250801032042F02002DA6007E0FB681B681A69FB681B6842F020021A61002306E0FB685B6AEA
S3250801034043F48022FB685A62012318461C37BD4680BC704780B485B000AF786039607B685F
S3250801036093F82030FB73FB7B012B02D0FB7B022B09D17B681B6859697B681B683A680A43B7
S325080103805A61002306E07B685B6A43F480227B685A62012318461437BD4680BC704780B572
S325080103A08AB000AF786000237B627B681B685B693B627B681B685B68FB617B681B689B68B8
S325080103C0BB617B681B68DB687B617B681B681B693B617B681B689B69FB603B6A03F0010386
S325080103E0002B7CD0BB6903F00103002B23D07B681B6801229A60BB6903F00203002B03D0A1
S32508010400786800F083F916E0BB6903F00403002B04D07B6A43F400637B620CE0BB6903F00F
S325080104200803002B04D07B6A43F480537B6202E0786800F086F9BB6903F48073002B24D079
S325080104407B681B684FF480729A60BB6903F40073002B03D0786800F062F916E0BB6903F430
S325080104608063002B04D07B6A43F400537B620CE0BB6903F40063002B04D07B6A43F48043F7
S325080104807B6202E0786800F065F9BB6903F48033002B24D07B681B684FF480329A60BB69FA
S325080104A003F40033002B03D0786800F041F916E0BB6903F48023002B04D07B6A43F40043E9
S325080104C07B620CE0BB6903F40023002B04D07B6A43F480337B6202E0786800F044F93B6AC7
S325080104E003F00803002B0CD07B6903F01003002B07D07B6A43F400737B627B681B681022F8
S32508010500DA603B6A03F00403002B0BD07B6903F00803002B06D07B681B680822DA60786860
S3250801052000F02AF93B6A03F00203002B09D07B681B68DB6803F00303002B02D07868FFF783
S3250801054063F93B6A03F04003002B0CD03B6903F01003002B07D07B6A43F480637B627B68E3
S325080105601B6810221A613B6A03F02003002B0BD03B6903F00803002B06D07B681B68082248
S325080105801A61786800F00AF93B6A03F01003002B09D07B681B681B6903F00303002B02D06F
S325080105A0786800F0F2F83B6A03F40033002B0BD0FB6903F01003002B06D07B681B6810229A
S325080105C05A60786800F0F3F83B6A03F48033002B0BD0FB6903F00803002B06D07B681B6879
S325080105E008225A60786800F0EBF83B6A03F40043002B7BD0FB6903F00403002B72D03B6A90
S3250801060003F48073002B08D0FB6803F00103002B03D07B6A43F001037B623B6A03F400737E
S32508010620002B08D0FB6803F00203002B03D07B6A43F002037B623B6A03F48063002B08D0D3
S32508010640FB6803F00403002B03D07B6A43F004037B623B6A03F40063002B43D0FB6803F0A1
S325080106607003002B3ED0FB6803F07003602B2BD0602B2ED8502B22D0502B2AD8402B19D0A1
S32508010680402B26D8302B10D0302B22D8102B02D0202B05D01DE07B6A43F008037B6219E02F
S325080106A07B6A43F010037B6214E07B6A43F020037B620FE07B6A43F040037B620AE07B6A21
S325080106C043F080037B6205E07B6A43F480737B6200E000BF7B681B689A697B681B6822F027
S325080106E070029A617B681B6804225A607B6A002B08D07B685A6A7B6A1A437B685A627868E8
S3250801070000F067F800BF2837BD4680BD80B483B000AF786000BF0C37BD4680BC704780B403
S3250801072083B000AF786000BF0C37BD4680BC704780B483B000AF786000BF0C37BD4680BCC9
S32508010740704780B483B000AF786000BF0C37BD4680BC704780B483B000AF786000BF0C37FD
S32508010760BD4680BC704780B483B000AF786000BF0C37BD4680BC704780B483B000AF7860A0
S3250801078000BF0C37BD4680BC704780B483B000AF786000BF0C37BD4680BC704780B483B005
S325080107A000AF786000BF0C37BD4680BC704780B483B000AF786000BF0C37BD4680BC7047C5
S325080107C080B483B000AF786000BF0C37BD4680BC704780B483B000AF786000BF0C37BD4631
S325080107E080BC704780B500AF084B1B68074A43F010031360032001F09FF90F20FEF776FEEF
S32508010800FFF74AF90023184680BD00BF0020024080B400AF054B1B781A46054B1B68134461
S32508010820034A136000BFBD4680BC7047B8200020E027002080B400AF024B1B681846BD4601
S3250801084080BC7047E027002080B584B000AF7860FFF7F0FFB8607B68FB60FB68B3F1FF3FFF
S3250801086005D00A4B1B781A46FB681344FB6000BFFFF7E0FF0246BB68D31AFA689A42F7D83E
S3250801088000BF00BF1037BD4680BD00BFB820002080B586B000AF78607B68002B01D1012397
S325080108A072E27B681B6803F00103002B00F08780924B5B6803F00C03042B0CD08F4B5B680C
S325080108C003F00C03082B12D18C4B5B6803F48033B3F5803F0BD1894B1B6803F40033002BBE
S325080108E06CD07B685B68002B68D101234CE27B685B68B3F5803F06D1804B1B687F4A43F41F
S32508010900803313602EE07B685B68002B0CD17B4B1B687A4A23F480331360784B1B68774A95
S3250801092023F4802313601DE07B685B68B3F5A02F0CD1724B1B68714A43F4802313606F4B82
S325080109401B686E4A43F4803313600BE06B4B1B686A4A23F480331360684B1B68674A23F4DD
S32508010960802313607B685B68002B13D0FFF762FF386108E0FFF75EFF02463B69D31A642B0B
S3250801098001D9032300E25D4B1B6803F40033002BF0D014E0FFF74EFF386108E0FFF74AFF2F
S325080109A002463B69D31A642B01D90323ECE1534B1B6803F40033002BF0D100E000BF7B683A
S325080109C01B6803F00203002B63D04C4B5B6803F00C03002B0BD0494B5B6803F00C03082B41
S325080109E01CD1464B5B6803F48033002B16D1434B1B6803F00203002B05D07B681B69012B4F
S32508010A0001D00123C0E13D4B1B6823F0F8027B685B69DB00394913430B603AE07B681B69D3
S32508010A20002B20D0364B01221A60FFF703FF386108E0FFF7FFFE02463B69D31A022B01D922
S32508010A400323A1E12D4B1B6803F00203002BF0D02A4B1B6823F0F8027B685B69DB0027490A
S32508010A6013430B6015E0264B00221A60FFF7E2FE386108E0FFF7DEFE02463B69D31A022B75
S32508010A8001D9032380E11D4B1B6803F00203002BF0D17B681B6803F00803002B3AD07B689B
S32508010AA09B69002B19D0174B01221A60FFF7C2FE386108E0FFF7BEFE02463B69D31A022B21
S32508010AC001D9032360E10D4B5B6A03F00203002BF0D0012000F0CEFA1CE00A4B00221A6000
S32508010AE0FFF7A8FE38610FE0FFF7A4FE02463B69D31A022B08D9032346E100BF00100240E6
S32508010B000000424280044242924B5B6A03F00203002BE9D17B681B6803F00403002B00F040
S32508010B20A6800023FB758B4BDB6903F08053002B0DD1884BDB69874A43F08053D361854B12
S32508010B40DB6903F08053BB60BB680123FB75824B1B6803F48073002B18D17F4B1B687E4A47
S32508010B6043F480731360FFF765FE386108E0FFF761FE02463B69D31A642B01D9032303E14E
S32508010B80754B1B6803F48073002BF0D07B68DB68012B06D16F4B1B6A6E4A43F00103136262
S32508010BA02DE07B68DB68002B0CD16A4B1B6A694A23F001031362674B1B6A664A23F0040371
S32508010BC013621CE07B68DB68052B0CD1614B1B6A604A43F0040313625E4B1B6A5D4A43F0D0
S32508010BE0010313620BE05B4B1B6A5A4A23F001031362584B1B6A574A23F0040313627B68EC
S32508010C00DB68002B15D0FFF715FE38610AE0FFF711FE02463B69D31A41F28832934201D96C
S32508010C200323B1E04B4B1B6A03F00203002BEED014E0FFF7FFFD38610AE0FFF7FBFD024653
S32508010C403B69D31A41F28832934201D903239BE0404B1B6A03F00203002BEED1FB7D012B21
S32508010C6005D13C4BDB693B4A23F08053D3617B68DB69002B00F08780364B5B6803F00C0396
S32508010C80082B61D07B68DB69022B46D1334B00221A60FFF7CFFD386108E0FFF7CBFD024613
S32508010CA03B69D31A022B01D903236DE0294B1B6803F00073002BF0D17B681B6AB3F5803F02
S32508010CC008D1244B5B6823F400327B689B68214913434B601F4B5B6823F474127B68196A30
S32508010CE07B685B6A0B431B4913434B601B4B01221A60FFF79FFD386108E0FFF79BFD02469E
S32508010D003B69D31A022B01D903233DE0114B1B6803F00073002BF0D035E0104B00221A60AD
S32508010D20FFF788FD386108E0FFF784FD02463B69D31A022B01D9032326E0064B1B6803F05E
S32508010D400073002BF0D11EE07B68DB69012B07D1012319E0001002400070004060004242F9
S32508010D600B4B5B68FB60FB6803F480327B681B6A9A4206D1FB6803F470127B685B6A9A4269
S32508010D8001D0012300E0002318461837BD4680BD0010024080B584B000AF786039607B68A1
S32508010DA0002B01D10123D0E06A4B1B6803F007033A689A4210D9674B1B6823F007026549B8
S32508010DC03B6813430B60634B1B6803F007033A689A4201D00123B8E07B681B6803F0020309
S32508010DE0002B20D07B681B6803F00403002B05D0594B5B68584A43F4E06353607B681B68CD
S32508010E0003F00803002B05D0534B5B68524A43F460535360504B5B6823F0F0027B689B68E2
S32508010E204D4913434B607B681B6803F00103002B40D07B685B68012B07D1474B1B6803F4BE
S32508010E400033002B15D101237FE07B685B68022B07D1414B1B6803F00073002B09D1012373
S32508010E6073E03D4B1B6803F00203002B01D101236BE0394B5B6823F003027B685B6836491D
S32508010E8013434B60FFF7D6FCF8600AE0FFF7D2FC0246FB68D31A41F28832934201D903231A
S32508010EA053E02D4B5B6803F00C027B685B689B009A42EBD1274B1B6803F007033A689A426B
S32508010EC010D2244B1B6823F0070222493B6813430B60204B1B6803F007033A689A4201D00A
S32508010EE0012332E07B681B6803F00403002B08D0194B5B6823F4E0627B68DB6816491343EF
S32508010F004B607B681B6803F00803002B09D0124B5B6823F460527B681B69DB000E491343D7
S32508010F204B6000F021F802460B4B5B681B0903F00F030A49CB5C22FA03F3094A1360094BBE
S32508010F401B681846FEF7D2FA002318461037BD4680BD00BF00200240001002400C38010818
S32508010F60BC200020B420002080B487B000AF0023FB600023BB6000237B6100237B6000237C
S32508010F803B611E4B5B68FB60FB6803F00C03042B02D0082B03D027E0194B3B6127E0FB6842
S32508010FA09B0C03F00F03174AD35C7B60FB6803F48033002B10D0114B5B685B0C03F0010376
S32508010FC0114AD35CBB607B680D4A03FB02F2BB68B2FBF3F37B6104E07B680C4A02FB03F38F
S32508010FE07B617B693B6102E0054B3B6100BF3B6918461C37BD4680BC704700BF001002409D
S3250801100000127A00F83701080838010800093D0080B400AF024B1B681846BD4680BC704767
S32508011020BC20002080B500AFFFF7F2FF0246054B5B681B0A03F007030349CB5C22FA03F3D8
S32508011040184680BD001002401C38010880B500AFFFF7DEFF0246054B5B68DB0A03F0070343
S325080110600349CB5C22FA03F3184680BD001002401C38010880B485B000AF78600A4B1B68CA
S325080110800A4AA2FB03235B0A7A6802FB03F3FB6000BFFB685A1EFA60002BF9D100BF00BF2E
S325080110A01437BD4680BC7047BC200020D34D621080B48BB000AF7860396000237B620023A0
S325080110C03B6279E101227B6A02FA03F3FB613B681B68FA691340BB61BA69FB699A4240F029
S325080110E068813B685B68964A93425ED0944A934275D8944A934258D0924A93426FD8924A00
S32508011100934252D0904A934269D8904A93424CD08E4A934263D88E4A934246D08C4A9342B8
S325080111205DD8122B2AD8122B59D801A252F823F0AB1101088511010897110108D9110108B6
S32508011140DF110108DF110108DF110108DF110108DF110108DF110108DF110108DF110108B8
S32508011160DF110108DF110108DF110108DF110108DF1101088D110108A1110108754A93428D
S3250801118013D02CE03B68DB683B6229E03B68DB6804333B6224E03B68DB6808333B621FE04A
S325080111A03B68DB680C333B621AE03B689B68002B02D104233B6213E03B689B68012B05D161
S325080111C008233B627B68FA691A6109E008233B627B68FA695A6103E000233B6200E000BF83
S325080111E0BB69FF2B01D87B6801E07B6804337B61BB69FF2B02D87B6A9B0002E07B6A083B4D
S325080112009B003B617B691A680F213B6901FA03F3DB431A40396A3B6901FA03F31A437B696C
S325080112201A603B685B6803F08053002B00F0C180494B9B69484A43F001039361464B9B69B3
S3250801124003F00103BB60BB68444A7B6A9B08023352F82330FB607B6A03F003039B000F225D
S3250801126002FA03F3DB43FA681340FB607B683C4A93421FD07B683B4A934219D07B683A4A85
S32508011280934213D07B68394A93420DD07B68384A934207D07B68374A934201D105230AE041
S325080112A0062308E0042306E0032304E0022302E0012300E000237A6A02F003029200934089
S325080112C0FA681343FB6025497B6A9B080233FA6841F823203B685B6803F48013002B06D0F2
S325080112E0254B9A682449BB6913438B6006E0224B9A68BB69DB43204913408B603B685B68F7
S3250801130003F40013002B06D01B4BDA681A49BB691343CB6006E0184BDA68BB69DB431649D7
S325080113201340CB603B685B6803F40033002B25D0114B5A681049BB6913434B6025E000BF10
S325080113400000321000003110000022100000211000001210000011100010024000000140C2
S3250801136000080140000C0140001001400014014000180140001C014000040140154B5A6805
S32508011380BB69DB43134913404B603B685B6803F48033002B06D00F4B1A680E49BB691343E4
S325080113A00B6006E00B4B1A68BB69DB43094913400B607B6A01337B623B681A687B6A22FA87
S325080113C003F3002B7FF47EAE00BF00BF2C37BD4680BC70470004014080B483B000AF786034
S325080113E00B467B8013467B707B78002B03D07A887B681A6103E07B881A047B681A6100BFDC
S325080114000C37BD4680BC704780B485B000AF78600B467B807B68DB68FB607A88FB6813400F
S325080114201A04FB68D9437B880B401A437B681A6100BF1437BD4680BC7047000080B485B08E
S3250801144000AF78600023FB607B68002B01D1012359E07B681B681A462D4B9A420FD87B6857
S325080114601B681A462B4B13442B4AA2FB03231B099A007B681A647B68284ADA630EE07B68F3
S325080114801B681A46264B1344234AA2FB03231B099A007B681A647B68224ADA637B680222B0
S325080114A083F821207B681B681B68FB60FB6823F47F5323F03003FB607B685A687B689B68A5
S325080114C01A437B68DB681A437B681B691A437B685B691A437B689B691A437B68DB69134394
S325080114E0FA681343FB607B681B68FA681A607B6800229A637B68012283F821207B680022BF
S3250801150083F82020002318461437BD4680BC704707040240F8FFFDBFCDCCCCCC00000240CC
S32508011520F8FBFDBF0004024080B584B000AF78607B68DB6B1B68FB607B681B681B68BB60AC
S325080115407B681B6C04229A40FB681340002B00F0F180BB6803F00403002B00F0EB807B684A
S325080115601B681B6803F02003002B07D17B681B681A687B681B6822F004021A607B681B68F7
S325080115801A465F4B9A4258D97B681B685D4A93424FD07B681B685C4A934248D07B681B68C5
S325080115A05A4A934240D07B681B68594A934238D07B681B68574A934230D07B681B68564ACB
S325080115C0934228D07B681B684D4A934220D07B681B68524A934219D07B681B68504A9342D8
S325080115E012D07B681B684F4A93420AD07B681B684D4A934202D14FF480431BE04FF48023C0
S3250801160018E04FF4806315E0402313E0042311E04FF080630EE04FF480030BE04FF4802393
S3250801162008E04FF4804305E04FF4806302E0402300E004233D4A536057E07B681B68314A04
S3250801164093424FD07B681B682F4A934248D07B681B682E4A934240D07B681B682C4A934247
S3250801166038D07B681B682B4A934230D07B681B68294A934228D07B681B68214A934220D067
S325080116807B681B68254A934219D07B681B68244A934212D07B681B68224A93420AD07B68B9
S325080116A01B68214A934202D14FF480431BE04FF4802318E04FF4806315E0402313E004230E
S325080116C011E04FF080630EE04FF480030BE04FF4802308E04FF4804305E04FF4806302E088
S325080116E0402300E00423124A53607B68DB6A002B00F036817B68DB6A7868984730E100BFB1
S3250801170080000240080002401C0002403000024044000240580002406C00024008040240C2
S325080117201C040240300402404404024000040240000002407B681B6C02229A40FB68134092
S32508011740002B00F0DD80BB6803F00203002B00F0D7807B681B681B6803F02003002B0BD16F
S325080117607B681B681A687B681B6822F00A021A607B68012283F821207B681B681A467B4B26
S325080117809A4258D97B681B68794A93424FD07B681B68784A934248D07B681B68764A934200
S325080117A040D07B681B68754A934238D07B681B68734A934230D07B681B68724A934228D021
S325080117C07B681B68694A934220D07B681B686E4A934219D07B681B686C4A934212D07B688A
S325080117E01B686B4A93420AD07B681B68694A934202D14FF400531BE04FF4003318E04FF4F0
S32508011800007315E0202313E0022311E04FF000730EE04FF400130BE04FF4003308E04FF483
S32508011820005305E04FF4007302E0202300E00223594A536057E07B681B684D4A93424FD003
S325080118407B681B684B4A934248D07B681B684A4A934240D07B681B68484A934238D07B68FA
S325080118601B68474A934230D07B681B68454A934228D07B681B683D4A934220D07B681B6896
S32508011880414A934219D07B681B68404A934212D07B681B683E4A93420AD07B681B683D4ABF
S325080118A0934202D14FF400531BE04FF4003318E04FF4007315E0202313E0022311E04FF03C
S325080118C000730EE04FF400130BE04FF4003308E04FF4005305E04FF4007302E0202300E0C3
S325080118E002232E4A53607B68002283F820207B689B6A002B34D07B689B6A786898472FE0FC
S325080119007B681B6C08229A40FB681340002B28D0BB6803F00803002B23D07B681B681A684A
S325080119207B681B6822F00E021A607B681A6C7B68DB6B012101FA02F25A607B6801229A6336
S325080119407B68012283F821207B68002283F820207B681B6B002B04D07B681B6B7868984766
S3250801196000BF00BF1037BD4680BD00BF80000240080002401C000240300002404400024032
S32508011980580002406C000240080402401C04024030040240440402400004024000000240B8
S325080119A080B485B000AF78607B6803F00703FB600C4BDB68BB60BA684FF6FF031340BB6061
S325080119C0FB681A02BB68134343F0BF6343F40033BB60044ABB68D36000BF1437BD4680BC39
S325080119E0704700BF00ED00E080B400AF044BDB681B0A03F007031846BD4680BC704700BFEB
S32508011A0000ED00E080B483B000AF0346FB7197F90730002B0BDBFB7903F01F02064997F9E0
S32508011A2007305B09012000FA02F241F8232000BF0C37BD4680BC704700E100E080B483B051
S32508011A4000AF03463960FB7197F90730002B0ADB3B68DAB20C4997F907301201D2B20B4472
S32508011A6083F800230AE03B68DAB20849FB7903F00F03043B1201D2B20B441A7600BF0C371F
S32508011A80BD4680BC704700BF00E100E000ED00E080B489B000AFF860B9607A60FB6803F037
S32508011AA00703FB61FB69C3F10703042B28BF0423BB61FB690433062B02D9FB69033B00E00D
S32508011AC000237B614FF0FF32BB6902FA03F3DA43BB681A407B699A404FF0FF317B6901FACC
S32508011AE003F3D9437B680B40134318462437BD4680BC704780B582B000AF78607B68013B85
S32508011B00B3F1807F01D301230FE00A4A7B68013B53600F214FF0FF30FFF790FF054B002271
S32508011B209A60044B07221A60002318460837BD4680BD00BF10E000E080B582B000AF78602D
S32508011B407868FFF72DFF00BF0837BD4680BD80B586B000AF0346B9607A60FB7300237B6173
S32508011B60FFF742FF78617A68B9687869FFF790FF024697F90F3011461846FFF75FFF00BFFE
S32508011B801837BD4680BD80B582B000AF0346FB7197F907301846FFF735FF00BF0837BD468C
S32508011BA080BD80B582B000AF78607868FFF7A2FF034618460837BD4680BD0000F0B587B072
S32508011BC000AFF860B960C7E900230123FB750023BB7500237B752F4B1B7E012B01D10223D3
S32508011BE054E02C4B01221A764CF2503000F0A8F80346FB75FB7D002B44D1FB68012B02D157
S32508011C0001237B7507E0FB68022B02D102237B7501E004237B750023BB752DE0BB7D5A0058
S32508011C20BB6802EB030CBB7D1901D7E90023C1F12006A1F1200022FA01F403FA06F6344336
S32508011C4023FA00F0044323FA01F5A3B21946604600F05AF84CF2503000F072F80346FB75A1
S32508011C600D4B1B690C4A23F001031361FB7D002B07D1BB7D0133BB75BA7D7B7D9A42CDD3D6
S32508011C8000E000BF034B00221A76FB7D18461C37BD46F0BDE82700200020024080B483B0C5
S32508011CA000AF0023FB710D4B1B6903F08003002B0DD00A4B0A4A5A60084B0A4A5A60074B67
S32508011CC01B6903F08003002B01D00123FB71FB7918460C37BD4680BC704700BF0020024043
S32508011CE023016745AB89EFCD80B400AF054B1B69044A43F08003136100231846BD4680BC26
S32508011D00704700BF0020024080B483B000AF78600B467B80084B0022DA61084B1B69074ACA
S32508011D2043F0010313617B687A881A8000BF0C37BD4680BC704700BFE82700200020024022
S32508011D4080B584B000AF7860FEF774FDF86010E07B68B3F1FF3F0CD07B68002B07D0FEF75B
S32508011D6069FD0246FB68D31A7A689A4201D2032325E0154BDB6803F00103002BE8D1124BBF
S32508011D80DB6803F02003002B02D00F4B2022DA600D4BDB6803F01003002B0BD10A4BDB69C7
S32508011DA003F00103002B05D1074BDB6803F00403002B03D000F00AF8012300E00023184618
S32508011DC01037BD4680BD00BF0020024080B483B000AF00237B60234BDB6803F01003002B56
S32508011DE009D0214BDB6943F002031F4AD3617B6843F010037B601B4BDB6803F00403002BA4
S32508011E0009D0194BDB6943F00103174AD3617B6843F004037B60134BDB6903F00103002BAA
S32508011E200BD0114BDB6943F004030F4AD3610D4BDB690C4A23F00103D3617B6840F20112EC
S32508011E40934206D1074BDB69064A23F00103D36102E0044A7B68D36000BF0C37BD4680BC0F
S32508011E60704700BF00200240E827002080B584B000AF786039600123FB730023BB602F4B79
S32508011E801B7E012B01D1022353E02C4B01221A767B681B68022B16D14CF25030FFF750FF9D
S32508011EA00346002B41D1012000F04CF84CF25030FFF746FF0346FB73214B1B69204A23F01B
S32508011EC00403136131E04CF25030FFF739FF0346002B2AD13B684FF0FF321A607B689B6899
S32508011EE0BB6019E0B86800F049F84CF25030FFF727FF0346FB73124B1B69114A23F0020389
S32508011F001361FB7B002B03D03B68BA681A600CE0BB6803F50063BB607B68DB68DA027B6821
S32508011F209B681344BA689A42DCD3044B00221A76FB7B18461037BD4680BD00BFE827002041
S32508011F400020024080B483B000AF7860094B0022DA61094B1B69084A43F004031361064B48
S32508011F601B69054A43F04003136100BF0C37BD4680BC7047E82700200020024080B483B0A5
S32508011F8000AF78600B4B0022DA610B4B1B690A4A43F002031361084A7B685361064B1B6960
S32508011FA0054A43F04003136100BF0C37BD4680BC704700BFE82700200020024080B584B028
S32508011FC000AF78607B68002B01D1012336E07B681B684CF6CC421A607B681B6845F25552DD
S32508011FE01A607B681B687A6852685A607B681B687A6892689A60FEF71DFCF86011E0FEF714
S3250801200019FC0246FB68D31A41F23C32934208D97B681B68DB6803F00303002B01D00323E9
S325080120200CE07B681B68DB6803F00303002BE6D17B681B684AF6AA221A600023184610376D
S32508012040BD4680BD80B483B000AF78607B681B684AF6AA221A60002318460C37BD4680BC54
S32508012060704780B582B000AF78607B68002B01D1012342E07B6893F84130DBB2002B06D118
S325080120807B68002283F840207868FDF745FC7B68242283F841207B681B68DA687B681B6829
S325080120A022F40052DA60786800F072F97B681B681A697B681B6822F490421A617B681B681C
S325080120C05A697B681B6822F02A025A617B681B68DA687B681B6842F40052DA607B680022FA
S325080120E05A647B68202283F841207B68202283F842207B6800225A63002318460837BD468B
S3250801210080BD80B58AB002AFF860B9603B601346FB8000237B61FB6893F84130DBB2202B3D
S3250801212075D1BB68002B02D0FB88002B01D101236EE0FB6800225A64FB68212283F8412073
S32508012140FEF778FB7861FB68FA889A84FB68FA88DA84FB689B68B3F5805F08D1FB681B693C
S32508012160002B04D10023FB61BB68BB6103E0BB68FB610023BB612EE03B6800937B690022A7
S325080121808021F86800F048F80346002B05D0FB68202283F8412003233AE0FB69002B0BD18A
S325080121A0BB691B881A46FB681B68C2F308025A60BB690233BB6107E0FB691A78FB681B6852
S325080121C05A60FB690133FB61FB68DB8C9BB2013B9AB2FB68DA84FB68DB8C9BB2002BCBD104
S325080121E03B6800937B6900224021F86800F014F80346002B05D0FB68202283F841200323E7
S3250801220006E0FB68202283F84120002300E0022318462037BD4680BD80B586B000AFF860B9
S32508012220B9603B601346FB713BE03B6AB3F1FF3F37D0FEF7FFFA02463B68D31A3A6A9A4227
S3250801224002D33B6A002B01D103233AE0FB681B68DB6803F00403002B23D0BB68802B20D0B9
S32508012260BB68402B1DD0FB681B681B6803F00803082B16D100237B61FB681B681B687B610F
S32508012280FB681B685B687B617B69F86800F01DF8FB6808225A64FB68002283F84020012392
S325080122A00FE0FB681B681A68BB681340BA689A420CBF01230023DBB21A46FB799A42B4D071
S325080122C0002318461837BD4680BD80B495B000AF78607B681B680C337B637B6B53E8003FFC
S325080122E03B633B6B23F49073FB647B681B680C33FA6C3A64FB63F96B3A6C41E80023BB6397
S32508012300BB6B002BE5D17B681B6814333B623B6A53E8003FFB61FB6923F00103BB647B6865
S325080123201B681433BA6CFA62BB62B96AFA6A41E800237B627B6A002BE5D17B681B6B012B1A
S3250801234019D17B681B680C33FB60FB6853E8003FBB60BB6823F010037B647B681B680C33BF
S325080123607A6CBA617B617969BA6941E800233B613B69002BE5D17B68202283F842207B681A
S3250801238000221A6300BF5437BD4680BC7047000080B584B000AF78607B681B681B6923F45E
S325080123A040517B68DA687B681B680A431A617B689A687B681B691A437B685B691343BB6069
S325080123C07B681B68DB6823F4B05323F00C037A681268B9680B43D3607B681B685B6923F4CA
S325080123E040717B689A697B681B680A435A617B681B682C4A934203D1FEF728FEF86002E0EF
S32508012400FEF710FEF860FA6813469B0013449A001A447B685B689B00B2FBF3F3224AA2FBD0
S3250801242003235B091901FA6813469B0013449A001A447B685B689B00B2FBF3F21A4BA3FB6E
S3250801244002035B09642000FB03F3D31A1B013233154AA2FB03235B0903F0F0031944FA68F6
S3250801246013469B0013449A001A447B685B689B00B2FBF3F20C4BA3FB02035B09642000FB5A
S3250801248003F3D31A1B013233074AA2FB03235B0903F00F027B681B680A449A6000BF103799
S325080124A0BD4680BD003801401F85EB5180B400AF00BFBD4680BC704780B586B000AF7860EA
S325080124C0144A154BD31A7B617B693B61134B1B68002B02D1114B124A1A60104B1A687B6815
S325080124E013443A699A4207D200F05CF903460C221A604FF0FF3309E0084B1B68FB60074B0B
S325080125001A687B681344054A1360FB6818461837BD4680BD0060002000040000082800200A
S325080125201028002080B400AF01231846BD4680BC704780B582B000AF7860396000F032F937
S32508012540034616221A604FF0FF3318460837BD4680BD80B582B000AF78604FF0FF317868E6
S32508012560FFF7E7FF00BFFDE780B586B000AFF860B9607A6000237B610AE0AFF30080014616
S32508012580BB685A1CBA60CAB21A707B6901337B617A697B689A42F0DB7B6818461837BD467F
S325080125A080BD80B586B000AFF860B9607A6000237B6109E0BB685A1CBA601B781846AFF33C
S325080125C000807B6901337B617A697B689A42F1DB7B6818461837BD4680BD80B483B000AF24
S325080125E078604FF0FF3318460C37BD4680BC704780B483B000AF786039603B684FF400522D
S325080126005A60002318460C37BD4680BC704780B483B000AF7860012318460C37BD4680BC45
S32508012620704780B485B000AFF860B9607A60002318461437BD4680BC70470000FFF736FF84
S325080126400B480C490C4A002302E0D458C4500433C4188C42F9D3094A094C002301E013605C
S325080126600432A242FBD3F9F739FFFCF79FFE704700200020C020002014390108C02000205E
S325080126800C280020FEE7000038B5104B04461D682B6BB3B9182000F0B7F80246286320B956
S325080126A046210B4B0B4800F091F80B490B4BC0E900130B4B002183600B2383810120C2E9C4
S325080126C0040100222B6B1C615A6138BD0C200020243801083B3801080E33CDAB34126DE682
S325080126E0ECDE0500164B10B51C68236BB3B9182000F08AF80246206320B95221114B1248E1
S3250801270000F064F81149124BC0E90013114B002183600B2383810120C2E90401216B0E48A6
S325080127200B694C6958430D4A02FB0400A3FB0232013340EB0200C1E9043020F0004010BD40
S325080127400C200020243801083B3801080E33CDAB34126DE6ECDE05002DF451582D7F954CC5
S325080127600EB46FF0004110B500249DB01FAB02900690079104910948094953F8042B0591E0
S32508012780006802A901931B9400F0A2F8029B1C701DB0BDE8104003B0704700BF0C200020EA
S325080127A00802FFFF014B1868704700BF0C2000200A44914200F1FF3300D1704710B511F8DA
S325080127C0014B914203F8014FF9D110BD1FB514461A46094B05461B68D8684CB1074BCDE9F4
S325080127E0013400912B46064900F0FEFA00F036FB044B1C46F3E700BF0C20002093380108D1
S32508012800A0380108CE380108024B01461868F9F7F7BE00BF0C2000202DE9F0471F468E684D
S325080128208246BE420C4690460B682DD8B1F90C2012F4906F26D06569096905EB4505A3EB48
S32508012840010905EBD5757B1C4B446D109D4238BF1D46530527D52946F9F7D2FE064660B367
S325080128604A462169FFF7A4FFA38923F4906343F08003A38126614E4426603E466561A5EB0D
S325080128800905A560BE4200D93E4632464146206800F0BCFA0020A3689B1BA36023683344A6
S325080128A02360BDE8F0872A4600F0DFFA06460028E0D150462169F9F739FE0C23CAF80030A4
S325080128C0A3894FF0FF3043F04003A381E9E700002DE9F04F98468B8907461B060D46144683
S325080128E09DB010D50B6973B94021F9F789FE2860286130B90C233B604FF0FF301DB0BDE87B
S32508012900F08F40236B610023099320238DF8293030234FF00109CDF80C80DFF898818DF8B8
S325080129202A3023469A4613F8012B0AB1252AF9D1BAEB040B0BD05B46224629463846FFF75F
S325080129406BFF013000F0A780099A5A4409929AF80030002B00F09F8000234FF0FF32CDE995
S3250801296005230AF1010A049307938DF853301A935446052214F8011B4E4800F061FA049ACC
S32508012980D8B9D00644BF20238DF85330110744BF2B238DF853309AF800302A2B15D054466C
S325080129A000204FF00A0C079A214611F8013B303B092B4BD9B0B1079214E0A0EB080309FAFC
S325080129C003F31343A2460493D2E7039B191D1B680391002BBBBF5B4242F0020207930793CD
S325080129E0B8BF049223782E2B0AD163782A2B32D1039B02341A1D1B68039243EAE37305937B
S32508012A00DFF8B4A003225046217800F019FA38B14022049BA0EB0A008240134301340493C2
S32508012A2014F8011B062225488DF8281000F008FA002836D0224B1BBB039B073323F00703B5
S32508012A4008330393099B334409936AE70C4601200CFB0232A8E700234FF00A0C1946013445
S32508012A600593204610F8012B303A092A03D9002BC6D00591C4E7044601230CFB0121F0E72C
S32508012A8003AB00932A4638460E4B04A9AFF30080421C0646D6D1AB895B063FF52DAF099839
S32508012AA02CE703AB00932A463846064B04A900F07DF8EDE7CF380108D5380108D93801084E
S32508012AC000000000192801082DE9F047164698468A680B6907469342B8BF1346336091F8A2
S32508012AE043200C46DDF820900AB1013333602368990642BF336802333360256815F00605E0
S32508012B0006D104F1190AE36832689B1AAB422BDC94F843302268003B18BF0123920630D4CE
S32508012B204146384604F14302C847013023D02368226903F00603042B14BF002533684FF001
S32508012B40000608BFE56804F11A0408BFED1A54F8123C08BF25EAE5759342C4BF9B1AED188F
S32508012B60B5421AD1002008E00123524641463846C847013003D14FF0FF30BDE8F0870135C7
S32508012B80C1E73020E11881F843005A1C94F845102244023382F84310C2E7012322464146FE
S32508012BA03846C8470130E6D00136D9E72DE9FF470F7E9146782F80460C469A460C9E01F1A0
S32508012BC0430207D8622F0AD8002F00F0D180582F00F0B88004F1420684F842703AE0A7F113
S32508012BE06303152BF6D801A151F823F0452C0108592C0108D52B0108D52B0108D52B010831
S32508012C00D52B0108592C0108D52B0108D52B0108D52B0108D52B0108572D0108832C0108A5
S32508012C20112D0108D52B0108D52B0108792D0108D52B0108832C0108D52B0108D52B0108AA
S32508012C40192D010833681A1D1B68326004F1420684F8423001239CE033682068191D31607A
S32508012C60060601D51D6803E04506FBD5B3F90050002D03DA2D236D4284F843300A2358481F
S32508012C8011E021683368080653F8045B02D4490648BFADB26F2F336014BF0A2308235048D9
S32508012CA0002184F843106668002EA66005DB21682E4321F0040121604BD01646B5FBF3F197
S32508012CC003FB1157C75D06F8017D2F46BB420D46F4D9082B0BD12368DF0708D5236961689B
S32508012CE09942DEBF302306F8013C06F1FF36921B22614B4621464046CDF800A003AAFFF7DD
S32508012D00E3FE01304AD14FF0FF3004B0BDE8F087236843F0200323607827324884F845708B
S32508012D20236831681F0651F8045B02D45F0648BFADB23160D90744BF43F0200323601DB1D7
S32508012D401023ADE72648E9E7236823F020032360F6E71646BDE733682568181D6169306087
S32508012D602E061B6801D5196002E06806FBD51980002316462361BCE7336800211A1D32605A
S32508012D801E686268304600F05BF808B1801B606063682361002384F84330AAE7324649460E
S32508012DA040462369D0470130ADD023689B0713D4E068039B9842B8BF1846A6E7012332465B
S32508012DC049464046D04701309DD00135E36803995B1AAB42F2DCEBE7002504F11906F5E7E6
S32508012DE0E0380108F13801080EB403B5014603AB054853F8042B0068019300F08BF802B01A
S32508012E005DF804EB03B070470C200020884210B501EB020402D98442234607D8431EA142FB
S32508012E2008D011F8012B03F8012FF8E7014602448A4200D110BD13F8014D02F8014DF7E7F6
S32508012E40034610B5C9B202449342184601D1002003E0047801338C42F6D110BD062008B597
S32508012E6000F02CFA0120FFF774FB2DE9F041074614460D4621B91146BDE8F041F9F7C0BBF4
S32508012E802AB9F9F753FB25462846BDE8F08100F031FA8442064602D8B4EB500FF4D82146DB
S32508012EA03846F9F7ADFB804608B94546ECE7B4422246294628BF3246FFF77AFC2946384683
S32508012EC0F9F734FBF1E7936810B4013B002B936007DA9469A34201DB0A2902D110BC00F072
S32508012EE031B91368581C10601970084610BC7047F8B506460F461446D518AC4201D10020AB
S32508012F0007E03A46304614F8011BFFF7DCFF431CF3D1F8BD2DE9F04F0D46144698460646C8
S32508012F209DB018B1036A0BB9F9F710FA6B6ED90705D4AB899A0502D4A86DF9F7F4FAAB89DF
S32508012F401B0701D52B699BB92946304600F038F970B16B6EDC0704D54FF0FF301DB0BDE8E6
S32508012F60F08FAB899805F7D4A86DF9F7DDFAF3E70023099320238DF8293030234FF00109F5
S32508012F80CDF80C80DFF8A8818DF82A3023469A4613F8012B0AB1252AF9D1BAEB040B0BD00F
S32508012FA05B46224629463046FFF7A2FF013000F0A780099A5A4409929AF80030002B00F07C
S32508012FC09F8000234FF0FF32CDE905230AF1010A049307938DF853301A935446052214F899
S32508012FE0011B5348FFF72CFF049AD8B9D10644BF20238DF85330130744BF2B238DF8533023
S325080130009AF800302A2B15D0544600204FF00A0C079A214611F8013B303B092B4BD9B0B125
S32508013020079214E0A0EB080309FA03F31343A2460493D2E7039B191D1B680391002BBBBF47
S325080130405B4242F0020207930793B8BF049223782E2B0AD163782A2B32D1039B02341A1D40
S325080130601B68039243EAE3730593DFF8C8A0032250462178FFF7E4FE38B14022049BA0EB2E
S325080130800A00824013430134049314F8011B062229488DF82810FFF7D3FE00283FD0274B45
S325080130A01BBB039B073323F0070308330393099B3B4409936AE70C4601200CFB0232A8E718
S325080130C000234FF00A0C194601340593204610F8012B303A092A03D9002BC6D00591C4E728
S325080130E0044601230CFB0121F0E703AB00932A463046134B04A9AFF300800746781CD6D177
S325080131006B6ED90705D4AB899A0502D4A86DF9F70BFAAB895B063FF51FAF09981EE703AB70
S3250801312000932A463046064B04A9FFF73FFDE4E7CF380108D5380108D938010800000000CC
S32508013140F12E0108F8B50E461446054618B1036A0BB9F9F7FBF8A369A360A3891A0701D583
S32508013160236943B92146284600F02AF818B14FF0FF373846F8BD23682269F6B2981A636924
S325080131803746834205DC21462846F9F745FB0028EDD1A368013BA36023685A1C22601E70B7
S325080131A06269431C9A4204D0A389DB07E1D50A2EDFD121462846F9F72FFB0028D9D0D6E7FD
S325080131C038B5294B054618680C4618B1036A0BB9F9F7BCF8B4F90C30190722D4DA0607D40A
S325080131E009222A6043F040034FF0FF30A38133E0580712D5616B41B104F14403994202D003
S325080132002846F9F793F900236363A38923F02403A3810023636023692360A38943F00803E3
S32508013220A38123694BB9A38903F42073B3F5007F03D02146284600F08AF8B4F90C3013F0E8
S3250801324001020AD00022A26062695242A261226942B913F08000C5D138BD990758BF6269E6
S32508013260A260F4E70020F7E70C2000201F2938B505460C4604D9162303604FF0FF3038BD6A
S32508013280C26B12B152F821304BB9284600F030F8224601462846BDE8384000F017B8012BE5
S325080132A00AD0591C03D1162303600120E7E70021204642F8241098470020E0E7024B014602
S325080132C01868FFF7D3BF00BF0C20002038B50023064D0446084611462B60FFF72AF9431C77
S325080132E002D12B6803B1236038BD00BF18220020FFF718B951F8043C181F002BBCBF0B5884
S32508013300C018704770B50C46B1F90E10154600291E4696B00CDAA389002113F0800F14BF0A
S3250801332040234FF48063002031602B6016B070BD6A4600F049F80028EDDB019901F47041B5
S32508013340A1F50053594259414FF48063EBE78B89F7B59D0706460C4607D504F147032360A8
S3250801336023610123636103B0F0BD6A4601ABFFF7C9FF009F054639463046F9F741F948B94E
S32508013380B4F90C309A05EED423F0030343F00203A381E2E7A389C4E9040743F08003A381D8
S325080133A0019B20605BB13046B4F90E1000F01EF828B1A38923F0030343F00103A381A389EA
S325080133C01D43A581CFE7000038B50023064D0446084611462B60FFF70BF9431C02D12B6806
S325080133E003B1236038BD00BF1822002038B50023054D044608462B60FFF709F9431C02D1CA
S325080134002B6803B1236038BD18220020F8B500BFF8BC08BC9E467047F8B500BFF8BC08BC21
S325080134209E46704725303258200000000D0A00004D6573736167653A20202020000000004D
S325080134404578706563746564204D41433A200000436F6D7075746564204D41433A20000054
S32508013460FFFFFFFFFFFFFFFFFFFFFFFFFFFFFFFF5AA6F1BD0955216CB90001900000CC0797
S32508013480070A16B46B4D4144F79BDD9DD04A287CFFFFFFFFFFFFFFFFFFFFFFFFFFFFFFFF4B
S325080134A0656E746572206170703A2000637C777BF26B6FC53001672BFED7AB76CA82C97D77
S325080134C0FA5947F0ADD4A2AF9CA472C0B7FD9326363FF7CC34A5E5F171D8311504C723C37B
S325080134E01896059A071280E2EB27B27509832C1A1B6E5AA0523BD6B329E32F8453D100ED81
S3250801350020FCB15B6ACBBE394A4C58CFD0EFAAFB434D338545F9027F503C9FA851A3408F8A
S32508013520929D38F5BCB6DA2110FFF3D2CD0C13EC5F974417C4A77E3D645D197360814FDC37
S32508013540222A908846EEB814DE5E0BDBE0323A0A4906245CC2D3AC629195E479E7C8376D38
S325080135608DD54EA96C56F4EA657AAE08BA78252E1CA6B4C6E8DD741F4BBD8B8A703EB566AF
S325080135804803F60E613557B986C11D9EE1F8981169D98E949B1E87E9CE5528DF8CA1890D29
S325080135A0BFE6426841992D0FB054BB1600020406080A0C0E10121416181A1C1E2022242646
S325080135C0282A2C2E30323436383A3C3E40424446484A4C4E50525456585A5C5E60626466FC
S325080135E0686A6C6E70727476787A7C7E80828486888A8C8E90929496989A9C9EA0A2A4A6DC
S32508013600A8AAACAEB0B2B4B6B8BABCBEC0C2C4C6C8CACCCED0D2D4D6D8DADCDEE0E2E4E6BB
S32508013620E8EAECEEF0F2F4F6F8FAFCFE1B191F1D131117150B090F0D030107053B393F3D27
S32508013640333137352B292F2D232127255B595F5D535157554B494F4D434147457B797F7D5B
S32508013660737177756B696F6D636167659B999F9D939197958B898F8D83818785BBB9BFBD3B
S32508013680B3B1B7B5ABA9AFADA3A1A7A5DBD9DFDDD3D1D7D5CBC9CFCDC3C1C7C5FBF9FFFD1B
S325080136A0F3F1F7F5EBE9EFEDE3E1E7E501020408102040801B3600001000000041E2000860
S325080136C019E2000801010101010000001100000057E3000831E30008000101010100000060
S325080136E02700000011EA0008CDE9000800010100000000002800000069EB000841EB000819
S3250801370000010101010000003E000000CFF20008A9F2000801010101010000008500000062
S3250801372039F3000813F3000800000101010000002200000053E800082DE8000801010101AF
S32508013740000000002E00000053EC00082DEC0008000101000001000014000000DFE30008E3
S32508013760B9E30008010101010000000019000000A9E400088DE40008010101010000000067
S3250801378031000000F1EC0008C9EC0008000101000001000034000000DDEF00084DEF0008F8
S325080137A000010100000100003600000039F1000875EF0008000101000001000037000000E9
S325080137C051F20008B5EF0008000101000001000000000000000000000000000000000000E0
S325080137E000000000000000000000000000000000000000000000000002030405060708098E
S325080138000A0B0C0D0E0F101001020000000000000000000001020304060708090000000003
S32508013820010203045245454E54206D616C6C6F6320737563636565646564002F6275696CB9
S32508013840642F676E752D746F6F6C732D666F722D73746D33325F31332E332E72656C312ED0
S3250801386032303235303532332D303930302F7372632F6E65776C69622F6E65776C69622FAA
S325080138806C6962632F7374646C69622F72616E642E63002C2066756E6374696F6E3A20005D
S325080138A0617373657274696F6E2022257322206661696C65643A2066696C652022257322AA
S325080138C02C206C696E65202564257325730A00232D302B2000686C4C006566674546470013
S325080138E030313233343536373839414243444546003031323334353637383961626364651B
S32508013900660000002089FF7F0100000009C20008E5C100080000000003000000DC2000206A
S325080139201020002000000000DC20002044210020AC2100200000000000000000000000009A
S32508013940000000000000000000000000000000000000000000000000000000000000000058
S3250801396000000000000000000000000000000000FFFF0000640C00650C00650C0A000000DE
S32508013980640C00650C00650C0A0000000001960000000000602000200300000000029600EA
S325080139A0000000006C20002003000000010000009A020000FFFF0100FD0102030405060794
S325080139C008090A0B0C0D0E0F100000000100000000127A00FFFFFFFFFFFFFFFFFFFFFFFFEB
S325080139E0FFFFFFFFFFFFFFFFFFFFFFFFFFFFFFFFFFFFFFFFFFFFFFFFFFFFFFFFFFFFFFFFD8
S32508013A00FFFFFFFFFFFFFFFFFFFFFFFFFFFFFFFFFFFFFFFFFFFFFFFFFFFFFFFFFFFFFFFFB7
S32508013A20FFFFFFFFFFFFFFFFFFFFFFFFFFFFFFFFFFFFFFFFFFFFFFFFFFFFFFFFFFFFFFFF97
S32508013A40FFFFFFFFFFFFFFFFFFFFFFFFFFFFFFFFFFFFFFFFFFFFFFFFFFFFFFFFFFFFFFFF77
S32508013A60FFFFFFFFFFFFFFFFFFFFFFFFFFFFFFFFFFFFFFFFFFFFFFFFFFFFFFFFFFFFFFFF57
S32508013A80FFFFFFFFFFFFFFFFFFFFFFFFFFFFFFFFFFFFFFFFFFFFFFFFFFFFFFFFFFFFFFFF37
S32508013AA0FFFFFFFFFFFFFFFFFFFFFFFFFFFFFFFFFFFFFFFFFFFFFFFFFFFFFFFFFFFFFFFF17
S32508013AC0FFFFFFFFFFFFFFFFFFFFFFFFFFFFFFFFFFFFFFFFFFFFFFFFFFFFFFFFFFFFFFFFF7
S32508013AE0FFFFFFFFFFFFFFFFFFFFFFFFFFFFFFFFFFFFFFFFFFFFFFFFFFFFFFFFFFFFFFFFD7
S32508013B00FFFFFFFFFFFFFFFFFFFFFFFFFFFFFFFFFFFFFFFFFFFFFFFFFFFFFFFFFFFFFFFFB6
S32508013B20FFFFFFFFFFFFFFFFFFFFFFFFFFFFFFFFFFFFFFFFFFFFFFFFFFFFFFFFFFFFFFFF96
S32508013B40FFFFFFFFFFFFFFFFFFFFFFFFFFFFFFFFFFFFFFFFFFFFFFFFFFFFFFFFFFFFFFFF76
S32508013B60FFFFFFFFFFFFFFFFFFFFFFFFFFFFFFFFFFFFFFFFFFFFFFFFFFFFFFFFFFFFFFFF56
S32508013B80FFFFFFFFFFFFFFFFFFFFFFFFFFFFFFFFFFFFFFFFFFFFFFFFFFFFFFFFFFFFFFFF36
S32508013BA0FFFFFFFFFFFFFFFFFFFFFFFFFFFFFFFFFFFFFFFFFFFFFFFFFFFFFFFFFFFFFFFF16
S32508013BC0FFFFFFFFFFFFFFFFFFFFFFFFFFFFFFFFFFFFFFFFFFFFFFFFFFFFFFFFFFFFFFFFF6
S32508013BE0FFFFFFFFFFFFFFFFFFFFFFFFFFFFFFFFFFFFFFFFFFFFFFFFFFFFFFFFFFFFFFFFD6
S32508013C00FFFFFFFFFFFFFFFFFFFFFFFFFFFFFFFFFFFFFFFFFFFFFFFFFFFFFFFFFFFFFFFFB5
S32508013C20FFFFFFFFFFFFFFFFFFFFFFFFFFFFFFFFFFFFFFFFFFFFFFFFFFFFFFFFFFFFFFFF95
S32508013C40FFFFFFFFFFFFFFFFFFFFFFFFFFFFFFFFFFFFFFFFFFFFFFFFFFFFFFFFFFFFFFFF75
S32508013C60FFFFFFFFFFFFFFFFFFFFFFFFFFFFFFFFFFFFFFFFFFFFFFFFFFFFFFFFFFFFFFFF55
S32508013C80FFFFFFFFFFFFFFFFFFFFFFFFFFFFFFFFFFFFFFFFFFFFFFFFFFFFFFFFFFFFFFFF35
S32508013CA0FFFFFFFFFFFFFFFFFFFFFFFFFFFFFFFFFFFFFFFFFFFFFFFFFFFFFFFFFFFFFFFF15
S32508013CC0FFFFFFFFFFFFFFFFFFFFFFFFFFFFFFFFFFFFFFFFFFFFFFFFFFFFFFFFFFFFFFFFF5
S32508013CE0FFFFFFFFFFFFFFFFFFFFFFFFFFFFFFFFFFFFFFFFFFFFFFFFFFFFFFFFFFFFFFFFD5
S32508013D00FFFFFFFFFFFFFFFFFFFFFFFFFFFFFFFFFFFFFFFFFFFFFFFFFFFFFFFFFFFFFFFFB4
S32508013D20FFFFFFFFFFFFFFFFFFFFFFFFFFFFFFFFFFFFFFFFFFFFFFFFFFFFFFFFFFFFFFFF94
S32508013D40FFFFFFFFFFFFFFFFFFFFFFFFFFFFFFFFFFFFFFFFFFFFFFFFFFFFFFFFFFFFFFFF74
S32508013D60FFFFFFFFFFFFFFFFFFFFFFFFFFFFFFFFFFFFFFFFFFFFFFFFFFFFFFFFFFFFFFFF54
S32508013D80FFFFFFFFFFFFFFFFFFFFFFFFFFFFFFFFFFFFFFFFFFFFFFFFFFFFFFFFFFFFFFFF34
S32508013DA0FFFFFFFFFFFFFFFFFFFFFFFFFFFFFFFFFFFFFFFFFFFFFFFFFFFFFFFFFFFFFFFF14
S32508013DC0FFFFFFFFFFFFFFFFFFFFFFFFFFFFFFFFFFFFFFFFFFFFFFFFFFFFFFFFFFFFFFFFF4
S32508013DE0FFFFFFFFFFFFFFFFFFFFFFFFFFFFFFFFFFFFFFFFFFFFFFFFFFFFFFFFFFFFFFFFD4
S32508013E00FFFFFFFFFFFFFFFFFFFFFFFFFFFFFFFFFFFFFFFFFFFFFFFFFFFFFFFFFFFFFFFFB3
S32508013E20FFFFFFFFFFFFFFFFFFFFFFFFFFFFFFFFFFFFFFFFFFFFFFFFFFFFFFFFFFFFFFFF93
S32508013E40FFFFFFFFFFFFFFFFFFFFFFFFFFFFFFFFFFFFFFFFFFFFFFFFFFFFFFFFFFFFFFFF73
S32508013E60FFFFFFFFFFFFFFFFFFFFFFFFFFFFFFFFFFFFFFFFFFFFFFFFFFFFFFFFFFFFFFFF53
S32508013E80FFFFFFFFFFFFFFFFFFFFFFFFFFFFFFFFFFFFFFFFFFFFFFFFFFFFFFFFFFFFFFFF33
S32508013EA0FFFFFFFFFFFFFFFFFFFFFFFFFFFFFFFFFFFFFFFFFFFFFFFFFFFFFFFFFFFFFFFF13
S32508013EC0FFFFFFFFFFFFFFFFFFFFFFFFFFFFFFFFFFFFFFFFFFFFFFFFFFFFFFFFFFFFFFFFF3
S32508013EE0FFFFFFFFFFFFFFFFFFFFFFFFFFFFFFFFFFFFFFFFFFFFFFFFFFFFFFFFFFFFFFFFD3
S32508013F00FFFFFFFFFFFFFFFFFFFFFFFFFFFFFFFFFFFFFFFFFFFFFFFFFFFFFFFFFFFFFFFFB2
S32508013F20FFFFFFFFFFFFFFFFFFFFFFFFFFFFFFFFFFFFFFFFFFFFFFFFFFFFFFFFFFFFFFFF92
S32508013F40FFFFFFFFFFFFFFFFFFFFFFFFFFFFFFFFFFFFFFFFFFFFFFFFFFFFFFFFFFFFFFFF72
S32508013F60FFFFFFFFFFFFFFFFFFFFFFFFFFFFFFFFFFFFFFFFFFFFFFFFFFFFFFFFFFFFFFFF52
S32508013F80FFFFFFFFFFFFFFFFFFFFFFFFFFFFFFFFFFFFFFFFFFFFFFFFFFFFFFFFFFFFFFFF32
S32508013FA0FFFFFFFFFFFFFFFFFFFFFFFFFFFFFFFFFFFFFFFFFFFFFFFFFFFFFFFFFFFFFFFF12
S32508013FC0FFFFFFFFFFFFFFFFFFFFFFFFFFFFFFFFFFFFFFFFFFFFFFFFFFFFFFFFFFFFFFFFF2
S32508013FE0FFFFFFFFFFFFFFFFFFFFFFFFFFFFFFFFFFFFFFFFFFFFFFFFFFFFFFFFFFFFFFFFD2
S32508014000FFFFFFFFFFFFFFFFFFFFFFFFFFFFFFFFFFFFFFFFFFFFFFFFFFFFFFFFFFFFFFFFB1
S32508014020FFFFFFFFFFFFFFFFFFFFFFFFFFFFFFFFFFFFFFFFFFFFFFFFFFFFFFFFFFFFFFFF91
S32508014040FFFFFFFFFFFFFFFFFFFFFFFFFFFFFFFFFFFFFFFFFFFFFFFFFFFFFFFFFFFFFFFF71
S32508014060FFFFFFFFFFFFFFFFFFFFFFFFFFFFFFFFFFFFFFFFFFFFFFFFFFFFFFFFFFFFFFFF51
S32508014080FFFFFFFFFFFFFFFFFFFFFFFFFFFFFFFFFFFFFFFFFFFFFFFFFFFFFFFFFFFFFFFF31
S325080140A0FFFFFFFFFFFFFFFFFFFFFFFFFFFFFFFFFFFFFFFFFFFFFFFFFFFFFFFFFFFFFFFF11
S325080140C0FFFFFFFFFFFFFFFFFFFFFFFFFFFFFFFFFFFFFFFFFFFFFFFFFFFFFFFFFFFFFFFFF1
S325080140E0FFFFFFFFFFFFFFFFFFFFFFFFFFFFFFFFFFFFFFFFFFFFFFFFFFFFFFFFFFFFFFFFD1
S32508014100FFFFFFFFFFFFFFFFFFFFFFFFFFFFFFFFFFFFFFFFFFFFFFFFFFFFFFFFFFFFFFFFB0
S32508014120FFFFFFFFFFFFFFFFFFFFFFFFFFFFFFFFFFFFFFFFFFFFFFFFFFFFFFFFFFFFFFFF90
S32508014140FFFFFFFFFFFFFFFFFFFFFFFFFFFFFFFFFFFFFFFFFFFFFFFFFFFFFFFFFFFFFFFF70
S32508014160FFFFFFFFFFFFFFFFFFFFFFFFFFFFFFFFFFFFFFFFFFFFFFFFFFFFFFFFFFFFFFFF50
S32508014180FFFFFFFFFFFFFFFFFFFFFFFFFFFFFFFFFFFFFFFFFFFFFFFFFFFFFFFFFFFFFFFF30
S325080141A0FFFFFFFFFFFFFFFFFFFFFFFFFFFFFFFFFFFFFFFFFFFFFFFFFFFFFFFFFFFFFFFF10
S325080141C0FFFFFFFFFFFFFFFFFFFFFFFFFFFFFFFFFFFFFFFFFFFFFFFFFFFFFFFFFFFFFFFFF0
S325080141E0FFFFFFFFFFFFFFFFFFFFFFFFFFFFFFFFFFFFFFFFFFFFFFFFFFFFFFFFFFFFFFFFD0
S32508014200FFFFFFFFFFFFFFFFFFFFFFFFFFFFFFFFFFFFFFFFFFFFFFFFFFFFFFFFFFFFFFFFAF
S32508014220FFFFFFFFFFFFFFFFFFFFFFFFFFFFFFFFFFFFFFFFFFFFFFFFFFFFFFFFFFFFFFFF8F
S32508014240FFFFFFFFFFFFFFFFFFFFFFFFFFFFFFFFFFFFFFFFFFFFFFFFFFFFFFFFFFFFFFFF6F
S32508014260FFFFFFFFFFFFFFFFFFFFFFFFFFFFFFFFFFFFFFFFFFFFFFFFFFFFFFFFFFFFFFFF4F
S32508014280FFFFFFFFFFFFFFFFFFFFFFFFFFFFFFFFFFFFFFFFFFFFFFFFFFFFFFFFFFFFFFFF2F
S325080142A0FFFFFFFFFFFFFFFFFFFFFFFFFFFFFFFFFFFFFFFFFFFFFFFFFFFFFFFFFFFFFFFF0F
S325080142C0FFFFFFFFFFFFFFFFFFFFFFFFFFFFFFFFFFFFFFFFFFFFFFFFFFFFFFFFFFFFFFFFEF
S325080142E0FFFFFFFFFFFFFFFFFFFFFFFFFFFFFFFFFFFFFFFFFFFFFFFFFFFFFFFFFFFFFFFFCF
S32508014300FFFFFFFFFFFFFFFFFFFFFFFFFFFFFFFFFFFFFFFFFFFFFFFFFFFFFFFFFFFFFFFFAE
S32508014320FFFFFFFFFFFFFFFFFFFFFFFFFFFFFFFFFFFFFFFFFFFFFFFFFFFFFFFFFFFFFFFF8E
S32508014340FFFFFFFFFFFFFFFFFFFFFFFFFFFFFFFFFFFFFFFFFFFFFFFFFFFFFFFFFFFFFFFF6E
S32508014360FFFFFFFFFFFFFFFFFFFFFFFFFFFFFFFFFFFFFFFFFFFFFFFFFFFFFFFFFFFFFFFF4E
S32508014380FFFFFFFFFFFFFFFFFFFFFFFFFFFFFFFFFFFFFFFFFFFFFFFFFFFFFFFFFFFFFFFF2E
S325080143A0FFFFFFFFFFFFFFFFFFFFFFFFFFFFFFFFFFFFFFFFFFFFFFFFFFFFFFFFFFFFFFFF0E
S325080143C0FFFFFFFFFFFFFFFFFFFFFFFFFFFFFFFFFFFFFFFFFFFFFFFFFFFFFFFFFFFFFFFFEE
S325080143E0FFFFFFFFFFFFFFFFFFFFFFFFFFFFFFFFFFFFFFFFFFFFFFFFFFFFFFFFFFFFFFFFCE
S32508014400FFFFFFFFFFFFFFFFFFFFFFFFFFFFFFFFFFFFFFFFFFFFFFFFFFFFFFFFFFFFFFFFAD
S32508014420FFFFFFFFFFFFFFFFFFFFFFFFFFFFFFFFFFFFFFFFFFFFFFFFFFFFFFFFFFFFFFFF8D
S32508014440FFFFFFFFFFFFFFFFFFFFFFFFFFFFFFFFFFFFFFFFFFFFFFFFFFFFFFFFFFFFFFFF6D
S32508014460FFFFFFFFFFFFFFFFFFFFFFFFFFFFFFFFFFFFFFFFFFFFFFFFFFFFFFFFFFFFFFFF4D
S32508014480FFFFFFFFFFFFFFFFFFFFFFFFFFFFFFFFFFFFFFFFFFFFFFFFFFFFFFFFFFFFFFFF2D
S325080144A0FFFFFFFFFFFFFFFFFFFFFFFFFFFFFFFFFFFFFFFFFFFFFFFFFFFFFFFFFFFFFFFF0D
S325080144C0FFFFFFFFFFFFFFFFFFFFFFFFFFFFFFFFFFFFFFFFFFFFFFFFFFFFFFFFFFFFFFFFED
S325080144E0FFFFFFFFFFFFFFFFFFFFFFFFFFFFFFFFFFFFFFFFFFFFFFFFFFFFFFFFFFFFFFFFCD
S32508014500FFFFFFFFFFFFFFFFFFFFFFFFFFFFFFFFFFFFFFFFFFFFFFFFFFFFFFFFFFFFFFFFAC
S32508014520FFFFFFFFFFFFFFFFFFFFFFFFFFFFFFFFFFFFFFFFFFFFFFFFFFFFFFFFFFFFFFFF8C
S32508014540FFFFFFFFFFFFFFFFFFFFFFFFFFFFFFFFFFFFFFFFFFFFFFFFFFFFFFFFFFFFFFFF6C
S32508014560FFFFFFFFFFFFFFFFFFFFFFFFFFFFFFFFFFFFFFFFFFFFFFFFFFFFFFFFFFFFFFFF4C
S32508014580FFFFFFFFFFFFFFFFFFFFFFFFFFFFFFFFFFFFFFFFFFFFFFFFFFFFFFFFFFFFFFFF2C
S325080145A0FFFFFFFFFFFFFFFFFFFFFFFFFFFFFFFFFFFFFFFFFFFFFFFFFFFFFFFFFFFFFFFF0C
S325080145C0FFFFFFFFFFFFFFFFFFFFFFFFFFFFFFFFFFFFFFFFFFFFFFFFFFFFFFFFFFFFFFFFEC
S325080145E0FFFFFFFFFFFFFFFFFFFFFFFFFFFFFFFFFFFFFFFFFFFFFFFFFFFFFFFFFFFFFFFFCC
S32508014600FFFFFFFFFFFFFFFFFFFFFFFFFFFFFFFFFFFFFFFFFFFFFFFFFFFFFFFFFFFFFFFFAB
S32508014620FFFFFFFFFFFFFFFFFFFFFFFFFFFFFFFFFFFFFFFFFFFFFFFFFFFFFFFFFFFFFFFF8B
S32508014640FFFFFFFFFFFFFFFFFFFFFFFFFFFFFFFFFFFFFFFFFFFFFFFFFFFFFFFFFFFFFFFF6B
S32508014660FFFFFFFFFFFFFFFFFFFFFFFFFFFFFFFFFFFFFFFFFFFFFFFFFFFFFFFFFFFFFFFF4B
S32508014680FFFFFFFFFFFFFFFFFFFFFFFFFFFFFFFFFFFFFFFFFFFFFFFFFFFFFFFFFFFFFFFF2B
S325080146A0FFFFFFFFFFFFFFFFFFFFFFFFFFFFFFFFFFFFFFFFFFFFFFFFFFFFFFFFFFFFFFFF0B
S325080146C0FFFFFFFFFFFFFFFFFFFFFFFFFFFFFFFFFFFFFFFFFFFFFFFFFFFFFFFFFFFFFFFFEB
S325080146E0FFFFFFFFFFFFFFFFFFFFFFFFFFFFFFFFFFFFFFFFFFFFFFFFFFFFFFFFFFFFFFFFCB
S32508014700FFFFFFFFFFFFFFFFFFFFFFFFFFFFFFFFFFFFFFFFFFFFFFFFFFFFFFFFFFFFFFFFAA
S32508014720FFFFFFFFFFFFFFFFFFFFFFFFFFFFFFFFFFFFFFFFFFFFFFFFFFFFFFFFFFFFFFFF8A
S32508014740FFFFFFFFFFFFFFFFFFFFFFFFFFFFFFFFFFFFFFFFFFFFFFFFFFFFFFFFFFFFFFFF6A
S32508014760FFFFFFFFFFFFFFFFFFFFFFFFFFFFFFFFFFFFFFFFFFFFFFFFFFFFFFFFFFFFFFFF4A
S32508014780FFFFFFFFFFFFFFFFFFFFFFFFFFFFFFFFFFFFFFFFFFFFFFFFFFFFFFFFFFFFFFFF2A
S325080147A0FFFFFFFFFFFFFFFFFFFFFFFFFFFFFFFFFFFFFFFFFFFFFFFFFFFFFFFFFFFFFFFF0A
S325080147C0FFFFFFFFFFFFFFFFFFFFFFFFFFFFFFFFFFFFFFFFFFFFFFFFFFFFFFFFFFFFFFFFEA
S325080147E0FFFFFFFFFFFFFFFFFFFFFFFFFFFFFFFFFFFFFFFFFFFFFFFFFFFFFFFFFFFFFFFFCA
S32508014800FFFFFFFFFFFFFFFFFFFFFFFFFFFFFFFFFFFFFFFFFFFFFFFFFFFFFFFFFFFFFFFFA9
S32508014820FFFFFFFFFFFFFFFFFFFFFFFFFFFFFFFFFFFFFFFFFFFFFFFFFFFFFFFFFFFFFFFF89
S32508014840FFFFFFFFFFFFFFFFFFFFFFFFFFFFFFFFFFFFFFFFFFFFFFFFFFFFFFFFFFFFFFFF69
S32508014860FFFFFFFFFFFFFFFFFFFFFFFFFFFFFFFFFFFFFFFFFFFFFFFFFFFFFFFFFFFFFFFF49
S32508014880FFFFFFFFFFFFFFFFFFFFFFFFFFFFFFFFFFFFFFFFFFFFFFFFFFFFFFFFFFFFFFFF29
S325080148A0FFFFFFFFFFFFFFFFFFFFFFFFFFFFFFFFFFFFFFFFFFFFFFFFFFFFFFFFFFFFFFFF09
S325080148C0FFFFFFFFFFFFFFFFFFFFFFFFFFFFFFFFFFFFFFFFFFFFFFFFFFFFFFFFFFFFFFFFE9
S325080148E0FFFFFFFFFFFFFFFFFFFFFFFFFFFFFFFFFFFFFFFFFFFFFFFFFFFFFFFFFFFFFFFFC9
S32508014900FFFFFFFFFFFFFFFFFFFFFFFFFFFFFFFFFFFFFFFFFFFFFFFFFFFFFFFFFFFFFFFFA8
S32508014920FFFFFFFFFFFFFFFFFFFFFFFFFFFFFFFFFFFFFFFFFFFFFFFFFFFFFFFFFFFFFFFF88
S32508014940FFFFFFFFFFFFFFFFFFFFFFFFFFFFFFFFFFFFFFFFFFFFFFFFFFFFFFFFFFFFFFFF68
S32508014960FFFFFFFFFFFFFFFFFFFFFFFFFFFFFFFFFFFFFFFFFFFFFFFFFFFFFFFFFFFFFFFF48
S32508014980FFFFFFFFFFFFFFFFFFFFFFFFFFFFFFFFFFFFFFFFFFFFFFFFFFFFFFFFFFFFFFFF28
S325080149A0FFFFFFFFFFFFFFFFFFFFFFFFFFFFFFFFFFFFFFFFFFFFFFFFFFFFFFFFFFFFFFFF08
S325080149C0FFFFFFFFFFFFFFFFFFFFFFFFFFFFFFFFFFFFFFFFFFFFFFFFFFFFFFFFFFFFFFFFE8
S325080149E0FFFFFFFFFFFFFFFFFFFFFFFFFFFFFFFFFFFFFFFFFFFFFFFFFFFFFFFFFFFFFFFFC8
S32508014A00FFFFFFFFFFFFFFFFFFFFFFFFFFFFFFFFFFFFFFFFFFFFFFFFFFFFFFFFFFFFFFFFA7
S32508014A20FFFFFFFFFFFFFFFFFFFFFFFFFFFFFFFFFFFFFFFFFFFFFFFFFFFFFFFFFFFFFFFF87
S32508014A40FFFFFFFFFFFFFFFFFFFFFFFFFFFFFFFFFFFFFFFFFFFFFFFFFFFFFFFFFFFFFFFF67
S32508014A60FFFFFFFFFFFFFFFFFFFFFFFFFFFFFFFFFFFFFFFFFFFFFFFFFFFFFFFFFFFFFFFF47
S32508014A80FFFFFFFFFFFFFFFFFFFFFFFFFFFFFFFFFFFFFFFFFFFFFFFFFFFFFFFFFFFFFFFF27
S32508014AA0FFFFFFFFFFFFFFFFFFFFFFFFFFFFFFFFFFFFFFFFFFFFFFFFFFFFFFFFFFFFFFFF07
S32508014AC0FFFFFFFFFFFFFFFFFFFFFFFFFFFFFFFFFFFFFFFFFFFFFFFFFFFFFFFFFFFFFFFFE7
S32508014AE0FFFFFFFFFFFFFFFFFFFFFFFFFFFFFFFFFFFFFFFFFFFFFFFFFFFFFFFFFFFFFFFFC7
S32508014B00FFFFFFFFFFFFFFFFFFFFFFFFFFFFFFFFFFFFFFFFFFFFFFFFFFFFFFFFFFFFFFFFA6
S32508014B20FFFFFFFFFFFFFFFFFFFFFFFFFFFFFFFFFFFFFFFFFFFFFFFFFFFFFFFFFFFFFFFF86
S32508014B40FFFFFFFFFFFFFFFFFFFFFFFFFFFFFFFFFFFFFFFFFFFFFFFFFFFFFFFFFFFFFFFF66
S32508014B60FFFFFFFFFFFFFFFFFFFFFFFFFFFFFFFFFFFFFFFFFFFFFFFFFFFFFFFFFFFFFFFF46
S32508014B80FFFFFFFFFFFFFFFFFFFFFFFFFFFFFFFFFFFFFFFFFFFFFFFFFFFFFFFFFFFFFFFF26
S32508014BA0FFFFFFFFFFFFFFFFFFFFFFFFFFFFFFFFFFFFFFFFFFFFFFFFFFFFFFFFFFFFFFFF06
S32508014BC0FFFFFFFFFFFFFFFFFFFFFFFFFFFFFFFFFFFFFFFFFFFFFFFFFFFFFFFFFFFFFFFFE6
S32508014BE0FFFFFFFFFFFFFFFFFFFFFFFFFFFFFFFFFFFFFFFFFFFFFFFFFFFFFFFFFFFFFFFFC6
S32508014C00FFFFFFFFFFFFFFFFFFFFFFFFFFFFFFFFFFFFFFFFFFFFFFFFFFFFFFFFFFFFFFFFA5
S32508014C20FFFFFFFFFFFFFFFFFFFFFFFFFFFFFFFFFFFFFFFFFFFFFFFFFFFFFFFFFFFFFFFF85
S32508014C40FFFFFFFFFFFFFFFFFFFFFFFFFFFFFFFFFFFFFFFFFFFFFFFFFFFFFFFFFFFFFFFF65
S32508014C60FFFFFFFFFFFFFFFFFFFFFFFFFFFFFFFFFFFFFFFFFFFFFFFFFFFFFFFFFFFFFFFF45
S32508014C80FFFFFFFFFFFFFFFFFFFFFFFFFFFFFFFFFFFFFFFFFFFFFFFFFFFFFFFFFFFFFFFF25
S32508014CA0FFFFFFFFFFFFFFFFFFFFFFFFFFFFFFFFFFFFFFFFFFFFFFFFFFFFFFFFFFFFFFFF05
S32508014CC0FFFFFFFFFFFFFFFFFFFFFFFFFFFFFFFFFFFFFFFFFFFFFFFFFFFFFFFFFFFFFFFFE5
S32508014CE0FFFFFFFFFFFFFFFFFFFFFFFFFFFFFFFFFFFFFFFFFFFFFFFFFFFFFFFFFFFFFFFFC5
S32508014D00FFFFFFFFFFFFFFFFFFFFFFFFFFFFFFFFFFFFFFFFFFFFFFFFFFFFFFFFFFFFFFFFA4
S32508014D20FFFFFFFFFFFFFFFFFFFFFFFFFFFFFFFFFFFFFFFFFFFFFFFFFFFFFFFFFFFFFFFF84
S32508014D40FFFFFFFFFFFFFFFFFFFFFFFFFFFFFFFFFFFFFFFFFFFFFFFFFFFFFFFFFFFFFFFF64
S32508014D60FFFFFFFFFFFFFFFFFFFFFFFFFFFFFFFFFFFFFFFFFFFFFFFFFFFFFFFFFFFFFFFF44
S32508014D80FFFFFFFFFFFFFFFFFFFFFFFFFFFFFFFFFFFFFFFFFFFFFFFFFFFFFFFFFFFFFFFF24
S32508014DA0FFFFFFFFFFFFFFFFFFFFFFFFFFFFFFFFFFFFFFFFFFFFFFFFFFFFFFFFFFFFFFFF04
S32508014DC0FFFFFFFFFFFFFFFFFFFFFFFFFFFFFFFFFFFFFFFFFFFFFFFFFFFFFFFFFFFFFFFFE4
S32508014DE0FFFFFFFFFFFFFFFFFFFFFFFFFFFFFFFFFFFFFFFFFFFFFFFFFFFFFFFFFFFFFFFFC4
S32508014E00FFFFFFFFFFFFFFFFFFFFFFFFFFFFFFFFFFFFFFFFFFFFFFFFFFFFFFFFFFFFFFFFA3
S32508014E20FFFFFFFFFFFFFFFFFFFFFFFFFFFFFFFFFFFFFFFFFFFFFFFFFFFFFFFFFFFFFFFF83
S32508014E40FFFFFFFFFFFFFFFFFFFFFFFFFFFFFFFFFFFFFFFFFFFFFFFFFFFFFFFFFFFFFFFF63
S32508014E60FFFFFFFFFFFFFFFFFFFFFFFFFFFFFFFFFFFFFFFFFFFFFFFFFFFFFFFFFFFFFFFF43
S32508014E80FFFFFFFFFFFFFFFFFFFFFFFFFFFFFFFFFFFFFFFFFFFFFFFFFFFFFFFFFFFFFFFF23
S32508014EA0FFFFFFFFFFFFFFFFFFFFFFFFFFFFFFFFFFFFFFFFFFFFFFFFFFFFFFFFFFFFFFFF03
S32508014EC0FFFFFFFFFFFFFFFFFFFFFFFFFFFFFFFFFFFFFFFFFFFFFFFFFFFFFFFFFFFFFFFFE3
S32508014EE0FFFFFFFFFFFFFFFFFFFFFFFFFFFFFFFFFFFFFFFFFFFFFFFFFFFFFFFFFFFFFFFFC3
S32508014F00FFFFFFFFFFFFFFFFFFFFFFFFFFFFFFFFFFFFFFFFFFFFFFFFFFFFFFFFFFFFFFFFA2
S32508014F20FFFFFFFFFFFFFFFFFFFFFFFFFFFFFFFFFFFFFFFFFFFFFFFFFFFFFFFFFFFFFFFF82
S32508014F40FFFFFFFFFFFFFFFFFFFFFFFFFFFFFFFFFFFFFFFFFFFFFFFFFFFFFFFFFFFFFFFF62
S32508014F60FFFFFFFFFFFFFFFFFFFFFFFFFFFFFFFFFFFFFFFFFFFFFFFFFFFFFFFFFFFFFFFF42
S32508014F80FFFFFFFFFFFFFFFFFFFFFFFFFFFFFFFFFFFFFFFFFFFFFFFFFFFFFFFFFFFFFFFF22
S32508014FA0FFFFFFFFFFFFFFFFFFFFFFFFFFFFFFFFFFFFFFFFFFFFFFFFFFFFFFFFFFFFFFFF02
S32508014FC0FFFFFFFFFFFFFFFFFFFFFFFFFFFFFFFFFFFFFFFFFFFFFFFFFFFFFFFFFFFFFFFFE2
S32508014FE0FFFFFFFFFFFFFFFFFFFFFFFFFFFFFFFFFFFFFFFFFFFFFFFFFFFFFFFFFFFFFFFFC2
S32508015000FFFFFFFFFFFFFFFFFFFFFFFFFFFFFFFFFFFFFFFFFFFFFFFFFFFFFFFFFFFFFFFFA1
S32508015020FFFFFFFFFFFFFFFFFFFFFFFFFFFFFFFFFFFFFFFFFFFFFFFFFFFFFFFFFFFFFFFF81
S32508015040FFFFFFFFFFFFFFFFFFFFFFFFFFFFFFFFFFFFFFFFFFFFFFFFFFFFFFFFFFFFFFFF61
S32508015060FFFFFFFFFFFFFFFFFFFFFFFFFFFFFFFFFFFFFFFFFFFFFFFFFFFFFFFFFFFFFFFF41
S32508015080FFFFFFFFFFFFFFFFFFFFFFFFFFFFFFFFFFFFFFFFFFFFFFFFFFFFFFFFFFFFFFFF21
S325080150A0FFFFFFFFFFFFFFFFFFFFFFFFFFFFFFFFFFFFFFFFFFFFFFFFFFFFFFFFFFFFFFFF01
S325080150C0FFFFFFFFFFFFFFFFFFFFFFFFFFFFFFFFFFFFFFFFFFFFFFFFFFFFFFFFFFFFFFFFE1
S325080150E0FFFFFFFFFFFFFFFFFFFFFFFFFFFFFFFFFFFFFFFFFFFFFFFFFFFFFFFFFFFFFFFFC1
S32508015100FFFFFFFFFFFFFFFFFFFFFFFFFFFFFFFFFFFFFFFFFFFFFFFFFFFFFFFFFFFFFFFFA0
S32508015120FFFFFFFFFFFFFFFFFFFFFFFFFFFFFFFFFFFFFFFFFFFFFFFFFFFFFFFFFFFFFFFF80
S32508015140FFFFFFFFFFFFFFFFFFFFFFFFFFFFFFFFFFFFFFFFFFFFFFFFFFFFFFFFFFFFFFFF60
S32508015160FFFFFFFFFFFFFFFFFFFFFFFFFFFFFFFFFFFFFFFFFFFFFFFFFFFFFFFFFFFFFFFF40
S32508015180FFFFFFFFFFFFFFFFFFFFFFFFFFFFFFFFFFFFFFFFFFFFFFFFFFFFFFFFFFFFFFFF20
S325080151A0FFFFFFFFFFFFFFFFFFFFFFFFFFFFFFFFFFFFFFFFFFFFFFFFFFFFFFFFFFFFFFFF00
S325080151C0FFFFFFFFFFFFFFFFFFFFFFFFFFFFFFFFFFFFFFFFFFFFFFFFFFFFFFFFFFFFFFFFE0
S325080151E0FFFFFFFFFFFFFFFFFFFFFFFFFFFFFFFFFFFFFFFFFFFFFFFFFFFFFFFFFFFFFFFFC0
S32508015200FFFFFFFFFFFFFFFFFFFFFFFFFFFFFFFFFFFFFFFFFFFFFFFFFFFFFFFFFFFFFFFF9F
S32508015220FFFFFFFFFFFFFFFFFFFFFFFFFFFFFFFFFFFFFFFFFFFFFFFFFFFFFFFFFFFFFFFF7F
S32508015240FFFFFFFFFFFFFFFFFFFFFFFFFFFFFFFFFFFFFFFFFFFFFFFFFFFFFFFFFFFFFFFF5F
S32508015260FFFFFFFFFFFFFFFFFFFFFFFFFFFFFFFFFFFFFFFFFFFFFFFFFFFFFFFFFFFFFFFF3F
S32508015280FFFFFFFFFFFFFFFFFFFFFFFFFFFFFFFFFFFFFFFFFFFFFFFFFFFFFFFFFFFFFFFF1F
S325080152A0FFFFFFFFFFFFFFFFFFFFFFFFFFFFFFFFFFFFFFFFFFFFFFFFFFFFFFFFFFFFFFFFFF
S325080152C0FFFFFFFFFFFFFFFFFFFFFFFFFFFFFFFFFFFFFFFFFFFFFFFFFFFFFFFFFFFFFFFFDF
S325080152E0FFFFFFFFFFFFFFFFFFFFFFFFFFFFFFFFFFFFFFFFFFFFFFFFFFFFFFFFFFFFFFFFBF
S32508015300FFFFFFFFFFFFFFFFFFFFFFFFFFFFFFFFFFFFFFFFFFFFFFFFFFFFFFFFFFFFFFFF9E
S32508015320FFFFFFFFFFFFFFFFFFFFFFFFFFFFFFFFFFFFFFFFFFFFFFFFFFFFFFFFFFFFFFFF7E
S32508015340FFFFFFFFFFFFFFFFFFFFFFFFFFFFFFFFFFFFFFFFFFFFFFFFFFFFFFFFFFFFFFFF5E
S32508015360FFFFFFFFFFFFFFFFFFFFFFFFFFFFFFFFFFFFFFFFFFFFFFFFFFFFFFFFFFFFFFFF3E
S32508015380FFFFFFFFFFFFFFFFFFFFFFFFFFFFFFFFFFFFFFFFFFFFFFFFFFFFFFFFFFFFFFFF1E
S325080153A0FFFFFFFFFFFFFFFFFFFFFFFFFFFFFFFFFFFFFFFFFFFFFFFFFFFFFFFFFFFFFFFFFE
S325080153C0FFFFFFFFFFFFFFFFFFFFFFFFFFFFFFFFFFFFFFFFFFFFFFFFFFFFFFFFFFFFFFFFDE
S325080153E0FFFFFFFFFFFFFFFFFFFFFFFFFFFFFFFFFFFFFFFFFFFFFFFFFFFFFFFFFFFFFFFFBE
S32508015400FFFFFFFFFFFFFFFFFFFFFFFFFFFFFFFFFFFFFFFFFFFFFFFFFFFFFFFFFFFFFFFF9D
S32508015420FFFFFFFFFFFFFFFFFFFFFFFFFFFFFFFFFFFFFFFFFFFFFFFFFFFFFFFFFFFFFFFF7D
S32508015440FFFFFFFFFFFFFFFFFFFFFFFFFFFFFFFFFFFFFFFFFFFFFFFFFFFFFFFFFFFFFFFF5D
S32508015460FFFFFFFFFFFFFFFFFFFFFFFFFFFFFFFFFFFFFFFFFFFFFFFFFFFFFFFFFFFFFFFF3D
S32508015480FFFFFFFFFFFFFFFFFFFFFFFFFFFFFFFFFFFFFFFFFFFFFFFFFFFFFFFFFFFFFFFF1D
S325080154A0FFFFFFFFFFFFFFFFFFFFFFFFFFFFFFFFFFFFFFFFFFFFFFFFFFFFFFFFFFFFFFFFFD
S325080154C0FFFFFFFFFFFFFFFFFFFFFFFFFFFFFFFFFFFFFFFFFFFFFFFFFFFFFFFFFFFFFFFFDD
S325080154E0FFFFFFFFFFFFFFFFFFFFFFFFFFFFFFFFFFFFFFFFFFFFFFFFFFFFFFFFFFFFFFFFBD
S32508015500FFFFFFFFFFFFFFFFFFFFFFFFFFFFFFFFFFFFFFFFFFFFFFFFFFFFFFFFFFFFFFFF9C
S32508015520FFFFFFFFFFFFFFFFFFFFFFFFFFFFFFFFFFFFFFFFFFFFFFFFFFFFFFFFFFFFFFFF7C
S32508015540FFFFFFFFFFFFFFFFFFFFFFFFFFFFFFFFFFFFFFFFFFFFFFFFFFFFFFFFFFFFFFFF5C
S32508015560FFFFFFFFFFFFFFFFFFFFFFFFFFFFFFFFFFFFFFFFFFFFFFFFFFFFFFFFFFFFFFFF3C
S32508015580FFFFFFFFFFFFFFFFFFFFFFFFFFFFFFFFFFFFFFFFFFFFFFFFFFFFFFFFFFFFFFFF1C
S325080155A0FFFFFFFFFFFFFFFFFFFFFFFFFFFFFFFFFFFFFFFFFFFFFFFFFFFFFFFFFFFFFFFFFC
S325080155C0FFFFFFFFFFFFFFFFFFFFFFFFFFFFFFFFFFFFFFFFFFFFFFFFFFFFFFFFFFFFFFFFDC
S325080155E0FFFFFFFFFFFFFFFFFFFFFFFFFFFFFFFFFFFFFFFFFFFFFFFFFFFFFFFFFFFFFFFFBC
S32508015600FFFFFFFFFFFFFFFFFFFFFFFFFFFFFFFFFFFFFFFFFFFFFFFFFFFFFFFFFFFFFFFF9B
S32508015620FFFFFFFFFFFFFFFFFFFFFFFFFFFFFFFFFFFFFFFFFFFFFFFFFFFFFFFFFFFFFFFF7B
S32508015640FFFFFFFFFFFFFFFFFFFFFFFFFFFFFFFFFFFFFFFFFFFFFFFFFFFFFFFFFFFFFFFF5B
S32508015660FFFFFFFFFFFFFFFFFFFFFFFFFFFFFFFFFFFFFFFFFFFFFFFFFFFFFFFFFFFFFFFF3B
S32508015680FFFFFFFFFFFFFFFFFFFFFFFFFFFFFFFFFFFFFFFFFFFFFFFFFFFFFFFFFFFFFFFF1B
S325080156A0FFFFFFFFFFFFFFFFFFFFFFFFFFFFFFFFFFFFFFFFFFFFFFFFFFFFFFFFFFFFFFFFFB
S325080156C0FFFFFFFFFFFFFFFFFFFFFFFFFFFFFFFFFFFFFFFFFFFFFFFFFFFFFFFFFFFFFFFFDB
S325080156E0FFFFFFFFFFFFFFFFFFFFFFFFFFFFFFFFFFFFFFFFFFFFFFFFFFFFFFFFFFFFFFFFBB
S32508015700FFFFFFFFFFFFFFFFFFFFFFFFFFFFFFFFFFFFFFFFFFFFFFFFFFFFFFFFFFFFFFFF9A
S32508015720FFFFFFFFFFFFFFFFFFFFFFFFFFFFFFFFFFFFFFFFFFFFFFFFFFFFFFFFFFFFFFFF7A
S32508015740FFFFFFFFFFFFFFFFFFFFFFFFFFFFFFFFFFFFFFFFFFFFFFFFFFFFFFFFFFFFFFFF5A
S32508015760FFFFFFFFFFFFFFFFFFFFFFFFFFFFFFFFFFFFFFFFFFFFFFFFFFFFFFFFFFFFFFFF3A
S32508015780FFFFFFFFFFFFFFFFFFFFFFFFFFFFFFFFFFFFFFFFFFFFFFFFFFFFFFFFFFFFFFFF1A
S325080157A0FFFFFFFFFFFFFFFFFFFFFFFFFFFFFFFFFFFFFFFFFFFFFFFFFFFFFFFFFFFFFFFFFA
S325080157C0FFFFFFFFFFFFFFFFFFFFFFFFFFFFFFFFFFFFFFFFFFFFFFFFFFFFFFFFFFFFFFFFDA
S325080157E0FFFFFFFFFFFFFFFFFFFFFFFFFFFFFFFFFFFFFFFFFFFFFFFFFFFFFFFFFFFFFFFFBA
S32508015800FFFFFFFFFFFFFFFFFFFFFFFFFFFFFFFFFFFFFFFFFFFFFFFFFFFFFFFFFFFFFFFF99
S32508015820FFFFFFFFFFFFFFFFFFFFFFFFFFFFFFFFFFFFFFFFFFFFFFFFFFFFFFFFFFFFFFFF79
S32508015840FFFFFFFFFFFFFFFFFFFFFFFFFFFFFFFFFFFFFFFFFFFFFFFFFFFFFFFFFFFFFFFF59
S32508015860FFFFFFFFFFFFFFFFFFFFFFFFFFFFFFFFFFFFFFFFFFFFFFFFFFFFFFFFFFFFFFFF39
S32508015880FFFFFFFFFFFFFFFFFFFFFFFFFFFFFFFFFFFFFFFFFFFFFFFFFFFFFFFFFFFFFFFF19
S325080158A0FFFFFFFFFFFFFFFFFFFFFFFFFFFFFFFFFFFFFFFFFFFFFFFFFFFFFFFFFFFFFFFFF9
S325080158C0FFFFFFFFFFFFFFFFFFFFFFFFFFFFFFFFFFFFFFFFFFFFFFFFFFFFFFFFFFFFFFFFD9
S325080158E0FFFFFFFFFFFFFFFFFFFFFFFFFFFFFFFFFFFFFFFFFFFFFFFFFFFFFFFFFFFFFFFFB9
S32508015900FFFFFFFFFFFFFFFFFFFFFFFFFFFFFFFFFFFFFFFFFFFFFFFFFFFFFFFFFFFFFFFF98
S32508015920FFFFFFFFFFFFFFFFFFFFFFFFFFFFFFFFFFFFFFFFFFFFFFFFFFFFFFFFFFFFFFFF78
S32508015940FFFFFFFFFFFFFFFFFFFFFFFFFFFFFFFFFFFFFFFFFFFFFFFFFFFFFFFFFFFFFFFF58
S32508015960FFFFFFFFFFFFFFFFFFFFFFFFFFFFFFFFFFFFFFFFFFFFFFFFFFFFFFFFFFFFFFFF38
S32508015980FFFFFFFFFFFFFFFFFFFFFFFFFFFFFFFFFFFFFFFFFFFFFFFFFFFFFFFFFFFFFFFF18
S325080159A0FFFFFFFFFFFFFFFFFFFFFFFFFFFFFFFFFFFFFFFFFFFFFFFFFFFFFFFFFFFFFFFFF8
S325080159C0FFFFFFFFFFFFFFFFFFFFFFFFFFFFFFFFFFFFFFFFFFFFFFFFFFFFFFFFFFFFFFFFD8
S325080159E0FFFFFFFFFFFFFFFFFFFFFFFFFFFFFFFFFFFFFFFFFFFFFFFFFFFFFFFFFFFFFFFFB8
S32508015A00FFFFFFFFFFFFFFFFFFFFFFFFFFFFFFFFFFFFFFFFFFFFFFFFFFFFFFFFFFFFFFFF97
S32508015A20FFFFFFFFFFFFFFFFFFFFFFFFFFFFFFFFFFFFFFFFFFFFFFFFFFFFFFFFFFFFFFFF77
S32508015A40FFFFFFFFFFFFFFFFFFFFFFFFFFFFFFFFFFFFFFFFFFFFFFFFFFFFFFFFFFFFFFFF57
S32508015A60FFFFFFFFFFFFFFFFFFFFFFFFFFFFFFFFFFFFFFFFFFFFFFFFFFFFFFFFFFFFFFFF37
S32508015A80FFFFFFFFFFFFFFFFFFFFFFFFFFFFFFFFFFFFFFFFFFFFFFFFFFFFFFFFFFFFFFFF17
S32508015AA0FFFFFFFFFFFFFFFFFFFFFFFFFFFFFFFFFFFFFFFFFFFFFFFFFFFFFFFFFFFFFFFFF7
S32508015AC0FFFFFFFFFFFFFFFFFFFFFFFFFFFFFFFFFFFFFFFFFFFFFFFFFFFFFFFFFFFFFFFFD7
S32508015AE0FFFFFFFFFFFFFFFFFFFFFFFFFFFFFFFFFFFFFFFFFFFFFFFFFFFFFFFFFFFFFFFFB7
S32508015B00FFFFFFFFFFFFFFFFFFFFFFFFFFFFFFFFFFFFFFFFFFFFFFFFFFFFFFFFFFFFFFFF96
S32508015B20FFFFFFFFFFFFFFFFFFFFFFFFFFFFFFFFFFFFFFFFFFFFFFFFFFFFFFFFFFFFFFFF76
S32508015B40FFFFFFFFFFFFFFFFFFFFFFFFFFFFFFFFFFFFFFFFFFFFFFFFFFFFFFFFFFFFFFFF56
S32508015B60FFFFFFFFFFFFFFFFFFFFFFFFFFFFFFFFFFFFFFFFFFFFFFFFFFFFFFFFFFFFFFFF36
S32508015B80FFFFFFFFFFFFFFFFFFFFFFFFFFFFFFFFFFFFFFFFFFFFFFFFFFFFFFFFFFFFFFFF16
S32508015BA0FFFFFFFFFFFFFFFFFFFFFFFFFFFFFFFFFFFFFFFFFFFFFFFFFFFFFFFFFFFFFFFFF6
S32508015BC0FFFFFFFFFFFFFFFFFFFFFFFFFFFFFFFFFFFFFFFFFFFFFFFFFFFFFFFFFFFFFFFFD6
S32508015BE0FFFFFFFFFFFFFFFFFFFFFFFFFFFFFFFFFFFFFFFFFFFFFFFFFFFFFFFFFFFFFFFFB6
S32508015C00FFFFFFFFFFFFFFFFFFFFFFFFFFFFFFFFFFFFFFFFFFFFFFFFFFFFFFFFFFFFFFFF95
S32508015C20FFFFFFFFFFFFFFFFFFFFFFFFFFFFFFFFFFFFFFFFFFFFFFFFFFFFFFFFFFFFFFFF75
S32508015C40FFFFFFFFFFFFFFFFFFFFFFFFFFFFFFFFFFFFFFFFFFFFFFFFFFFFFFFFFFFFFFFF55
S32508015C60FFFFFFFFFFFFFFFFFFFFFFFFFFFFFFFFFFFFFFFFFFFFFFFFFFFFFFFFFFFFFFFF35
S32508015C80FFFFFFFFFFFFFFFFFFFFFFFFFFFFFFFFFFFFFFFFFFFFFFFFFFFFFFFFFFFFFFFF15
S32508015CA0FFFFFFFFFFFFFFFFFFFFFFFFFFFFFFFFFFFFFFFFFFFFFFFFFFFFFFFFFFFFFFFFF5
S32508015CC0FFFFFFFFFFFFFFFFFFFFFFFFFFFFFFFFFFFFFFFFFFFFFFFFFFFFFFFFFFFFFFFFD5
S32508015CE0FFFFFFFFFFFFFFFFFFFFFFFFFFFFFFFFFFFFFFFFFFFFFFFFFFFFFFFFFFFFFFFFB5
S32508015D00FFFFFFFFFFFFFFFFFFFFFFFFFFFFFFFFFFFFFFFFFFFFFFFFFFFFFFFFFFFFFFFF94
S32508015D20FFFFFFFFFFFFFFFFFFFFFFFFFFFFFFFFFFFFFFFFFFFFFFFFFFFFFFFFFFFFFFFF74
S32508015D40FFFFFFFFFFFFFFFFFFFFFFFFFFFFFFFFFFFFFFFFFFFFFFFFFFFFFFFFFFFFFFFF54
S32508015D60FFFFFFFFFFFFFFFFFFFFFFFFFFFFFFFFFFFFFFFFFFFFFFFFFFFFFFFFFFFFFFFF34
S32508015D80FFFFFFFFFFFFFFFFFFFFFFFFFFFFFFFFFFFFFFFFFFFFFFFFFFFFFFFFFFFFFFFF14
S32508015DA0FFFFFFFFFFFFFFFFFFFFFFFFFFFFFFFFFFFFFFFFFFFFFFFFFFFFFFFFFFFFFFFFF4
S32508015DC0FFFFFFFFFFFFFFFFFFFFFFFFFFFFFFFFFFFFFFFFFFFFFFFFFFFFFFFFFFFFFFFFD4
S32508015DE0FFFFFFFFFFFFFFFFFFFFFFFFFFFFFFFFFFFFFFFFFFFFFFFFFFFFFFFFFFFFFFFFB4
S32508015E00FFFFFFFFFFFFFFFFFFFFFFFFFFFFFFFFFFFFFFFFFFFFFFFFFFFFFFFFFFFFFFFF93
S32508015E20FFFFFFFFFFFFFFFFFFFFFFFFFFFFFFFFFFFFFFFFFFFFFFFFFFFFFFFFFFFFFFFF73
S32508015E40FFFFFFFFFFFFFFFFFFFFFFFFFFFFFFFFFFFFFFFFFFFFFFFFFFFFFFFFFFFFFFFF53
S32508015E60FFFFFFFFFFFFFFFFFFFFFFFFFFFFFFFFFFFFFFFFFFFFFFFFFFFFFFFFFFFFFFFF33
S32508015E80FFFFFFFFFFFFFFFFFFFFFFFFFFFFFFFFFFFFFFFFFFFFFFFFFFFFFFFFFFFFFFFF13
S32508015EA0FFFFFFFFFFFFFFFFFFFFFFFFFFFFFFFFFFFFFFFFFFFFFFFFFFFFFFFFFFFFFFFFF3
S32508015EC0FFFFFFFFFFFFFFFFFFFFFFFFFFFFFFFFFFFFFFFFFFFFFFFFFFFFFFFFFFFFFFFFD3
S32508015EE0FFFFFFFFFFFFFFFFFFFFFFFFFFFFFFFFFFFFFFFFFFFFFFFFFFFFFFFFFFFFFFFFB3
S32508015F00FFFFFFFFFFFFFFFFFFFFFFFFFFFFFFFFFFFFFFFFFFFFFFFFFFFFFFFFFFFFFFFF92
S32508015F20FFFFFFFFFFFFFFFFFFFFFFFFFFFFFFFFFFFFFFFFFFFFFFFFFFFFFFFFFFFFFFFF72
S32508015F40FFFFFFFFFFFFFFFFFFFFFFFFFFFFFFFFFFFFFFFFFFFFFFFFFFFFFFFFFFFFFFFF52
S32508015F60FFFFFFFFFFFFFFFFFFFFFFFFFFFFFFFFFFFFFFFFFFFFFFFFFFFFFFFFFFFFFFFF32
S32508015F80FFFFFFFFFFFFFFFFFFFFFFFFFFFFFFFFFFFFFFFFFFFFFFFFFFFFFFFFFFFFFFFF12
S32508015FA0FFFFFFFFFFFFFFFFFFFFFFFFFFFFFFFFFFFFFFFFFFFFFFFFFFFFFFFFFFFFFFFFF2
S32508015FC0FFFFFFFFFFFFFFFFFFFFFFFFFFFFFFFFFFFFFFFFFFFFFFFFFFFFFFFFFFFFFFFFD2
S32508015FE0FFFFFFFFFFFFFFFFFFFFFFFFFFFFFFFFFFFFFFFFFFFFFFFFFFFFFFFFFFFFFFFFB2
S32508016000FFFFFFFFFFFFFFFFFFFFFFFFFFFFFFFFFFFFFFFFFFFFFFFFFFFFFFFFFFFFFFFF91
S32508016020FFFFFFFFFFFFFFFFFFFFFFFFFFFFFFFFFFFFFFFFFFFFFFFFFFFFFFFFFFFFFFFF71
S32508016040FFFFFFFFFFFFFFFFFFFFFFFFFFFFFFFFFFFFFFFFFFFFFFFFFFFFFFFFFFFFFFFF51
S32508016060FFFFFFFFFFFFFFFFFFFFFFFFFFFFFFFFFFFFFFFFFFFFFFFFFFFFFFFFFFFFFFFF31
S32508016080FFFFFFFFFFFFFFFFFFFFFFFFFFFFFFFFFFFFFFFFFFFFFFFFFFFFFFFFFFFFFFFF11
S325080160A0FFFFFFFFFFFFFFFFFFFFFFFFFFFFFFFFFFFFFFFFFFFFFFFFFFFFFFFFFFFFFFFFF1
S325080160C0FFFFFFFFFFFFFFFFFFFFFFFFFFFFFFFFFFFFFFFFFFFFFFFFFFFFFFFFFFFFFFFFD1
S325080160E0FFFFFFFFFFFFFFFFFFFFFFFFFFFFFFFFFFFFFFFFFFFFFFFFFFFFFFFFFFFFFFFFB1
S32508016100FFFFFFFFFFFFFFFFFFFFFFFFFFFFFFFFFFFFFFFFFFFFFFFFFFFFFFFFFFFFFFFF90
S32508016120FFFFFFFFFFFFFFFFFFFFFFFFFFFFFFFFFFFFFFFFFFFFFFFFFFFFFFFFFFFFFFFF70
S32508016140FFFFFFFFFFFFFFFFFFFFFFFFFFFFFFFFFFFFFFFFFFFFFFFFFFFFFFFFFFFFFFFF50
S32508016160FFFFFFFFFFFFFFFFFFFFFFFFFFFFFFFFFFFFFFFFFFFFFFFFFFFFFFFFFFFFFFFF30
S32508016180FFFFFFFFFFFFFFFFFFFFFFFFFFFFFFFFFFFFFFFFFFFFFFFFFFFFFFFFFFFFFFFF10
S325080161A0FFFFFFFFFFFFFFFFFFFFFFFFFFFFFFFFFFFFFFFFFFFFFFFFFFFFFFFFFFFFFFFFF0
S325080161C0FFFFFFFFFFFFFFFFFFFFFFFFFFFFFFFFFFFFFFFFFFFFFFFFFFFFFFFFFFFFFFFFD0
S325080161E0FFFFFFFFFFFFFFFFFFFFFFFFFFFFFFFFFFFFFFFFFFFFFFFFFFFFFFFFFFFFFFFFB0
S32508016200FFFFFFFFFFFFFFFFFFFFFFFFFFFFFFFFFFFFFFFFFFFFFFFFFFFFFFFFFFFFFFFF8F
S32508016220FFFFFFFFFFFFFFFFFFFFFFFFFFFFFFFFFFFFFFFFFFFFFFFFFFFFFFFFFFFFFFFF6F
S32508016240FFFFFFFFFFFFFFFFFFFFFFFFFFFFFFFFFFFFFFFFFFFFFFFFFFFFFFFFFFFFFFFF4F
S32508016260FFFFFFFFFFFFFFFFFFFFFFFFFFFFFFFFFFFFFFFFFFFFFFFFFFFFFFFFFFFFFFFF2F
S32508016280FFFFFFFFFFFFFFFFFFFFFFFFFFFFFFFFFFFFFFFFFFFFFFFFFFFFFFFFFFFFFFFF0F
S325080162A0FFFFFFFFFFFFFFFFFFFFFFFFFFFFFFFFFFFFFFFFFFFFFFFFFFFFFFFFFFFFFFFFEF
S325080162C0FFFFFFFFFFFFFFFFFFFFFFFFFFFFFFFFFFFFFFFFFFFFFFFFFFFFFFFFFFFFFFFFCF
S325080162E0FFFFFFFFFFFFFFFFFFFFFFFFFFFFFFFFFFFFFFFFFFFFFFFFFFFFFFFFFFFFFFFFAF
S32508016300FFFFFFFFFFFFFFFFFFFFFFFFFFFFFFFFFFFFFFFFFFFFFFFFFFFFFFFFFFFFFFFF8E
S32508016320FFFFFFFFFFFFFFFFFFFFFFFFFFFFFFFFFFFFFFFFFFFFFFFFFFFFFFFFFFFFFFFF6E
S32508016340FFFFFFFFFFFFFFFFFFFFFFFFFFFFFFFFFFFFFFFFFFFFFFFFFFFFFFFFFFFFFFFF4E
S32508016360FFFFFFFFFFFFFFFFFFFFFFFFFFFFFFFFFFFFFFFFFFFFFFFFFFFFFFFFFFFFFFFF2E
S32508016380FFFFFFFFFFFFFFFFFFFFFFFFFFFFFFFFFFFFFFFFFFFFFFFFFFFFFFFFFFFFFFFF0E
S325080163A0FFFFFFFFFFFFFFFFFFFFFFFFFFFFFFFFFFFFFFFFFFFFFFFFFFFFFFFFFFFFFFFFEE
S325080163C0FFFFFFFFFFFFFFFFFFFFFFFFFFFFFFFFFFFFFFFFFFFFFFFFFFFFFFFFFFFFFFFFCE
S325080163E0FFFFFFFFFFFFFFFFFFFFFFFFFFFFFFFFFFFFFFFFFFFFFFFFFFFFFFFFFFFFFFFFAE
S32508016400FFFFFFFFFFFFFFFFFFFFFFFFFFFFFFFFFFFFFFFFFFFFFFFFFFFFFFFFFFFFFFFF8D
S32508016420FFFFFFFFFFFFFFFFFFFFFFFFFFFFFFFFFFFFFFFFFFFFFFFFFFFFFFFFFFFFFFFF6D
S32508016440FFFFFFFFFFFFFFFFFFFFFFFFFFFFFFFFFFFFFFFFFFFFFFFFFFFFFFFFFFFFFFFF4D
S32508016460FFFFFFFFFFFFFFFFFFFFFFFFFFFFFFFFFFFFFFFFFFFFFFFFFFFFFFFFFFFFFFFF2D
S32508016480FFFFFFFFFFFFFFFFFFFFFFFFFFFFFFFFFFFFFFFFFFFFFFFFFFFFFFFFFFFFFFFF0D
S325080164A0FFFFFFFFFFFFFFFFFFFFFFFFFFFFFFFFFFFFFFFFFFFFFFFFFFFFFFFFFFFFFFFFED
S325080164C0FFFFFFFFFFFFFFFFFFFFFFFFFFFFFFFFFFFFFFFFFFFFFFFFFFFFFFFFFFFFFFFFCD
S325080164E0FFFFFFFFFFFFFFFFFFFFFFFFFFFFFFFFFFFFFFFFFFFFFFFFFFFFFFFFFFFFFFFFAD
S32508016500FFFFFFFFFFFFFFFFFFFFFFFFFFFFFFFFFFFFFFFFFFFFFFFFFFFFFFFFFFFFFFFF8C
S32508016520FFFFFFFFFFFFFFFFFFFFFFFFFFFFFFFFFFFFFFFFFFFFFFFFFFFFFFFFFFFFFFFF6C
S32508016540FFFFFFFFFFFFFFFFFFFFFFFFFFFFFFFFFFFFFFFFFFFFFFFFFFFFFFFFFFFFFFFF4C
S32508016560FFFFFFFFFFFFFFFFFFFFFFFFFFFFFFFFFFFFFFFFFFFFFFFFFFFFFFFFFFFFFFFF2C
S32508016580FFFFFFFFFFFFFFFFFFFFFFFFFFFFFFFFFFFFFFFFFFFFFFFFFFFFFFFFFFFFFFFF0C
S325080165A0FFFFFFFFFFFFFFFFFFFFFFFFFFFFFFFFFFFFFFFFFFFFFFFFFFFFFFFFFFFFFFFFEC
S325080165C0FFFFFFFFFFFFFFFFFFFFFFFFFFFFFFFFFFFFFFFFFFFFFFFFFFFFFFFFFFFFFFFFCC
S325080165E0FFFFFFFFFFFFFFFFFFFFFFFFFFFFFFFFFFFFFFFFFFFFFFFFFFFFFFFFFFFFFFFFAC
S32508016600FFFFFFFFFFFFFFFFFFFFFFFFFFFFFFFFFFFFFFFFFFFFFFFFFFFFFFFFFFFFFFFF8B
S32508016620FFFFFFFFFFFFFFFFFFFFFFFFFFFFFFFFFFFFFFFFFFFFFFFFFFFFFFFFFFFFFFFF6B
S32508016640FFFFFFFFFFFFFFFFFFFFFFFFFFFFFFFFFFFFFFFFFFFFFFFFFFFFFFFFFFFFFFFF4B
S32508016660FFFFFFFFFFFFFFFFFFFFFFFFFFFFFFFFFFFFFFFFFFFFFFFFFFFFFFFFFFFFFFFF2B
S32508016680FFFFFFFFFFFFFFFFFFFFFFFFFFFFFFFFFFFFFFFFFFFFFFFFFFFFFFFFFFFFFFFF0B
S325080166A0FFFFFFFFFFFFFFFFFFFFFFFFFFFFFFFFFFFFFFFFFFFFFFFFFFFFFFFFFFFFFFFFEB
S325080166C0FFFFFFFFFFFFFFFFFFFFFFFFFFFFFFFFFFFFFFFFFFFFFFFFFFFFFFFFFFFFFFFFCB
S325080166E0FFFFFFFFFFFFFFFFFFFFFFFFFFFFFFFFFFFFFFFFFFFFFFFFFFFFFFFFFFFFFFFFAB
S32508016700FFFFFFFFFFFFFFFFFFFFFFFFFFFFFFFFFFFFFFFFFFFFFFFFFFFFFFFFFFFFFFFF8A
S32508016720FFFFFFFFFFFFFFFFFFFFFFFFFFFFFFFFFFFFFFFFFFFFFFFFFFFFFFFFFFFFFFFF6A
S32508016740FFFFFFFFFFFFFFFFFFFFFFFFFFFFFFFFFFFFFFFFFFFFFFFFFFFFFFFFFFFFFFFF4A
S32508016760FFFFFFFFFFFFFFFFFFFFFFFFFFFFFFFFFFFFFFFFFFFFFFFFFFFFFFFFFFFFFFFF2A
S32508016780FFFFFFFFFFFFFFFFFFFFFFFFFFFFFFFFFFFFFFFFFFFFFFFFFFFFFFFFFFFFFFFF0A
S325080167A0FFFFFFFFFFFFFFFFFFFFFFFFFFFFFFFFFFFFFFFFFFFFFFFFFFFFFFFFFFFFFFFFEA
S325080167C0FFFFFFFFFFFFFFFFFFFFFFFFFFFFFFFFFFFFFFFFFFFFFFFFFFFFFFFFFFFFFFFFCA
S325080167E0FFFFFFFFFFFFFFFFFFFFFFFFFFFFFFFFFFFFFFFFFFFFFFFFFFFFFFFFFFFFFFFFAA
S32508016800FFFFFFFFFFFFFFFFFFFFFFFFFFFFFFFFFFFFFFFFFFFFFFFFFFFFFFFFFFFFFFFF89
S32508016820FFFFFFFFFFFFFFFFFFFFFFFFFFFFFFFFFFFFFFFFFFFFFFFFFFFFFFFFFFFFFFFF69
S32508016840FFFFFFFFFFFFFFFFFFFFFFFFFFFFFFFFFFFFFFFFFFFFFFFFFFFFFFFFFFFFFFFF49
S32508016860FFFFFFFFFFFFFFFFFFFFFFFFFFFFFFFFFFFFFFFFFFFFFFFFFFFFFFFFFFFFFFFF29
S32508016880FFFFFFFFFFFFFFFFFFFFFFFFFFFFFFFFFFFFFFFFFFFFFFFFFFFFFFFFFFFFFFFF09
S325080168A0FFFFFFFFFFFFFFFFFFFFFFFFFFFFFFFFFFFFFFFFFFFFFFFFFFFFFFFFFFFFFFFFE9
S325080168C0FFFFFFFFFFFFFFFFFFFFFFFFFFFFFFFFFFFFFFFFFFFFFFFFFFFFFFFFFFFFFFFFC9
S325080168E0FFFFFFFFFFFFFFFFFFFFFFFFFFFFFFFFFFFFFFFFFFFFFFFFFFFFFFFFFFFFFFFFA9
S32508016900FFFFFFFFFFFFFFFFFFFFFFFFFFFFFFFFFFFFFFFFFFFFFFFFFFFFFFFFFFFFFFFF88
S32508016920FFFFFFFFFFFFFFFFFFFFFFFFFFFFFFFFFFFFFFFFFFFFFFFFFFFFFFFFFFFFFFFF68
S32508016940FFFFFFFFFFFFFFFFFFFFFFFFFFFFFFFFFFFFFFFFFFFFFFFFFFFFFFFFFFFFFFFF48
S32508016960FFFFFFFFFFFFFFFFFFFFFFFFFFFFFFFFFFFFFFFFFFFFFFFFFFFFFFFFFFFFFFFF28
S32508016980FFFFFFFFFFFFFFFFFFFFFFFFFFFFFFFFFFFFFFFFFFFFFFFFFFFFFFFFFFFFFFFF08
S325080169A0FFFFFFFFFFFFFFFFFFFFFFFFFFFFFFFFFFFFFFFFFFFFFFFFFFFFFFFFFFFFFFFFE8
S325080169C0FFFFFFFFFFFFFFFFFFFFFFFFFFFFFFFFFFFFFFFFFFFFFFFFFFFFFFFFFFFFFFFFC8
S325080169E0FFFFFFFFFFFFFFFFFFFFFFFFFFFFFFFFFFFFFFFFFFFFFFFFFFFFFFFFFFFFFFFFA8
S32508016A00FFFFFFFFFFFFFFFFFFFFFFFFFFFFFFFFFFFFFFFFFFFFFFFFFFFFFFFFFFFFFFFF87
S32508016A20FFFFFFFFFFFFFFFFFFFFFFFFFFFFFFFFFFFFFFFFFFFFFFFFFFFFFFFFFFFFFFFF67
S32508016A40FFFFFFFFFFFFFFFFFFFFFFFFFFFFFFFFFFFFFFFFFFFFFFFFFFFFFFFFFFFFFFFF47
S32508016A60FFFFFFFFFFFFFFFFFFFFFFFFFFFFFFFFFFFFFFFFFFFFFFFFFFFFFFFFFFFFFFFF27
S32508016A80FFFFFFFFFFFFFFFFFFFFFFFFFFFFFFFFFFFFFFFFFFFFFFFFFFFFFFFFFFFFFFFF07
S32508016AA0FFFFFFFFFFFFFFFFFFFFFFFFFFFFFFFFFFFFFFFFFFFFFFFFFFFFFFFFFFFFFFFFE7
S32508016AC0FFFFFFFFFFFFFFFFFFFFFFFFFFFFFFFFFFFFFFFFFFFFFFFFFFFFFFFFFFFFFFFFC7
S32508016AE0FFFFFFFFFFFFFFFFFFFFFFFFFFFFFFFFFFFFFFFFFFFFFFFFFFFFFFFFFFFFFFFFA7
S32508016B00FFFFFFFFFFFFFFFFFFFFFFFFFFFFFFFFFFFFFFFFFFFFFFFFFFFFFFFFFFFFFFFF86
S32508016B20FFFFFFFFFFFFFFFFFFFFFFFFFFFFFFFFFFFFFFFFFFFFFFFFFFFFFFFFFFFFFFFF66
S32508016B40FFFFFFFFFFFFFFFFFFFFFFFFFFFFFFFFFFFFFFFFFFFFFFFFFFFFFFFFFFFFFFFF46
S32508016B60FFFFFFFFFFFFFFFFFFFFFFFFFFFFFFFFFFFFFFFFFFFFFFFFFFFFFFFFFFFFFFFF26
S32508016B80FFFFFFFFFFFFFFFFFFFFFFFFFFFFFFFFFFFFFFFFFFFFFFFFFFFFFFFFFFFFFFFF06
S32508016BA0FFFFFFFFFFFFFFFFFFFFFFFFFFFFFFFFFFFFFFFFFFFFFFFFFFFFFFFFFFFFFFFFE6
S32508016BC0FFFFFFFFFFFFFFFFFFFFFFFFFFFFFFFFFFFFFFFFFFFFFFFFFFFFFFFFFFFFFFFFC6
S32508016BE0FFFFFFFFFFFFFFFFFFFFFFFFFFFFFFFFFFFFFFFFFFFFFFFFFFFFFFFFFFFFFFFFA6
S32508016C00FFFFFFFFFFFFFFFFFFFFFFFFFFFFFFFFFFFFFFFFFFFFFFFFFFFFFFFFFFFFFFFF85
S32508016C20FFFFFFFFFFFFFFFFFFFFFFFFFFFFFFFFFFFFFFFFFFFFFFFFFFFFFFFFFFFFFFFF65
S32508016C40FFFFFFFFFFFFFFFFFFFFFFFFFFFFFFFFFFFFFFFFFFFFFFFFFFFFFFFFFFFFFFFF45
S32508016C60FFFFFFFFFFFFFFFFFFFFFFFFFFFFFFFFFFFFFFFFFFFFFFFFFFFFFFFFFFFFFFFF25
S32508016C80FFFFFFFFFFFFFFFFFFFFFFFFFFFFFFFFFFFFFFFFFFFFFFFFFFFFFFFFFFFFFFFF05
S32508016CA0FFFFFFFFFFFFFFFFFFFFFFFFFFFFFFFFFFFFFFFFFFFFFFFFFFFFFFFFFFFFFFFFE5
S32508016CC0FFFFFFFFFFFFFFFFFFFFFFFFFFFFFFFFFFFFFFFFFFFFFFFFFFFFFFFFFFFFFFFFC5
S32508016CE0FFFFFFFFFFFFFFFFFFFFFFFFFFFFFFFFFFFFFFFFFFFFFFFFFFFFFFFFFFFFFFFFA5
S32508016D00FFFFFFFFFFFFFFFFFFFFFFFFFFFFFFFFFFFFFFFFFFFFFFFFFFFFFFFFFFFFFFFF84
S32508016D20FFFFFFFFFFFFFFFFFFFFFFFFFFFFFFFFFFFFFFFFFFFFFFFFFFFFFFFFFFFFFFFF64
S32508016D40FFFFFFFFFFFFFFFFFFFFFFFFFFFFFFFFFFFFFFFFFFFFFFFFFFFFFFFFFFFFFFFF44
S32508016D60FFFFFFFFFFFFFFFFFFFFFFFFFFFFFFFFFFFFFFFFFFFFFFFFFFFFFFFFFFFFFFFF24
S32508016D80FFFFFFFFFFFFFFFFFFFFFFFFFFFFFFFFFFFFFFFFFFFFFFFFFFFFFFFFFFFFFFFF04
S32508016DA0FFFFFFFFFFFFFFFFFFFFFFFFFFFFFFFFFFFFFFFFFFFFFFFFFFFFFFFFFFFFFFFFE4
S32508016DC0FFFFFFFFFFFFFFFFFFFFFFFFFFFFFFFFFFFFFFFFFFFFFFFFFFFFFFFFFFFFFFFFC4
S32508016DE0FFFFFFFFFFFFFFFFFFFFFFFFFFFFFFFFFFFFFFFFFFFFFFFFFFFFFFFFFFFFFFFFA4
S32508016E00FFFFFFFFFFFFFFFFFFFFFFFFFFFFFFFFFFFFFFFFFFFFFFFFFFFFFFFFFFFFFFFF83
S32508016E20FFFFFFFFFFFFFFFFFFFFFFFFFFFFFFFFFFFFFFFFFFFFFFFFFFFFFFFFFFFFFFFF63
S32508016E40FFFFFFFFFFFFFFFFFFFFFFFFFFFFFFFFFFFFFFFFFFFFFFFFFFFFFFFFFFFFFFFF43
S32508016E60FFFFFFFFFFFFFFFFFFFFFFFFFFFFFFFFFFFFFFFFFFFFFFFFFFFFFFFFFFFFFFFF23
S32508016E80FFFFFFFFFFFFFFFFFFFFFFFFFFFFFFFFFFFFFFFFFFFFFFFFFFFFFFFFFFFFFFFF03
S32508016EA0FFFFFFFFFFFFFFFFFFFFFFFFFFFFFFFFFFFFFFFFFFFFFFFFFFFFFFFFFFFFFFFFE3
S32508016EC0FFFFFFFFFFFFFFFFFFFFFFFFFFFFFFFFFFFFFFFFFFFFFFFFFFFFFFFFFFFFFFFFC3
S32508016EE0FFFFFFFFFFFFFFFFFFFFFFFFFFFFFFFFFFFFFFFFFFFFFFFFFFFFFFFFFFFFFFFFA3
S32508016F00FFFFFFFFFFFFFFFFFFFFFFFFFFFFFFFFFFFFFFFFFFFFFFFFFFFFFFFFFFFFFFFF82
S32508016F20FFFFFFFFFFFFFFFFFFFFFFFFFFFFFFFFFFFFFFFFFFFFFFFFFFFFFFFFFFFFFFFF62
S32508016F40FFFFFFFFFFFFFFFFFFFFFFFFFFFFFFFFFFFFFFFFFFFFFFFFFFFFFFFFFFFFFFFF42
S32508016F60FFFFFFFFFFFFFFFFFFFFFFFFFFFFFFFFFFFFFFFFFFFFFFFFFFFFFFFFFFFFFFFF22
S32508016F80FFFFFFFFFFFFFFFFFFFFFFFFFFFFFFFFFFFFFFFFFFFFFFFFFFFFFFFFFFFFFFFF02
S32508016FA0FFFFFFFFFFFFFFFFFFFFFFFFFFFFFFFFFFFFFFFFFFFFFFFFFFFFFFFFFFFFFFFFE2
S32508016FC0FFFFFFFFFFFFFFFFFFFFFFFFFFFFFFFFFFFFFFFFFFFFFFFFFFFFFFFFFFFFFFFFC2
S32508016FE0FFFFFFFFFFFFFFFFFFFFFFFFFFFFFFFFFFFFFFFFFFFFFFFFFFFFFFFFFFFFFFFFA2
S32508017000FFFFFFFFFFFFFFFFFFFFFFFFFFFFFFFFFFFFFFFFFFFFFFFFFFFFFFFFFFFFFFFF81
S32508017020FFFFFFFFFFFFFFFFFFFFFFFFFFFFFFFFFFFFFFFFFFFFFFFFFFFFFFFFFFFFFFFF61
S32508017040FFFFFFFFFFFFFFFFFFFFFFFFFFFFFFFFFFFFFFFFFFFFFFFFFFFFFFFFFFFFFFFF41
S32508017060FFFFFFFFFFFFFFFFFFFFFFFFFFFFFFFFFFFFFFFFFFFFFFFFFFFFFFFFFFFFFFFF21
S32508017080FFFFFFFFFFFFFFFFFFFFFFFFFFFFFFFFFFFFFFFFFFFFFFFFFFFFFFFFFFFFFFFF01
S325080170A0FFFFFFFFFFFFFFFFFFFFFFFFFFFFFFFFFFFFFFFFFFFFFFFFFFFFFFFFFFFFFFFFE1
S325080170C0FFFFFFFFFFFFFFFFFFFFFFFFFFFFFFFFFFFFFFFFFFFFFFFFFFFFFFFFFFFFFFFFC1
S325080170E0FFFFFFFFFFFFFFFFFFFFFFFFFFFFFFFFFFFFFFFFFFFFFFFFFFFFFFFFFFFFFFFFA1
S32508017100FFFFFFFFFFFFFFFFFFFFFFFFFFFFFFFFFFFFFFFFFFFFFFFFFFFFFFFFFFFFFFFF80
S32508017120FFFFFFFFFFFFFFFFFFFFFFFFFFFFFFFFFFFFFFFFFFFFFFFFFFFFFFFFFFFFFFFF60
S32508017140FFFFFFFFFFFFFFFFFFFFFFFFFFFFFFFFFFFFFFFFFFFFFFFFFFFFFFFFFFFFFFFF40
S32508017160FFFFFFFFFFFFFFFFFFFFFFFFFFFFFFFFFFFFFFFFFFFFFFFFFFFFFFFFFFFFFFFF20
S32508017180FFFFFFFFFFFFFFFFFFFFFFFFFFFFFFFFFFFFFFFFFFFFFFFFFFFFFFFFFFFFFFFF00
S325080171A0FFFFFFFFFFFFFFFFFFFFFFFFFFFFFFFFFFFFFFFFFFFFFFFFFFFFFFFFFFFFFFFFE0
S325080171C0FFFFFFFFFFFFFFFFFFFFFFFFFFFFFFFFFFFFFFFFFFFFFFFFFFFFFFFFFFFFFFFFC0
S325080171E0FFFFFFFFFFFFFFFFFFFFFFFFFFFFFFFFFFFFFFFFFFFFFFFFFFFFFFFFFFFFFFFFA0
S32508017200FFFFFFFFFFFFFFFFFFFFFFFFFFFFFFFFFFFFFFFFFFFFFFFFFFFFFFFFFFFFFFFF7F
S32508017220FFFFFFFFFFFFFFFFFFFFFFFFFFFFFFFFFFFFFFFFFFFFFFFFFFFFFFFFFFFFFFFF5F
S32508017240FFFFFFFFFFFFFFFFFFFFFFFFFFFFFFFFFFFFFFFFFFFFFFFFFFFFFFFFFFFFFFFF3F
S32508017260FFFFFFFFFFFFFFFFFFFFFFFFFFFFFFFFFFFFFFFFFFFFFFFFFFFFFFFFFFFFFFFF1F
S32508017280FFFFFFFFFFFFFFFFFFFFFFFFFFFFFFFFFFFFFFFFFFFFFFFFFFFFFFFFFFFFFFFFFF
S325080172A0FFFFFFFFFFFFFFFFFFFFFFFFFFFFFFFFFFFFFFFFFFFFFFFFFFFFFFFFFFFFFFFFDF
S325080172C0FFFFFFFFFFFFFFFFFFFFFFFFFFFFFFFFFFFFFFFFFFFFFFFFFFFFFFFFFFFFFFFFBF
S325080172E0FFFFFFFFFFFFFFFFFFFFFFFFFFFFFFFFFFFFFFFFFFFFFFFFFFFFFFFFFFFFFFFF9F
S32508017300FFFFFFFFFFFFFFFFFFFFFFFFFFFFFFFFFFFFFFFFFFFFFFFFFFFFFFFFFFFFFFFF7E
S32508017320FFFFFFFFFFFFFFFFFFFFFFFFFFFFFFFFFFFFFFFFFFFFFFFFFFFFFFFFFFFFFFFF5E
S32508017340FFFFFFFFFFFFFFFFFFFFFFFFFFFFFFFFFFFFFFFFFFFFFFFFFFFFFFFFFFFFFFFF3E
S32508017360FFFFFFFFFFFFFFFFFFFFFFFFFFFFFFFFFFFFFFFFFFFFFFFFFFFFFFFFFFFFFFFF1E
S32508017380FFFFFFFFFFFFFFFFFFFFFFFFFFFFFFFFFFFFFFFFFFFFFFFFFFFFFFFFFFFFFFFFFE
S325080173A0FFFFFFFFFFFFFFFFFFFFFFFFFFFFFFFFFFFFFFFFFFFFFFFFFFFFFFFFFFFFFFFFDE
S325080173C0FFFFFFFFFFFFFFFFFFFFFFFFFFFFFFFFFFFFFFFFFFFFFFFFFFFFFFFFFFFFFFFFBE
S325080173E0FFFFFFFFFFFFFFFFFFFFFFFFFFFFFFFFFFFFFFFFFFFFFFFFFFFFFFFFFFFFFFFF9E
S32508017400FFFFFFFFFFFFFFFFFFFFFFFFFFFFFFFFFFFFFFFFFFFFFFFFFFFFFFFFFFFFFFFF7D
S32508017420FFFFFFFFFFFFFFFFFFFFFFFFFFFFFFFFFFFFFFFFFFFFFFFFFFFFFFFFFFFFFFFF5D
S32508017440FFFFFFFFFFFFFFFFFFFFFFFFFFFFFFFFFFFFFFFFFFFFFFFFFFFFFFFFFFFFFFFF3D
S32508017460FFFFFFFFFFFFFFFFFFFFFFFFFFFFFFFFFFFFFFFFFFFFFFFFFFFFFFFFFFFFFFFF1D
S32508017480FFFFFFFFFFFFFFFFFFFFFFFFFFFFFFFFFFFFFFFFFFFFFFFFFFFFFFFFFFFFFFFFFD
S325080174A0FFFFFFFFFFFFFFFFFFFFFFFFFFFFFFFFFFFFFFFFFFFFFFFFFFFFFFFFFFFFFFFFDD
S325080174C0FFFFFFFFFFFFFFFFFFFFFFFFFFFFFFFFFFFFFFFFFFFFFFFFFFFFFFFFFFFFFFFFBD
S325080174E0FFFFFFFFFFFFFFFFFFFFFFFFFFFFFFFFFFFFFFFFFFFFFFFFFFFFFFFFFFFFFFFF9D
S32508017500FFFFFFFFFFFFFFFFFFFFFFFFFFFFFFFFFFFFFFFFFFFFFFFFFFFFFFFFFFFFFFFF7C
S32508017520FFFFFFFFFFFFFFFFFFFFFFFFFFFFFFFFFFFFFFFFFFFFFFFFFFFFFFFFFFFFFFFF5C
S32508017540FFFFFFFFFFFFFFFFFFFFFFFFFFFFFFFFFFFFFFFFFFFFFFFFFFFFFFFFFFFFFFFF3C
S32508017560FFFFFFFFFFFFFFFFFFFFFFFFFFFFFFFFFFFFFFFFFFFFFFFFFFFFFFFFFFFFFFFF1C
S32508017580FFFFFFFFFFFFFFFFFFFFFFFFFFFFFFFFFFFFFFFFFFFFFFFFFFFFFFFFFFFFFFFFFC
S325080175A0FFFFFFFFFFFFFFFFFFFFFFFFFFFFFFFFFFFFFFFFFFFFFFFFFFFFFFFFFFFFFFFFDC
S325080175C0FFFFFFFFFFFFFFFFFFFFFFFFFFFFFFFFFFFFFFFFFFFFFFFFFFFFFFFFFFFFFFFFBC
S325080175E0FFFFFFFFFFFFFFFFFFFFFFFFFFFFFFFFFFFFFFFFFFFFFFFFFFFFFFFFFFFFFFFF9C
S32508017600FFFFFFFFFFFFFFFFFFFFFFFFFFFFFFFFFFFFFFFFFFFFFFFFFFFFFFFFFFFFFFFF7B
S32508017620FFFFFFFFFFFFFFFFFFFFFFFFFFFFFFFFFFFFFFFFFFFFFFFFFFFFFFFFFFFFFFFF5B
S32508017640FFFFFFFFFFFFFFFFFFFFFFFFFFFFFFFFFFFFFFFFFFFFFFFFFFFFFFFFFFFFFFFF3B
S32508017660FFFFFFFFFFFFFFFFFFFFFFFFFFFFFFFFFFFFFFFFFFFFFFFFFFFFFFFFFFFFFFFF1B
S32508017680FFFFFFFFFFFFFFFFFFFFFFFFFFFFFFFFFFFFFFFFFFFFFFFFFFFFFFFFFFFFFFFFFB
S325080176A0FFFFFFFFFFFFFFFFFFFFFFFFFFFFFFFFFFFFFFFFFFFFFFFFFFFFFFFFFFFFFFFFDB
S325080176C0FFFFFFFFFFFFFFFFFFFFFFFFFFFFFFFFFFFFFFFFFFFFFFFFFFFFFFFFFFFFFFFFBB
S325080176E0FFFFFFFFFFFFFFFFFFFFFFFFFFFFFFFFFFFFFFFFFFFFFFFFFFFFFFFFFFFFFFFF9B
S32508017700FFFFFFFFFFFFFFFFFFFFFFFFFFFFFFFFFFFFFFFFFFFFFFFFFFFFFFFFFFFFFFFF7A
S32508017720FFFFFFFFFFFFFFFFFFFFFFFFFFFFFFFFFFFFFFFFFFFFFFFFFFFFFFFFFFFFFFFF5A
S32508017740FFFFFFFFFFFFFFFFFFFFFFFFFFFFFFFFFFFFFFFFFFFFFFFFFFFFFFFFFFFFFFFF3A
S32508017760FFFFFFFFFFFFFFFFFFFFFFFFFFFFFFFFFFFFFFFFFFFFFFFFFFFFFFFFFFFFFFFF1A
S32508017780FFFFFFFFFFFFFFFFFFFFFFFFFFFFFFFFFFFFFFFFFFFFFFFFFFFFFFFFFFFFFFFFFA
S325080177A0FFFFFFFFFFFFFFFFFFFFFFFFFFFFFFFFFFFFFFFFFFFFFFFFFFFFFFFFFFFFFFFFDA
S325080177C0FFFFFFFFFFFFFFFFFFFFFFFFFFFFFFFFFFFFFFFFFFFFFFFFFFFFFFFFFFFFFFFFBA
S325080177E0FFFFFFFFFFFFFFFFFFFFFFFFFFFFFFFFFFFFFFFFFFFFFFFFFFFFFFFFFFFFFFFF9A
S32508017800FFFFFFFFFFFFFFFFFFFFFFFFFFFFFFFFFFFFFFFFFFFFFFFFFFFFFFFFFFFFFFFF79
S32508017820FFFFFFFFFFFFFFFFFFFFFFFFFFFFFFFFFFFFFFFFFFFFFFFFFFFFFFFFFFFFFFFF59
S32508017840FFFFFFFFFFFFFFFFFFFFFFFFFFFFFFFFFFFFFFFFFFFFFFFFFFFFFFFFFFFFFFFF39
S32508017860FFFFFFFFFFFFFFFFFFFFFFFFFFFFFFFFFFFFFFFFFFFFFFFFFFFFFFFFFFFFFFFF19
S32508017880FFFFFFFFFFFFFFFFFFFFFFFFFFFFFFFFFFFFFFFFFFFFFFFFFFFFFFFFFFFFFFFFF9
S325080178A0FFFFFFFFFFFFFFFFFFFFFFFFFFFFFFFFFFFFFFFFFFFFFFFFFFFFFFFFFFFFFFFFD9
S325080178C0FFFFFFFFFFFFFFFFFFFFFFFFFFFFFFFFFFFFFFFFFFFFFFFFFFFFFFFFFFFFFFFFB9
S325080178E0FFFFFFFFFFFFFFFFFFFFFFFFFFFFFFFFFFFFFFFFFFFFFFFFFFFFFFFFFFFFFFFF99
S32508017900FFFFFFFFFFFFFFFFFFFFFFFFFFFFFFFFFFFFFFFFFFFFFFFFFFFFFFFFFFFFFFFF78
S32508017920FFFFFFFFFFFFFFFFFFFFFFFFFFFFFFFFFFFFFFFFFFFFFFFFFFFFFFFFFFFFFFFF58
S32508017940FFFFFFFFFFFFFFFFFFFFFFFFFFFFFFFFFFFFFFFFFFFFFFFFFFFFFFFFFFFFFFFF38
S32508017960FFFFFFFFFFFFFFFFFFFFFFFFFFFFFFFFFFFFFFFFFFFFFFFFFFFFFFFFFFFFFFFF18
S32508017980FFFFFFFFFFFFFFFFFFFFFFFFFFFFFFFFFFFFFFFFFFFFFFFFFFFFFFFFFFFFFFFFF8
S325080179A0FFFFFFFFFFFFFFFFFFFFFFFFFFFFFFFFFFFFFFFFFFFFFFFFFFFFFFFFFFFFFFFFD8
S325080179C0FFFFFFFFFFFFFFFFFFFFFFFFFFFFFFFFFFFFFFFFFFFFFFFFFFFFFFFFFFFFFFFFB8
S325080179E0FFFFFFFFFFFFFFFFFFFFFFFFFFFFFFFFFFFFFFFFFFFFFFFFFFFFFFFFFFFFFFFF98
S32508017A00FFFFFFFFFFFFFFFFFFFFFFFFFFFFFFFFFFFFFFFFFFFFFFFFFFFFFFFFFFFFFFFF77
S32508017A20FFFFFFFFFFFFFFFFFFFFFFFFFFFFFFFFFFFFFFFFFFFFFFFFFFFFFFFFFFFFFFFF57
S32508017A40FFFFFFFFFFFFFFFFFFFFFFFFFFFFFFFFFFFFFFFFFFFFFFFFFFFFFFFFFFFFFFFF37
S32508017A60FFFFFFFFFFFFFFFFFFFFFFFFFFFFFFFFFFFFFFFFFFFFFFFFFFFFFFFFFFFFFFFF17
S32508017A80FFFFFFFFFFFFFFFFFFFFFFFFFFFFFFFFFFFFFFFFFFFFFFFFFFFFFFFFFFFFFFFFF7
S32508017AA0FFFFFFFFFFFFFFFFFFFFFFFFFFFFFFFFFFFFFFFFFFFFFFFFFFFFFFFFFFFFFFFFD7
S32508017AC0FFFFFFFFFFFFFFFFFFFFFFFFFFFFFFFFFFFFFFFFFFFFFFFFFFFFFFFFFFFFFFFFB7
S32508017AE0FFFFFFFFFFFFFFFFFFFFFFFFFFFFFFFFFFFFFFFFFFFFFFFFFFFFFFFFFFFFFFFF97
S32508017B00FFFFFFFFFFFFFFFFFFFFFFFFFFFFFFFFFFFFFFFFFFFFFFFFFFFFFFFFFFFFFFFF76
S32508017B20FFFFFFFFFFFFFFFFFFFFFFFFFFFFFFFFFFFFFFFFFFFFFFFFFFFFFFFFFFFFFFFF56
S32508017B40FFFFFFFFFFFFFFFFFFFFFFFFFFFFFFFFFFFFFFFFFFFFFFFFFFFFFFFFFFFFFFFF36
S32508017B60FFFFFFFFFFFFFFFFFFFFFFFFFFFFFFFFFFFFFFFFFFFFFFFFFFFFFFFFFFFFFFFF16
S32508017B80FFFFFFFFFFFFFFFFFFFFFFFFFFFFFFFFFFFFFFFFFFFFFFFFFFFFFFFFFFFFFFFFF6
S32508017BA0FFFFFFFFFFFFFFFFFFFFFFFFFFFFFFFFFFFFFFFFFFFFFFFFFFFFFFFFFFFFFFFFD6
S32508017BC0FFFFFFFFFFFFFFFFFFFFFFFFFFFFFFFFFFFFFFFFFFFFFFFFFFFFFFFFFFFFFFFFB6
S32508017BE0FFFFFFFFFFFFFFFFFFFFFFFFFFFFFFFFFFFFFFFFFFFFFFFFFFFFFFFFFFFFFFFF96
S32508017C00FFFFFFFFFFFFFFFFFFFFFFFFFFFFFFFFFFFFFFFFFFFFFFFFFFFFFFFFFFFFFFFF75
S32508017C20FFFFFFFFFFFFFFFFFFFFFFFFFFFFFFFFFFFFFFFFFFFFFFFFFFFFFFFFFFFFFFFF55
S32508017C40FFFFFFFFFFFFFFFFFFFFFFFFFFFFFFFFFFFFFFFFFFFFFFFFFFFFFFFFFFFFFFFF35
S32508017C60FFFFFFFFFFFFFFFFFFFFFFFFFFFFFFFFFFFFFFFFFFFFFFFFFFFFFFFFFFFFFFFF15
S32508017C80FFFFFFFFFFFFFFFFFFFFFFFFFFFFFFFFFFFFFFFFFFFFFFFFFFFFFFFFFFFFFFFFF5
S32508017CA0FFFFFFFFFFFFFFFFFFFFFFFFFFFFFFFFFFFFFFFFFFFFFFFFFFFFFFFFFFFFFFFFD5
S32508017CC0FFFFFFFFFFFFFFFFFFFFFFFFFFFFFFFFFFFFFFFFFFFFFFFFFFFFFFFFFFFFFFFFB5
S32508017CE0FFFFFFFFFFFFFFFFFFFFFFFFFFFFFFFFFFFFFFFFFFFFFFFFFFFFFFFFFFFFFFFF95
S32508017D00FFFFFFFFFFFFFFFFFFFFFFFFFFFFFFFFFFFFFFFFFFFFFFFFFFFFFFFFFFFFFFFF74
S32508017D20FFFFFFFFFFFFFFFFFFFFFFFFFFFFFFFFFFFFFFFFFFFFFFFFFFFFFFFFFFFFFFFF54
S32508017D40FFFFFFFFFFFFFFFFFFFFFFFFFFFFFFFFFFFFFFFFFFFFFFFFFFFFFFFFFFFFFFFF34
S32508017D60FFFFFFFFFFFFFFFFFFFFFFFFFFFFFFFFFFFFFFFFFFFFFFFFFFFFFFFFFFFFFFFF14
S32508017D80FFFFFFFFFFFFFFFFFFFFFFFFFFFFFFFFFFFFFFFFFFFFFFFFFFFFFFFFFFFFFFFFF4
S32508017DA0FFFFFFFFFFFFFFFFFFFFFFFFFFFFFFFFFFFFFFFFFFFFFFFFFFFFFFFFFFFFFFFFD4
S32508017DC0FFFFFFFFFFFFFFFFFFFFFFFFFFFFFFFFFFFFFFFFFFFFFFFFFFFFFFFFFFFFFFFFB4
S32508017DE0FFFFFFFFFFFFFFFFFFFFFFFFFFFFFFFFFFFFFFFFFFFFFFFFFFFFFFFFFFFFFFFF94
S32508017E00FFFFFFFFFFFFFFFFFFFFFFFFFFFFFFFFFFFFFFFFFFFFFFFFFFFFFFFFFFFFFFFF73
S32508017E20FFFFFFFFFFFFFFFFFFFFFFFFFFFFFFFFFFFFFFFFFFFFFFFFFFFFFFFFFFFFFFFF53
S32508017E40FFFFFFFFFFFFFFFFFFFFFFFFFFFFFFFFFFFFFFFFFFFFFFFFFFFFFFFFFFFFFFFF33
S32508017E60FFFFFFFFFFFFFFFFFFFFFFFFFFFFFFFFFFFFFFFFFFFFFFFFFFFFFFFFFFFFFFFF13
S32508017E80FFFFFFFFFFFFFFFFFFFFFFFFFFFFFFFFFFFFFFFFFFFFFFFFFFFFFFFFFFFFFFFFF3
S32508017EA0FFFFFFFFFFFFFFFFFFFFFFFFFFFFFFFFFFFFFFFFFFFFFFFFFFFFFFFFFFFFFFFFD3
S32508017EC0FFFFFFFFFFFFFFFFFFFFFFFFFFFFFFFFFFFFFFFFFFFFFFFFFFFFFFFFFFFFFFFFB3
S32508017EE0FFFFFFFFFFFFFFFFFFFFFFFFFFFFFFFFFFFFFFFFFFFFFFFFFFFFFFFFFFFFFFFF93
S32508017F00FFFFFFFFFFFFFFFFFFFFFFFFFFFFFFFFFFFFFFFFFFFFFFFFFFFFFFFFFFFFFFFF72
S32508017F20FFFFFFFFFFFFFFFFFFFFFFFFFFFFFFFFFFFFFFFFFFFFFFFFFFFFFFFFFFFFFFFF52
S32508017F40FFFFFFFFFFFFFFFFFFFFFFFFFFFFFFFFFFFFFFFFFFFFFFFFFFFFFFFFFFFFFFFF32
S32508017F60FFFFFFFFFFFFFFFFFFFFFFFFFFFFFFFFFFFFFFFFFFFFFFFFFFFFFFFFFFFFFFFF12
S32508017F80FFFFFFFFFFFFFFFFFFFFFFFFFFFFFFFFFFFFFFFFFFFFFFFFFFFFFFFFFFFFFFFFF2
S32508017FA0FFFFFFFFFFFFFFFFFFFFFFFFFFFFFFFFFFFFFFFFFFFFFFFFFFFFFFFFFFFFFFFFD2
S32508017FC0FFFFFFFFFFFFFFFFFFFFFFFFFFFFFFFFFFFFFFFFFFFFFFFFFFFFFFFFFFFFFFFFB2
S32508017FE0FFFFFFFFFFFFFFFFFFFFFFFFFFFFFFFFFFFFFFFFFFFFFFFFFFFFFFFFFFFFFFFF92
S32508018000FFFFFFFFFFFFFFFFFFFFFFFFFFFFFFFFFFFFFFFFFFFFFFFFFFFFFFFFFFFFFFFF71
S32508018020FFFFFFFFFFFFFFFFFFFFFFFFFFFFFFFFFFFFFFFFFFFFFFFFFFFFFFFFFFFFFFFF51
S32508018040FFFFFFFFFFFFFFFFFFFFFFFFFFFFFFFFFFFFFFFFFFFFFFFFFFFFFFFFFFFFFFFF31
S32508018060FFFFFFFFFFFFFFFFFFFFFFFFFFFFFFFFFFFFFFFFFFFFFFFFFFFFFFFFFFFFFFFF11
S32508018080FFFFFFFFFFFFFFFFFFFFFFFFFFFFFFFFFFFFFFFFFFFFFFFFFFFFFFFFFFFFFFFFF1
S325080180A0FFFFFFFFFFFFFFFFFFFFFFFFFFFFFFFFFFFFFFFFFFFFFFFFFFFFFFFFFFFFFFFFD1
S325080180C0FFFFFFFFFFFFFFFFFFFFFFFFFFFFFFFFFFFFFFFFFFFFFFFFFFFFFFFFFFFFFFFFB1
S325080180E0FFFFFFFFFFFFFFFFFFFFFFFFFFFFFFFFFFFFFFFFFFFFFFFFFFFFFFFFFFFFFFFF91
S32508018100FFFFFFFFFFFFFFFFFFFFFFFFFFFFFFFFFFFFFFFFFFFFFFFFFFFFFFFFFFFFFFFF70
S32508018120FFFFFFFFFFFFFFFFFFFFFFFFFFFFFFFFFFFFFFFFFFFFFFFFFFFFFFFFFFFFFFFF50
S32508018140FFFFFFFFFFFFFFFFFFFFFFFFFFFFFFFFFFFFFFFFFFFFFFFFFFFFFFFFFFFFFFFF30
S32508018160FFFFFFFFFFFFFFFFFFFFFFFFFFFFFFFFFFFFFFFFFFFFFFFFFFFFFFFFFFFFFFFF10
S32508018180FFFFFFFFFFFFFFFFFFFFFFFFFFFFFFFFFFFFFFFFFFFFFFFFFFFFFFFFFFFFFFFFF0
S325080181A0FFFFFFFFFFFFFFFFFFFFFFFFFFFFFFFFFFFFFFFFFFFFFFFFFFFFFFFFFFFFFFFFD0
S325080181C0FFFFFFFFFFFFFFFFFFFFFFFFFFFFFFFFFFFFFFFFFFFFFFFFFFFFFFFFFFFFFFFFB0
S325080181E0FFFFFFFFFFFFFFFFFFFFFFFFFFFFFFFFFFFFFFFFFFFFFFFFFFFFFFFFFFFFFFFF90
S32508018200FFFFFFFFFFFFFFFFFFFFFFFFFFFFFFFFFFFFFFFFFFFFFFFFFFFFFFFFFFFFFFFF6F
S32508018220FFFFFFFFFFFFFFFFFFFFFFFFFFFFFFFFFFFFFFFFFFFFFFFFFFFFFFFFFFFFFFFF4F
S32508018240FFFFFFFFFFFFFFFFFFFFFFFFFFFFFFFFFFFFFFFFFFFFFFFFFFFFFFFFFFFFFFFF2F
S32508018260FFFFFFFFFFFFFFFFFFFFFFFFFFFFFFFFFFFFFFFFFFFFFFFFFFFFFFFFFFFFFFFF0F
S32508018280FFFFFFFFFFFFFFFFFFFFFFFFFFFFFFFFFFFFFFFFFFFFFFFFFFFFFFFFFFFFFFFFEF
S325080182A0FFFFFFFFFFFFFFFFFFFFFFFFFFFFFFFFFFFFFFFFFFFFFFFFFFFFFFFFFFFFFFFFCF
S325080182C0FFFFFFFFFFFFFFFFFFFFFFFFFFFFFFFFFFFFFFFFFFFFFFFFFFFFFFFFFFFFFFFFAF
S325080182E0FFFFFFFFFFFFFFFFFFFFFFFFFFFFFFFFFFFFFFFFFFFFFFFFFFFFFFFFFFFFFFFF8F
S32508018300FFFFFFFFFFFFFFFFFFFFFFFFFFFFFFFFFFFFFFFFFFFFFFFFFFFFFFFFFFFFFFFF6E
S32508018320FFFFFFFFFFFFFFFFFFFFFFFFFFFFFFFFFFFFFFFFFFFFFFFFFFFFFFFFFFFFFFFF4E
S32508018340FFFFFFFFFFFFFFFFFFFFFFFFFFFFFFFFFFFFFFFFFFFFFFFFFFFFFFFFFFFFFFFF2E
S32508018360FFFFFFFFFFFFFFFFFFFFFFFFFFFFFFFFFFFFFFFFFFFFFFFFFFFFFFFFFFFFFFFF0E
S32508018380FFFFFFFFFFFFFFFFFFFFFFFFFFFFFFFFFFFFFFFFFFFFFFFFFFFFFFFFFFFFFFFFEE
S325080183A0FFFFFFFFFFFFFFFFFFFFFFFFFFFFFFFFFFFFFFFFFFFFFFFFFFFFFFFFFFFFFFFFCE
S325080183C0FFFFFFFFFFFFFFFFFFFFFFFFFFFFFFFFFFFFFFFFFFFFFFFFFFFFFFFFFFFFFFFFAE
S325080183E0FFFFFFFFFFFFFFFFFFFFFFFFFFFFFFFFFFFFFFFFFFFFFFFFFFFFFFFFFFFFFFFF8E
S32508018400FFFFFFFFFFFFFFFFFFFFFFFFFFFFFFFFFFFFFFFFFFFFFFFFFFFFFFFFFFFFFFFF6D
S32508018420FFFFFFFFFFFFFFFFFFFFFFFFFFFFFFFFFFFFFFFFFFFFFFFFFFFFFFFFFFFFFFFF4D
S32508018440FFFFFFFFFFFFFFFFFFFFFFFFFFFFFFFFFFFFFFFFFFFFFFFFFFFFFFFFFFFFFFFF2D
S32508018460FFFFFFFFFFFFFFFFFFFFFFFFFFFFFFFFFFFFFFFFFFFFFFFFFFFFFFFFFFFFFFFF0D
S32508018480FFFFFFFFFFFFFFFFFFFFFFFFFFFFFFFFFFFFFFFFFFFFFFFFFFFFFFFFFFFFFFFFED
S325080184A0FFFFFFFFFFFFFFFFFFFFFFFFFFFFFFFFFFFFFFFFFFFFFFFFFFFFFFFFFFFFFFFFCD
S325080184C0FFFFFFFFFFFFFFFFFFFFFFFFFFFFFFFFFFFFFFFFFFFFFFFFFFFFFFFFFFFFFFFFAD
S325080184E0FFFFFFFFFFFFFFFFFFFFFFFFFFFFFFFFFFFFFFFFFFFFFFFFFFFFFFFFFFFFFFFF8D
S32508018500FFFFFFFFFFFFFFFFFFFFFFFFFFFFFFFFFFFFFFFFFFFFFFFFFFFFFFFFFFFFFFFF6C
S32508018520FFFFFFFFFFFFFFFFFFFFFFFFFFFFFFFFFFFFFFFFFFFFFFFFFFFFFFFFFFFFFFFF4C
S32508018540FFFFFFFFFFFFFFFFFFFFFFFFFFFFFFFFFFFFFFFFFFFFFFFFFFFFFFFFFFFFFFFF2C
S32508018560FFFFFFFFFFFFFFFFFFFFFFFFFFFFFFFFFFFFFFFFFFFFFFFFFFFFFFFFFFFFFFFF0C
S32508018580FFFFFFFFFFFFFFFFFFFFFFFFFFFFFFFFFFFFFFFFFFFFFFFFFFFFFFFFFFFFFFFFEC
S325080185A0FFFFFFFFFFFFFFFFFFFFFFFFFFFFFFFFFFFFFFFFFFFFFFFFFFFFFFFFFFFFFFFFCC
S325080185C0FFFFFFFFFFFFFFFFFFFFFFFFFFFFFFFFFFFFFFFFFFFFFFFFFFFFFFFFFFFFFFFFAC
S325080185E0FFFFFFFFFFFFFFFFFFFFFFFFFFFFFFFFFFFFFFFFFFFFFFFFFFFFFFFFFFFFFFFF8C
S32508018600FFFFFFFFFFFFFFFFFFFFFFFFFFFFFFFFFFFFFFFFFFFFFFFFFFFFFFFFFFFFFFFF6B
S32508018620FFFFFFFFFFFFFFFFFFFFFFFFFFFFFFFFFFFFFFFFFFFFFFFFFFFFFFFFFFFFFFFF4B
S32508018640FFFFFFFFFFFFFFFFFFFFFFFFFFFFFFFFFFFFFFFFFFFFFFFFFFFFFFFFFFFFFFFF2B
S32508018660FFFFFFFFFFFFFFFFFFFFFFFFFFFFFFFFFFFFFFFFFFFFFFFFFFFFFFFFFFFFFFFF0B
S32508018680FFFFFFFFFFFFFFFFFFFFFFFFFFFFFFFFFFFFFFFFFFFFFFFFFFFFFFFFFFFFFFFFEB
S325080186A0FFFFFFFFFFFFFFFFFFFFFFFFFFFFFFFFFFFFFFFFFFFFFFFFFFFFFFFFFFFFFFFFCB
S325080186C0FFFFFFFFFFFFFFFFFFFFFFFFFFFFFFFFFFFFFFFFFFFFFFFFFFFFFFFFFFFFFFFFAB
S325080186E0FFFFFFFFFFFFFFFFFFFFFFFFFFFFFFFFFFFFFFFFFFFFFFFFFFFFFFFFFFFFFFFF8B
S32508018700FFFFFFFFFFFFFFFFFFFFFFFFFFFFFFFFFFFFFFFFFFFFFFFFFFFFFFFFFFFFFFFF6A
S32508018720FFFFFFFFFFFFFFFFFFFFFFFFFFFFFFFFFFFFFFFFFFFFFFFFFFFFFFFFFFFFFFFF4A
S32508018740FFFFFFFFFFFFFFFFFFFFFFFFFFFFFFFFFFFFFFFFFFFFFFFFFFFFFFFFFFFFFFFF2A
S32508018760FFFFFFFFFFFFFFFFFFFFFFFFFFFFFFFFFFFFFFFFFFFFFFFFFFFFFFFFFFFFFFFF0A
S32508018780FFFFFFFFFFFFFFFFFFFFFFFFFFFFFFFFFFFFFFFFFFFFFFFFFFFFFFFFFFFFFFFFEA
S325080187A0FFFFFFFFFFFFFFFFFFFFFFFFFFFFFFFFFFFFFFFFFFFFFFFFFFFFFFFFFFFFFFFFCA
S325080187C0FFFFFFFFFFFFFFFFFFFFFFFFFFFFFFFFFFFFFFFFFFFFFFFFFFFFFFFFFFFFFFFFAA
S325080187E0FFFFFFFFFFFFFFFFFFFFFFFFFFFFFFFFFFFFFFFFFFFFFFFFFFFFFFFFFFFFFFFF8A
S32508018800FFFFFFFFFFFFFFFFFFFFFFFFFFFFFFFFFFFFFFFFFFFFFFFFFFFFFFFFFFFFFFFF69
S32508018820FFFFFFFFFFFFFFFFFFFFFFFFFFFFFFFFFFFFFFFFFFFFFFFFFFFFFFFFFFFFFFFF49
S32508018840FFFFFFFFFFFFFFFFFFFFFFFFFFFFFFFFFFFFFFFFFFFFFFFFFFFFFFFFFFFFFFFF29
S32508018860FFFFFFFFFFFFFFFFFFFFFFFFFFFFFFFFFFFFFFFFFFFFFFFFFFFFFFFFFFFFFFFF09
S32508018880FFFFFFFFFFFFFFFFFFFFFFFFFFFFFFFFFFFFFFFFFFFFFFFFFFFFFFFFFFFFFFFFE9
S325080188A0FFFFFFFFFFFFFFFFFFFFFFFFFFFFFFFFFFFFFFFFFFFFFFFFFFFFFFFFFFFFFFFFC9
S325080188C0FFFFFFFFFFFFFFFFFFFFFFFFFFFFFFFFFFFFFFFFFFFFFFFFFFFFFFFFFFFFFFFFA9
S325080188E0FFFFFFFFFFFFFFFFFFFFFFFFFFFFFFFFFFFFFFFFFFFFFFFFFFFFFFFFFFFFFFFF89
S32508018900FFFFFFFFFFFFFFFFFFFFFFFFFFFFFFFFFFFFFFFFFFFFFFFFFFFFFFFFFFFFFFFF68
S32508018920FFFFFFFFFFFFFFFFFFFFFFFFFFFFFFFFFFFFFFFFFFFFFFFFFFFFFFFFFFFFFFFF48
S32508018940FFFFFFFFFFFFFFFFFFFFFFFFFFFFFFFFFFFFFFFFFFFFFFFFFFFFFFFFFFFFFFFF28
S32508018960FFFFFFFFFFFFFFFFFFFFFFFFFFFFFFFFFFFFFFFFFFFFFFFFFFFFFFFFFFFFFFFF08
S32508018980FFFFFFFFFFFFFFFFFFFFFFFFFFFFFFFFFFFFFFFFFFFFFFFFFFFFFFFFFFFFFFFFE8
S325080189A0FFFFFFFFFFFFFFFFFFFFFFFFFFFFFFFFFFFFFFFFFFFFFFFFFFFFFFFFFFFFFFFFC8
S325080189C0FFFFFFFFFFFFFFFFFFFFFFFFFFFFFFFFFFFFFFFFFFFFFFFFFFFFFFFFFFFFFFFFA8
S325080189E0FFFFFFFFFFFFFFFFFFFFFFFFFFFFFFFFFFFFFFFFFFFFFFFFFFFFFFFFFFFFFFFF88
S32508018A00FFFFFFFFFFFFFFFFFFFFFFFFFFFFFFFFFFFFFFFFFFFFFFFFFFFFFFFFFFFFFFFF67
S32508018A20FFFFFFFFFFFFFFFFFFFFFFFFFFFFFFFFFFFFFFFFFFFFFFFFFFFFFFFFFFFFFFFF47
S32508018A40FFFFFFFFFFFFFFFFFFFFFFFFFFFFFFFFFFFFFFFFFFFFFFFFFFFFFFFFFFFFFFFF27
S32508018A60FFFFFFFFFFFFFFFFFFFFFFFFFFFFFFFFFFFFFFFFFFFFFFFFFFFFFFFFFFFFFFFF07
S32508018A80FFFFFFFFFFFFFFFFFFFFFFFFFFFFFFFFFFFFFFFFFFFFFFFFFFFFFFFFFFFFFFFFE7
S32508018AA0FFFFFFFFFFFFFFFFFFFFFFFFFFFFFFFFFFFFFFFFFFFFFFFFFFFFFFFFFFFFFFFFC7
S32508018AC0FFFFFFFFFFFFFFFFFFFFFFFFFFFFFFFFFFFFFFFFFFFFFFFFFFFFFFFFFFFFFFFFA7
S32508018AE0FFFFFFFFFFFFFFFFFFFFFFFFFFFFFFFFFFFFFFFFFFFFFFFFFFFFFFFFFFFFFFFF87
S32508018B00FFFFFFFFFFFFFFFFFFFFFFFFFFFFFFFFFFFFFFFFFFFFFFFFFFFFFFFFFFFFFFFF66
S32508018B20FFFFFFFFFFFFFFFFFFFFFFFFFFFFFFFFFFFFFFFFFFFFFFFFFFFFFFFFFFFFFFFF46
S32508018B40FFFFFFFFFFFFFFFFFFFFFFFFFFFFFFFFFFFFFFFFFFFFFFFFFFFFFFFFFFFFFFFF26
S32508018B60FFFFFFFFFFFFFFFFFFFFFFFFFFFFFFFFFFFFFFFFFFFFFFFFFFFFFFFFFFFFFFFF06
S32508018B80FFFFFFFFFFFFFFFFFFFFFFFFFFFFFFFFFFFFFFFFFFFFFFFFFFFFFFFFFFFFFFFFE6
S32508018BA0FFFFFFFFFFFFFFFFFFFFFFFFFFFFFFFFFFFFFFFFFFFFFFFFFFFFFFFFFFFFFFFFC6
S32508018BC0FFFFFFFFFFFFFFFFFFFFFFFFFFFFFFFFFFFFFFFFFFFFFFFFFFFFFFFFFFFFFFFFA6
S32508018BE0FFFFFFFFFFFFFFFFFFFFFFFFFFFFFFFFFFFFFFFFFFFFFFFFFFFFFFFFFFFFFFFF86
S32508018C00FFFFFFFFFFFFFFFFFFFFFFFFFFFFFFFFFFFFFFFFFFFFFFFFFFFFFFFFFFFFFFFF65
S32508018C20FFFFFFFFFFFFFFFFFFFFFFFFFFFFFFFFFFFFFFFFFFFFFFFFFFFFFFFFFFFFFFFF45
S32508018C40FFFFFFFFFFFFFFFFFFFFFFFFFFFFFFFFFFFFFFFFFFFFFFFFFFFFFFFFFFFFFFFF25
S32508018C60FFFFFFFFFFFFFFFFFFFFFFFFFFFFFFFFFFFFFFFFFFFFFFFFFFFFFFFFFFFFFFFF05
S32508018C80FFFFFFFFFFFFFFFFFFFFFFFFFFFFFFFFFFFFFFFFFFFFFFFFFFFFFFFFFFFFFFFFE5
S32508018CA0FFFFFFFFFFFFFFFFFFFFFFFFFFFFFFFFFFFFFFFFFFFFFFFFFFFFFFFFFFFFFFFFC5
S32508018CC0FFFFFFFFFFFFFFFFFFFFFFFFFFFFFFFFFFFFFFFFFFFFFFFFFFFFFFFFFFFFFFFFA5
S32508018CE0FFFFFFFFFFFFFFFFFFFFFFFFFFFFFFFFFFFFFFFFFFFFFFFFFFFFFFFFFFFFFFFF85
S32508018D00FFFFFFFFFFFFFFFFFFFFFFFFFFFFFFFFFFFFFFFFFFFFFFFFFFFFFFFFFFFFFFFF64
S32508018D20FFFFFFFFFFFFFFFFFFFFFFFFFFFFFFFFFFFFFFFFFFFFFFFFFFFFFFFFFFFFFFFF44
S32508018D40FFFFFFFFFFFFFFFFFFFFFFFFFFFFFFFFFFFFFFFFFFFFFFFFFFFFFFFFFFFFFFFF24
S32508018D60FFFFFFFFFFFFFFFFFFFFFFFFFFFFFFFFFFFFFFFFFFFFFFFFFFFFFFFFFFFFFFFF04
S32508018D80FFFFFFFFFFFFFFFFFFFFFFFFFFFFFFFFFFFFFFFFFFFFFFFFFFFFFFFFFFFFFFFFE4
S32508018DA0FFFFFFFFFFFFFFFFFFFFFFFFFFFFFFFFFFFFFFFFFFFFFFFFFFFFFFFFFFFFFFFFC4
S32508018DC0FFFFFFFFFFFFFFFFFFFFFFFFFFFFFFFFFFFFFFFFFFFFFFFFFFFFFFFFFFFFFFFFA4
S32508018DE0FFFFFFFFFFFFFFFFFFFFFFFFFFFFFFFFFFFFFFFFFFFFFFFFFFFFFFFFFFFFFFFF84
S32508018E00FFFFFFFFFFFFFFFFFFFFFFFFFFFFFFFFFFFFFFFFFFFFFFFFFFFFFFFFFFFFFFFF63
S32508018E20FFFFFFFFFFFFFFFFFFFFFFFFFFFFFFFFFFFFFFFFFFFFFFFFFFFFFFFFFFFFFFFF43
S32508018E40FFFFFFFFFFFFFFFFFFFFFFFFFFFFFFFFFFFFFFFFFFFFFFFFFFFFFFFFFFFFFFFF23
S32508018E60FFFFFFFFFFFFFFFFFFFFFFFFFFFFFFFFFFFFFFFFFFFFFFFFFFFFFFFFFFFFFFFF03
S32508018E80FFFFFFFFFFFFFFFFFFFFFFFFFFFFFFFFFFFFFFFFFFFFFFFFFFFFFFFFFFFFFFFFE3
S32508018EA0FFFFFFFFFFFFFFFFFFFFFFFFFFFFFFFFFFFFFFFFFFFFFFFFFFFFFFFFFFFFFFFFC3
S32508018EC0FFFFFFFFFFFFFFFFFFFFFFFFFFFFFFFFFFFFFFFFFFFFFFFFFFFFFFFFFFFFFFFFA3
S32508018EE0FFFFFFFFFFFFFFFFFFFFFFFFFFFFFFFFFFFFFFFFFFFFFFFFFFFFFFFFFFFFFFFF83
S32508018F00FFFFFFFFFFFFFFFFFFFFFFFFFFFFFFFFFFFFFFFFFFFFFFFFFFFFFFFFFFFFFFFF62
S32508018F20FFFFFFFFFFFFFFFFFFFFFFFFFFFFFFFFFFFFFFFFFFFFFFFFFFFFFFFFFFFFFFFF42
S32508018F40FFFFFFFFFFFFFFFFFFFFFFFFFFFFFFFFFFFFFFFFFFFFFFFFFFFFFFFFFFFFFFFF22
S32508018F60FFFFFFFFFFFFFFFFFFFFFFFFFFFFFFFFFFFFFFFFFFFFFFFFFFFFFFFFFFFFFFFF02
S32508018F80FFFFFFFFFFFFFFFFFFFFFFFFFFFFFFFFFFFFFFFFFFFFFFFFFFFFFFFFFFFFFFFFE2
S32508018FA0FFFFFFFFFFFFFFFFFFFFFFFFFFFFFFFFFFFFFFFFFFFFFFFFFFFFFFFFFFFFFFFFC2
S32508018FC0FFFFFFFFFFFFFFFFFFFFFFFFFFFFFFFFFFFFFFFFFFFFFFFFFFFFFFFFFFFFFFFFA2
S32508018FE0FFFFFFFFFFFFFFFFFFFFFFFFFFFFFFFFFFFFFFFFFFFFFFFFFFFFFFFFFFFFFFFF82
S32508019000FFFFFFFFFFFFFFFFFFFFFFFFFFFFFFFFFFFFFFFFFFFFFFFFFFFFFFFFFFFFFFFF61
S32508019020FFFFFFFFFFFFFFFFFFFFFFFFFFFFFFFFFFFFFFFFFFFFFFFFFFFFFFFFFFFFFFFF41
S32508019040FFFFFFFFFFFFFFFFFFFFFFFFFFFFFFFFFFFFFFFFFFFFFFFFFFFFFFFFFFFFFFFF21
S32508019060FFFFFFFFFFFFFFFFFFFFFFFFFFFFFFFFFFFFFFFFFFFFFFFFFFFFFFFFFFFFFFFF01
S32508019080FFFFFFFFFFFFFFFFFFFFFFFFFFFFFFFFFFFFFFFFFFFFFFFFFFFFFFFFFFFFFFFFE1
S325080190A0FFFFFFFFFFFFFFFFFFFFFFFFFFFFFFFFFFFFFFFFFFFFFFFFFFFFFFFFFFFFFFFFC1
S325080190C0FFFFFFFFFFFFFFFFFFFFFFFFFFFFFFFFFFFFFFFFFFFFFFFFFFFFFFFFFFFFFFFFA1
S325080190E0FFFFFFFFFFFFFFFFFFFFFFFFFFFFFFFFFFFFFFFFFFFFFFFFFFFFFFFFFFFFFFFF81
S32508019100FFFFFFFFFFFFFFFFFFFFFFFFFFFFFFFFFFFFFFFFFFFFFFFFFFFFFFFFFFFFFFFF60
S32508019120FFFFFFFFFFFFFFFFFFFFFFFFFFFFFFFFFFFFFFFFFFFFFFFFFFFFFFFFFFFFFFFF40
S32508019140FFFFFFFFFFFFFFFFFFFFFFFFFFFFFFFFFFFFFFFFFFFFFFFFFFFFFFFFFFFFFFFF20
S32508019160FFFFFFFFFFFFFFFFFFFFFFFFFFFFFFFFFFFFFFFFFFFFFFFFFFFFFFFFFFFFFFFF00
S32508019180FFFFFFFFFFFFFFFFFFFFFFFFFFFFFFFFFFFFFFFFFFFFFFFFFFFFFFFFFFFFFFFFE0
S325080191A0FFFFFFFFFFFFFFFFFFFFFFFFFFFFFFFFFFFFFFFFFFFFFFFFFFFFFFFFFFFFFFFFC0
S325080191C0FFFFFFFFFFFFFFFFFFFFFFFFFFFFFFFFFFFFFFFFFFFFFFFFFFFFFFFFFFFFFFFFA0
S325080191E0FFFFFFFFFFFFFFFFFFFFFFFFFFFFFFFFFFFFFFFFFFFFFFFFFFFFFFFFFFFFFFFF80
S32508019200FFFFFFFFFFFFFFFFFFFFFFFFFFFFFFFFFFFFFFFFFFFFFFFFFFFFFFFFFFFFFFFF5F
S32508019220FFFFFFFFFFFFFFFFFFFFFFFFFFFFFFFFFFFFFFFFFFFFFFFFFFFFFFFFFFFFFFFF3F
S32508019240FFFFFFFFFFFFFFFFFFFFFFFFFFFFFFFFFFFFFFFFFFFFFFFFFFFFFFFFFFFFFFFF1F
S32508019260FFFFFFFFFFFFFFFFFFFFFFFFFFFFFFFFFFFFFFFFFFFFFFFFFFFFFFFFFFFFFFFFFF
S32508019280FFFFFFFFFFFFFFFFFFFFFFFFFFFFFFFFFFFFFFFFFFFFFFFFFFFFFFFFFFFFFFFFDF
S325080192A0FFFFFFFFFFFFFFFFFFFFFFFFFFFFFFFFFFFFFFFFFFFFFFFFFFFFFFFFFFFFFFFFBF
S325080192C0FFFFFFFFFFFFFFFFFFFFFFFFFFFFFFFFFFFFFFFFFFFFFFFFFFFFFFFFFFFFFFFF9F
S325080192E0FFFFFFFFFFFFFFFFFFFFFFFFFFFFFFFFFFFFFFFFFFFFFFFFFFFFFFFFFFFFFFFF7F
S32508019300FFFFFFFFFFFFFFFFFFFFFFFFFFFFFFFFFFFFFFFFFFFFFFFFFFFFFFFFFFFFFFFF5E
S32508019320FFFFFFFFFFFFFFFFFFFFFFFFFFFFFFFFFFFFFFFFFFFFFFFFFFFFFFFFFFFFFFFF3E
S32508019340FFFFFFFFFFFFFFFFFFFFFFFFFFFFFFFFFFFFFFFFFFFFFFFFFFFFFFFFFFFFFFFF1E
S32508019360FFFFFFFFFFFFFFFFFFFFFFFFFFFFFFFFFFFFFFFFFFFFFFFFFFFFFFFFFFFFFFFFFE
S32508019380FFFFFFFFFFFFFFFFFFFFFFFFFFFFFFFFFFFFFFFFFFFFFFFFFFFFFFFFFFFFFFFFDE
S325080193A0FFFFFFFFFFFFFFFFFFFFFFFFFFFFFFFFFFFFFFFFFFFFFFFFFFFFFFFFFFFFFFFFBE
S325080193C0FFFFFFFFFFFFFFFFFFFFFFFFFFFFFFFFFFFFFFFFFFFFFFFFFFFFFFFFFFFFFFFF9E
S325080193E0FFFFFFFFFFFFFFFFFFFFFFFFFFFFFFFFFFFFFFFFFFFFFFFFFFFFFFFFFFFFFFFF7E
S32508019400FFFFFFFFFFFFFFFFFFFFFFFFFFFFFFFFFFFFFFFFFFFFFFFFFFFFFFFFFFFFFFFF5D
S32508019420FFFFFFFFFFFFFFFFFFFFFFFFFFFFFFFFFFFFFFFFFFFFFFFFFFFFFFFFFFFFFFFF3D
S32508019440FFFFFFFFFFFFFFFFFFFFFFFFFFFFFFFFFFFFFFFFFFFFFFFFFFFFFFFFFFFFFFFF1D
S32508019460FFFFFFFFFFFFFFFFFFFFFFFFFFFFFFFFFFFFFFFFFFFFFFFFFFFFFFFFFFFFFFFFFD
S32508019480FFFFFFFFFFFFFFFFFFFFFFFFFFFFFFFFFFFFFFFFFFFFFFFFFFFFFFFFFFFFFFFFDD
S325080194A0FFFFFFFFFFFFFFFFFFFFFFFFFFFFFFFFFFFFFFFFFFFFFFFFFFFFFFFFFFFFFFFFBD
S325080194C0FFFFFFFFFFFFFFFFFFFFFFFFFFFFFFFFFFFFFFFFFFFFFFFFFFFFFFFFFFFFFFFF9D
S325080194E0FFFFFFFFFFFFFFFFFFFFFFFFFFFFFFFFFFFFFFFFFFFFFFFFFFFFFFFFFFFFFFFF7D
S32508019500FFFFFFFFFFFFFFFFFFFFFFFFFFFFFFFFFFFFFFFFFFFFFFFFFFFFFFFFFFFFFFFF5C
S32508019520FFFFFFFFFFFFFFFFFFFFFFFFFFFFFFFFFFFFFFFFFFFFFFFFFFFFFFFFFFFFFFFF3C
S32508019540FFFFFFFFFFFFFFFFFFFFFFFFFFFFFFFFFFFFFFFFFFFFFFFFFFFFFFFFFFFFFFFF1C
S32508019560FFFFFFFFFFFFFFFFFFFFFFFFFFFFFFFFFFFFFFFFFFFFFFFFFFFFFFFFFFFFFFFFFC
S32508019580FFFFFFFFFFFFFFFFFFFFFFFFFFFFFFFFFFFFFFFFFFFFFFFFFFFFFFFFFFFFFFFFDC
S325080195A0FFFFFFFFFFFFFFFFFFFFFFFFFFFFFFFFFFFFFFFFFFFFFFFFFFFFFFFFFFFFFFFFBC
S325080195C0FFFFFFFFFFFFFFFFFFFFFFFFFFFFFFFFFFFFFFFFFFFFFFFFFFFFFFFFFFFFFFFF9C
S325080195E0FFFFFFFFFFFFFFFFFFFFFFFFFFFFFFFFFFFFFFFFFFFFFFFFFFFFFFFFFFFFFFFF7C
S32508019600FFFFFFFFFFFFFFFFFFFFFFFFFFFFFFFFFFFFFFFFFFFFFFFFFFFFFFFFFFFFFFFF5B
S32508019620FFFFFFFFFFFFFFFFFFFFFFFFFFFFFFFFFFFFFFFFFFFFFFFFFFFFFFFFFFFFFFFF3B
S32508019640FFFFFFFFFFFFFFFFFFFFFFFFFFFFFFFFFFFFFFFFFFFFFFFFFFFFFFFFFFFFFFFF1B
S32508019660FFFFFFFFFFFFFFFFFFFFFFFFFFFFFFFFFFFFFFFFFFFFFFFFFFFFFFFFFFFFFFFFFB
S32508019680FFFFFFFFFFFFFFFFFFFFFFFFFFFFFFFFFFFFFFFFFFFFFFFFFFFFFFFFFFFFFFFFDB
S325080196A0FFFFFFFFFFFFFFFFFFFFFFFFFFFFFFFFFFFFFFFFFFFFFFFFFFFFFFFFFFFFFFFFBB
S325080196C0FFFFFFFFFFFFFFFFFFFFFFFFFFFFFFFFFFFFFFFFFFFFFFFFFFFFFFFFFFFFFFFF9B
S325080196E0FFFFFFFFFFFFFFFFFFFFFFFFFFFFFFFFFFFFFFFFFFFFFFFFFFFFFFFFFFFFFFFF7B
S32508019700FFFFFFFFFFFFFFFFFFFFFFFFFFFFFFFFFFFFFFFFFFFFFFFFFFFFFFFFFFFFFFFF5A
S32508019720FFFFFFFFFFFFFFFFFFFFFFFFFFFFFFFFFFFFFFFFFFFFFFFFFFFFFFFFFFFFFFFF3A
S32508019740FFFFFFFFFFFFFFFFFFFFFFFFFFFFFFFFFFFFFFFFFFFFFFFFFFFFFFFFFFFFFFFF1A
S32508019760FFFFFFFFFFFFFFFFFFFFFFFFFFFFFFFFFFFFFFFFFFFFFFFFFFFFFFFFFFFFFFFFFA
S32508019780FFFFFFFFFFFFFFFFFFFFFFFFFFFFFFFFFFFFFFFFFFFFFFFFFFFFFFFFFFFFFFFFDA
S325080197A0FFFFFFFFFFFFFFFFFFFFFFFFFFFFFFFFFFFFFFFFFFFFFFFFFFFFFFFFFFFFFFFFBA
S325080197C0FFFFFFFFFFFFFFFFFFFFFFFFFFFFFFFFFFFFFFFFFFFFFFFFFFFFFFFFFFFFFFFF9A
S325080197E0FFFFFFFFFFFFFFFFFFFFFFFFFFFFFFFFFFFFFFFFFFFFFFFFFFFFFFFFFFFFFFFF7A
S32508019800FFFFFFFFFFFFFFFFFFFFFFFFFFFFFFFFFFFFFFFFFFFFFFFFFFFFFFFFFFFFFFFF59
S32508019820FFFFFFFFFFFFFFFFFFFFFFFFFFFFFFFFFFFFFFFFFFFFFFFFFFFFFFFFFFFFFFFF39
S32508019840FFFFFFFFFFFFFFFFFFFFFFFFFFFFFFFFFFFFFFFFFFFFFFFFFFFFFFFFFFFFFFFF19
S32508019860FFFFFFFFFFFFFFFFFFFFFFFFFFFFFFFFFFFFFFFFFFFFFFFFFFFFFFFFFFFFFFFFF9
S32508019880FFFFFFFFFFFFFFFFFFFFFFFFFFFFFFFFFFFFFFFFFFFFFFFFFFFFFFFFFFFFFFFFD9
S325080198A0FFFFFFFFFFFFFFFFFFFFFFFFFFFFFFFFFFFFFFFFFFFFFFFFFFFFFFFFFFFFFFFFB9
S325080198C0FFFFFFFFFFFFFFFFFFFFFFFFFFFFFFFFFFFFFFFFFFFFFFFFFFFFFFFFFFFFFFFF99
S325080198E0FFFFFFFFFFFFFFFFFFFFFFFFFFFFFFFFFFFFFFFFFFFFFFFFFFFFFFFFFFFFFFFF79
S32508019900FFFFFFFFFFFFFFFFFFFFFFFFFFFFFFFFFFFFFFFFFFFFFFFFFFFFFFFFFFFFFFFF58
S32508019920FFFFFFFFFFFFFFFFFFFFFFFFFFFFFFFFFFFFFFFFFFFFFFFFFFFFFFFFFFFFFFFF38
S32508019940FFFFFFFFFFFFFFFFFFFFFFFFFFFFFFFFFFFFFFFFFFFFFFFFFFFFFFFFFFFFFFFF18
S32508019960FFFFFFFFFFFFFFFFFFFFFFFFFFFFFFFFFFFFFFFFFFFFFFFFFFFFFFFFFFFFFFFFF8
S32508019980FFFFFFFFFFFFFFFFFFFFFFFFFFFFFFFFFFFFFFFFFFFFFFFFFFFFFFFFFFFFFFFFD8
S325080199A0FFFFFFFFFFFFFFFFFFFFFFFFFFFFFFFFFFFFFFFFFFFFFFFFFFFFFFFFFFFFFFFFB8
S325080199C0FFFFFFFFFFFFFFFFFFFFFFFFFFFFFFFFFFFFFFFFFFFFFFFFFFFFFFFFFFFFFFFF98
S325080199E0FFFFFFFFFFFFFFFFFFFFFFFFFFFFFFFFFFFFFFFFFFFFFFFFFFFFFFFFFFFFFFFF78
S32508019A00FFFFFFFFFFFFFFFFFFFFFFFFFFFFFFFFFFFFFFFFFFFFFFFFFFFFFFFFFFFFFFFF57
S32508019A20FFFFFFFFFFFFFFFFFFFFFFFFFFFFFFFFFFFFFFFFFFFFFFFFFFFFFFFFFFFFFFFF37
S32508019A40FFFFFFFFFFFFFFFFFFFFFFFFFFFFFFFFFFFFFFFFFFFFFFFFFFFFFFFFFFFFFFFF17
S32508019A60FFFFFFFFFFFFFFFFFFFFFFFFFFFFFFFFFFFFFFFFFFFFFFFFFFFFFFFFFFFFFFFFF7
S32508019A80FFFFFFFFFFFFFFFFFFFFFFFFFFFFFFFFFFFFFFFFFFFFFFFFFFFFFFFFFFFFFFFFD7
S32508019AA0FFFFFFFFFFFFFFFFFFFFFFFFFFFFFFFFFFFFFFFFFFFFFFFFFFFFFFFFFFFFFFFFB7
S32508019AC0FFFFFFFFFFFFFFFFFFFFFFFFFFFFFFFFFFFFFFFFFFFFFFFFFFFFFFFFFFFFFFFF97
S32508019AE0FFFFFFFFFFFFFFFFFFFFFFFFFFFFFFFFFFFFFFFFFFFFFFFFFFFFFFFFFFFFFFFF77
S32508019B00FFFFFFFFFFFFFFFFFFFFFFFFFFFFFFFFFFFFFFFFFFFFFFFFFFFFFFFFFFFFFFFF56
S32508019B20FFFFFFFFFFFFFFFFFFFFFFFFFFFFFFFFFFFFFFFFFFFFFFFFFFFFFFFFFFFFFFFF36
S32508019B40FFFFFFFFFFFFFFFFFFFFFFFFFFFFFFFFFFFFFFFFFFFFFFFFFFFFFFFFFFFFFFFF16
S32508019B60FFFFFFFFFFFFFFFFFFFFFFFFFFFFFFFFFFFFFFFFFFFFFFFFFFFFFFFFFFFFFFFFF6
S32508019B80FFFFFFFFFFFFFFFFFFFFFFFFFFFFFFFFFFFFFFFFFFFFFFFFFFFFFFFFFFFFFFFFD6
S32508019BA0FFFFFFFFFFFFFFFFFFFFFFFFFFFFFFFFFFFFFFFFFFFFFFFFFFFFFFFFFFFFFFFFB6
S32508019BC0FFFFFFFFFFFFFFFFFFFFFFFFFFFFFFFFFFFFFFFFFFFFFFFFFFFFFFFFFFFFFFFF96
S32508019BE0FFFFFFFFFFFFFFFFFFFFFFFFFFFFFFFFFFFFFFFFFFFFFFFFFFFFFFFFFFFFFFFF76
S32508019C00FFFFFFFFFFFFFFFFFFFFFFFFFFFFFFFFFFFFFFFFFFFFFFFFFFFFFFFFFFFFFFFF55
S32508019C20FFFFFFFFFFFFFFFFFFFFFFFFFFFFFFFFFFFFFFFFFFFFFFFFFFFFFFFFFFFFFFFF35
S32508019C40FFFFFFFFFFFFFFFFFFFFFFFFFFFFFFFFFFFFFFFFFFFFFFFFFFFFFFFFFFFFFFFF15
S32508019C60FFFFFFFFFFFFFFFFFFFFFFFFFFFFFFFFFFFFFFFFFFFFFFFFFFFFFFFFFFFFFFFFF5
S32508019C80FFFFFFFFFFFFFFFFFFFFFFFFFFFFFFFFFFFFFFFFFFFFFFFFFFFFFFFFFFFFFFFFD5
S32508019CA0FFFFFFFFFFFFFFFFFFFFFFFFFFFFFFFFFFFFFFFFFFFFFFFFFFFFFFFFFFFFFFFFB5
S32508019CC0FFFFFFFFFFFFFFFFFFFFFFFFFFFFFFFFFFFFFFFFFFFFFFFFFFFFFFFFFFFFFFFF95
S32508019CE0FFFFFFFFFFFFFFFFFFFFFFFFFFFFFFFFFFFFFFFFFFFFFFFFFFFFFFFFFFFFFFFF75
S32508019D00FFFFFFFFFFFFFFFFFFFFFFFFFFFFFFFFFFFFFFFFFFFFFFFFFFFFFFFFFFFFFFFF54
S32508019D20FFFFFFFFFFFFFFFFFFFFFFFFFFFFFFFFFFFFFFFFFFFFFFFFFFFFFFFFFFFFFFFF34
S32508019D40FFFFFFFFFFFFFFFFFFFFFFFFFFFFFFFFFFFFFFFFFFFFFFFFFFFFFFFFFFFFFFFF14
S32508019D60FFFFFFFFFFFFFFFFFFFFFFFFFFFFFFFFFFFFFFFFFFFFFFFFFFFFFFFFFFFFFFFFF4
S32508019D80FFFFFFFFFFFFFFFFFFFFFFFFFFFFFFFFFFFFFFFFFFFFFFFFFFFFFFFFFFFFFFFFD4
S32508019DA0FFFFFFFFFFFFFFFFFFFFFFFFFFFFFFFFFFFFFFFFFFFFFFFFFFFFFFFFFFFFFFFFB4
S32508019DC0FFFFFFFFFFFFFFFFFFFFFFFFFFFFFFFFFFFFFFFFFFFFFFFFFFFFFFFFFFFFFFFF94
S32508019DE0FFFFFFFFFFFFFFFFFFFFFFFFFFFFFFFFFFFFFFFFFFFFFFFFFFFFFFFFFFFFFFFF74
S32508019E00FFFFFFFFFFFFFFFFFFFFFFFFFFFFFFFFFFFFFFFFFFFFFFFFFFFFFFFFFFFFFFFF53
S32508019E20FFFFFFFFFFFFFFFFFFFFFFFFFFFFFFFFFFFFFFFFFFFFFFFFFFFFFFFFFFFFFFFF33
S32508019E40FFFFFFFFFFFFFFFFFFFFFFFFFFFFFFFFFFFFFFFFFFFFFFFFFFFFFFFFFFFFFFFF13
S32508019E60FFFFFFFFFFFFFFFFFFFFFFFFFFFFFFFFFFFFFFFFFFFFFFFFFFFFFFFFFFFFFFFFF3
S32508019E80FFFFFFFFFFFFFFFFFFFFFFFFFFFFFFFFFFFFFFFFFFFFFFFFFFFFFFFFFFFFFFFFD3
S32508019EA0FFFFFFFFFFFFFFFFFFFFFFFFFFFFFFFFFFFFFFFFFFFFFFFFFFFFFFFFFFFFFFFFB3
S32508019EC0FFFFFFFFFFFFFFFFFFFFFFFFFFFFFFFFFFFFFFFFFFFFFFFFFFFFFFFFFFFFFFFF93
S32508019EE0FFFFFFFFFFFFFFFFFFFFFFFFFFFFFFFFFFFFFFFFFFFFFFFFFFFFFFFFFFFFFFFF73
S32508019F00FFFFFFFFFFFFFFFFFFFFFFFFFFFFFFFFFFFFFFFFFFFFFFFFFFFFFFFFFFFFFFFF52
S32508019F20FFFFFFFFFFFFFFFFFFFFFFFFFFFFFFFFFFFFFFFFFFFFFFFFFFFFFFFFFFFFFFFF32
S32508019F40FFFFFFFFFFFFFFFFFFFFFFFFFFFFFFFFFFFFFFFFFFFFFFFFFFFFFFFFFFFFFFFF12
S32508019F60FFFFFFFFFFFFFFFFFFFFFFFFFFFFFFFFFFFFFFFFFFFFFFFFFFFFFFFFFFFFFFFFF2
S32508019F80FFFFFFFFFFFFFFFFFFFFFFFFFFFFFFFFFFFFFFFFFFFFFFFFFFFFFFFFFFFFFFFFD2
S32508019FA0FFFFFFFFFFFFFFFFFFFFFFFFFFFFFFFFFFFFFFFFFFFFFFFFFFFFFFFFFFFFFFFFB2
S32508019FC0FFFFFFFFFFFFFFFFFFFFFFFFFFFFFFFFFFFFFFFFFFFFFFFFFFFFFFFFFFFFFFFF92
S32508019FE0FFFFFFFFFFFFFFFFFFFFFFFFFFFFFFFFFFFFFFFFFFFFFFFFFFFFFFFFFFFFFFFF72
S3250801A000FFFFFFFFFFFFFFFFFFFFFFFFFFFFFFFFFFFFFFFFFFFFFFFFFFFFFFFFFFFFFFFF51
S3250801A020FFFFFFFFFFFFFFFFFFFFFFFFFFFFFFFFFFFFFFFFFFFFFFFFFFFFFFFFFFFFFFFF31
S3250801A040FFFFFFFFFFFFFFFFFFFFFFFFFFFFFFFFFFFFFFFFFFFFFFFFFFFFFFFFFFFFFFFF11
S3250801A060FFFFFFFFFFFFFFFFFFFFFFFFFFFFFFFFFFFFFFFFFFFFFFFFFFFFFFFFFFFFFFFFF1
S3250801A080FFFFFFFFFFFFFFFFFFFFFFFFFFFFFFFFFFFFFFFFFFFFFFFFFFFFFFFFFFFFFFFFD1
S3250801A0A0FFFFFFFFFFFFFFFFFFFFFFFFFFFFFFFFFFFFFFFFFFFFFFFFFFFFFFFFFFFFFFFFB1
S3250801A0C0FFFFFFFFFFFFFFFFFFFFFFFFFFFFFFFFFFFFFFFFFFFFFFFFFFFFFFFFFFFFFFFF91
S3250801A0E0FFFFFFFFFFFFFFFFFFFFFFFFFFFFFFFFFFFFFFFFFFFFFFFFFFFFFFFFFFFFFFFF71
S3250801A100FFFFFFFFFFFFFFFFFFFFFFFFFFFFFFFFFFFFFFFFFFFFFFFFFFFFFFFFFFFFFFFF50
S3250801A120FFFFFFFFFFFFFFFFFFFFFFFFFFFFFFFFFFFFFFFFFFFFFFFFFFFFFFFFFFFFFFFF30
S3250801A140FFFFFFFFFFFFFFFFFFFFFFFFFFFFFFFFFFFFFFFFFFFFFFFFFFFFFFFFFFFFFFFF10
S3250801A160FFFFFFFFFFFFFFFFFFFFFFFFFFFFFFFFFFFFFFFFFFFFFFFFFFFFFFFFFFFFFFFFF0
S3250801A180FFFFFFFFFFFFFFFFFFFFFFFFFFFFFFFFFFFFFFFFFFFFFFFFFFFFFFFFFFFFFFFFD0
S3250801A1A0FFFFFFFFFFFFFFFFFFFFFFFFFFFFFFFFFFFFFFFFFFFFFFFFFFFFFFFFFFFFFFFFB0
S3250801A1C0FFFFFFFFFFFFFFFFFFFFFFFFFFFFFFFFFFFFFFFFFFFFFFFFFFFFFFFFFFFFFFFF90
S3250801A1E0FFFFFFFFFFFFFFFFFFFFFFFFFFFFFFFFFFFFFFFFFFFFFFFFFFFFFFFFFFFFFFFF70
S3250801A200FFFFFFFFFFFFFFFFFFFFFFFFFFFFFFFFFFFFFFFFFFFFFFFFFFFFFFFFFFFFFFFF4F
S3250801A220FFFFFFFFFFFFFFFFFFFFFFFFFFFFFFFFFFFFFFFFFFFFFFFFFFFFFFFFFFFFFFFF2F
S3250801A240FFFFFFFFFFFFFFFFFFFFFFFFFFFFFFFFFFFFFFFFFFFFFFFFFFFFFFFFFFFFFFFF0F
S3250801A260FFFFFFFFFFFFFFFFFFFFFFFFFFFFFFFFFFFFFFFFFFFFFFFFFFFFFFFFFFFFFFFFEF
S3250801A280FFFFFFFFFFFFFFFFFFFFFFFFFFFFFFFFFFFFFFFFFFFFFFFFFFFFFFFFFFFFFFFFCF
S3250801A2A0FFFFFFFFFFFFFFFFFFFFFFFFFFFFFFFFFFFFFFFFFFFFFFFFFFFFFFFFFFFFFFFFAF
S3250801A2C0FFFFFFFFFFFFFFFFFFFFFFFFFFFFFFFFFFFFFFFFFFFFFFFFFFFFFFFFFFFFFFFF8F
S3250801A2E0FFFFFFFFFFFFFFFFFFFFFFFFFFFFFFFFFFFFFFFFFFFFFFFFFFFFFFFFFFFFFFFF6F
S3250801A300FFFFFFFFFFFFFFFFFFFFFFFFFFFFFFFFFFFFFFFFFFFFFFFFFFFFFFFFFFFFFFFF4E
S3250801A320FFFFFFFFFFFFFFFFFFFFFFFFFFFFFFFFFFFFFFFFFFFFFFFFFFFFFFFFFFFFFFFF2E
S3250801A340FFFFFFFFFFFFFFFFFFFFFFFFFFFFFFFFFFFFFFFFFFFFFFFFFFFFFFFFFFFFFFFF0E
S3250801A360FFFFFFFFFFFFFFFFFFFFFFFFFFFFFFFFFFFFFFFFFFFFFFFFFFFFFFFFFFFFFFFFEE
S3250801A380FFFFFFFFFFFFFFFFFFFFFFFFFFFFFFFFFFFFFFFFFFFFFFFFFFFFFFFFFFFFFFFFCE
S3250801A3A0FFFFFFFFFFFFFFFFFFFFFFFFFFFFFFFFFFFFFFFFFFFFFFFFFFFFFFFFFFFFFFFFAE
S3250801A3C0FFFFFFFFFFFFFFFFFFFFFFFFFFFFFFFFFFFFFFFFFFFFFFFFFFFFFFFFFFFFFFFF8E
S3250801A3E0FFFFFFFFFFFFFFFFFFFFFFFFFFFFFFFFFFFFFFFFFFFFFFFFFFFFFFFFFFFFFFFF6E
S3250801A400FFFFFFFFFFFFFFFFFFFFFFFFFFFFFFFFFFFFFFFFFFFFFFFFFFFFFFFFFFFFFFFF4D
S3250801A420FFFFFFFFFFFFFFFFFFFFFFFFFFFFFFFFFFFFFFFFFFFFFFFFFFFFFFFFFFFFFFFF2D
S3250801A440FFFFFFFFFFFFFFFFFFFFFFFFFFFFFFFFFFFFFFFFFFFFFFFFFFFFFFFFFFFFFFFF0D
S3250801A460FFFFFFFFFFFFFFFFFFFFFFFFFFFFFFFFFFFFFFFFFFFFFFFFFFFFFFFFFFFFFFFFED
S3250801A480FFFFFFFFFFFFFFFFFFFFFFFFFFFFFFFFFFFFFFFFFFFFFFFFFFFFFFFFFFFFFFFFCD
S3250801A4A0FFFFFFFFFFFFFFFFFFFFFFFFFFFFFFFFFFFFFFFFFFFFFFFFFFFFFFFFFFFFFFFFAD
S3250801A4C0FFFFFFFFFFFFFFFFFFFFFFFFFFFFFFFFFFFFFFFFFFFFFFFFFFFFFFFFFFFFFFFF8D
S3250801A4E0FFFFFFFFFFFFFFFFFFFFFFFFFFFFFFFFFFFFFFFFFFFFFFFFFFFFFFFFFFFFFFFF6D
S3250801A500FFFFFFFFFFFFFFFFFFFFFFFFFFFFFFFFFFFFFFFFFFFFFFFFFFFFFFFFFFFFFFFF4C
S3250801A520FFFFFFFFFFFFFFFFFFFFFFFFFFFFFFFFFFFFFFFFFFFFFFFFFFFFFFFFFFFFFFFF2C
S3250801A540FFFFFFFFFFFFFFFFFFFFFFFFFFFFFFFFFFFFFFFFFFFFFFFFFFFFFFFFFFFFFFFF0C
S3250801A560FFFFFFFFFFFFFFFFFFFFFFFFFFFFFFFFFFFFFFFFFFFFFFFFFFFFFFFFFFFFFFFFEC
S3250801A580FFFFFFFFFFFFFFFFFFFFFFFFFFFFFFFFFFFFFFFFFFFFFFFFFFFFFFFFFFFFFFFFCC
S3250801A5A0FFFFFFFFFFFFFFFFFFFFFFFFFFFFFFFFFFFFFFFFFFFFFFFFFFFFFFFFFFFFFFFFAC
S3250801A5C0FFFFFFFFFFFFFFFFFFFFFFFFFFFFFFFFFFFFFFFFFFFFFFFFFFFFFFFFFFFFFFFF8C
S3250801A5E0FFFFFFFFFFFFFFFFFFFFFFFFFFFFFFFFFFFFFFFFFFFFFFFFFFFFFFFFFFFFFFFF6C
S3250801A600FFFFFFFFFFFFFFFFFFFFFFFFFFFFFFFFFFFFFFFFFFFFFFFFFFFFFFFFFFFFFFFF4B
S3250801A620FFFFFFFFFFFFFFFFFFFFFFFFFFFFFFFFFFFFFFFFFFFFFFFFFFFFFFFFFFFFFFFF2B
S3250801A640FFFFFFFFFFFFFFFFFFFFFFFFFFFFFFFFFFFFFFFFFFFFFFFFFFFFFFFFFFFFFFFF0B
S3250801A660FFFFFFFFFFFFFFFFFFFFFFFFFFFFFFFFFFFFFFFFFFFFFFFFFFFFFFFFFFFFFFFFEB
S3250801A680FFFFFFFFFFFFFFFFFFFFFFFFFFFFFFFFFFFFFFFFFFFFFFFFFFFFFFFFFFFFFFFFCB
S3250801A6A0FFFFFFFFFFFFFFFFFFFFFFFFFFFFFFFFFFFFFFFFFFFFFFFFFFFFFFFFFFFFFFFFAB
S3250801A6C0FFFFFFFFFFFFFFFFFFFFFFFFFFFFFFFFFFFFFFFFFFFFFFFFFFFFFFFFFFFFFFFF8B
S3250801A6E0FFFFFFFFFFFFFFFFFFFFFFFFFFFFFFFFFFFFFFFFFFFFFFFFFFFFFFFFFFFFFFFF6B
S3250801A700FFFFFFFFFFFFFFFFFFFFFFFFFFFFFFFFFFFFFFFFFFFFFFFFFFFFFFFFFFFFFFFF4A
S3250801A720FFFFFFFFFFFFFFFFFFFFFFFFFFFFFFFFFFFFFFFFFFFFFFFFFFFFFFFFFFFFFFFF2A
S3250801A740FFFFFFFFFFFFFFFFFFFFFFFFFFFFFFFFFFFFFFFFFFFFFFFFFFFFFFFFFFFFFFFF0A
S3250801A760FFFFFFFFFFFFFFFFFFFFFFFFFFFFFFFFFFFFFFFFFFFFFFFFFFFFFFFFFFFFFFFFEA
S3250801A780FFFFFFFFFFFFFFFFFFFFFFFFFFFFFFFFFFFFFFFFFFFFFFFFFFFFFFFFFFFFFFFFCA
S3250801A7A0FFFFFFFFFFFFFFFFFFFFFFFFFFFFFFFFFFFFFFFFFFFFFFFFFFFFFFFFFFFFFFFFAA
S3250801A7C0FFFFFFFFFFFFFFFFFFFFFFFFFFFFFFFFFFFFFFFFFFFFFFFFFFFFFFFFFFFFFFFF8A
S3250801A7E0FFFFFFFFFFFFFFFFFFFFFFFFFFFFFFFFFFFFFFFFFFFFFFFFFFFFFFFFFFFFFFFF6A
S3250801A800FFFFFFFFFFFFFFFFFFFFFFFFFFFFFFFFFFFFFFFFFFFFFFFFFFFFFFFFFFFFFFFF49
S3250801A820FFFFFFFFFFFFFFFFFFFFFFFFFFFFFFFFFFFFFFFFFFFFFFFFFFFFFFFFFFFFFFFF29
S3250801A840FFFFFFFFFFFFFFFFFFFFFFFFFFFFFFFFFFFFFFFFFFFFFFFFFFFFFFFFFFFFFFFF09
S3250801A860FFFFFFFFFFFFFFFFFFFFFFFFFFFFFFFFFFFFFFFFFFFFFFFFFFFFFFFFFFFFFFFFE9
S3250801A880FFFFFFFFFFFFFFFFFFFFFFFFFFFFFFFFFFFFFFFFFFFFFFFFFFFFFFFFFFFFFFFFC9
S3250801A8A0FFFFFFFFFFFFFFFFFFFFFFFFFFFFFFFFFFFFFFFFFFFFFFFFFFFFFFFFFFFFFFFFA9
S3250801A8C0FFFFFFFFFFFFFFFFFFFFFFFFFFFFFFFFFFFFFFFFFFFFFFFFFFFFFFFFFFFFFFFF89
S3250801A8E0FFFFFFFFFFFFFFFFFFFFFFFFFFFFFFFFFFFFFFFFFFFFFFFFFFFFFFFFFFFFFFFF69
S3250801A900FFFFFFFFFFFFFFFFFFFFFFFFFFFFFFFFFFFFFFFFFFFFFFFFFFFFFFFFFFFFFFFF48
S3250801A920FFFFFFFFFFFFFFFFFFFFFFFFFFFFFFFFFFFFFFFFFFFFFFFFFFFFFFFFFFFFFFFF28
S3250801A940FFFFFFFFFFFFFFFFFFFFFFFFFFFFFFFFFFFFFFFFFFFFFFFFFFFFFFFFFFFFFFFF08
S3250801A960FFFFFFFFFFFFFFFFFFFFFFFFFFFFFFFFFFFFFFFFFFFFFFFFFFFFFFFFFFFFFFFFE8
S3250801A980FFFFFFFFFFFFFFFFFFFFFFFFFFFFFFFFFFFFFFFFFFFFFFFFFFFFFFFFFFFFFFFFC8
S3250801A9A0FFFFFFFFFFFFFFFFFFFFFFFFFFFFFFFFFFFFFFFFFFFFFFFFFFFFFFFFFFFFFFFFA8
S3250801A9C0FFFFFFFFFFFFFFFFFFFFFFFFFFFFFFFFFFFFFFFFFFFFFFFFFFFFFFFFFFFFFFFF88
S3250801A9E0FFFFFFFFFFFFFFFFFFFFFFFFFFFFFFFFFFFFFFFFFFFFFFFFFFFFFFFFFFFFFFFF68
S3250801AA00FFFFFFFFFFFFFFFFFFFFFFFFFFFFFFFFFFFFFFFFFFFFFFFFFFFFFFFFFFFFFFFF47
S3250801AA20FFFFFFFFFFFFFFFFFFFFFFFFFFFFFFFFFFFFFFFFFFFFFFFFFFFFFFFFFFFFFFFF27
S3250801AA40FFFFFFFFFFFFFFFFFFFFFFFFFFFFFFFFFFFFFFFFFFFFFFFFFFFFFFFFFFFFFFFF07
S3250801AA60FFFFFFFFFFFFFFFFFFFFFFFFFFFFFFFFFFFFFFFFFFFFFFFFFFFFFFFFFFFFFFFFE7
S3250801AA80FFFFFFFFFFFFFFFFFFFFFFFFFFFFFFFFFFFFFFFFFFFFFFFFFFFFFFFFFFFFFFFFC7
S3250801AAA0FFFFFFFFFFFFFFFFFFFFFFFFFFFFFFFFFFFFFFFFFFFFFFFFFFFFFFFFFFFFFFFFA7
S3250801AAC0FFFFFFFFFFFFFFFFFFFFFFFFFFFFFFFFFFFFFFFFFFFFFFFFFFFFFFFFFFFFFFFF87
S3250801AAE0FFFFFFFFFFFFFFFFFFFFFFFFFFFFFFFFFFFFFFFFFFFFFFFFFFFFFFFFFFFFFFFF67
S3250801AB00FFFFFFFFFFFFFFFFFFFFFFFFFFFFFFFFFFFFFFFFFFFFFFFFFFFFFFFFFFFFFFFF46
S3250801AB20FFFFFFFFFFFFFFFFFFFFFFFFFFFFFFFFFFFFFFFFFFFFFFFFFFFFFFFFFFFFFFFF26
S3250801AB40FFFFFFFFFFFFFFFFFFFFFFFFFFFFFFFFFFFFFFFFFFFFFFFFFFFFFFFFFFFFFFFF06
S3250801AB60FFFFFFFFFFFFFFFFFFFFFFFFFFFFFFFFFFFFFFFFFFFFFFFFFFFFFFFFFFFFFFFFE6
S3250801AB80FFFFFFFFFFFFFFFFFFFFFFFFFFFFFFFFFFFFFFFFFFFFFFFFFFFFFFFFFFFFFFFFC6
S3250801ABA0FFFFFFFFFFFFFFFFFFFFFFFFFFFFFFFFFFFFFFFFFFFFFFFFFFFFFFFFFFFFFFFFA6
S3250801ABC0FFFFFFFFFFFFFFFFFFFFFFFFFFFFFFFFFFFFFFFFFFFFFFFFFFFFFFFFFFFFFFFF86
S3250801ABE0FFFFFFFFFFFFFFFFFFFFFFFFFFFFFFFFFFFFFFFFFFFFFFFFFFFFFFFFFFFFFFFF66
S3250801AC00FFFFFFFFFFFFFFFFFFFFFFFFFFFFFFFFFFFFFFFFFFFFFFFFFFFFFFFFFFFFFFFF45
S3250801AC20FFFFFFFFFFFFFFFFFFFFFFFFFFFFFFFFFFFFFFFFFFFFFFFFFFFFFFFFFFFFFFFF25
S3250801AC40FFFFFFFFFFFFFFFFFFFFFFFFFFFFFFFFFFFFFFFFFFFFFFFFFFFFFFFFFFFFFFFF05
S3250801AC60FFFFFFFFFFFFFFFFFFFFFFFFFFFFFFFFFFFFFFFFFFFFFFFFFFFFFFFFFFFFFFFFE5
S3250801AC80FFFFFFFFFFFFFFFFFFFFFFFFFFFFFFFFFFFFFFFFFFFFFFFFFFFFFFFFFFFFFFFFC5
S3250801ACA0FFFFFFFFFFFFFFFFFFFFFFFFFFFFFFFFFFFFFFFFFFFFFFFFFFFFFFFFFFFFFFFFA5
S3250801ACC0FFFFFFFFFFFFFFFFFFFFFFFFFFFFFFFFFFFFFFFFFFFFFFFFFFFFFFFFFFFFFFFF85
S3250801ACE0FFFFFFFFFFFFFFFFFFFFFFFFFFFFFFFFFFFFFFFFFFFFFFFFFFFFFFFFFFFFFFFF65
S3250801AD00FFFFFFFFFFFFFFFFFFFFFFFFFFFFFFFFFFFFFFFFFFFFFFFFFFFFFFFFFFFFFFFF44
S3250801AD20FFFFFFFFFFFFFFFFFFFFFFFFFFFFFFFFFFFFFFFFFFFFFFFFFFFFFFFFFFFFFFFF24
S3250801AD40FFFFFFFFFFFFFFFFFFFFFFFFFFFFFFFFFFFFFFFFFFFFFFFFFFFFFFFFFFFFFFFF04
S3250801AD60FFFFFFFFFFFFFFFFFFFFFFFFFFFFFFFFFFFFFFFFFFFFFFFFFFFFFFFFFFFFFFFFE4
S3250801AD80FFFFFFFFFFFFFFFFFFFFFFFFFFFFFFFFFFFFFFFFFFFFFFFFFFFFFFFFFFFFFFFFC4
S3250801ADA0FFFFFFFFFFFFFFFFFFFFFFFFFFFFFFFFFFFFFFFFFFFFFFFFFFFFFFFFFFFFFFFFA4
S3250801ADC0FFFFFFFFFFFFFFFFFFFFFFFFFFFFFFFFFFFFFFFFFFFFFFFFFFFFFFFFFFFFFFFF84
S3250801ADE0FFFFFFFFFFFFFFFFFFFFFFFFFFFFFFFFFFFFFFFFFFFFFFFFFFFFFFFFFFFFFFFF64
S3250801AE00FFFFFFFFFFFFFFFFFFFFFFFFFFFFFFFFFFFFFFFFFFFFFFFFFFFFFFFFFFFFFFFF43
S3250801AE20FFFFFFFFFFFFFFFFFFFFFFFFFFFFFFFFFFFFFFFFFFFFFFFFFFFFFFFFFFFFFFFF23
S3250801AE40FFFFFFFFFFFFFFFFFFFFFFFFFFFFFFFFFFFFFFFFFFFFFFFFFFFFFFFFFFFFFFFF03
S3250801AE60FFFFFFFFFFFFFFFFFFFFFFFFFFFFFFFFFFFFFFFFFFFFFFFFFFFFFFFFFFFFFFFFE3
S3250801AE80FFFFFFFFFFFFFFFFFFFFFFFFFFFFFFFFFFFFFFFFFFFFFFFFFFFFFFFFFFFFFFFFC3
S3250801AEA0FFFFFFFFFFFFFFFFFFFFFFFFFFFFFFFFFFFFFFFFFFFFFFFFFFFFFFFFFFFFFFFFA3
S3250801AEC0FFFFFFFFFFFFFFFFFFFFFFFFFFFFFFFFFFFFFFFFFFFFFFFFFFFFFFFFFFFFFFFF83
S3250801AEE0FFFFFFFFFFFFFFFFFFFFFFFFFFFFFFFFFFFFFFFFFFFFFFFFFFFFFFFFFFFFFFFF63
S3250801AF00FFFFFFFFFFFFFFFFFFFFFFFFFFFFFFFFFFFFFFFFFFFFFFFFFFFFFFFFFFFFFFFF42
S3250801AF20FFFFFFFFFFFFFFFFFFFFFFFFFFFFFFFFFFFFFFFFFFFFFFFFFFFFFFFFFFFFFFFF22
S3250801AF40FFFFFFFFFFFFFFFFFFFFFFFFFFFFFFFFFFFFFFFFFFFFFFFFFFFFFFFFFFFFFFFF02
S3250801AF60FFFFFFFFFFFFFFFFFFFFFFFFFFFFFFFFFFFFFFFFFFFFFFFFFFFFFFFFFFFFFFFFE2
S3250801AF80FFFFFFFFFFFFFFFFFFFFFFFFFFFFFFFFFFFFFFFFFFFFFFFFFFFFFFFFFFFFFFFFC2
S3250801AFA0FFFFFFFFFFFFFFFFFFFFFFFFFFFFFFFFFFFFFFFFFFFFFFFFFFFFFFFFFFFFFFFFA2
S3250801AFC0FFFFFFFFFFFFFFFFFFFFFFFFFFFFFFFFFFFFFFFFFFFFFFFFFFFFFFFFFFFFFFFF82
S3250801AFE0FFFFFFFFFFFFFFFFFFFFFFFFFFFFFFFFFFFFFFFFFFFFFFFFFFFFFFFFFFFFFFFF62
S3250801B000FFFFFFFFFFFFFFFFFFFFFFFFFFFFFFFFFFFFFFFFFFFFFFFFFFFFFFFFFFFFFFFF41
S3250801B020FFFFFFFFFFFFFFFFFFFFFFFFFFFFFFFFFFFFFFFFFFFFFFFFFFFFFFFFFFFFFFFF21
S3250801B040FFFFFFFFFFFFFFFFFFFFFFFFFFFFFFFFFFFFFFFFFFFFFFFFFFFFFFFFFFFFFFFF01
S3250801B060FFFFFFFFFFFFFFFFFFFFFFFFFFFFFFFFFFFFFFFFFFFFFFFFFFFFFFFFFFFFFFFFE1
S3250801B080FFFFFFFFFFFFFFFFFFFFFFFFFFFFFFFFFFFFFFFFFFFFFFFFFFFFFFFFFFFFFFFFC1
S3250801B0A0FFFFFFFFFFFFFFFFFFFFFFFFFFFFFFFFFFFFFFFFFFFFFFFFFFFFFFFFFFFFFFFFA1
S3250801B0C0FFFFFFFFFFFFFFFFFFFFFFFFFFFFFFFFFFFFFFFFFFFFFFFFFFFFFFFFFFFFFFFF81
S3250801B0E0FFFFFFFFFFFFFFFFFFFFFFFFFFFFFFFFFFFFFFFFFFFFFFFFFFFFFFFFFFFFFFFF61
S3250801B100FFFFFFFFFFFFFFFFFFFFFFFFFFFFFFFFFFFFFFFFFFFFFFFFFFFFFFFFFFFFFFFF40
S3250801B120FFFFFFFFFFFFFFFFFFFFFFFFFFFFFFFFFFFFFFFFFFFFFFFFFFFFFFFFFFFFFFFF20
S3250801B140FFFFFFFFFFFFFFFFFFFFFFFFFFFFFFFFFFFFFFFFFFFFFFFFFFFFFFFFFFFFFFFF00
S3250801B160FFFFFFFFFFFFFFFFFFFFFFFFFFFFFFFFFFFFFFFFFFFFFFFFFFFFFFFFFFFFFFFFE0
S3250801B180FFFFFFFFFFFFFFFFFFFFFFFFFFFFFFFFFFFFFFFFFFFFFFFFFFFFFFFFFFFFFFFFC0
S3250801B1A0FFFFFFFFFFFFFFFFFFFFFFFFFFFFFFFFFFFFFFFFFFFFFFFFFFFFFFFFFFFFFFFFA0
S3250801B1C0FFFFFFFFFFFFFFFFFFFFFFFFFFFFFFFFFFFFFFFFFFFFFFFFFFFFFFFFFFFFFFFF80
S3250801B1E0FFFFFFFFFFFFFFFFFFFFFFFFFFFFFFFFFFFFFFFFFFFFFFFFFFFFFFFFFFFFFFFF60
S3250801B200FFFFFFFFFFFFFFFFFFFFFFFFFFFFFFFFFFFFFFFFFFFFFFFFFFFFFFFFFFFFFFFF3F
S3250801B220FFFFFFFFFFFFFFFFFFFFFFFFFFFFFFFFFFFFFFFFFFFFFFFFFFFFFFFFFFFFFFFF1F
S3250801B240FFFFFFFFFFFFFFFFFFFFFFFFFFFFFFFFFFFFFFFFFFFFFFFFFFFFFFFFFFFFFFFFFF
S3250801B260FFFFFFFFFFFFFFFFFFFFFFFFFFFFFFFFFFFFFFFFFFFFFFFFFFFFFFFFFFFFFFFFDF
S3250801B280FFFFFFFFFFFFFFFFFFFFFFFFFFFFFFFFFFFFFFFFFFFFFFFFFFFFFFFFFFFFFFFFBF
S3250801B2A0FFFFFFFFFFFFFFFFFFFFFFFFFFFFFFFFFFFFFFFFFFFFFFFFFFFFFFFFFFFFFFFF9F
S3250801B2C0FFFFFFFFFFFFFFFFFFFFFFFFFFFFFFFFFFFFFFFFFFFFFFFFFFFFFFFFFFFFFFFF7F
S3250801B2E0FFFFFFFFFFFFFFFFFFFFFFFFFFFFFFFFFFFFFFFFFFFFFFFFFFFFFFFFFFFFFFFF5F
S3250801B300FFFFFFFFFFFFFFFFFFFFFFFFFFFFFFFFFFFFFFFFFFFFFFFFFFFFFFFFFFFFFFFF3E
S3250801B320FFFFFFFFFFFFFFFFFFFFFFFFFFFFFFFFFFFFFFFFFFFFFFFFFFFFFFFFFFFFFFFF1E
S3250801B340FFFFFFFFFFFFFFFFFFFFFFFFFFFFFFFFFFFFFFFFFFFFFFFFFFFFFFFFFFFFFFFFFE
S3250801B360FFFFFFFFFFFFFFFFFFFFFFFFFFFFFFFFFFFFFFFFFFFFFFFFFFFFFFFFFFFFFFFFDE
S3250801B380FFFFFFFFFFFFFFFFFFFFFFFFFFFFFFFFFFFFFFFFFFFFFFFFFFFFFFFFFFFFFFFFBE
S3250801B3A0FFFFFFFFFFFFFFFFFFFFFFFFFFFFFFFFFFFFFFFFFFFFFFFFFFFFFFFFFFFFFFFF9E
S3250801B3C0FFFFFFFFFFFFFFFFFFFFFFFFFFFFFFFFFFFFFFFFFFFFFFFFFFFFFFFFFFFFFFFF7E
S3250801B3E0FFFFFFFFFFFFFFFFFFFFFFFFFFFFFFFFFFFFFFFFFFFFFFFFFFFFFFFFFFFFFFFF5E
S3250801B400FFFFFFFFFFFFFFFFFFFFFFFFFFFFFFFFFFFFFFFFFFFFFFFFFFFFFFFFFFFFFFFF3D
S3250801B420FFFFFFFFFFFFFFFFFFFFFFFFFFFFFFFFFFFFFFFFFFFFFFFFFFFFFFFFFFFFFFFF1D
S3250801B440FFFFFFFFFFFFFFFFFFFFFFFFFFFFFFFFFFFFFFFFFFFFFFFFFFFFFFFFFFFFFFFFFD
S3250801B460FFFFFFFFFFFFFFFFFFFFFFFFFFFFFFFFFFFFFFFFFFFFFFFFFFFFFFFFFFFFFFFFDD
S3250801B480FFFFFFFFFFFFFFFFFFFFFFFFFFFFFFFFFFFFFFFFFFFFFFFFFFFFFFFFFFFFFFFFBD
S3250801B4A0FFFFFFFFFFFFFFFFFFFFFFFFFFFFFFFFFFFFFFFFFFFFFFFFFFFFFFFFFFFFFFFF9D
S3250801B4C0FFFFFFFFFFFFFFFFFFFFFFFFFFFFFFFFFFFFFFFFFFFFFFFFFFFFFFFFFFFFFFFF7D
S3250801B4E0FFFFFFFFFFFFFFFFFFFFFFFFFFFFFFFFFFFFFFFFFFFFFFFFFFFFFFFFFFFFFFFF5D
S3250801B500FFFFFFFFFFFFFFFFFFFFFFFFFFFFFFFFFFFFFFFFFFFFFFFFFFFFFFFFFFFFFFFF3C
S3250801B520FFFFFFFFFFFFFFFFFFFFFFFFFFFFFFFFFFFFFFFFFFFFFFFFFFFFFFFFFFFFFFFF1C
S3250801B540FFFFFFFFFFFFFFFFFFFFFFFFFFFFFFFFFFFFFFFFFFFFFFFFFFFFFFFFFFFFFFFFFC
S3250801B560FFFFFFFFFFFFFFFFFFFFFFFFFFFFFFFFFFFFFFFFFFFFFFFFFFFFFFFFFFFFFFFFDC
S3250801B580FFFFFFFFFFFFFFFFFFFFFFFFFFFFFFFFFFFFFFFFFFFFFFFFFFFFFFFFFFFFFFFFBC
S3250801B5A0FFFFFFFFFFFFFFFFFFFFFFFFFFFFFFFFFFFFFFFFFFFFFFFFFFFFFFFFFFFFFFFF9C
S3250801B5C0FFFFFFFFFFFFFFFFFFFFFFFFFFFFFFFFFFFFFFFFFFFFFFFFFFFFFFFFFFFFFFFF7C
S3250801B5E0FFFFFFFFFFFFFFFFFFFFFFFFFFFFFFFFFFFFFFFFFFFFFFFFFFFFFFFFFFFFFFFF5C
S3250801B600FFFFFFFFFFFFFFFFFFFFFFFFFFFFFFFFFFFFFFFFFFFFFFFFFFFFFFFFFFFFFFFF3B
S3250801B620FFFFFFFFFFFFFFFFFFFFFFFFFFFFFFFFFFFFFFFFFFFFFFFFFFFFFFFFFFFFFFFF1B
S3250801B640FFFFFFFFFFFFFFFFFFFFFFFFFFFFFFFFFFFFFFFFFFFFFFFFFFFFFFFFFFFFFFFFFB
S3250801B660FFFFFFFFFFFFFFFFFFFFFFFFFFFFFFFFFFFFFFFFFFFFFFFFFFFFFFFFFFFFFFFFDB
S3250801B680FFFFFFFFFFFFFFFFFFFFFFFFFFFFFFFFFFFFFFFFFFFFFFFFFFFFFFFFFFFFFFFFBB
S3250801B6A0FFFFFFFFFFFFFFFFFFFFFFFFFFFFFFFFFFFFFFFFFFFFFFFFFFFFFFFFFFFFFFFF9B
S3250801B6C0FFFFFFFFFFFFFFFFFFFFFFFFFFFFFFFFFFFFFFFFFFFFFFFFFFFFFFFFFFFFFFFF7B
S3250801B6E0FFFFFFFFFFFFFFFFFFFFFFFFFFFFFFFFFFFFFFFFFFFFFFFFFFFFFFFFFFFFFFFF5B
S3250801B700FFFFFFFFFFFFFFFFFFFFFFFFFFFFFFFFFFFFFFFFFFFFFFFFFFFFFFFFFFFFFFFF3A
S3250801B720FFFFFFFFFFFFFFFFFFFFFFFFFFFFFFFFFFFFFFFFFFFFFFFFFFFFFFFFFFFFFFFF1A
S3250801B740FFFFFFFFFFFFFFFFFFFFFFFFFFFFFFFFFFFFFFFFFFFFFFFFFFFFFFFFFFFFFFFFFA
S3250801B760FFFFFFFFFFFFFFFFFFFFFFFFFFFFFFFFFFFFFFFFFFFFFFFFFFFFFFFFFFFFFFFFDA
S3250801B780FFFFFFFFFFFFFFFFFFFFFFFFFFFFFFFFFFFFFFFFFFFFFFFFFFFFFFFFFFFFFFFFBA
S3250801B7A0FFFFFFFFFFFFFFFFFFFFFFFFFFFFFFFFFFFFFFFFFFFFFFFFFFFFFFFFFFFFFFFF9A
S3250801B7C0FFFFFFFFFFFFFFFFFFFFFFFFFFFFFFFFFFFFFFFFFFFFFFFFFFFFFFFFFFFFFFFF7A
S3250801B7E0FFFFFFFFFFFFFFFFFFFFFFFFFFFFFFFFFFFFFFFFFFFFFFFFFFFFFFFFFFFFFFFF5A
S3250801B800FFFFFFFFFFFFFFFFFFFFFFFFFFFFFFFFFFFFFFFFFFFFFFFFFFFFFFFFFFFFFFFF39
S3250801B820FFFFFFFFFFFFFFFFFFFFFFFFFFFFFFFFFFFFFFFFFFFFFFFFFFFFFFFFFFFFFFFF19
S3250801B840FFFFFFFFFFFFFFFFFFFFFFFFFFFFFFFFFFFFFFFFFFFFFFFFFFFFFFFFFFFFFFFFF9
S3250801B860FFFFFFFFFFFFFFFFFFFFFFFFFFFFFFFFFFFFFFFFFFFFFFFFFFFFFFFFFFFFFFFFD9
S3250801B880FFFFFFFFFFFFFFFFFFFFFFFFFFFFFFFFFFFFFFFFFFFFFFFFFFFFFFFFFFFFFFFFB9
S3250801B8A0FFFFFFFFFFFFFFFFFFFFFFFFFFFFFFFFFFFFFFFFFFFFFFFFFFFFFFFFFFFFFFFF99
S3250801B8C0FFFFFFFFFFFFFFFFFFFFFFFFFFFFFFFFFFFFFFFFFFFFFFFFFFFFFFFFFFFFFFFF79
S3250801B8E0FFFFFFFFFFFFFFFFFFFFFFFFFFFFFFFFFFFFFFFFFFFFFFFFFFFFFFFFFFFFFFFF59
S3250801B900FFFFFFFFFFFFFFFFFFFFFFFFFFFFFFFFFFFFFFFFFFFFFFFFFFFFFFFFFFFFFFFF38
S3250801B920FFFFFFFFFFFFFFFFFFFFFFFFFFFFFFFFFFFFFFFFFFFFFFFFFFFFFFFFFFFFFFFF18
S3250801B940FFFFFFFFFFFFFFFFFFFFFFFFFFFFFFFFFFFFFFFFFFFFFFFFFFFFFFFFFFFFFFFFF8
S3250801B960FFFFFFFFFFFFFFFFFFFFFFFFFFFFFFFFFFFFFFFFFFFFFFFFFFFFFFFFFFFFFFFFD8
S3250801B980FFFFFFFFFFFFFFFFFFFFFFFFFFFFFFFFFFFFFFFFFFFFFFFFFFFFFFFFFFFFFFFFB8
S3250801B9A0FFFFFFFFFFFFFFFFFFFFFFFFFFFFFFFFFFFFFFFFFFFFFFFFFFFFFFFFFFFFFFFF98
S3250801B9C0FFFFFFFFFFFFFFFFFFFFFFFFFFFFFFFFFFFFFFFFFFFFFFFFFFFFFFFFFFFFFFFF78
S3250801B9E0FFFFFFFFFFFFFFFFFFFFFFFFFFFFFFFFFFFFFFFFFFFFFFFFFFFFFFFFFFFFFFFF58
S3250801BA00FFFFFFFFFFFFFFFFFFFFFFFFFFFFFFFFFFFFFFFFFFFFFFFFFFFFFFFFFFFFFFFF37
S3250801BA20FFFFFFFFFFFFFFFFFFFFFFFFFFFFFFFFFFFFFFFFFFFFFFFFFFFFFFFFFFFFFFFF17
S3250801BA40FFFFFFFFFFFFFFFFFFFFFFFFFFFFFFFFFFFFFFFFFFFFFFFFFFFFFFFFFFFFFFFFF7
S3250801BA60FFFFFFFFFFFFFFFFFFFFFFFFFFFFFFFFFFFFFFFFFFFFFFFFFFFFFFFFFFFFFFFFD7
S3250801BA80FFFFFFFFFFFFFFFFFFFFFFFFFFFFFFFFFFFFFFFFFFFFFFFFFFFFFFFFFFFFFFFFB7
S3250801BAA0FFFFFFFFFFFFFFFFFFFFFFFFFFFFFFFFFFFFFFFFFFFFFFFFFFFFFFFFFFFFFFFF97
S3250801BAC0FFFFFFFFFFFFFFFFFFFFFFFFFFFFFFFFFFFFFFFFFFFFFFFFFFFFFFFFFFFFFFFF77
S3250801BAE0FFFFFFFFFFFFFFFFFFFFFFFFFFFFFFFFFFFFFFFFFFFFFFFFFFFFFFFFFFFFFFFF57
S3250801BB00FFFFFFFFFFFFFFFFFFFFFFFFFFFFFFFFFFFFFFFFFFFFFFFFFFFFFFFFFFFFFFFF36
S3250801BB20FFFFFFFFFFFFFFFFFFFFFFFFFFFFFFFFFFFFFFFFFFFFFFFFFFFFFFFFFFFFFFFF16
S3250801BB40FFFFFFFFFFFFFFFFFFFFFFFFFFFFFFFFFFFFFFFFFFFFFFFFFFFFFFFFFFFFFFFFF6
S3250801BB60FFFFFFFFFFFFFFFFFFFFFFFFFFFFFFFFFFFFFFFFFFFFFFFFFFFFFFFFFFFFFFFFD6
S3250801BB80FFFFFFFFFFFFFFFFFFFFFFFFFFFFFFFFFFFFFFFFFFFFFFFFFFFFFFFFFFFFFFFFB6
S3250801BBA0FFFFFFFFFFFFFFFFFFFFFFFFFFFFFFFFFFFFFFFFFFFFFFFFFFFFFFFFFFFFFFFF96
S3250801BBC0FFFFFFFFFFFFFFFFFFFFFFFFFFFFFFFFFFFFFFFFFFFFFFFFFFFFFFFFFFFFFFFF76
S3250801BBE0FFFFFFFFFFFFFFFFFFFFFFFFFFFFFFFFFFFFFFFFFFFFFFFFFFFFFFFFFFFFFFFF56
S3250801BC00FFFFFFFFFFFFFFFFFFFFFFFFFFFFFFFFFFFFFFFFFFFFFFFFFFFFFFFFFFFFFFFF35
S3250801BC20FFFFFFFFFFFFFFFFFFFFFFFFFFFFFFFFFFFFFFFFFFFFFFFFFFFFFFFFFFFFFFFF15
S3250801BC40FFFFFFFFFFFFFFFFFFFFFFFFFFFFFFFFFFFFFFFFFFFFFFFFFFFFFFFFFFFFFFFFF5
S3250801BC60FFFFFFFFFFFFFFFFFFFFFFFFFFFFFFFFFFFFFFFFFFFFFFFFFFFFFFFFFFFFFFFFD5
S3250801BC80FFFFFFFFFFFFFFFFFFFFFFFFFFFFFFFFFFFFFFFFFFFFFFFFFFFFFFFFFFFFFFFFB5
S3250801BCA0FFFFFFFFFFFFFFFFFFFFFFFFFFFFFFFFFFFFFFFFFFFFFFFFFFFFFFFFFFFFFFFF95
S3250801BCC0FFFFFFFFFFFFFFFFFFFFFFFFFFFFFFFFFFFFFFFFFFFFFFFFFFFFFFFFFFFFFFFF75
S3250801BCE0FFFFFFFFFFFFFFFFFFFFFFFFFFFFFFFFFFFFFFFFFFFFFFFFFFFFFFFFFFFFFFFF55
S3250801BD00FFFFFFFFFFFFFFFFFFFFFFFFFFFFFFFFFFFFFFFFFFFFFFFFFFFFFFFFFFFFFFFF34
S3250801BD20FFFFFFFFFFFFFFFFFFFFFFFFFFFFFFFFFFFFFFFFFFFFFFFFFFFFFFFFFFFFFFFF14
S3250801BD40FFFFFFFFFFFFFFFFFFFFFFFFFFFFFFFFFFFFFFFFFFFFFFFFFFFFFFFFFFFFFFFFF4
S3250801BD60FFFFFFFFFFFFFFFFFFFFFFFFFFFFFFFFFFFFFFFFFFFFFFFFFFFFFFFFFFFFFFFFD4
S3250801BD80FFFFFFFFFFFFFFFFFFFFFFFFFFFFFFFFFFFFFFFFFFFFFFFFFFFFFFFFFFFFFFFFB4
S3250801BDA0FFFFFFFFFFFFFFFFFFFFFFFFFFFFFFFFFFFFFFFFFFFFFFFFFFFFFFFFFFFFFFFF94
S3250801BDC0FFFFFFFFFFFFFFFFFFFFFFFFFFFFFFFFFFFFFFFFFFFFFFFFFFFFFFFFFFFFFFFF74
S3250801BDE0FFFFFFFFFFFFFFFFFFFFFFFFFFFFFFFFFFFFFFFFFFFFFFFFFFFFFFFFFFFFFFFF54
S3250801BE00FFFFFFFFFFFFFFFFFFFFFFFFFFFFFFFFFFFFFFFFFFFFFFFFFFFFFFFFFFFFFFFF33
S3250801BE20FFFFFFFFFFFFFFFFFFFFFFFFFFFFFFFFFFFFFFFFFFFFFFFFFFFFFFFFFFFFFFFF13
S3250801BE40FFFFFFFFFFFFFFFFFFFFFFFFFFFFFFFFFFFFFFFFFFFFFFFFFFFFFFFFFFFFFFFFF3
S3250801BE60FFFFFFFFFFFFFFFFFFFFFFFFFFFFFFFFFFFFFFFFFFFFFFFFFFFFFFFFFFFFFFFFD3
S3250801BE80FFFFFFFFFFFFFFFFFFFFFFFFFFFFFFFFFFFFFFFFFFFFFFFFFFFFFFFFFFFFFFFFB3
S3250801BEA0FFFFFFFFFFFFFFFFFFFFFFFFFFFFFFFFFFFFFFFFFFFFFFFFFFFFFFFFFFFFFFFF93
S3250801BEC0FFFFFFFFFFFFFFFFFFFFFFFFFFFFFFFFFFFFFFFFFFFFFFFFFFFFFFFFFFFFFFFF73
S3250801BEE0FFFFFFFFFFFFFFFFFFFFFFFFFFFFFFFFFFFFFFFFFFFFFFFFFFFFFFFFFFFFFFFF53
S3250801BF00FFFFFFFFFFFFFFFFFFFFFFFFFFFFFFFFFFFFFFFFFFFFFFFFFFFFFFFFFFFFFFFF32
S3250801BF20FFFFFFFFFFFFFFFFFFFFFFFFFFFFFFFFFFFFFFFFFFFFFFFFFFFFFFFFFFFFFFFF12
S3250801BF40FFFFFFFFFFFFFFFFFFFFFFFFFFFFFFFFFFFFFFFFFFFFFFFFFFFFFFFFFFFFFFFFF2
S3250801BF60FFFFFFFFFFFFFFFFFFFFFFFFFFFFFFFFFFFFFFFFFFFFFFFFFFFFFFFFFFFFFFFFD2
S3250801BF80FFFFFFFFFFFFFFFFFFFFFFFFFFFFFFFFFFFFFFFFFFFFFFFFFFFFFFFFFFFFFFFFB2
S3250801BFA0FFFFFFFFFFFFFFFFFFFFFFFFFFFFFFFFFFFFFFFFFFFFFFFFFFFFFFFFFFFFFFFF92
S3250801BFC0FFFFFFFFFFFFFFFFFFFFFFFFFFFFFFFFFFFFFFFFFFFFFFFFFFFFFFFFFFFFFFFF72
S3250801BFE0FFFFFFFFFFFFFFFFFFFFFFFFFFFFFFFFFFFFFFFFFFFFFFFFFFFFFFFFFFFFFFFF52
S3250801C000FFFFFFFFFFFFFFFFFFFFFFFFFFFFFFFFFFFFFFFFFFFFFFFFFFFFFFFFFFFFFFFF31
S3250801C020FFFFFFFFFFFFFFFFFFFFFFFFFFFFFFFFFFFFFFFFFFFFFFFFFFFFFFFFFFFFFFFF11
S3250801C040FFFFFFFFFFFFFFFFFFFFFFFFFFFFFFFFFFFFFFFFFFFFFFFFFFFFFFFFFFFFFFFFF1
S3250801C060FFFFFFFFFFFFFFFFFFFFFFFFFFFFFFFFFFFFFFFFFFFFFFFFFFFFFFFFFFFFFFFFD1
S3250801C080FFFFFFFFFFFFFFFFFFFFFFFFFFFFFFFFFFFFFFFFFFFFFFFFFFFFFFFFFFFFFFFFB1
S3250801C0A0FFFFFFFFFFFFFFFFFFFFFFFFFFFFFFFFFFFFFFFFFFFFFFFFFFFFFFFFFFFFFFFF91
S3250801C0C0FFFFFFFFFFFFFFFFFFFFFFFFFFFFFFFFFFFFFFFFFFFFFFFFFFFFFFFFFFFFFFFF71
S3250801C0E0FFFFFFFFFFFFFFFFFFFFFFFFFFFFFFFFFFFFFFFFFFFFFFFFFFFFFFFFFFFFFFFF51
S3250801C100FFFFFFFFFFFFFFFFFFFFFFFFFFFFFFFFFFFFFFFFFFFFFFFFFFFFFFFFFFFFFFFF30
S3250801C120FFFFFFFFFFFFFFFFFFFFFFFFFFFFFFFFFFFFFFFFFFFFFFFFFFFFFFFFFFFFFFFF10
S3250801C140FFFFFFFFFFFFFFFFFFFFFFFFFFFFFFFFFFFFFFFFFFFFFFFFFFFFFFFFFFFFFFFFF0
S3250801C160FFFFFFFFFFFFFFFFFFFFFFFFFFFFFFFFFFFFFFFFFFFFFFFFFFFFFFFFFFFFFFFFD0
S3250801C180FFFFFFFFFFFFFFFFFFFFFFFFFFFFFFFFFFFFFFFFFFFFFFFFFFFFFFFFFFFFFFFFB0
S3250801C1A0FFFFFFFFFFFFFFFFFFFFFFFFFFFFFFFFFFFFFFFFFFFFFFFFFFFFFFFFFFFFFFFF90
S3250801C1C0FFFFFFFFFFFFFFFFFFFFFFFFFFFFFFFFFFFFFFFFFFFFFFFFFFFFFFFFFFFFFFFF70
S3250801C1E0FFFFFFFFFFFFFFFFFFFFFFFFFFFFFFFFFFFFFFFFFFFFFFFFFFFFFFFFFFFFFFFF50
S3250801C200FFFFFFFFFFFFFFFFFFFFFFFFFFFFFFFFFFFFFFFFFFFFFFFFFFFFFFFFFFFFFFFF2F
S3250801C220FFFFFFFFFFFFFFFFFFFFFFFFFFFFFFFFFFFFFFFFFFFFFFFFFFFFFFFFFFFFFFFF0F
S3250801C240FFFFFFFFFFFFFFFFFFFFFFFFFFFFFFFFFFFFFFFFFFFFFFFFFFFFFFFFFFFFFFFFEF
S3250801C260FFFFFFFFFFFFFFFFFFFFFFFFFFFFFFFFFFFFFFFFFFFFFFFFFFFFFFFFFFFFFFFFCF
S3250801C280FFFFFFFFFFFFFFFFFFFFFFFFFFFFFFFFFFFFFFFFFFFFFFFFFFFFFFFFFFFFFFFFAF
S3250801C2A0FFFFFFFFFFFFFFFFFFFFFFFFFFFFFFFFFFFFFFFFFFFFFFFFFFFFFFFFFFFFFFFF8F
S3250801C2C0FFFFFFFFFFFFFFFFFFFFFFFFFFFFFFFFFFFFFFFFFFFFFFFFFFFFFFFFFFFFFFFF6F
S3250801C2E0FFFFFFFFFFFFFFFFFFFFFFFFFFFFFFFFFFFFFFFFFFFFFFFFFFFFFFFFFFFFFFFF4F
S3250801C300FFFFFFFFFFFFFFFFFFFFFFFFFFFFFFFFFFFFFFFFFFFFFFFFFFFFFFFFFFFFFFFF2E
S3250801C320FFFFFFFFFFFFFFFFFFFFFFFFFFFFFFFFFFFFFFFFFFFFFFFFFFFFFFFFFFFFFFFF0E
S3250801C340FFFFFFFFFFFFFFFFFFFFFFFFFFFFFFFFFFFFFFFFFFFFFFFFFFFFFFFFFFFFFFFFEE
S3250801C360FFFFFFFFFFFFFFFFFFFFFFFFFFFFFFFFFFFFFFFFFFFFFFFFFFFFFFFFFFFFFFFFCE
S3250801C380FFFFFFFFFFFFFFFFFFFFFFFFFFFFFFFFFFFFFFFFFFFFFFFFFFFFFFFFFFFFFFFFAE
S3250801C3A0FFFFFFFFFFFFFFFFFFFFFFFFFFFFFFFFFFFFFFFFFFFFFFFFFFFFFFFFFFFFFFFF8E
S3250801C3C0FFFFFFFFFFFFFFFFFFFFFFFFFFFFFFFFFFFFFFFFFFFFFFFFFFFFFFFFFFFFFFFF6E
S3250801C3E0FFFFFFFFFFFFFFFFFFFFFFFFFFFFFFFFFFFFFFFFFFFFFFFFFFFFFFFFFFFFFFFF4E
S3250801C400FFFFFFFFFFFFFFFFFFFFFFFFFFFFFFFFFFFFFFFFFFFFFFFFFFFFFFFFFFFFFFFF2D
S3250801C420FFFFFFFFFFFFFFFFFFFFFFFFFFFFFFFFFFFFFFFFFFFFFFFFFFFFFFFFFFFFFFFF0D
S3250801C440FFFFFFFFFFFFFFFFFFFFFFFFFFFFFFFFFFFFFFFFFFFFFFFFFFFFFFFFFFFFFFFFED
S3250801C460FFFFFFFFFFFFFFFFFFFFFFFFFFFFFFFFFFFFFFFFFFFFFFFFFFFFFFFFFFFFFFFFCD
S3250801C480FFFFFFFFFFFFFFFFFFFFFFFFFFFFFFFFFFFFFFFFFFFFFFFFFFFFFFFFFFFFFFFFAD
S3250801C4A0FFFFFFFFFFFFFFFFFFFFFFFFFFFFFFFFFFFFFFFFFFFFFFFFFFFFFFFFFFFFFFFF8D
S3250801C4C0FFFFFFFFFFFFFFFFFFFFFFFFFFFFFFFFFFFFFFFFFFFFFFFFFFFFFFFFFFFFFFFF6D
S3250801C4E0FFFFFFFFFFFFFFFFFFFFFFFFFFFFFFFFFFFFFFFFFFFFFFFFFFFFFFFFFFFFFFFF4D
S3250801C500FFFFFFFFFFFFFFFFFFFFFFFFFFFFFFFFFFFFFFFFFFFFFFFFFFFFFFFFFFFFFFFF2C
S3250801C520FFFFFFFFFFFFFFFFFFFFFFFFFFFFFFFFFFFFFFFFFFFFFFFFFFFFFFFFFFFFFFFF0C
S3250801C540FFFFFFFFFFFFFFFFFFFFFFFFFFFFFFFFFFFFFFFFFFFFFFFFFFFFFFFFFFFFFFFFEC
S3250801C560FFFFFFFFFFFFFFFFFFFFFFFFFFFFFFFFFFFFFFFFFFFFFFFFFFFFFFFFFFFFFFFFCC
S3250801C580FFFFFFFFFFFFFFFFFFFFFFFFFFFFFFFFFFFFFFFFFFFFFFFFFFFFFFFFFFFFFFFFAC
S3250801C5A0FFFFFFFFFFFFFFFFFFFFFFFFFFFFFFFFFFFFFFFFFFFFFFFFFFFFFFFFFFFFFFFF8C
S3250801C5C0FFFFFFFFFFFFFFFFFFFFFFFFFFFFFFFFFFFFFFFFFFFFFFFFFFFFFFFFFFFFFFFF6C
S3250801C5E0FFFFFFFFFFFFFFFFFFFFFFFFFFFFFFFFFFFFFFFFFFFFFFFFFFFFFFFFFFFFFFFF4C
S3250801C600FFFFFFFFFFFFFFFFFFFFFFFFFFFFFFFFFFFFFFFFFFFFFFFFFFFFFFFFFFFFFFFF2B
S3250801C620FFFFFFFFFFFFFFFFFFFFFFFFFFFFFFFFFFFFFFFFFFFFFFFFFFFFFFFFFFFFFFFF0B
S3250801C640FFFFFFFFFFFFFFFFFFFFFFFFFFFFFFFFFFFFFFFFFFFFFFFFFFFFFFFFFFFFFFFFEB
S3250801C660FFFFFFFFFFFFFFFFFFFFFFFFFFFFFFFFFFFFFFFFFFFFFFFFFFFFFFFFFFFFFFFFCB
S3250801C680FFFFFFFFFFFFFFFFFFFFFFFFFFFFFFFFFFFFFFFFFFFFFFFFFFFFFFFFFFFFFFFFAB
S3250801C6A0FFFFFFFFFFFFFFFFFFFFFFFFFFFFFFFFFFFFFFFFFFFFFFFFFFFFFFFFFFFFFFFF8B
S3250801C6C0FFFFFFFFFFFFFFFFFFFFFFFFFFFFFFFFFFFFFFFFFFFFFFFFFFFFFFFFFFFFFFFF6B
S3250801C6E0FFFFFFFFFFFFFFFFFFFFFFFFFFFFFFFFFFFFFFFFFFFFFFFFFFFFFFFFFFFFFFFF4B
S3250801C700FFFFFFFFFFFFFFFFFFFFFFFFFFFFFFFFFFFFFFFFFFFFFFFFFFFFFFFFFFFFFFFF2A
S3250801C720FFFFFFFFFFFFFFFFFFFFFFFFFFFFFFFFFFFFFFFFFFFFFFFFFFFFFFFFFFFFFFFF0A
S3250801C740FFFFFFFFFFFFFFFFFFFFFFFFFFFFFFFFFFFFFFFFFFFFFFFFFFFFFFFFFFFFFFFFEA
S3250801C760FFFFFFFFFFFFFFFFFFFFFFFFFFFFFFFFFFFFFFFFFFFFFFFFFFFFFFFFFFFFFFFFCA
S3250801C780FFFFFFFFFFFFFFFFFFFFFFFFFFFFFFFFFFFFFFFFFFFFFFFFFFFFFFFFFFFFFFFFAA
S3250801C7A0FFFFFFFFFFFFFFFFFFFFFFFFFFFFFFFFFFFFFFFFFFFFFFFFFFFFFFFFFFFFFFFF8A
S3250801C7C0FFFFFFFFFFFFFFFFFFFFFFFFFFFFFFFFFFFFFFFFFFFFFFFFFFFFFFFFFFFFFFFF6A
S3250801C7E0FFFFFFFFFFFFFFFFFFFFFFFFFFFFFFFFFFFFFFFFFFFFFFFFFFFFFFFFFFFFFFFF4A
S3250801C800FFFFFFFFFFFFFFFFFFFFFFFFFFFFFFFFFFFFFFFFFFFFFFFFFFFFFFFFFFFFFFFF29
S3250801C820FFFFFFFFFFFFFFFFFFFFFFFFFFFFFFFFFFFFFFFFFFFFFFFFFFFFFFFFFFFFFFFF09
S3250801C840FFFFFFFFFFFFFFFFFFFFFFFFFFFFFFFFFFFFFFFFFFFFFFFFFFFFFFFFFFFFFFFFE9
S3250801C860FFFFFFFFFFFFFFFFFFFFFFFFFFFFFFFFFFFFFFFFFFFFFFFFFFFFFFFFFFFFFFFFC9
S3250801C880FFFFFFFFFFFFFFFFFFFFFFFFFFFFFFFFFFFFFFFFFFFFFFFFFFFFFFFFFFFFFFFFA9
S3250801C8A0FFFFFFFFFFFFFFFFFFFFFFFFFFFFFFFFFFFFFFFFFFFFFFFFFFFFFFFFFFFFFFFF89
S3250801C8C0FFFFFFFFFFFFFFFFFFFFFFFFFFFFFFFFFFFFFFFFFFFFFFFFFFFFFFFFFFFFFFFF69
S3250801C8E0FFFFFFFFFFFFFFFFFFFFFFFFFFFFFFFFFFFFFFFFFFFFFFFFFFFFFFFFFFFFFFFF49
S3250801C900FFFFFFFFFFFFFFFFFFFFFFFFFFFFFFFFFFFFFFFFFFFFFFFFFFFFFFFFFFFFFFFF28
S3250801C920FFFFFFFFFFFFFFFFFFFFFFFFFFFFFFFFFFFFFFFFFFFFFFFFFFFFFFFFFFFFFFFF08
S3250801C940FFFFFFFFFFFFFFFFFFFFFFFFFFFFFFFFFFFFFFFFFFFFFFFFFFFFFFFFFFFFFFFFE8
S3250801C960FFFFFFFFFFFFFFFFFFFFFFFFFFFFFFFFFFFFFFFFFFFFFFFFFFFFFFFFFFFFFFFFC8
S3250801C980FFFFFFFFFFFFFFFFFFFFFFFFFFFFFFFFFFFFFFFFFFFFFFFFFFFFFFFFFFFFFFFFA8
S3250801C9A0FFFFFFFFFFFFFFFFFFFFFFFFFFFFFFFFFFFFFFFFFFFFFFFFFFFFFFFFFFFFFFFF88
S3250801C9C0FFFFFFFFFFFFFFFFFFFFFFFFFFFFFFFFFFFFFFFFFFFFFFFFFFFFFFFFFFFFFFFF68
S3250801C9E0FFFFFFFFFFFFFFFFFFFFFFFFFFFFFFFFFFFFFFFFFFFFFFFFFFFFFFFFFFFFFFFF48
S3250801CA00FFFFFFFFFFFFFFFFFFFFFFFFFFFFFFFFFFFFFFFFFFFFFFFFFFFFFFFFFFFFFFFF27
S3250801CA20FFFFFFFFFFFFFFFFFFFFFFFFFFFFFFFFFFFFFFFFFFFFFFFFFFFFFFFFFFFFFFFF07
S3250801CA40FFFFFFFFFFFFFFFFFFFFFFFFFFFFFFFFFFFFFFFFFFFFFFFFFFFFFFFFFFFFFFFFE7
S3250801CA60FFFFFFFFFFFFFFFFFFFFFFFFFFFFFFFFFFFFFFFFFFFFFFFFFFFFFFFFFFFFFFFFC7
S3250801CA80FFFFFFFFFFFFFFFFFFFFFFFFFFFFFFFFFFFFFFFFFFFFFFFFFFFFFFFFFFFFFFFFA7
S3250801CAA0FFFFFFFFFFFFFFFFFFFFFFFFFFFFFFFFFFFFFFFFFFFFFFFFFFFFFFFFFFFFFFFF87
S3250801CAC0FFFFFFFFFFFFFFFFFFFFFFFFFFFFFFFFFFFFFFFFFFFFFFFFFFFFFFFFFFFFFFFF67
S3250801CAE0FFFFFFFFFFFFFFFFFFFFFFFFFFFFFFFFFFFFFFFFFFFFFFFFFFFFFFFFFFFFFFFF47
S3250801CB00FFFFFFFFFFFFFFFFFFFFFFFFFFFFFFFFFFFFFFFFFFFFFFFFFFFFFFFFFFFFFFFF26
S3250801CB20FFFFFFFFFFFFFFFFFFFFFFFFFFFFFFFFFFFFFFFFFFFFFFFFFFFFFFFFFFFFFFFF06
S3250801CB40FFFFFFFFFFFFFFFFFFFFFFFFFFFFFFFFFFFFFFFFFFFFFFFFFFFFFFFFFFFFFFFFE6
S3250801CB60FFFFFFFFFFFFFFFFFFFFFFFFFFFFFFFFFFFFFFFFFFFFFFFFFFFFFFFFFFFFFFFFC6
S3250801CB80FFFFFFFFFFFFFFFFFFFFFFFFFFFFFFFFFFFFFFFFFFFFFFFFFFFFFFFFFFFFFFFFA6
S3250801CBA0FFFFFFFFFFFFFFFFFFFFFFFFFFFFFFFFFFFFFFFFFFFFFFFFFFFFFFFFFFFFFFFF86
S3250801CBC0FFFFFFFFFFFFFFFFFFFFFFFFFFFFFFFFFFFFFFFFFFFFFFFFFFFFFFFFFFFFFFFF66
S3250801CBE0FFFFFFFFFFFFFFFFFFFFFFFFFFFFFFFFFFFFFFFFFFFFFFFFFFFFFFFFFFFFFFFF46
S3250801CC00FFFFFFFFFFFFFFFFFFFFFFFFFFFFFFFFFFFFFFFFFFFFFFFFFFFFFFFFFFFFFFFF25
S3250801CC20FFFFFFFFFFFFFFFFFFFFFFFFFFFFFFFFFFFFFFFFFFFFFFFFFFFFFFFFFFFFFFFF05
S3250801CC40FFFFFFFFFFFFFFFFFFFFFFFFFFFFFFFFFFFFFFFFFFFFFFFFFFFFFFFFFFFFFFFFE5
S3250801CC60FFFFFFFFFFFFFFFFFFFFFFFFFFFFFFFFFFFFFFFFFFFFFFFFFFFFFFFFFFFFFFFFC5
S3250801CC80FFFFFFFFFFFFFFFFFFFFFFFFFFFFFFFFFFFFFFFFFFFFFFFFFFFFFFFFFFFFFFFFA5
S3250801CCA0FFFFFFFFFFFFFFFFFFFFFFFFFFFFFFFFFFFFFFFFFFFFFFFFFFFFFFFFFFFFFFFF85
S3250801CCC0FFFFFFFFFFFFFFFFFFFFFFFFFFFFFFFFFFFFFFFFFFFFFFFFFFFFFFFFFFFFFFFF65
S3250801CCE0FFFFFFFFFFFFFFFFFFFFFFFFFFFFFFFFFFFFFFFFFFFFFFFFFFFFFFFFFFFFFFFF45
S3250801CD00FFFFFFFFFFFFFFFFFFFFFFFFFFFFFFFFFFFFFFFFFFFFFFFFFFFFFFFFFFFFFFFF24
S3250801CD20FFFFFFFFFFFFFFFFFFFFFFFFFFFFFFFFFFFFFFFFFFFFFFFFFFFFFFFFFFFFFFFF04
S3250801CD40FFFFFFFFFFFFFFFFFFFFFFFFFFFFFFFFFFFFFFFFFFFFFFFFFFFFFFFFFFFFFFFFE4
S3250801CD60FFFFFFFFFFFFFFFFFFFFFFFFFFFFFFFFFFFFFFFFFFFFFFFFFFFFFFFFFFFFFFFFC4
S3250801CD80FFFFFFFFFFFFFFFFFFFFFFFFFFFFFFFFFFFFFFFFFFFFFFFFFFFFFFFFFFFFFFFFA4
S3250801CDA0FFFFFFFFFFFFFFFFFFFFFFFFFFFFFFFFFFFFFFFFFFFFFFFFFFFFFFFFFFFFFFFF84
S3250801CDC0FFFFFFFFFFFFFFFFFFFFFFFFFFFFFFFFFFFFFFFFFFFFFFFFFFFFFFFFFFFFFFFF64
S3250801CDE0FFFFFFFFFFFFFFFFFFFFFFFFFFFFFFFFFFFFFFFFFFFFFFFFFFFFFFFFFFFFFFFF44
S3250801CE00FFFFFFFFFFFFFFFFFFFFFFFFFFFFFFFFFFFFFFFFFFFFFFFFFFFFFFFFFFFFFFFF23
S3250801CE20FFFFFFFFFFFFFFFFFFFFFFFFFFFFFFFFFFFFFFFFFFFFFFFFFFFFFFFFFFFFFFFF03
S3250801CE40FFFFFFFFFFFFFFFFFFFFFFFFFFFFFFFFFFFFFFFFFFFFFFFFFFFFFFFFFFFFFFFFE3
S3250801CE60FFFFFFFFFFFFFFFFFFFFFFFFFFFFFFFFFFFFFFFFFFFFFFFFFFFFFFFFFFFFFFFFC3
S3250801CE80FFFFFFFFFFFFFFFFFFFFFFFFFFFFFFFFFFFFFFFFFFFFFFFFFFFFFFFFFFFFFFFFA3
S3250801CEA0FFFFFFFFFFFFFFFFFFFFFFFFFFFFFFFFFFFFFFFFFFFFFFFFFFFFFFFFFFFFFFFF83
S3250801CEC0FFFFFFFFFFFFFFFFFFFFFFFFFFFFFFFFFFFFFFFFFFFFFFFFFFFFFFFFFFFFFFFF63
S3250801CEE0FFFFFFFFFFFFFFFFFFFFFFFFFFFFFFFFFFFFFFFFFFFFFFFFFFFFFFFFFFFFFFFF43
S3250801CF00FFFFFFFFFFFFFFFFFFFFFFFFFFFFFFFFFFFFFFFFFFFFFFFFFFFFFFFFFFFFFFFF22
S3250801CF20FFFFFFFFFFFFFFFFFFFFFFFFFFFFFFFFFFFFFFFFFFFFFFFFFFFFFFFFFFFFFFFF02
S3250801CF40FFFFFFFFFFFFFFFFFFFFFFFFFFFFFFFFFFFFFFFFFFFFFFFFFFFFFFFFFFFFFFFFE2
S3250801CF60FFFFFFFFFFFFFFFFFFFFFFFFFFFFFFFFFFFFFFFFFFFFFFFFFFFFFFFFFFFFFFFFC2
S3250801CF80FFFFFFFFFFFFFFFFFFFFFFFFFFFFFFFFFFFFFFFFFFFFFFFFFFFFFFFFFFFFFFFFA2
S3250801CFA0FFFFFFFFFFFFFFFFFFFFFFFFFFFFFFFFFFFFFFFFFFFFFFFFFFFFFFFFFFFFFFFF82
S3250801CFC0FFFFFFFFFFFFFFFFFFFFFFFFFFFFFFFFFFFFFFFFFFFFFFFFFFFFFFFFFFFFFFFF62
S3250801CFE0FFFFFFFFFFFFFFFFFFFFFFFFFFFFFFFFFFFFFFFFFFFFFFFFFFFFFFFFFFFFFFFF42
S3250801D000FFFFFFFFFFFFFFFFFFFFFFFFFFFFFFFFFFFFFFFFFFFFFFFFFFFFFFFFFFFFFFFF21
S3250801D020FFFFFFFFFFFFFFFFFFFFFFFFFFFFFFFFFFFFFFFFFFFFFFFFFFFFFFFFFFFFFFFF01
S3250801D040FFFFFFFFFFFFFFFFFFFFFFFFFFFFFFFFFFFFFFFFFFFFFFFFFFFFFFFFFFFFFFFFE1
S3250801D060FFFFFFFFFFFFFFFFFFFFFFFFFFFFFFFFFFFFFFFFFFFFFFFFFFFFFFFFFFFFFFFFC1
S3250801D080FFFFFFFFFFFFFFFFFFFFFFFFFFFFFFFFFFFFFFFFFFFFFFFFFFFFFFFFFFFFFFFFA1
S3250801D0A0FFFFFFFFFFFFFFFFFFFFFFFFFFFFFFFFFFFFFFFFFFFFFFFFFFFFFFFFFFFFFFFF81
S3250801D0C0FFFFFFFFFFFFFFFFFFFFFFFFFFFFFFFFFFFFFFFFFFFFFFFFFFFFFFFFFFFFFFFF61
S3250801D0E0FFFFFFFFFFFFFFFFFFFFFFFFFFFFFFFFFFFFFFFFFFFFFFFFFFFFFFFFFFFFFFFF41
S3250801D100FFFFFFFFFFFFFFFFFFFFFFFFFFFFFFFFFFFFFFFFFFFFFFFFFFFFFFFFFFFFFFFF20
S3250801D120FFFFFFFFFFFFFFFFFFFFFFFFFFFFFFFFFFFFFFFFFFFFFFFFFFFFFFFFFFFFFFFF00
S3250801D140FFFFFFFFFFFFFFFFFFFFFFFFFFFFFFFFFFFFFFFFFFFFFFFFFFFFFFFFFFFFFFFFE0
S3250801D160FFFFFFFFFFFFFFFFFFFFFFFFFFFFFFFFFFFFFFFFFFFFFFFFFFFFFFFFFFFFFFFFC0
S3250801D180FFFFFFFFFFFFFFFFFFFFFFFFFFFFFFFFFFFFFFFFFFFFFFFFFFFFFFFFFFFFFFFFA0
S3250801D1A0FFFFFFFFFFFFFFFFFFFFFFFFFFFFFFFFFFFFFFFFFFFFFFFFFFFFFFFFFFFFFFFF80
S3250801D1C0FFFFFFFFFFFFFFFFFFFFFFFFFFFFFFFFFFFFFFFFFFFFFFFFFFFFFFFFFFFFFFFF60
S3250801D1E0FFFFFFFFFFFFFFFFFFFFFFFFFFFFFFFFFFFFFFFFFFFFFFFFFFFFFFFFFFFFFFFF40
S3250801D200FFFFFFFFFFFFFFFFFFFFFFFFFFFFFFFFFFFFFFFFFFFFFFFFFFFFFFFFFFFFFFFF1F
S3250801D220FFFFFFFFFFFFFFFFFFFFFFFFFFFFFFFFFFFFFFFFFFFFFFFFFFFFFFFFFFFFFFFFFF
S3250801D240FFFFFFFFFFFFFFFFFFFFFFFFFFFFFFFFFFFFFFFFFFFFFFFFFFFFFFFFFFFFFFFFDF
S3250801D260FFFFFFFFFFFFFFFFFFFFFFFFFFFFFFFFFFFFFFFFFFFFFFFFFFFFFFFFFFFFFFFFBF
S3250801D280FFFFFFFFFFFFFFFFFFFFFFFFFFFFFFFFFFFFFFFFFFFFFFFFFFFFFFFFFFFFFFFF9F
S3250801D2A0FFFFFFFFFFFFFFFFFFFFFFFFFFFFFFFFFFFFFFFFFFFFFFFFFFFFFFFFFFFFFFFF7F
S3250801D2C0FFFFFFFFFFFFFFFFFFFFFFFFFFFFFFFFFFFFFFFFFFFFFFFFFFFFFFFFFFFFFFFF5F
S3250801D2E0FFFFFFFFFFFFFFFFFFFFFFFFFFFFFFFFFFFFFFFFFFFFFFFFFFFFFFFFFFFFFFFF3F
S3250801D300FFFFFFFFFFFFFFFFFFFFFFFFFFFFFFFFFFFFFFFFFFFFFFFFFFFFFFFFFFFFFFFF1E
S3250801D320FFFFFFFFFFFFFFFFFFFFFFFFFFFFFFFFFFFFFFFFFFFFFFFFFFFFFFFFFFFFFFFFFE
S3250801D340FFFFFFFFFFFFFFFFFFFFFFFFFFFFFFFFFFFFFFFFFFFFFFFFFFFFFFFFFFFFFFFFDE
S3250801D360FFFFFFFFFFFFFFFFFFFFFFFFFFFFFFFFFFFFFFFFFFFFFFFFFFFFFFFFFFFFFFFFBE
S3250801D380FFFFFFFFFFFFFFFFFFFFFFFFFFFFFFFFFFFFFFFFFFFFFFFFFFFFFFFFFFFFFFFF9E
S3250801D3A0FFFFFFFFFFFFFFFFFFFFFFFFFFFFFFFFFFFFFFFFFFFFFFFFFFFFFFFFFFFFFFFF7E
S3250801D3C0FFFFFFFFFFFFFFFFFFFFFFFFFFFFFFFFFFFFFFFFFFFFFFFFFFFFFFFFFFFFFFFF5E
S3250801D3E0FFFFFFFFFFFFFFFFFFFFFFFFFFFFFFFFFFFFFFFFFFFFFFFFFFFFFFFFFFFFFFFF3E
S3250801D400FFFFFFFFFFFFFFFFFFFFFFFFFFFFFFFFFFFFFFFFFFFFFFFFFFFFFFFFFFFFFFFF1D
S3250801D420FFFFFFFFFFFFFFFFFFFFFFFFFFFFFFFFFFFFFFFFFFFFFFFFFFFFFFFFFFFFFFFFFD
S3250801D440FFFFFFFFFFFFFFFFFFFFFFFFFFFFFFFFFFFFFFFFFFFFFFFFFFFFFFFFFFFFFFFFDD
S3250801D460FFFFFFFFFFFFFFFFFFFFFFFFFFFFFFFFFFFFFFFFFFFFFFFFFFFFFFFFFFFFFFFFBD
S3250801D480FFFFFFFFFFFFFFFFFFFFFFFFFFFFFFFFFFFFFFFFFFFFFFFFFFFFFFFFFFFFFFFF9D
S3250801D4A0FFFFFFFFFFFFFFFFFFFFFFFFFFFFFFFFFFFFFFFFFFFFFFFFFFFFFFFFFFFFFFFF7D
S3250801D4C0FFFFFFFFFFFFFFFFFFFFFFFFFFFFFFFFFFFFFFFFFFFFFFFFFFFFFFFFFFFFFFFF5D
S3250801D4E0FFFFFFFFFFFFFFFFFFFFFFFFFFFFFFFFFFFFFFFFFFFFFFFFFFFFFFFFFFFFFFFF3D
S3250801D500FFFFFFFFFFFFFFFFFFFFFFFFFFFFFFFFFFFFFFFFFFFFFFFFFFFFFFFFFFFFFFFF1C
S3250801D520FFFFFFFFFFFFFFFFFFFFFFFFFFFFFFFFFFFFFFFFFFFFFFFFFFFFFFFFFFFFFFFFFC
S3250801D540FFFFFFFFFFFFFFFFFFFFFFFFFFFFFFFFFFFFFFFFFFFFFFFFFFFFFFFFFFFFFFFFDC
S3250801D560FFFFFFFFFFFFFFFFFFFFFFFFFFFFFFFFFFFFFFFFFFFFFFFFFFFFFFFFFFFFFFFFBC
S3250801D580FFFFFFFFFFFFFFFFFFFFFFFFFFFFFFFFFFFFFFFFFFFFFFFFFFFFFFFFFFFFFFFF9C
S3250801D5A0FFFFFFFFFFFFFFFFFFFFFFFFFFFFFFFFFFFFFFFFFFFFFFFFFFFFFFFFFFFFFFFF7C
S3250801D5C0FFFFFFFFFFFFFFFFFFFFFFFFFFFFFFFFFFFFFFFFFFFFFFFFFFFFFFFFFFFFFFFF5C
S3250801D5E0FFFFFFFFFFFFFFFFFFFFFFFFFFFFFFFFFFFFFFFFFFFFFFFFFFFFFFFFFFFFFFFF3C
S3250801D600FFFFFFFFFFFFFFFFFFFFFFFFFFFFFFFFFFFFFFFFFFFFFFFFFFFFFFFFFFFFFFFF1B
S3250801D620FFFFFFFFFFFFFFFFFFFFFFFFFFFFFFFFFFFFFFFFFFFFFFFFFFFFFFFFFFFFFFFFFB
S3250801D640FFFFFFFFFFFFFFFFFFFFFFFFFFFFFFFFFFFFFFFFFFFFFFFFFFFFFFFFFFFFFFFFDB
S3250801D660FFFFFFFFFFFFFFFFFFFFFFFFFFFFFFFFFFFFFFFFFFFFFFFFFFFFFFFFFFFFFFFFBB
S3250801D680FFFFFFFFFFFFFFFFFFFFFFFFFFFFFFFFFFFFFFFFFFFFFFFFFFFFFFFFFFFFFFFF9B
S3250801D6A0FFFFFFFFFFFFFFFFFFFFFFFFFFFFFFFFFFFFFFFFFFFFFFFFFFFFFFFFFFFFFFFF7B
S3250801D6C0FFFFFFFFFFFFFFFFFFFFFFFFFFFFFFFFFFFFFFFFFFFFFFFFFFFFFFFFFFFFFFFF5B
S3250801D6E0FFFFFFFFFFFFFFFFFFFFFFFFFFFFFFFFFFFFFFFFFFFFFFFFFFFFFFFFFFFFFFFF3B
S3250801D700FFFFFFFFFFFFFFFFFFFFFFFFFFFFFFFFFFFFFFFFFFFFFFFFFFFFFFFFFFFFFFFF1A
S3250801D720FFFFFFFFFFFFFFFFFFFFFFFFFFFFFFFFFFFFFFFFFFFFFFFFFFFFFFFFFFFFFFFFFA
S3250801D740FFFFFFFFFFFFFFFFFFFFFFFFFFFFFFFFFFFFFFFFFFFFFFFFFFFFFFFFFFFFFFFFDA
S3250801D760FFFFFFFFFFFFFFFFFFFFFFFFFFFFFFFFFFFFFFFFFFFFFFFFFFFFFFFFFFFFFFFFBA
S3250801D780FFFFFFFFFFFFFFFFFFFFFFFFFFFFFFFFFFFFFFFFFFFFFFFFFFFFFFFFFFFFFFFF9A
S3250801D7A0FFFFFFFFFFFFFFFFFFFFFFFFFFFFFFFFFFFFFFFFFFFFFFFFFFFFFFFFFFFFFFFF7A
S3250801D7C0FFFFFFFFFFFFFFFFFFFFFFFFFFFFFFFFFFFFFFFFFFFFFFFFFFFFFFFFFFFFFFFF5A
S3250801D7E0FFFFFFFFFFFFFFFFFFFFFFFFFFFFFFFFFFFFFFFFFFFFFFFFFFFFFFFFFFFFFFFF3A
S3250801D800FFFFFFFFFFFFFFFFFFFFFFFFFFFFFFFFFFFFFFFFFFFFFFFFFFFFFFFFFFFFFFFF19
S3250801D820FFFFFFFFFFFFFFFFFFFFFFFFFFFFFFFFFFFFFFFFFFFFFFFFFFFFFFFFFFFFFFFFF9
S3250801D840FFFFFFFFFFFFFFFFFFFFFFFFFFFFFFFFFFFFFFFFFFFFFFFFFFFFFFFFFFFFFFFFD9
S3250801D860FFFFFFFFFFFFFFFFFFFFFFFFFFFFFFFFFFFFFFFFFFFFFFFFFFFFFFFFFFFFFFFFB9
S3250801D880FFFFFFFFFFFFFFFFFFFFFFFFFFFFFFFFFFFFFFFFFFFFFFFFFFFFFFFFFFFFFFFF99
S3250801D8A0FFFFFFFFFFFFFFFFFFFFFFFFFFFFFFFFFFFFFFFFFFFFFFFFFFFFFFFFFFFFFFFF79
S3250801D8C0FFFFFFFFFFFFFFFFFFFFFFFFFFFFFFFFFFFFFFFFFFFFFFFFFFFFFFFFFFFFFFFF59
S3250801D8E0FFFFFFFFFFFFFFFFFFFFFFFFFFFFFFFFFFFFFFFFFFFFFFFFFFFFFFFFFFFFFFFF39
S3250801D900FFFFFFFFFFFFFFFFFFFFFFFFFFFFFFFFFFFFFFFFFFFFFFFFFFFFFFFFFFFFFFFF18
S3250801D920FFFFFFFFFFFFFFFFFFFFFFFFFFFFFFFFFFFFFFFFFFFFFFFFFFFFFFFFFFFFFFFFF8
S3250801D940FFFFFFFFFFFFFFFFFFFFFFFFFFFFFFFFFFFFFFFFFFFFFFFFFFFFFFFFFFFFFFFFD8
S3250801D960FFFFFFFFFFFFFFFFFFFFFFFFFFFFFFFFFFFFFFFFFFFFFFFFFFFFFFFFFFFFFFFFB8
S3250801D980FFFFFFFFFFFFFFFFFFFFFFFFFFFFFFFFFFFFFFFFFFFFFFFFFFFFFFFFFFFFFFFF98
S3250801D9A0FFFFFFFFFFFFFFFFFFFFFFFFFFFFFFFFFFFFFFFFFFFFFFFFFFFFFFFFFFFFFFFF78
S3250801D9C0FFFFFFFFFFFFFFFFFFFFFFFFFFFFFFFFFFFFFFFFFFFFFFFFFFFFFFFFFFFFFFFF58
S3250801D9E0FFFFFFFFFFFFFFFFFFFFFFFFFFFFFFFFFFFFFFFFFFFFFFFFFFFFFFFFFFFFFFFF38
S3250801DA00FFFFFFFFFFFFFFFFFFFFFFFFFFFFFFFFFFFFFFFFFFFFFFFFFFFFFFFFFFFFFFFF17
S3250801DA20FFFFFFFFFFFFFFFFFFFFFFFFFFFFFFFFFFFFFFFFFFFFFFFFFFFFFFFFFFFFFFFFF7
S3250801DA40FFFFFFFFFFFFFFFFFFFFFFFFFFFFFFFFFFFFFFFFFFFFFFFFFFFFFFFFFFFFFFFFD7
S3250801DA60FFFFFFFFFFFFFFFFFFFFFFFFFFFFFFFFFFFFFFFFFFFFFFFFFFFFFFFFFFFFFFFFB7
S3250801DA80FFFFFFFFFFFFFFFFFFFFFFFFFFFFFFFFFFFFFFFFFFFFFFFFFFFFFFFFFFFFFFFF97
S3250801DAA0FFFFFFFFFFFFFFFFFFFFFFFFFFFFFFFFFFFFFFFFFFFFFFFFFFFFFFFFFFFFFFFF77
S3250801DAC0FFFFFFFFFFFFFFFFFFFFFFFFFFFFFFFFFFFFFFFFFFFFFFFFFFFFFFFFFFFFFFFF57
S3250801DAE0FFFFFFFFFFFFFFFFFFFFFFFFFFFFFFFFFFFFFFFFFFFFFFFFFFFFFFFFFFFFFFFF37
S3250801DB00FFFFFFFFFFFFFFFFFFFFFFFFFFFFFFFFFFFFFFFFFFFFFFFFFFFFFFFFFFFFFFFF16
S3250801DB20FFFFFFFFFFFFFFFFFFFFFFFFFFFFFFFFFFFFFFFFFFFFFFFFFFFFFFFFFFFFFFFFF6
S3250801DB40FFFFFFFFFFFFFFFFFFFFFFFFFFFFFFFFFFFFFFFFFFFFFFFFFFFFFFFFFFFFFFFFD6
S3250801DB60FFFFFFFFFFFFFFFFFFFFFFFFFFFFFFFFFFFFFFFFFFFFFFFFFFFFFFFFFFFFFFFFB6
S3250801DB80FFFFFFFFFFFFFFFFFFFFFFFFFFFFFFFFFFFFFFFFFFFFFFFFFFFFFFFFFFFFFFFF96
S3250801DBA0FFFFFFFFFFFFFFFFFFFFFFFFFFFFFFFFFFFFFFFFFFFFFFFFFFFFFFFFFFFFFFFF76
S3250801DBC0FFFFFFFFFFFFFFFFFFFFFFFFFFFFFFFFFFFFFFFFFFFFFFFFFFFFFFFFFFFFFFFF56
S3250801DBE0FFFFFFFFFFFFFFFFFFFFFFFFFFFFFFFFFFFFFFFFFFFFFFFFFFFFFFFFFFFFFFFF36
S3250801DC00FFFFFFFFFFFFFFFFFFFFFFFFFFFFFFFFFFFFFFFFFFFFFFFFFFFFFFFFFFFFFFFF15
S3250801DC20FFFFFFFFFFFFFFFFFFFFFFFFFFFFFFFFFFFFFFFFFFFFFFFFFFFFFFFFFFFFFFFFF5
S3250801DC40FFFFFFFFFFFFFFFFFFFFFFFFFFFFFFFFFFFFFFFFFFFFFFFFFFFFFFFFFFFFFFFFD5
S3250801DC60FFFFFFFFFFFFFFFFFFFFFFFFFFFFFFFFFFFFFFFFFFFFFFFFFFFFFFFFFFFFFFFFB5
S3250801DC80FFFFFFFFFFFFFFFFFFFFFFFFFFFFFFFFFFFFFFFFFFFFFFFFFFFFFFFFFFFFFFFF95
S3250801DCA0FFFFFFFFFFFFFFFFFFFFFFFFFFFFFFFFFFFFFFFFFFFFFFFFFFFFFFFFFFFFFFFF75
S3250801DCC0FFFFFFFFFFFFFFFFFFFFFFFFFFFFFFFFFFFFFFFFFFFFFFFFFFFFFFFFFFFFFFFF55
S3250801DCE0FFFFFFFFFFFFFFFFFFFFFFFFFFFFFFFFFFFFFFFFFFFFFFFFFFFFFFFFFFFFFFFF35
S3250801DD00FFFFFFFFFFFFFFFFFFFFFFFFFFFFFFFFFFFFFFFFFFFFFFFFFFFFFFFFFFFFFFFF14
S3250801DD20FFFFFFFFFFFFFFFFFFFFFFFFFFFFFFFFFFFFFFFFFFFFFFFFFFFFFFFFFFFFFFFFF4
S3250801DD40FFFFFFFFFFFFFFFFFFFFFFFFFFFFFFFFFFFFFFFFFFFFFFFFFFFFFFFFFFFFFFFFD4
S3250801DD60FFFFFFFFFFFFFFFFFFFFFFFFFFFFFFFFFFFFFFFFFFFFFFFFFFFFFFFFFFFFFFFFB4
S3250801DD80FFFFFFFFFFFFFFFFFFFFFFFFFFFFFFFFFFFFFFFFFFFFFFFFFFFFFFFFFFFFFFFF94
S3250801DDA0FFFFFFFFFFFFFFFFFFFFFFFFFFFFFFFFFFFFFFFFFFFFFFFFFFFFFFFFFFFFFFFF74
S3250801DDC0FFFFFFFFFFFFFFFFFFFFFFFFFFFFFFFFFFFFFFFFFFFFFFFFFFFFFFFFFFFFFFFF54
S3250801DDE0FFFFFFFFFFFFFFFFFFFFFFFFFFFFFFFFFFFFFFFFFFFFFFFFFFFFFFFFFFFFFFFF34
S3250801DE00FFFFFFFFFFFFFFFFFFFFFFFFFFFFFFFFFFFFFFFFFFFFFFFFFFFFFFFFFFFFFFFF13
S3250801DE20FFFFFFFFFFFFFFFFFFFFFFFFFFFFFFFFFFFFFFFFFFFFFFFFFFFFFFFFFFFFFFFFF3
S3250801DE40FFFFFFFFFFFFFFFFFFFFFFFFFFFFFFFFFFFFFFFFFFFFFFFFFFFFFFFFFFFFFFFFD3
S3250801DE60FFFFFFFFFFFFFFFFFFFFFFFFFFFFFFFFFFFFFFFFFFFFFFFFFFFFFFFFFFFFFFFFB3
S3250801DE80FFFFFFFFFFFFFFFFFFFFFFFFFFFFFFFFFFFFFFFFFFFFFFFFFFFFFFFFFFFFFFFF93
S3250801DEA0FFFFFFFFFFFFFFFFFFFFFFFFFFFFFFFFFFFFFFFFFFFFFFFFFFFFFFFFFFFFFFFF73
S3250801DEC0FFFFFFFFFFFFFFFFFFFFFFFFFFFFFFFFFFFFFFFFFFFFFFFFFFFFFFFFFFFFFFFF53
S3250801DEE0FFFFFFFFFFFFFFFFFFFFFFFFFFFFFFFFFFFFFFFFFFFFFFFFFFFFFFFFFFFFFFFF33
S3250801DF00FFFFFFFFFFFFFFFFFFFFFFFFFFFFFFFFFFFFFFFFFFFFFFFFFFFFFFFFFFFFFFFF12
S3250801DF20FFFFFFFFFFFFFFFFFFFFFFFFFFFFFFFFFFFFFFFFFFFFFFFFFFFFFFFFFFFFFFFFF2
S3250801DF40FFFFFFFFFFFFFFFFFFFFFFFFFFFFFFFFFFFFFFFFFFFFFFFFFFFFFFFFFFFFFFFFD2
S3250801DF60FFFFFFFFFFFFFFFFFFFFFFFFFFFFFFFFFFFFFFFFFFFFFFFFFFFFFFFFFFFFFFFFB2
S3250801DF80FFFFFFFFFFFFFFFFFFFFFFFFFFFFFFFFFFFFFFFFFFFFFFFFFFFFFFFFFFFFFFFF92
S3250801DFA0FFFFFFFFFFFFFFFFFFFFFFFFFFFFFFFFFFFFFFFFFFFFFFFFFFFFFFFFFFFFFFFF72
S3250801DFC0FFFFFFFFFFFFFFFFFFFFFFFFFFFFFFFFFFFFFFFFFFFFFFFFFFFFFFFFFFFFFFFF52
S3250801DFE0FFFFFFFFFFFFFFFFFFFFFFFFFFFFFFFFFFFFFFFFFFFFFFFFFFFFFFFFFFFFFFFF32
S3250801E000FFFFFFFFFFFFFFFFFFFFFFFFFFFFFFFFFFFFFFFFFFFFFFFFFFFFFFFFFFFFFFFF11
S3250801E020FFFFFFFFFFFFFFFFFFFFFFFFFFFFFFFFFFFFFFFFFFFFFFFFFFFFFFFFFFFFFFFFF1
S3250801E040FFFFFFFFFFFFFFFFFFFFFFFFFFFFFFFFFFFFFFFFFFFFFFFFFFFFFFFFFFFFFFFFD1
S3250801E060FFFFFFFFFFFFFFFFFFFFFFFFFFFFFFFFFFFFFFFFFFFFFFFFFFFFFFFFFFFFFFFFB1
S3250801E080FFFFFFFFFFFFFFFFFFFFFFFFFFFFFFFFFFFFFFFFFFFFFFFFFFFFFFFFFFFFFFFF91
S3250801E0A0FFFFFFFFFFFFFFFFFFFFFFFFFFFFFFFFFFFFFFFFFFFFFFFFFFFFFFFFFFFFFFFF71
S3250801E0C0FFFFFFFFFFFFFFFFFFFFFFFFFFFFFFFFFFFFFFFFFFFFFFFFFFFFFFFFFFFFFFFF51
S3250801E0E0FFFFFFFFFFFFFFFFFFFFFFFFFFFFFFFFFFFFFFFFFFFFFFFFFFFFFFFFFFFFFFFF31
S3250801E100FFFFFFFFFFFFFFFFFFFFFFFFFFFFFFFFFFFFFFFFFFFFFFFFFFFFFFFFFFFFFFFF10
S3250801E120FFFFFFFFFFFFFFFFFFFFFFFFFFFFFFFFFFFFFFFFFFFFFFFFFFFFFFFFFFFFFFFFF0
S3250801E140FFFFFFFFFFFFFFFFFFFFFFFFFFFFFFFFFFFFFFFFFFFFFFFFFFFFFFFFFFFFFFFFD0
S3250801E160FFFFFFFFFFFFFFFFFFFFFFFFFFFFFFFFFFFFFFFFFFFFFFFFFFFFFFFFFFFFFFFFB0
S3250801E180FFFFFFFFFFFFFFFFFFFFFFFFFFFFFFFFFFFFFFFFFFFFFFFFFFFFFFFFFFFFFFFF90
S3250801E1A0FFFFFFFFFFFFFFFFFFFFFFFFFFFFFFFFFFFFFFFFFFFFFFFFFFFFFFFFFFFFFFFF70
S3250801E1C0FFFFFFFFFFFFFFFFFFFFFFFFFFFFFFFFFFFFFFFFFFFFFFFFFFFFFFFFFFFFFFFF50
S3250801E1E0FFFFFFFFFFFFFFFFFFFFFFFFFFFFFFFFFFFFFFFFFFFFFFFFFFFFFFFFFFFFFFFF30
S3250801E200FFFFFFFFFFFFFFFFFFFFFFFFFFFFFFFFFFFFFFFFFFFFFFFFFFFFFFFFFFFFFFFF0F
S3250801E220FFFFFFFFFFFFFFFFFFFFFFFFFFFFFFFFFFFFFFFFFFFFFFFFFFFFFFFFFFFFFFFFEF
S3250801E240FFFFFFFFFFFFFFFFFFFFFFFFFFFFFFFFFFFFFFFFFFFFFFFFFFFFFFFFFFFFFFFFCF
S3250801E260FFFFFFFFFFFFFFFFFFFFFFFFFFFFFFFFFFFFFFFFFFFFFFFFFFFFFFFFFFFFFFFFAF
S3250801E280FFFFFFFFFFFFFFFFFFFFFFFFFFFFFFFFFFFFFFFFFFFFFFFFFFFFFFFFFFFFFFFF8F
S3250801E2A0FFFFFFFFFFFFFFFFFFFFFFFFFFFFFFFFFFFFFFFFFFFFFFFFFFFFFFFFFFFFFFFF6F
S3250801E2C0FFFFFFFFFFFFFFFFFFFFFFFFFFFFFFFFFFFFFFFFFFFFFFFFFFFFFFFFFFFFFFFF4F
S3250801E2E0FFFFFFFFFFFFFFFFFFFFFFFFFFFFFFFFFFFFFFFFFFFFFFFFFFFFFFFFFFFFFFFF2F
S3250801E300FFFFFFFFFFFFFFFFFFFFFFFFFFFFFFFFFFFFFFFFFFFFFFFFFFFFFFFFFFFFFFFF0E
S3250801E320FFFFFFFFFFFFFFFFFFFFFFFFFFFFFFFFFFFFFFFFFFFFFFFFFFFFFFFFFFFFFFFFEE
S3250801E340FFFFFFFFFFFFFFFFFFFFFFFFFFFFFFFFFFFFFFFFFFFFFFFFFFFFFFFFFFFFFFFFCE
S3250801E360FFFFFFFFFFFFFFFFFFFFFFFFFFFFFFFFFFFFFFFFFFFFFFFFFFFFFFFFFFFFFFFFAE
S3250801E380FFFFFFFFFFFFFFFFFFFFFFFFFFFFFFFFFFFFFFFFFFFFFFFFFFFFFFFFFFFFFFFF8E
S3250801E3A0FFFFFFFFFFFFFFFFFFFFFFFFFFFFFFFFFFFFFFFFFFFFFFFFFFFFFFFFFFFFFFFF6E
S3250801E3C0FFFFFFFFFFFFFFFFFFFFFFFFFFFFFFFFFFFFFFFFFFFFFFFFFFFFFFFFFFFFFFFF4E
S3250801E3E0FFFFFFFFFFFFFFFFFFFFFFFFFFFFFFFFFFFFFFFFFFFFFFFFFFFFFFFFFFFFFFFF2E
S3250801E400FFFFFFFFFFFFFFFFFFFFFFFFFFFFFFFFFFFFFFFFFFFFFFFFFFFFFFFFFFFFFFFF0D
S3250801E420FFFFFFFFFFFFFFFFFFFFFFFFFFFFFFFFFFFFFFFFFFFFFFFFFFFFFFFFFFFFFFFFED
S3250801E440FFFFFFFFFFFFFFFFFFFFFFFFFFFFFFFFFFFFFFFFFFFFFFFFFFFFFFFFFFFFFFFFCD
S3250801E460FFFFFFFFFFFFFFFFFFFFFFFFFFFFFFFFFFFFFFFFFFFFFFFFFFFFFFFFFFFFFFFFAD
S3250801E480FFFFFFFFFFFFFFFFFFFFFFFFFFFFFFFFFFFFFFFFFFFFFFFFFFFFFFFFFFFFFFFF8D
S3250801E4A0FFFFFFFFFFFFFFFFFFFFFFFFFFFFFFFFFFFFFFFFFFFFFFFFFFFFFFFFFFFFFFFF6D
S3250801E4C0FFFFFFFFFFFFFFFFFFFFFFFFFFFFFFFFFFFFFFFFFFFFFFFFFFFFFFFFFFFFFFFF4D
S3250801E4E0FFFFFFFFFFFFFFFFFFFFFFFFFFFFFFFFFFFFFFFFFFFFFFFFFFFFFFFFFFFFFFFF2D
S3250801E500FFFFFFFFFFFFFFFFFFFFFFFFFFFFFFFFFFFFFFFFFFFFFFFFFFFFFFFFFFFFFFFF0C
S3250801E520FFFFFFFFFFFFFFFFFFFFFFFFFFFFFFFFFFFFFFFFFFFFFFFFFFFFFFFFFFFFFFFFEC
S3250801E540FFFFFFFFFFFFFFFFFFFFFFFFFFFFFFFFFFFFFFFFFFFFFFFFFFFFFFFFFFFFFFFFCC
S3250801E560FFFFFFFFFFFFFFFFFFFFFFFFFFFFFFFFFFFFFFFFFFFFFFFFFFFFFFFFFFFFFFFFAC
S3250801E580FFFFFFFFFFFFFFFFFFFFFFFFFFFFFFFFFFFFFFFFFFFFFFFFFFFFFFFFFFFFFFFF8C
S3250801E5A0FFFFFFFFFFFFFFFFFFFFFFFFFFFFFFFFFFFFFFFFFFFFFFFFFFFFFFFFFFFFFFFF6C
S3250801E5C0FFFFFFFFFFFFFFFFFFFFFFFFFFFFFFFFFFFFFFFFFFFFFFFFFFFFFFFFFFFFFFFF4C
S3250801E5E0FFFFFFFFFFFFFFFFFFFFFFFFFFFFFFFFFFFFFFFFFFFFFFFFFFFFFFFFFFFFFFFF2C
S3250801E600FFFFFFFFFFFFFFFFFFFFFFFFFFFFFFFFFFFFFFFFFFFFFFFFFFFFFFFFFFFFFFFF0B
S3250801E620FFFFFFFFFFFFFFFFFFFFFFFFFFFFFFFFFFFFFFFFFFFFFFFFFFFFFFFFFFFFFFFFEB
S3250801E640FFFFFFFFFFFFFFFFFFFFFFFFFFFFFFFFFFFFFFFFFFFFFFFFFFFFFFFFFFFFFFFFCB
S3250801E660FFFFFFFFFFFFFFFFFFFFFFFFFFFFFFFFFFFFFFFFFFFFFFFFFFFFFFFFFFFFFFFFAB
S3250801E680FFFFFFFFFFFFFFFFFFFFFFFFFFFFFFFFFFFFFFFFFFFFFFFFFFFFFFFFFFFFFFFF8B
S3250801E6A0FFFFFFFFFFFFFFFFFFFFFFFFFFFFFFFFFFFFFFFFFFFFFFFFFFFFFFFFFFFFFFFF6B
S3250801E6C0FFFFFFFFFFFFFFFFFFFFFFFFFFFFFFFFFFFFFFFFFFFFFFFFFFFFFFFFFFFFFFFF4B
S3250801E6E0FFFFFFFFFFFFFFFFFFFFFFFFFFFFFFFFFFFFFFFFFFFFFFFFFFFFFFFFFFFFFFFF2B
S3250801E700FFFFFFFFFFFFFFFFFFFFFFFFFFFFFFFFFFFFFFFFFFFFFFFFFFFFFFFFFFFFFFFF0A
S3250801E720FFFFFFFFFFFFFFFFFFFFFFFFFFFFFFFFFFFFFFFFFFFFFFFFFFFFFFFFFFFFFFFFEA
S3250801E740FFFFFFFFFFFFFFFFFFFFFFFFFFFFFFFFFFFFFFFFFFFFFFFFFFFFFFFFFFFFFFFFCA
S3250801E760FFFFFFFFFFFFFFFFFFFFFFFFFFFFFFFFFFFFFFFFFFFFFFFFFFFFFFFFFFFFFFFFAA
S3250801E780FFFFFFFFFFFFFFFFFFFFFFFFFFFFFFFFFFFFFFFFFFFFFFFFFFFFFFFFFFFFFFFF8A
S3250801E7A0FFFFFFFFFFFFFFFFFFFFFFFFFFFFFFFFFFFFFFFFFFFFFFFFFFFFFFFFFFFFFFFF6A
S3250801E7C0FFFFFFFFFFFFFFFFFFFFFFFFFFFFFFFFFFFFFFFFFFFFFFFFFFFFFFFFFFFFFFFF4A
S3250801E7E0FFFFFFFFFFFFFFFFFFFFFFFFFFFFFFFFFFFFFFFFFFFFFFFFFFFFFFFFFFFFFFFF2A
S3250801E800FFFFFFFFFFFFFFFFFFFFFFFFFFFFFFFFFFFFFFFFFFFFFFFFFFFFFFFFFFFFFFFF09
S3250801E820FFFFFFFFFFFFFFFFFFFFFFFFFFFFFFFFFFFFFFFFFFFFFFFFFFFFFFFFFFFFFFFFE9
S3250801E840FFFFFFFFFFFFFFFFFFFFFFFFFFFFFFFFFFFFFFFFFFFFFFFFFFFFFFFFFFFFFFFFC9
S3250801E860FFFFFFFFFFFFFFFFFFFFFFFFFFFFFFFFFFFFFFFFFFFFFFFFFFFFFFFFFFFFFFFFA9
S3250801E880FFFFFFFFFFFFFFFFFFFFFFFFFFFFFFFFFFFFFFFFFFFFFFFFFFFFFFFFFFFFFFFF89
S3250801E8A0FFFFFFFFFFFFFFFFFFFFFFFFFFFFFFFFFFFFFFFFFFFFFFFFFFFFFFFFFFFFFFFF69
S3250801E8C0FFFFFFFFFFFFFFFFFFFFFFFFFFFFFFFFFFFFFFFFFFFFFFFFFFFFFFFFFFFFFFFF49
S3250801E8E0FFFFFFFFFFFFFFFFFFFFFFFFFFFFFFFFFFFFFFFFFFFFFFFFFFFFFFFFFFFFFFFF29
S3250801E900FFFFFFFFFFFFFFFFFFFFFFFFFFFFFFFFFFFFFFFFFFFFFFFFFFFFFFFFFFFFFFFF08
S3250801E920FFFFFFFFFFFFFFFFFFFFFFFFFFFFFFFFFFFFFFFFFFFFFFFFFFFFFFFFFFFFFFFFE8
S3250801E940FFFFFFFFFFFFFFFFFFFFFFFFFFFFFFFFFFFFFFFFFFFFFFFFFFFFFFFFFFFFFFFFC8
S3250801E960FFFFFFFFFFFFFFFFFFFFFFFFFFFFFFFFFFFFFFFFFFFFFFFFFFFFFFFFFFFFFFFFA8
S3250801E980FFFFFFFFFFFFFFFFFFFFFFFFFFFFFFFFFFFFFFFFFFFFFFFFFFFFFFFFFFFFFFFF88
S3250801E9A0FFFFFFFFFFFFFFFFFFFFFFFFFFFFFFFFFFFFFFFFFFFFFFFFFFFFFFFFFFFFFFFF68
S3250801E9C0FFFFFFFFFFFFFFFFFFFFFFFFFFFFFFFFFFFFFFFFFFFFFFFFFFFFFFFFFFFFFFFF48
S3250801E9E0FFFFFFFFFFFFFFFFFFFFFFFFFFFFFFFFFFFFFFFFFFFFFFFFFFFFFFFFFFFFFFFF28
S3250801EA00FFFFFFFFFFFFFFFFFFFFFFFFFFFFFFFFFFFFFFFFFFFFFFFFFFFFFFFFFFFFFFFF07
S3250801EA20FFFFFFFFFFFFFFFFFFFFFFFFFFFFFFFFFFFFFFFFFFFFFFFFFFFFFFFFFFFFFFFFE7
S3250801EA40FFFFFFFFFFFFFFFFFFFFFFFFFFFFFFFFFFFFFFFFFFFFFFFFFFFFFFFFFFFFFFFFC7
S3250801EA60FFFFFFFFFFFFFFFFFFFFFFFFFFFFFFFFFFFFFFFFFFFFFFFFFFFFFFFFFFFFFFFFA7
S3250801EA80FFFFFFFFFFFFFFFFFFFFFFFFFFFFFFFFFFFFFFFFFFFFFFFFFFFFFFFFFFFFFFFF87
S3250801EAA0FFFFFFFFFFFFFFFFFFFFFFFFFFFFFFFFFFFFFFFFFFFFFFFFFFFFFFFFFFFFFFFF67
S3250801EAC0FFFFFFFFFFFFFFFFFFFFFFFFFFFFFFFFFFFFFFFFFFFFFFFFFFFFFFFFFFFFFFFF47
S3250801EAE0FFFFFFFFFFFFFFFFFFFFFFFFFFFFFFFFFFFFFFFFFFFFFFFFFFFFFFFFFFFFFFFF27
S3250801EB00FFFFFFFFFFFFFFFFFFFFFFFFFFFFFFFFFFFFFFFFFFFFFFFFFFFFFFFFFFFFFFFF06
S3250801EB20FFFFFFFFFFFFFFFFFFFFFFFFFFFFFFFFFFFFFFFFFFFFFFFFFFFFFFFFFFFFFFFFE6
S3250801EB40FFFFFFFFFFFFFFFFFFFFFFFFFFFFFFFFFFFFFFFFFFFFFFFFFFFFFFFFFFFFFFFFC6
S3250801EB60FFFFFFFFFFFFFFFFFFFFFFFFFFFFFFFFFFFFFFFFFFFFFFFFFFFFFFFFFFFFFFFFA6
S3250801EB80FFFFFFFFFFFFFFFFFFFFFFFFFFFFFFFFFFFFFFFFFFFFFFFFFFFFFFFFFFFFFFFF86
S3250801EBA0FFFFFFFFFFFFFFFFFFFFFFFFFFFFFFFFFFFFFFFFFFFFFFFFFFFFFFFFFFFFFFFF66
S3250801EBC0FFFFFFFFFFFFFFFFFFFFFFFFFFFFFFFFFFFFFFFFFFFFFFFFFFFFFFFFFFFFFFFF46
S3250801EBE0FFFFFFFFFFFFFFFFFFFFFFFFFFFFFFFFFFFFFFFFFFFFFFFFFFFFFFFFFFFFFFFF26
S3250801EC00FFFFFFFFFFFFFFFFFFFFFFFFFFFFFFFFFFFFFFFFFFFFFFFFFFFFFFFFFFFFFFFF05
S3250801EC20FFFFFFFFFFFFFFFFFFFFFFFFFFFFFFFFFFFFFFFFFFFFFFFFFFFFFFFFFFFFFFFFE5
S3250801EC40FFFFFFFFFFFFFFFFFFFFFFFFFFFFFFFFFFFFFFFFFFFFFFFFFFFFFFFFFFFFFFFFC5
S3250801EC60FFFFFFFFFFFFFFFFFFFFFFFFFFFFFFFFFFFFFFFFFFFFFFFFFFFFFFFFFFFFFFFFA5
S3250801EC80FFFFFFFFFFFFFFFFFFFFFFFFFFFFFFFFFFFFFFFFFFFFFFFFFFFFFFFFFFFFFFFF85
S3250801ECA0FFFFFFFFFFFFFFFFFFFFFFFFFFFFFFFFFFFFFFFFFFFFFFFFFFFFFFFFFFFFFFFF65
S3250801ECC0FFFFFFFFFFFFFFFFFFFFFFFFFFFFFFFFFFFFFFFFFFFFFFFFFFFFFFFFFFFFFFFF45
S3250801ECE0FFFFFFFFFFFFFFFFFFFFFFFFFFFFFFFFFFFFFFFFFFFFFFFFFFFFFFFFFFFFFFFF25
S3250801ED00FFFFFFFFFFFFFFFFFFFFFFFFFFFFFFFFFFFFFFFFFFFFFFFFFFFFFFFFFFFFFFFF04
S3250801ED20FFFFFFFFFFFFFFFFFFFFFFFFFFFFFFFFFFFFFFFFFFFFFFFFFFFFFFFFFFFFFFFFE4
S3250801ED40FFFFFFFFFFFFFFFFFFFFFFFFFFFFFFFFFFFFFFFFFFFFFFFFFFFFFFFFFFFFFFFFC4
S3250801ED60FFFFFFFFFFFFFFFFFFFFFFFFFFFFFFFFFFFFFFFFFFFFFFFFFFFFFFFFFFFFFFFFA4
S3250801ED80FFFFFFFFFFFFFFFFFFFFFFFFFFFFFFFFFFFFFFFFFFFFFFFFFFFFFFFFFFFFFFFF84
S3250801EDA0FFFFFFFFFFFFFFFFFFFFFFFFFFFFFFFFFFFFFFFFFFFFFFFFFFFFFFFFFFFFFFFF64
S3250801EDC0FFFFFFFFFFFFFFFFFFFFFFFFFFFFFFFFFFFFFFFFFFFFFFFFFFFFFFFFFFFFFFFF44
S3250801EDE0FFFFFFFFFFFFFFFFFFFFFFFFFFFFFFFFFFFFFFFFFFFFFFFFFFFFFFFFFFFFFFFF24
S3250801EE00FFFFFFFFFFFFFFFFFFFFFFFFFFFFFFFFFFFFFFFFFFFFFFFFFFFFFFFFFFFFFFFF03
S3250801EE20FFFFFFFFFFFFFFFFFFFFFFFFFFFFFFFFFFFFFFFFFFFFFFFFFFFFFFFFFFFFFFFFE3
S3250801EE40FFFFFFFFFFFFFFFFFFFFFFFFFFFFFFFFFFFFFFFFFFFFFFFFFFFFFFFFFFFFFFFFC3
S3250801EE60FFFFFFFFFFFFFFFFFFFFFFFFFFFFFFFFFFFFFFFFFFFFFFFFFFFFFFFFFFFFFFFFA3
S3250801EE80FFFFFFFFFFFFFFFFFFFFFFFFFFFFFFFFFFFFFFFFFFFFFFFFFFFFFFFFFFFFFFFF83
S3250801EEA0FFFFFFFFFFFFFFFFFFFFFFFFFFFFFFFFFFFFFFFFFFFFFFFFFFFFFFFFFFFFFFFF63
S3250801EEC0FFFFFFFFFFFFFFFFFFFFFFFFFFFFFFFFFFFFFFFFFFFFFFFFFFFFFFFFFFFFFFFF43
S3250801EEE0FFFFFFFFFFFFFFFFFFFFFFFFFFFFFFFFFFFFFFFFFFFFFFFFFFFFFFFFFFFFFFFF23
S3250801EF00FFFFFFFFFFFFFFFFFFFFFFFFFFFFFFFFFFFFFFFFFFFFFFFFFFFFFFFFFFFFFFFF02
S3250801EF20FFFFFFFFFFFFFFFFFFFFFFFFFFFFFFFFFFFFFFFFFFFFFFFFFFFFFFFFFFFFFFFFE2
S3250801EF40FFFFFFFFFFFFFFFFFFFFFFFFFFFFFFFFFFFFFFFFFFFFFFFFFFFFFFFFFFFFFFFFC2
S3250801EF60FFFFFFFFFFFFFFFFFFFFFFFFFFFFFFFFFFFFFFFFFFFFFFFFFFFFFFFFFFFFFFFFA2
S3250801EF80FFFFFFFFFFFFFFFFFFFFFFFFFFFFFFFFFFFFFFFFFFFFFFFFFFFFFFFFFFFFFFFF82
S3250801EFA0FFFFFFFFFFFFFFFFFFFFFFFFFFFFFFFFFFFFFFFFFFFFFFFFFFFFFFFFFFFFFFFF62
S3250801EFC0FFFFFFFFFFFFFFFFFFFFFFFFFFFFFFFFFFFFFFFFFFFFFFFFFFFFFFFFFFFFFFFF42
S3250801EFE0FFFFFFFFFFFFFFFFFFFFFFFFFFFFFFFFFFFFFFFFFFFFFFFFFFFFFFFFFFFFFFFF22
S3250801F000FFFFFFFFFFFFFFFFFFFFFFFFFFFFFFFFFFFFFFFFFFFFFFFFFFFFFFFFFFFFFFFF01
S3250801F020FFFFFFFFFFFFFFFFFFFFFFFFFFFFFFFFFFFFFFFFFFFFFFFFFFFFFFFFFFFFFFFFE1
S3250801F040FFFFFFFFFFFFFFFFFFFFFFFFFFFFFFFFFFFFFFFFFFFFFFFFFFFFFFFFFFFFFFFFC1
S3250801F060FFFFFFFFFFFFFFFFFFFFFFFFFFFFFFFFFFFFFFFFFFFFFFFFFFFFFFFFFFFFFFFFA1
S3250801F080FFFFFFFFFFFFFFFFFFFFFFFFFFFFFFFFFFFFFFFFFFFFFFFFFFFFFFFFFFFFFFFF81
S3250801F0A0FFFFFFFFFFFFFFFFFFFFFFFFFFFFFFFFFFFFFFFFFFFFFFFFFFFFFFFFFFFFFFFF61
S3250801F0C0FFFFFFFFFFFFFFFFFFFFFFFFFFFFFFFFFFFFFFFFFFFFFFFFFFFFFFFFFFFFFFFF41
S3250801F0E0FFFFFFFFFFFFFFFFFFFFFFFFFFFFFFFFFFFFFFFFFFFFFFFFFFFFFFFFFFFFFFFF21
S3250801F100FFFFFFFFFFFFFFFFFFFFFFFFFFFFFFFFFFFFFFFFFFFFFFFFFFFFFFFFFFFFFFFF00
S3250801F120FFFFFFFFFFFFFFFFFFFFFFFFFFFFFFFFFFFFFFFFFFFFFFFFFFFFFFFFFFFFFFFFE0
S3250801F140FFFFFFFFFFFFFFFFFFFFFFFFFFFFFFFFFFFFFFFFFFFFFFFFFFFFFFFFFFFFFFFFC0
S3250801F160FFFFFFFFFFFFFFFFFFFFFFFFFFFFFFFFFFFFFFFFFFFFFFFFFFFFFFFFFFFFFFFFA0
S3250801F180FFFFFFFFFFFFFFFFFFFFFFFFFFFFFFFFFFFFFFFFFFFFFFFFFFFFFFFFFFFFFFFF80
S3250801F1A0FFFFFFFFFFFFFFFFFFFFFFFFFFFFFFFFFFFFFFFFFFFFFFFFFFFFFFFFFFFFFFFF60
S3250801F1C0FFFFFFFFFFFFFFFFFFFFFFFFFFFFFFFFFFFFFFFFFFFFFFFFFFFFFFFFFFFFFFFF40
S3250801F1E0FFFFFFFFFFFFFFFFFFFFFFFFFFFFFFFFFFFFFFFFFFFFFFFFFFFFFFFFFFFFFFFF20
S3250801F200FFFFFFFFFFFFFFFFFFFFFFFFFFFFFFFFFFFFFFFFFFFFFFFFFFFFFFFFFFFFFFFFFF
S3250801F220FFFFFFFFFFFFFFFFFFFFFFFFFFFFFFFFFFFFFFFFFFFFFFFFFFFFFFFFFFFFFFFFDF
S3250801F240FFFFFFFFFFFFFFFFFFFFFFFFFFFFFFFFFFFFFFFFFFFFFFFFFFFFFFFFFFFFFFFFBF
S3250801F260FFFFFFFFFFFFFFFFFFFFFFFFFFFFFFFFFFFFFFFFFFFFFFFFFFFFFFFFFFFFFFFF9F
S3250801F280FFFFFFFFFFFFFFFFFFFFFFFFFFFFFFFFFFFFFFFFFFFFFFFFFFFFFFFFFFFFFFFF7F
S3250801F2A0FFFFFFFFFFFFFFFFFFFFFFFFFFFFFFFFFFFFFFFFFFFFFFFFFFFFFFFFFFFFFFFF5F
S3250801F2C0FFFFFFFFFFFFFFFFFFFFFFFFFFFFFFFFFFFFFFFFFFFFFFFFFFFFFFFFFFFFFFFF3F
S3250801F2E0FFFFFFFFFFFFFFFFFFFFFFFFFFFFFFFFFFFFFFFFFFFFFFFFFFFFFFFFFFFFFFFF1F
S3250801F300FFFFFFFFFFFFFFFFFFFFFFFFFFFFFFFFFFFFFFFFFFFFFFFFFFFFFFFFFFFFFFFFFE
S3250801F320FFFFFFFFFFFFFFFFFFFFFFFFFFFFFFFFFFFFFFFFFFFFFFFFFFFFFFFFFFFFFFFFDE
S3250801F340FFFFFFFFFFFFFFFFFFFFFFFFFFFFFFFFFFFFFFFFFFFFFFFFFFFFFFFFFFFFFFFFBE
S3250801F360FFFFFFFFFFFFFFFFFFFFFFFFFFFFFFFFFFFFFFFFFFFFFFFFFFFFFFFFFFFFFFFF9E
S3250801F380FFFFFFFFFFFFFFFFFFFFFFFFFFFFFFFFFFFFFFFFFFFFFFFFFFFFFFFFFFFFFFFF7E
S3250801F3A0FFFFFFFFFFFFFFFFFFFFFFFFFFFFFFFFFFFFFFFFFFFFFFFFFFFFFFFFFFFFFFFF5E
S3250801F3C0FFFFFFFFFFFFFFFFFFFFFFFFFFFFFFFFFFFFFFFFFFFFFFFFFFFFFFFFFFFFFFFF3E
S3250801F3E0FFFFFFFFFFFFFFFFFFFFFFFFFFFFFFFFFFFFFFFFFFFFFFFFFFFFFFFFFFFFFFFF1E
S3250801F400FFFFFFFFFFFFFFFFFFFFFFFFFFFFFFFFFFFFFFFFFFFFFFFFFFFFFFFFFFFFFFFFFD
S3250801F420FFFFFFFFFFFFFFFFFFFFFFFFFFFFFFFFFFFFFFFFFFFFFFFFFFFFFFFFFFFFFFFFDD
S3250801F440FFFFFFFFFFFFFFFFFFFFFFFFFFFFFFFFFFFFFFFFFFFFFFFFFFFFFFFFFFFFFFFFBD
S3250801F460FFFFFFFFFFFFFFFFFFFFFFFFFFFFFFFFFFFFFFFFFFFFFFFFFFFFFFFFFFFFFFFF9D
S3250801F480FFFFFFFFFFFFFFFFFFFFFFFFFFFFFFFFFFFFFFFFFFFFFFFFFFFFFFFFFFFFFFFF7D
S3250801F4A0FFFFFFFFFFFFFFFFFFFFFFFFFFFFFFFFFFFFFFFFFFFFFFFFFFFFFFFFFFFFFFFF5D
S3250801F4C0FFFFFFFFFFFFFFFFFFFFFFFFFFFFFFFFFFFFFFFFFFFFFFFFFFFFFFFFFFFFFFFF3D
S3250801F4E0FFFFFFFFFFFFFFFFFFFFFFFFFFFFFFFFFFFFFFFFFFFFFFFFFFFFFFFFFFFFFFFF1D
S3250801F500FFFFFFFFFFFFFFFFFFFFFFFFFFFFFFFFFFFFFFFFFFFFFFFFFFFFFFFFFFFFFFFFFC
S3250801F520FFFFFFFFFFFFFFFFFFFFFFFFFFFFFFFFFFFFFFFFFFFFFFFFFFFFFFFFFFFFFFFFDC
S3250801F540FFFFFFFFFFFFFFFFFFFFFFFFFFFFFFFFFFFFFFFFFFFFFFFFFFFFFFFFFFFFFFFFBC
S3250801F560FFFFFFFFFFFFFFFFFFFFFFFFFFFFFFFFFFFFFFFFFFFFFFFFFFFFFFFFFFFFFFFF9C
S3250801F580FFFFFFFFFFFFFFFFFFFFFFFFFFFFFFFFFFFFFFFFFFFFFFFFFFFFFFFFFFFFFFFF7C
S3250801F5A0FFFFFFFFFFFFFFFFFFFFFFFFFFFFFFFFFFFFFFFFFFFFFFFFFFFFFFFFFFFFFFFF5C
S3250801F5C0FFFFFFFFFFFFFFFFFFFFFFFFFFFFFFFFFFFFFFFFFFFFFFFFFFFFFFFFFFFFFFFF3C
S3250801F5E0FFFFFFFFFFFFFFFFFFFFFFFFFFFFFFFFFFFFFFFFFFFFFFFFFFFFFFFFFFFFFFFF1C
S3250801F600FFFFFFFFFFFFFFFFFFFFFFFFFFFFFFFFFFFFFFFFFFFFFFFFFFFFFFFFFFFFFFFFFB
S3250801F620FFFFFFFFFFFFFFFFFFFFFFFFFFFFFFFFFFFFFFFFFFFFFFFFFFFFFFFFFFFFFFFFDB
S3250801F640FFFFFFFFFFFFFFFFFFFFFFFFFFFFFFFFFFFFFFFFFFFFFFFFFFFFFFFFFFFFFFFFBB
S3250801F660FFFFFFFFFFFFFFFFFFFFFFFFFFFFFFFFFFFFFFFFFFFFFFFFFFFFFFFFFFFFFFFF9B
S3250801F680FFFFFFFFFFFFFFFFFFFFFFFFFFFFFFFFFFFFFFFFFFFFFFFFFFFFFFFFFFFFFFFF7B
S3250801F6A0FFFFFFFFFFFFFFFFFFFFFFFFFFFFFFFFFFFFFFFFFFFFFFFFFFFFFFFFFFFFFFFF5B
S3250801F6C0FFFFFFFFFFFFFFFFFFFFFFFFFFFFFFFFFFFFFFFFFFFFFFFFFFFFFFFFFFFFFFFF3B
S3250801F6E0FFFFFFFFFFFFFFFFFFFFFFFFFFFFFFFFFFFFFFFFFFFFFFFFFFFFFFFFFFFFFFFF1B
S3250801F700FFFFFFFFFFFFFFFFFFFFFFFFFFFFFFFFFFFFFFFFFFFFFFFFFFFFFFFFFFFFFFFFFA
S3250801F720FFFFFFFFFFFFFFFFFFFFFFFFFFFFFFFFFFFFFFFFFFFFFFFFFFFFFFFFFFFFFFFFDA
S3250801F740FFFFFFFFFFFFFFFFFFFFFFFFFFFFFFFFFFFFFFFFFFFFFFFFFFFFFFFFFFFFFFFFBA
S3250801F760FFFFFFFFFFFFFFFFFFFFFFFFFFFFFFFFFFFFFFFFFFFFFFFFFFFFFFFFFFFFFFFF9A
S3250801F780FFFFFFFFFFFFFFFFFFFFFFFFFFFFFFFFFFFFFFFFFFFFFFFFFFFFFFFFFFFFFFFF7A
S3250801F7A0FFFFFFFFFFFFFFFFFFFFFFFFFFFFFFFFFFFFFFFFFFFFFFFFFFFFFFFFFFFFFFFF5A
S3250801F7C0FFFFFFFFFFFFFFFFFFFFFFFFFFFFFFFFFFFFFFFFFFFFFFFFFFFFFFFFFFFFFFFF3A
S3250801F7E0FFFFFFFFFFFFFFFFFFFFFFFFFFFFFFFFFFFFFFFFFFFFFFFFFFFFFFFFFFFFFFFF1A
S3250801F800FFFFFFFFFFFFFFFFFFFFFFFFFFFFFFFFFFFFFFFFFFFFFFFFFFFFFFFFFFFFFFFFF9
S3250801F820FFFFFFFFFFFFFFFFFFFFFFFFFFFFFFFFFFFFFFFFFFFFFFFFFFFFFFFFFFFFFFFFD9
S3250801F840FFFFFFFFFFFFFFFFFFFFFFFFFFFFFFFFFFFFFFFFFFFFFFFFFFFFFFFFFFFFFFFFB9
S3250801F860FFFFFFFFFFFFFFFFFFFFFFFFFFFFFFFFFFFFFFFFFFFFFFFFFFFFFFFFFFFFFFFF99
S3250801F880FFFFFFFFFFFFFFFFFFFFFFFFFFFFFFFFFFFFFFFFFFFFFFFFFFFFFFFFFFFFFFFF79
S3250801F8A0FFFFFFFFFFFFFFFFFFFFFFFFFFFFFFFFFFFFFFFFFFFFFFFFFFFFFFFFFFFFFFFF59
S3250801F8C0FFFFFFFFFFFFFFFFFFFFFFFFFFFFFFFFFFFFFFFFFFFFFFFFFFFFFFFFFFFFFFFF39
S3250801F8E0FFFFFFFFFFFFFFFFFFFFFFFFFFFFFFFFFFFFFFFFFFFFFFFFFFFFFFFFFFFFFFFF19
S3250801F900FFFFFFFFFFFFFFFFFFFFFFFFFFFFFFFFFFFFFFFFFFFFFFFFFFFFFFFFFFFFFFFFF8
S3250801F920FFFFFFFFFFFFFFFFFFFFFFFFFFFFFFFFFFFFFFFFFFFFFFFFFFFFFFFFFFFFFFFFD8
S3250801F940FFFFFFFFFFFFFFFFFFFFFFFFFFFFFFFFFFFFFFFFFFFFFFFFFFFFFFFFFFFFFFFFB8
S3250801F960FFFFFFFFFFFFFFFFFFFFFFFFFFFFFFFFFFFFFFFFFFFFFFFFFFFFFFFFFFFFFFFF98
S3250801F980FFFFFFFFFFFFFFFFFFFFFFFFFFFFFFFFFFFFFFFFFFFFFFFFFFFFFFFFFFFFFFFF78
S3250801F9A0FFFFFFFFFFFFFFFFFFFFFFFFFFFFFFFFFFFFFFFFFFFFFFFFFFFFFFFFFFFFFFFF58
S3250801F9C0FFFFFFFFFFFFFFFFFFFFFFFFFFFFFFFFFFFFFFFFFFFFFFFFFFFFFFFFFFFFFFFF38
S3250801F9E0FFFFFFFFFFFFFFFFFFFFFFFFFFFFFFFFFFFFFFFFFFFFFFFFFFFFFFFFFFFFFFFF18
S3250801FA00FFFFFFFFFFFFFFFFFFFFFFFFFFFFFFFFFFFFFFFFFFFFFFFFFFFFFFFFFFFFFFFFF7
S3250801FA20FFFFFFFFFFFFFFFFFFFFFFFFFFFFFFFFFFFFFFFFFFFFFFFFFFFFFFFFFFFFFFFFD7
S3250801FA40FFFFFFFFFFFFFFFFFFFFFFFFFFFFFFFFFFFFFFFFFFFFFFFFFFFFFFFFFFFFFFFFB7
S3250801FA60FFFFFFFFFFFFFFFFFFFFFFFFFFFFFFFFFFFFFFFFFFFFFFFFFFFFFFFFFFFFFFFF97
S3250801FA80FFFFFFFFFFFFFFFFFFFFFFFFFFFFFFFFFFFFFFFFFFFFFFFFFFFFFFFFFFFFFFFF77
S3250801FAA0FFFFFFFFFFFFFFFFFFFFFFFFFFFFFFFFFFFFFFFFFFFFFFFFFFFFFFFFFFFFFFFF57
S3250801FAC0FFFFFFFFFFFFFFFFFFFFFFFFFFFFFFFFFFFFFFFFFFFFFFFFFFFFFFFFFFFFFFFF37
S3250801FAE0FFFFFFFFFFFFFFFFFFFFFFFFFFFFFFFFFFFFFFFFFFFFFFFFFFFFFFFFFFFFFFFF17
S3250801FB00FFFFFFFFFFFFFFFFFFFFFFFFFFFFFFFFFFFFFFFFFFFFFFFFFFFFFFFFFFFFFFFFF6
S3250801FB20FFFFFFFFFFFFFFFFFFFFFFFFFFFFFFFFFFFFFFFFFFFFFFFFFFFFFFFFFFFFFFFFD6
S3250801FB40FFFFFFFFFFFFFFFFFFFFFFFFFFFFFFFFFFFFFFFFFFFFFFFFFFFFFFFFFFFFFFFFB6
S3250801FB60FFFFFFFFFFFFFFFFFFFFFFFFFFFFFFFFFFFFFFFFFFFFFFFFFFFFFFFFFFFFFFFF96
S3250801FB80FFFFFFFFFFFFFFFFFFFFFFFFFFFFFFFFFFFFFFFFFFFFFFFFFFFFFFFFFFFFFFFF76
S3250801FBA0FFFFFFFFFFFFFFFFFFFFFFFFFFFFFFFFFFFFFFFFFFFFFFFFFFFFFFFFFFFFFFFF56
S3250801FBC0FFFFFFFFFFFFFFFFFFFFFFFFFFFFFFFFFFFFFFFFFFFFFFFFFFFFFFFFFFFFFFFF36
S3250801FBE0FFFFFFFFFFFFFFFFFFFFFFFFFFFFFFFFFFFFFFFFFFFFFFFFFFFFFFFFFFFFFFFF16
S3250801FC00FFFFFFFFFFFFFFFFFFFFFFFFFFFFFFFFFFFFFFFFFFFFFFFFFFFFFFFFFFFFFFFFF5
S3250801FC20FFFFFFFFFFFFFFFFFFFFFFFFFFFFFFFFFFFFFFFFFFFFFFFFFFFFFFFFFFFFFFFFD5
S3250801FC40FFFFFFFFFFFFFFFFFFFFFFFFFFFFFFFFFFFFFFFFFFFFFFFFFFFFFFFFFFFFFFFFB5
S3250801FC60FFFFFFFFFFFFFFFFFFFFFFFFFFFFFFFFFFFFFFFFFFFFFFFFFFFFFFFFFFFFFFFF95
S3250801FC80FFFFFFFFFFFFFFFFFFFFFFFFFFFFFFFFFFFFFFFFFFFFFFFFFFFFFFFFFFFFFFFF75
S3250801FCA0FFFFFFFFFFFFFFFFFFFFFFFFFFFFFFFFFFFFFFFFFFFFFFFFFFFFFFFFFFFFFFFF55
S3250801FCC0FFFFFFFFFFFFFFFFFFFFFFFFFFFFFFFFFFFFFFFFFFFFFFFFFFFFFFFFFFFFFFFF35
S3250801FCE0FFFFFFFFFFFFFFFFFFFFFFFFFFFFFFFFFFFFFFFFFFFFFFFFFFFFFFFFFFFFFFFF15
S3250801FD00FFFFFFFFFFFFFFFFFFFFFFFFFFFFFFFFFFFFFFFFFFFFFFFFFFFFFFFFFFFFFFFFF4
S3250801FD20FFFFFFFFFFFFFFFFFFFFFFFFFFFFFFFFFFFFFFFFFFFFFFFFFFFFFFFFFFFFFFFFD4
S3250801FD40FFFFFFFFFFFFFFFFFFFFFFFFFFFFFFFFFFFFFFFFFFFFFFFFFFFFFFFFFFFFFFFFB4
S3250801FD60FFFFFFFFFFFFFFFFFFFFFFFFFFFFFFFFFFFFFFFFFFFFFFFFFFFFFFFFFFFFFFFF94
S3250801FD80FFFFFFFFFFFFFFFFFFFFFFFFFFFFFFFFFFFFFFFFFFFFFFFFFFFFFFFFFFFFFFFF74
S3250801FDA0FFFFFFFFFFFFFFFFFFFFFFFFFFFFFFFFFFFFFFFFFFFFFFFFFFFFFFFFFFFFFFFF54
S3250801FDC0FFFFFFFFFFFFFFFFFFFFFFFFFFFFFFFFFFFFFFFFFFFFFFFFFFFFFFFFFFFFFFFF34
S3250801FDE0FFFFFFFFFFFFFFFFFFFFFFFFFFFFFFFFFFFFFFFFFFFFFFFFFFFFFFFFFFFFFFFF14
S3250801FE00FFFFFFFFFFFFFFFFFFFFFFFFFFFFFFFFFFFFFFFFFFFFFFFFFFFFFFFFFFFFFFFFF3
S3250801FE20FFFFFFFFFFFFFFFFFFFFFFFFFFFFFFFFFFFFFFFFFFFFFFFFFFFFFFFFFFFFFFFFD3
S3250801FE40FFFFFFFFFFFFFFFFFFFFFFFFFFFFFFFFFFFFFFFFFFFFFFFFFFFFFFFFFFFFFFFFB3
S3250801FE60FFFFFFFFFFFFFFFFFFFFFFFFFFFFFFFFFFFFFFFFFFFFFFFFFFFFFFFFFFFFFFFF93
S3250801FE80FFFFFFFFFFFFFFFFFFFFFFFFFFFFFFFFFFFFFFFFFFFFFFFFFFFFFFFFFFFFFFFF73
S3250801FEA0FFFFFFFFFFFFFFFFFFFFFFFFFFFFFFFFFFFFFFFFFFFFFFFFFFFFFFFFFFFFFFFF53
S3250801FEC0FFFFFFFFFFFFFFFFFFFFFFFFFFFFFFFFFFFFFFFFFFFFFFFFFFFFFFFFFFFFFFFF33
S3250801FEE0FFFFFFFFFFFFFFFFFFFFFFFFFFFFFFFFFFFFFFFFFFFFFFFFFFFFFFFFFFFFFFFF13
S3250801FF00FFFFFFFFFFFFFFFFFFFFFFFFFFFFFFFFFFFFFFFFFFFFFFFFFFFFFFFFFFFFFFFFF2
S3250801FF20FFFFFFFFFFFFFFFFFFFFFFFFFFFFFFFFFFFFFFFFFFFFFFFFFFFFFFFFFFFFFFFFD2
S3250801FF40FFFFFFFFFFFFFFFFFFFFFFFFFFFFFFFFFFFFFFFFFFFFFFFFFFFFFFFFFFFFFFFFB2
S3250801FF60FFFFFFFFFFFFFFFFFFFFFFFFFFFFFFFFFFFFFFFFFFFFFFFFFFFFFFFFFFFFFFFF92
S3250801FF80FFFFFFFFFFFFFFFFFFFFFFFFFFFFFFFFFFFFFFFFFFFFFFFFFFFFFFFFFFFFFFFF72
S3250801FFA0FFFFFFFFFFFFFFFFFFFFFFFFFFFFFFFFFFFFFFFFFFFFFFFFFFFFFFFFFFFFFFFF52
S3250801FFC0FFFFFFFFFFFFFFFFFFFFFFFFFFFFFFFFFFFFFFFFFFFFFFFFFFFFFFFFFFFFFFFF32
S3250801FFE0FFFFFFFFFFFFFFFFFFFFFFFFFFFFFFFFFFFFFFFFFFFFFFFFFFFFFFFF01032620C4
S70500000000FA
