0:00:00.016 -                     :     - INFO  : Tester initialization...
0:00:00.016 -                     :     - INFO  : ========================================================================
0:00:00.016 -                     :     - INFO  : Log started Sat 13. Jun 2026 00:27:51
0:00:00.016 -                     :     - INFO  : ========================================================================
0:00:00.016 -                     :     - INFO  : Script : Reprogramming_CAN
0:00:00.016 -                     :     - INFO  : Log    : D:\03_project\stm32\f103\01_code\FBL\stm32_Bootload_UDS\doc\01_PCAN_CAN\Result\SVVR_Reprogramming_CAN_20260613_002751.log
0:00:00.110 -                     :     - INFO  : Opening PCAN [CAN 2.0] channel=PCAN_USBBUS1 bitrate=500000 tx_id=0x123 rx_id=0x122
0:00:00.282 -                     :     - INFO  : CAN TP transport open  (tx=0x123 rx=0x122 CAN 2.0)
0:00:00.282 -                     :     - INFO  : ============================================================
0:00:00.282 -                     :     - INFO  : CAN ECU Reprogramming START (uncompressed)
0:00:00.282 -                     :     - INFO  : APP file : D:\03_project\stm32\f103\01_code\FBL\stm32_Bootload_UDS\doc\01_PCAN_CAN\APP_files\a.hex
0:00:00.282 -                     :     - INFO  : CAN route: TX=0x123 RX=0x122
0:00:00.282 -                     :     - INFO  : ============================================================
0:00:00.297 -                     :     - INFO  : APP parsed OK
0:00:00.297 -                     :     - INFO  :   first_address  : 0x0800C000
0:00:00.297 -                     :     - INFO  :   total_size     : 0x00014000 (81920 bytes)
0:00:00.297 -                     :     - INFO  :   data_format    : 0x00 (uncompressed)
0:00:00.297 -                     :     - INFO  :   erase region   : [('0x800a000', '0x16000')]
0:00:00.297 -                     :     - INFO  :   data blocks    : 1
0:00:00.297 -                     :     - INFO  :     S19DataBlock(address=0x0800C000, length=0x00014000)
0:00:00.297 -                     :     - PASS  : S19 parse OK
0:00:00.297 -                     :     - INFO  : --- 1/8 Entering Extended Session ---
0:00:00.297 -                     :     - INFO  : Tx    123    02 10 03 AA AA AA AA AA  ........
0:00:00.297 -                     :     - INFO  : ISO TP message (single frame): 021003AAAAAAAAAA
0:00:00.297 -                     :     - INFO  : size: 0x2(2)
0:00:00.297 -                     :     - INFO  : data: 10 03
0:00:00.297 -                     :     - INFO  : Rx    122    06 50 03 00 32 01 90 AA  .P..2...
0:00:00.297 -                     :     - INFO  : ISO TP message (single frame): 06500300320190AA
0:00:00.297 -                     :     - INFO  : size: 0x6(6)
0:00:00.297 -                     :     - INFO  : data: 50 03 00 32 01 90
0:00:00.297 -                     :     - PASS  : ExtendedSession positive response | expected: 50 ... | received: 50 03 00 32 01 90
0:00:00.391 -                     :     - INFO  : --- 2/8 Entering Programming Session (suppress ×2) ---
0:00:00.391 -                     :     - INFO  : Tx    123    02 10 82 AA AA AA AA AA  ........
0:00:00.391 -                     :     - INFO  : ISO TP message (single frame): 021082AAAAAAAAAA
0:00:00.391 -                     :     - INFO  : size: 0x2(2)
0:00:00.391 -                     :     - INFO  : data: 10 82
0:00:00.547 -                     :     - INFO  : No response received (suppress positive response – expected)
0:00:00.547 -                     :     - PASS  : No response expected (suppress bit set) | expected: (no response) | received: (empty)
0:00:00.547 -                     :     - INFO  : Tx    123    02 10 82 AA AA AA AA AA  ........
0:00:00.547 -                     :     - INFO  : ISO TP message (single frame): 021082AAAAAAAAAA
0:00:00.547 -                     :     - INFO  : size: 0x2(2)
0:00:00.547 -                     :     - INFO  : data: 10 82
0:00:00.703 -                     :     - INFO  : No response received (suppress positive response – expected)
0:00:00.703 -                     :     - PASS  : No response expected (suppress bit set) | expected: (no response) | received: (empty)
0:00:00.703 -                     :     - INFO  : 等待 ECU 重启进入编程模式...
0:00:01.703 -                     :     - INFO  : --- Read Session (in FBL) ---
0:00:01.703 -                     :     - INFO  : Tx    123    03 22 F1 86 AA AA AA AA  ."......
0:00:01.703 -                     :     - INFO  : ISO TP message (single frame): 0322F186AAAAAAAA
0:00:01.703 -                     :     - INFO  : size: 0x3(3)
0:00:01.703 -                     :     - INFO  : data: 22 F1 86
0:00:01.703 -                     :     - INFO  : Rx    122    04 62 F1 86 02 AA AA AA  .b......
0:00:01.703 -                     :     - INFO  : ISO TP message (single frame): 0462F18602AAAAAA
0:00:01.703 -                     :     - INFO  : size: 0x4(4)
0:00:01.703 -                     :     - INFO  : data: 62 F1 86 02
0:00:01.703 -                     :     - INFO  : Current session: 0x02 (ProgrammingSession)
0:00:01.703 -                     :     - PASS  : Read active session OK
0:00:01.703 -                     :     - INFO  : --- 3/8 Security Access ---
0:00:01.703 -                     :     - INFO  : Tx    123    02 27 01 AA AA AA AA AA  .'......
0:00:01.703 -                     :     - INFO  : ISO TP message (single frame): 022701AAAAAAAAAA
0:00:01.703 -                     :     - INFO  : size: 0x2(2)
0:00:01.703 -                     :     - INFO  : data: 27 01
0:00:01.703 -                     :     - INFO  : Rx    122    10 12 67 01 C8 15 60 AB  ..g...`.
0:00:01.703 -                     :     - INFO  : Rx    122    21 77 C3 0F DA 27 72 3E  !w...'r>
0:00:01.703 -                     :     - INFO  : Rx    122    22 8A D5 A1 EC 39 AA AA  "....9..
0:00:01.703 -                     :     - PASS  : RequestSeed positive response | expected: 67 ... | received: 67 01 C8 15 60 AB 77 C3 0F DA 27 72 3E 8A D5 A1 EC 39
0:00:01.703 -                     :     - INFO  : Seed (16 bytes): C8 15 60 AB 77 C3 0F DA 27 72 3E 8A D5 A1 EC 39
0:00:01.735 -                     :     - INFO  : Computed key (16 bytes): 27 8F C2 28 33 69 5B 53 69 55 BB 0D AD F2 4B 4C
0:00:01.735 -                     :     - INFO  : Tx    123    10 12 27 02 27 8F C2 28  ..'.'..(
0:00:01.735 -                     :     - INFO  : ISO TP message (first frame): 10122702278FC228
0:00:01.735 -                     :     - INFO  : size: 0x12(18)
0:00:01.735 -                     :     - INFO  : data: 27 02 27 8F C2 28 33 69 5B 53 69 55 BB 0D AD F2 4B 4C
0:00:01.735 -                     :     - INFO  : Tx    123    21 33 69 5B 53 69 55 BB  !3i[SiU.
0:00:01.735 -                     :     - INFO  : Tx    123    22 0D AD F2 4B 4C AA AA  "...KL..
0:00:01.735 -                     :     - INFO  : Rx    122    02 67 02 AA AA AA AA AA  .g......
0:00:01.735 -                     :     - INFO  : ISO TP message (single frame): 026702AAAAAAAAAA
0:00:01.735 -                     :     - INFO  : size: 0x2(2)
0:00:01.735 -                     :     - INFO  : data: 67 02
0:00:01.735 -                     :     - PASS  : SendKey positive response | expected: 67 ... | received: 67 02
0:00:01.735 -                     :     - INFO  : --- 4/8 Erase Memory ---
0:00:01.735 -                     :     - INFO  : Tx    123    10 0C 31 01 FF 00 08 00  ..1.....
0:00:01.735 -                     :     - INFO  : ISO TP message (first frame): 100C3101FF000800
0:00:01.735 -                     :     - INFO  : size: 0xc(12)
0:00:01.735 -                     :     - INFO  : data: 31 01 FF 00 08 00 A0 00 00 01 60 00
0:00:01.735 -                     :     - INFO  : Tx    123    21 A0 00 00 01 60 00 AA  !....`..
0:00:02.719 -                     :     - INFO  : Rx    122    04 71 01 FF 00 AA AA AA  .q......
0:00:02.719 -                     :     - INFO  : ISO TP message (single frame): 047101FF00AAAAAA
0:00:02.719 -                     :     - INFO  : size: 0x4(4)
0:00:02.719 -                     :     - INFO  : data: 71 01 FF 00
0:00:02.719 -                     :     - PASS  : EraseMemory positive response | expected: 71 ... | received: 71 01 FF 00
0:00:02.719 -                     :     - INFO  : Erase OK @ 0x0800A000 len=0x00016000
0:00:02.719 -                     :     - INFO  : --- 5/8 Download Data Blocks ---
0:00:02.719 -                     :     - INFO  : Downloading block 1/1: S19DataBlock(address=0x0800C000, length=0x00014000)
0:00:02.719 -                     :     - INFO  : --- Downloading block: S19DataBlock(address=0x0800C000, length=0x00014000) ---
0:00:02.719 -                     :     - INFO  : Tx    123    10 0B 34 00 44 08 00 C0  ..4.D...
0:00:02.719 -                     :     - INFO  : ISO TP message (first frame): 100B3400440800C0
0:00:02.719 -                     :     - INFO  : size: 0xb(11)
0:00:02.719 -                     :     - INFO  : data: 34 00 44 08 00 C0 00 00 01 40 00
0:00:02.719 -                     :     - INFO  : Tx    123    21 00 00 01 40 00 AA AA  !...@...
0:00:02.719 -                     :     - INFO  : Rx    122    04 74 20 03 FC AA AA AA  .t .....
0:00:02.719 -                     :     - INFO  : ISO TP message (single frame): 04742003FCAAAAAA
0:00:02.719 -                     :     - INFO  : size: 0x4(4)
0:00:02.719 -                     :     - INFO  : data: 74 20 03 FC
0:00:02.719 -                     :     - PASS  : RequestDownload positive response | expected: 74 ... | received: 74 20 03 FC
0:00:02.719 -                     :     - INFO  : Max block size: 1020 bytes (0x03FC)
0:00:02.719 -                     :     - INFO  : Tx    123    13 FA 36 01 00 60 00 20  ..6..`. 
0:00:02.719 -                     :     - INFO  : ISO TP message (first frame): 13FA360100600020
0:00:02.719 -                     :     - INFO  : size: 0x3fa(1018)
0:00:02.719 -                     :     - INFO  : data: 36 01 00 60 00 20 3D 26 01 08 05 FA 00 08 0D FA 00 08 15 FA 00 08 1D FA 00 08 25 FA 00 08 00 00 00 00 00 00 00 00 00 00 00 00 00 00 00 00 2D FA 00 08 39 FA 00 08 00 00 00 00 45 FA 00 08 51 FA 00 08 85 26 01 08 85 26 01 08 85 26 01 08 85 26 01 08 85 26 01 08 85 26 01 08 85 26 01 08 85 26 01 08 85 26 01 08 85 26 01 08 85 26 01 08 85 26 01 08 85 26 01 08 85 26 01 08 5D FA 00 08 85 26 01 08 85 26 01 08 85 26 01 08 85 26 01 08 85 26 01 08 71 FA 00 08 85 FA 00 08 85 26 01 08 85 26 01 08 85 26 01 08 85 26 01 08 85 26 01 08 85 26 01 08 85 26 01 08 85 26 01 08 85 26 01 08 85 26 01 08 85 26 01 08 85 26 01 08 85 26 01 08 85 26 01 08 85 26 01 08 85 26 01 08 85 26 01 08 85 26 01 08 85 26 01 08 85 26 01 08 85 26 01 08 85 26 01 08 85 26 01 08 85 26 01 08 85 26 01 08 85 26 01 08 85 26 01 08 85 26 01 08 85 26 01 08 85 26 01 08 85 26 01 08 85 26 01 08 85 26 01 08 85 26 01 08 85 26 01 08 85 26 01 08 85 26 01 08 85 26 01 08 00 00 00 00 00 00 00 00 00 00 00 00 00 00 00 00 00 00 00 00 00 00 00 00 00 00 00 00 00 00 00 00 00 00 00 00 00 00 00 00 00 00 00 00 00 00 00 00 00 00 00 00 00 00 00 00 00 00 00 00 00 00 00 00 00 00 00 00 00 00 00 00 00 00 00 00 00 00 00 00 00 00 00 00 00 00 00 00 00 00 00 00 00 00 00 00 00 00 00 00 00 00 00 00 00 00 00 00 00 00 00 00 00 00 00 00 00 00 00 00 00 00 00 00 00 00 00 00 00 00 00 00 00 00 00 00 00 00 00 00 00 00 00 00 00 00 00 00 00 00 00 00 00 00 00 00 00 00 00 00 00 00 00 00 00 00 00 00 00 00 00 00 00 00 00 00 5F F8 E0 F1 10 B5 05 4C 23 78 33 B9 04 4B 13 B1 04 48 AF F3 00 80 01 23 23 70 10 BD C0 20 00 20 00 00 00 00 0C 34 01 08 08 B5 03 4B 1B B1 03 49 03 48 AF F3 00 80 08 BD 00 00 00 00 C4 20 00 20 0C 34 01 08 03 46 13 F8 01 2B 00 2A FB D1 18 1A 01 38 70 47 00 23 10 B5 04 46 C0 E9 00 33 C0 E9 04 33 83 60 81 81 43 66 C2 81 83 61 19 46 08 22 5C 30 00 F0 F4 F8 0D 4B 24 62 63 62 0C 4B A3 62 0C 4B E3 62 0C 4B 23 63 0C 4B 9C 42 06 D0 03 F1 68 02 94 42 02 D0 D0 33 9C 42 05 D1 04 F1 58 00 BD E8 10 40 00 F0 4E B9 10 BD 00 BF B9 C3 00 08 DB C3 00 08 13 C4 00 08 37 C4 00 08 DC 20 00 20 02 4A 03 49 03 48 00 F0 69 B8 00 BF 00 20 00 20 19 C8 00 08 10 20 00 20 41 68 0C 4B 10 B5 99 42 04 46 01 D0 00 F0 A8 FA A1 68 09 4B 99 42 02 D0 20 46 00 F0 A1 FA E1 68 06 4B 99 42 04 D0 20 46 BD E8 10 40 00 F0 98 BA 10 BD 00 BF DC 20 00 20 44 21 00 20 AC 21 00 20 10 B5 0B 4B 0B 4C 0C 4A 20 46 1A 60 04 21 00 22 FF F7 94 FF 04 F1 68 00 01 22 09 21 FF F7 8E FF 04 F1 D0 00 02 22 BD E8 10 40 12 21 FF F7 86 BF 14 22 00 20 DC 20 00 20 A1 C2 00 08 01 48 00 F0 F6 B8 00 BF 1D 22 00 20 01 48 00 F0 F1 B8 00 BF 1D 22 00 20 10 B5 04 46 FF F7 F0 FF 23 6A 1B B1 BD E8 10 40 FF F7 F0 BF 04 4B 23 62 04 4B 1B 68 00 2B F5 D1 FF F7 C4 FF F2 E7 00 BF B9 C2 00 08 14 22 00 20 2D E9 F8 43 07 46 88 46 14 46 00 26 D4 E9 01 95 B9 F1 01 09 05 D5 24 68 00 2C F7 D1 30 46 BD E8 F8 83 AB 89 01 2B 07 D9 B5 F9 0E 30 01 33 03 D0 29 46 38 46 C0 47 06 43 68 35 E9 E7 10 B5 0C 46 B1 F9 0E 10 00 F0 68 F8 00 28 AB BF 63 6D A3 89 1B 18 23 F4 80 53 AC BF 63 65 A3 81 10 BD 2D E9 F0 41 1F 46 8B 89 05 46 DB 05 0C 46 16 46 05 D5 02 23 00 22 B1 F9 0E 10 00 F0 3C F8
0:00:02.719 -                     :     - INFO  : Tx    123    21 3D 26 01 08 05 FA 00  !=&.....
0:00:02.719 -                     :     - INFO  : Tx    123    22 08 0D FA 00 08 15 FA  ".......
0:00:02.719 -                     :     - INFO  : Tx    123    23 00 08 1D FA 00 08 25  #......%
0:00:02.719 -                     :     - INFO  : Tx    123    24 FA 00 08 00 00 00 00  $.......
0:00:02.719 -                     :     - INFO  : Tx    123    25 00 00 00 00 00 00 00  %.......
0:00:02.719 -                     :     - INFO  : Tx    123    26 00 00 00 00 00 2D FA  &.....-.
0:00:02.719 -                     :     - INFO  : Tx    123    27 00 08 39 FA 00 08 00  '..9....
0:00:02.719 -                     :     - INFO  : Tx    123    28 00 00 00 45 FA 00 08  (...E...
0:00:02.719 -                     :     - INFO  : Tx    123    29 51 FA 00 08 85 26 01  )Q....&.
0:00:02.719 -                     :     - INFO  : Tx    123    2A 08 85 26 01 08 85 26  *..&...&
0:00:02.719 -                     :     - INFO  : Tx    123    2B 01 08 85 26 01 08 85  +...&...
0:00:02.719 -                     :     - INFO  : Tx    123    2C 26 01 08 85 26 01 08  ,&...&..
0:00:02.719 -                     :     - INFO  : Tx    123    2D 85 26 01 08 85 26 01  -.&...&.
0:00:02.719 -                     :     - INFO  : Tx    123    2E 08 85 26 01 08 85 26  ...&...&
0:00:02.719 -                     :     - INFO  : Tx    123    2F 01 08 85 26 01 08 85  /...&...
0:00:02.719 -                     :     - INFO  : Tx    123    20 26 01 08 85 26 01 08   &...&..
0:00:02.719 -                     :     - INFO  : Tx    123    21 85 26 01 08 5D FA 00  !.&..]..
0:00:02.719 -                     :     - INFO  : Tx    123    22 08 85 26 01 08 85 26  "..&...&
0:00:02.719 -                     :     - INFO  : Tx    123    23 01 08 85 26 01 08 85  #...&...
0:00:02.719 -                     :     - INFO  : Tx    123    24 26 01 08 85 26 01 08  $&...&..
0:00:02.719 -                     :     - INFO  : Tx    123    25 71 FA 00 08 85 FA 00  %q......
0:00:02.719 -                     :     - INFO  : Tx    123    26 08 85 26 01 08 85 26  &..&...&
0:00:02.719 -                     :     - INFO  : Tx    123    27 01 08 85 26 01 08 85  '...&...
0:00:02.719 -                     :     - INFO  : Tx    123    28 26 01 08 85 26 01 08  (&...&..
0:00:02.719 -                     :     - INFO  : Tx    123    29 85 26 01 08 85 26 01  ).&...&.
0:00:02.719 -                     :     - INFO  : Tx    123    2A 08 85 26 01 08 85 26  *..&...&
0:00:02.719 -                     :     - INFO  : Tx    123    2B 01 08 85 26 01 08 85  +...&...
0:00:02.719 -                     :     - INFO  : Tx    123    2C 26 01 08 85 26 01 08  ,&...&..
0:00:02.719 -                     :     - INFO  : Tx    123    2D 85 26 01 08 85 26 01  -.&...&.
0:00:02.719 -                     :     - INFO  : Tx    123    2E 08 85 26 01 08 85 26  ...&...&
0:00:02.719 -                     :     - INFO  : Tx    123    2F 01 08 85 26 01 08 85  /...&...
0:00:02.719 -                     :     - INFO  : Tx    123    20 26 01 08 85 26 01 08   &...&..
0:00:02.719 -                     :     - INFO  : Tx    123    21 85 26 01 08 85 26 01  !.&...&.
0:00:02.719 -                     :     - INFO  : Tx    123    22 08 85 26 01 08 85 26  "..&...&
0:00:02.719 -                     :     - INFO  : Tx    123    23 01 08 85 26 01 08 85  #...&...
0:00:02.719 -                     :     - INFO  : Tx    123    24 26 01 08 85 26 01 08  $&...&..
0:00:02.719 -                     :     - INFO  : Tx    123    25 85 26 01 08 85 26 01  %.&...&.
0:00:02.719 -                     :     - INFO  : Tx    123    26 08 85 26 01 08 85 26  &..&...&
0:00:02.719 -                     :     - INFO  : Tx    123    27 01 08 85 26 01 08 85  '...&...
0:00:02.719 -                     :     - INFO  : Tx    123    28 26 01 08 85 26 01 08  (&...&..
0:00:02.719 -                     :     - INFO  : Tx    123    29 85 26 01 08 85 26 01  ).&...&.
0:00:02.719 -                     :     - INFO  : Tx    123    2A 08 85 26 01 08 85 26  *..&...&
0:00:02.719 -                     :     - INFO  : Tx    123    2B 01 08 85 26 01 08 00  +...&...
0:00:02.719 -                     :     - INFO  : Tx    123    2C 00 00 00 00 00 00 00  ,.......
0:00:02.719 -                     :     - INFO  : Tx    123    2D 00 00 00 00 00 00 00  -.......
0:00:02.719 -                     :     - INFO  : Tx    123    2E 00 00 00 00 00 00 00  ........
0:00:02.719 -                     :     - INFO  : Tx    123    2F 00 00 00 00 00 00 00  /.......
0:00:02.719 -                     :     - INFO  : Tx    123    20 00 00 00 00 00 00 00   .......
0:00:02.719 -                     :     - INFO  : Tx    123    21 00 00 00 00 00 00 00  !.......
0:00:02.719 -                     :     - INFO  : Tx    123    22 00 00 00 00 00 00 00  ".......
0:00:02.719 -                     :     - INFO  : Tx    123    23 00 00 00 00 00 00 00  #.......
0:00:02.719 -                     :     - INFO  : Tx    123    24 00 00 00 00 00 00 00  $.......
0:00:02.719 -                     :     - INFO  : Tx    123    25 00 00 00 00 00 00 00  %.......
0:00:02.719 -                     :     - INFO  : Tx    123    26 00 00 00 00 00 00 00  &.......
0:00:02.719 -                     :     - INFO  : Tx    123    27 00 00 00 00 00 00 00  '.......
0:00:02.719 -                     :     - INFO  : Tx    123    28 00 00 00 00 00 00 00  (.......
0:00:02.719 -                     :     - INFO  : Tx    123    29 00 00 00 00 00 00 00  ).......
0:00:02.719 -                     :     - INFO  : Tx    123    2A 00 00 00 00 00 00 00  *.......
0:00:02.719 -                     :     - INFO  : Tx    123    2B 00 00 00 00 00 00 00  +.......
0:00:02.719 -                     :     - INFO  : Tx    123    2C 00 00 00 00 00 00 00  ,.......
0:00:02.719 -                     :     - INFO  : Tx    123    2D 00 00 00 00 00 00 00  -.......
0:00:02.719 -                     :     - INFO  : Tx    123    2E 00 00 00 00 00 00 00  ........
0:00:02.719 -                     :     - INFO  : Tx    123    2F 00 00 00 00 00 00 00  /.......
0:00:02.719 -                     :     - INFO  : Tx    123    20 00 00 00 00 00 00 00   .......
0:00:02.719 -                     :     - INFO  : Tx    123    21 00 00 00 00 00 00 00  !.......
0:00:02.719 -                     :     - INFO  : Tx    123    22 00 00 00 00 00 00 00  ".......
0:00:02.719 -                     :     - INFO  : Tx    123    23 00 00 00 00 00 00 00  #.......
0:00:02.719 -                     :     - INFO  : Tx    123    24 00 00 00 00 00 00 00  $.......
0:00:02.719 -                     :     - INFO  : Tx    123    25 5F F8 E0 F1 10 B5 05  %_......
0:00:02.719 -                     :     - INFO  : Tx    123    26 4C 23 78 33 B9 04 4B  &L#x3..K
0:00:02.719 -                     :     - INFO  : Tx    123    27 13 B1 04 48 AF F3 00  '...H...
0:00:02.719 -                     :     - INFO  : Tx    123    28 80 01 23 23 70 10 BD  (..##p..
0:00:02.719 -                     :     - INFO  : Tx    123    29 C0 20 00 20 00 00 00  ). . ...
0:00:02.719 -                     :     - INFO  : Tx    123    2A 00 0C 34 01 08 08 B5  *..4....
0:00:02.719 -                     :     - INFO  : Tx    123    2B 03 4B 1B B1 03 49 03  +.K...I.
0:00:02.719 -                     :     - INFO  : Tx    123    2C 48 AF F3 00 80 08 BD  ,H......
0:00:02.719 -                     :     - INFO  : Tx    123    2D 00 00 00 00 C4 20 00  -..... .
0:00:02.719 -                     :     - INFO  : Tx    123    2E 20 0C 34 01 08 03 46  . .4...F
0:00:02.719 -                     :     - INFO  : Tx    123    2F 13 F8 01 2B 00 2A FB  /...+.*.
0:00:02.719 -                     :     - INFO  : Tx    123    20 D1 18 1A 01 38 70 47   ....8pG
0:00:02.719 -                     :     - INFO  : Tx    123    21 00 23 10 B5 04 46 C0  !.#...F.
0:00:02.719 -                     :     - INFO  : Tx    123    22 E9 00 33 C0 E9 04 33  "..3...3
0:00:02.719 -                     :     - INFO  : Tx    123    23 83 60 81 81 43 66 C2  #.`..Cf.
0:00:02.719 -                     :     - INFO  : Tx    123    24 81 83 61 19 46 08 22  $..a.F."
0:00:02.719 -                     :     - INFO  : Tx    123    25 5C 30 00 F0 F4 F8 0D  %\0.....
0:00:02.719 -                     :     - INFO  : Tx    123    26 4B 24 62 63 62 0C 4B  &K$bcb.K
0:00:02.719 -                     :     - INFO  : Tx    123    27 A3 62 0C 4B E3 62 0C  '.b.K.b.
0:00:02.719 -                     :     - INFO  : Tx    123    28 4B 23 63 0C 4B 9C 42  (K#c.K.B
0:00:02.719 -                     :     - INFO  : Tx    123    29 06 D0 03 F1 68 02 94  )....h..
0:00:02.719 -                     :     - INFO  : Tx    123    2A 42 02 D0 D0 33 9C 42  *B...3.B
0:00:02.719 -                     :     - INFO  : Tx    123    2B 05 D1 04 F1 58 00 BD  +....X..
0:00:02.719 -                     :     - INFO  : Tx    123    2C E8 10 40 00 F0 4E B9  ,..@..N.
0:00:02.719 -                     :     - INFO  : Tx    123    2D 10 BD 00 BF B9 C3 00  -.......
0:00:02.719 -                     :     - INFO  : Tx    123    2E 08 DB C3 00 08 13 C4  ........
0:00:02.719 -                     :     - INFO  : Tx    123    2F 00 08 37 C4 00 08 DC  /..7....
0:00:02.719 -                     :     - INFO  : Tx    123    20 20 00 20 02 4A 03 49    . .J.I
0:00:02.719 -                     :     - INFO  : Tx    123    21 03 48 00 F0 69 B8 00  !.H..i..
0:00:02.719 -                     :     - INFO  : Tx    123    22 BF 00 20 00 20 19 C8  ".. . ..
0:00:02.719 -                     :     - INFO  : Tx    123    23 00 08 10 20 00 20 41  #... . A
0:00:02.719 -                     :     - INFO  : Tx    123    24 68 0C 4B 10 B5 99 42  $h.K...B
0:00:02.719 -                     :     - INFO  : Tx    123    25 04 46 01 D0 00 F0 A8  %.F.....
0:00:02.719 -                     :     - INFO  : Tx    123    26 FA A1 68 09 4B 99 42  &..h.K.B
0:00:02.719 -                     :     - INFO  : Tx    123    27 02 D0 20 46 00 F0 A1  '.. F...
0:00:02.719 -                     :     - INFO  : Tx    123    28 FA E1 68 06 4B 99 42  (..h.K.B
0:00:02.719 -                     :     - INFO  : Tx    123    29 04 D0 20 46 BD E8 10  ).. F...
0:00:02.719 -                     :     - INFO  : Tx    123    2A 40 00 F0 98 BA 10 BD  *@......
0:00:02.719 -                     :     - INFO  : Tx    123    2B 00 BF DC 20 00 20 44  +... . D
0:00:02.719 -                     :     - INFO  : Tx    123    2C 21 00 20 AC 21 00 20  ,!. .!. 
0:00:02.719 -                     :     - INFO  : Tx    123    2D 10 B5 0B 4B 0B 4C 0C  -...K.L.
0:00:02.719 -                     :     - INFO  : Tx    123    2E 4A 20 46 1A 60 04 21  .J F.`.!
0:00:02.719 -                     :     - INFO  : Tx    123    2F 00 22 FF F7 94 FF 04  /.".....
0:00:02.719 -                     :     - INFO  : Tx    123    20 F1 68 00 01 22 09 21   .h..".!
0:00:02.719 -                     :     - INFO  : Tx    123    21 FF F7 8E FF 04 F1 D0  !.......
0:00:02.719 -                     :     - INFO  : Tx    123    22 00 02 22 BD E8 10 40  ".."...@
0:00:02.719 -                     :     - INFO  : Tx    123    23 12 21 FF F7 86 BF 14  #.!.....
0:00:02.719 -                     :     - INFO  : Tx    123    24 22 00 20 DC 20 00 20  $". . . 
0:00:02.719 -                     :     - INFO  : Tx    123    25 A1 C2 00 08 01 48 00  %.....H.
0:00:02.719 -                     :     - INFO  : Tx    123    26 F0 F6 B8 00 BF 1D 22  &......"
0:00:02.719 -                     :     - INFO  : Tx    123    27 00 20 01 48 00 F0 F1  '. .H...
0:00:02.735 -                     :     - INFO  : Tx    123    28 B8 00 BF 1D 22 00 20  (....". 
0:00:02.735 -                     :     - INFO  : Tx    123    29 10 B5 04 46 FF F7 F0  )...F...
0:00:02.735 -                     :     - INFO  : Tx    123    2A FF 23 6A 1B B1 BD E8  *.#j....
0:00:02.735 -                     :     - INFO  : Tx    123    2B 10 40 FF F7 F0 BF 04  +.@.....
0:00:02.735 -                     :     - INFO  : Tx    123    2C 4B 23 62 04 4B 1B 68  ,K#b.K.h
0:00:02.735 -                     :     - INFO  : Tx    123    2D 00 2B F5 D1 FF F7 C4  -.+.....
0:00:02.735 -                     :     - INFO  : Tx    123    2E FF F2 E7 00 BF B9 C2  ........
0:00:02.735 -                     :     - INFO  : Tx    123    2F 00 08 14 22 00 20 2D  /...". -
0:00:02.735 -                     :     - INFO  : Tx    123    20 E9 F8 43 07 46 88 46   ..C.F.F
0:00:02.735 -                     :     - INFO  : Tx    123    21 14 46 00 26 D4 E9 01  !.F.&...
0:00:02.735 -                     :     - INFO  : Tx    123    22 95 B9 F1 01 09 05 D5  ".......
0:00:02.735 -                     :     - INFO  : Tx    123    23 24 68 00 2C F7 D1 30  #$h.,..0
0:00:02.735 -                     :     - INFO  : Tx    123    24 46 BD E8 F8 83 AB 89  $F......
0:00:02.735 -                     :     - INFO  : Tx    123    25 01 2B 07 D9 B5 F9 0E  %.+.....
0:00:02.735 -                     :     - INFO  : Tx    123    26 30 01 33 03 D0 29 46  &0.3..)F
0:00:02.735 -                     :     - INFO  : Tx    123    27 38 46 C0 47 06 43 68  '8F.G.Ch
0:00:02.735 -                     :     - INFO  : Tx    123    28 35 E9 E7 10 B5 0C 46  (5.....F
0:00:02.735 -                     :     - INFO  : Tx    123    29 B1 F9 0E 10 00 F0 68  )......h
0:00:02.735 -                     :     - INFO  : Tx    123    2A F8 00 28 AB BF 63 6D  *..(..cm
0:00:02.735 -                     :     - INFO  : Tx    123    2B A3 89 1B 18 23 F4 80  +....#..
0:00:02.735 -                     :     - INFO  : Tx    123    2C 53 AC BF 63 65 A3 81  ,S..ce..
0:00:02.735 -                     :     - INFO  : Tx    123    2D 10 BD 2D E9 F0 41 1F  -..-..A.
0:00:02.735 -                     :     - INFO  : Tx    123    2E 46 8B 89 05 46 DB 05  .F...F..
0:00:02.735 -                     :     - INFO  : Tx    123    2F 0C 46 16 46 05 D5 02  /.F.F...
0:00:02.735 -                     :     - INFO  : Tx    123    20 23 00 22 B1 F9 0E 10   #."....
0:00:02.735 -                     :     - INFO  : Tx    123    21 00 F0 3C F8 AA AA AA  !..<....
0:00:02.813 -                     :     - INFO  : Rx    122    02 76 01 AA AA AA AA AA  .v......
0:00:02.813 -                     :     - INFO  : ISO TP message (single frame): 027601AAAAAAAAAA
0:00:02.813 -                     :     - INFO  : size: 0x2(2)
0:00:02.813 -                     :     - INFO  : data: 76 01
0:00:02.813 -                     :     - PASS  : TransferData positive response | expected: 76 ... | received: 76 01
0:00:02.813 -                     :     - INFO  : TransferData seq 1 confirmed
0:00:02.828 -                     :     - INFO  : Tx    123    13 FA 36 02 A3 89 32 46  ..6...2F
0:00:02.828 -                     :     - INFO  : ISO TP message (first frame): 13FA3602A3893246
0:00:02.828 -                     :     - INFO  : size: 0x3fa(1018)
0:00:02.828 -                     :     - INFO  : data: 36 02 A3 89 32 46 23 F4 80 53 A3 81 28 46 3B 46 B4 F9 0E 10 BD E8 F0 41 00 F0 53 B8 10 B5 0C 46 B1 F9 0E 10 00 F0 29 F8 43 1C A3 89 15 BF 60 65 23 F4 80 53 43 F4 80 53 A3 81 18 BF A3 81 10 BD B1 F9 0E 10 00 F0 09 B8 03 46 02 44 93 42 00 D1 70 47 03 F8 01 1B F9 E7 00 00 38 B5 00 23 05 4D 04 46 08 46 2B 60 06 F0 BD F8 43 1C 02 D1 2B 68 03 B1 23 60 38 BD 18 22 00 20 38 B5 04 46 08 46 11 46 00 22 05 4D 2A 60 1A 46 06 F0 CF F8 43 1C 02 D1 2B 68 03 B1 23 60 38 BD 18 22 00 20 38 B5 04 46 08 46 11 46 00 22 05 4D 2A 60 1A 46 06 F0 60 F8 43 1C 02 D1 2B 68 03 B1 23 60 38 BD 18 22 00 20 38 B5 04 46 08 46 11 46 00 22 05 4D 2A 60 1A 46 06 F0 6B F8 43 1C 02 D1 2B 68 03 B1 23 60 38 BD 18 22 00 20 70 B5 00 26 0C 4D 0D 4C 64 1B A4 10 A6 42 09 D1 06 F0 8E FF 00 26 0A 4D 0A 4C 64 1B A4 10 A6 42 05 D1 70 BD 55 F8 04 3B 98 47 01 36 EE E7 55 F8 04 3B 98 47 01 36 F2 E7 0C 39 01 08 0C 39 01 08 0C 39 01 08 10 39 01 08 70 47 70 47 70 47 00 00 38 B5 05 46 00 29 40 D0 51 F8 04 3C 0C 1F 00 2B B8 BF E4 18 00 F0 DE F8 1C 4A 13 68 33 B9 63 60 14 60 28 46 BD E8 38 40 00 F0 DA B8 A3 42 08 D9 20 68 21 18 8B 42 01 BF 19 68 5B 68 09 18 21 60 ED E7 1A 46 5B 68 0B B1 A3 42 FA D9 11 68 50 18 A0 42 0B D1 20 68 01 44 50 18 83 42 11 60 E0 D1 18 68 5B 68 08 44 10 60 53 60 DA E7 02 D9 0C 23 2B 60 D6 E7 20 68 21 18 8B 42 01 BF 19 68 5B 68 09 18 21 60 63 60 54 60 CB E7 38 BD 24 22 00 20 70 B5 0F 4E 0C 46 31 68 05 46 11 B9 00 F0 4E F9 30 60 21 46 28 46 00 F0 49 F9 43 1C 03 D1 4F F0 FF 34 20 46 70 BD C4 1C 24 F0 03 04 A0 42 F8 D0 21 1A 28 46 00 F0 3A F9 01 30 F2 D1 EF E7 00 BF 20 22 00 20 2D E9 F8 43 CD 1C 25 F0 03 05 08 35 0C 2D 38 BF 0C 25 00 2D 06 46 01 DB A9 42 04 D9 0C 23 33 60 00 20 BD E8 F8 83 DF F8 D4 80 00 F0 69 F8 D8 F8 00 30 1C 46 44 BB 29 46 30 46 FF F7 BF FF 43 1C 04 46 58 D1 D8 F8 00 40 27 46 00 2F 43 D1 00 2C 4B D0 23 68 39 46 30 46 04 EB 03 09 00 F0 04 F9 81 45 42 D1 21 68 30 46 6D 1A 29 46 FF F7 A6 FF 01 30 3A D0 23 68 2B 44 23 60 D8 F8 00 30 5A 68 62 BB C8 F8 00 70 0F E0 22 68 52 1B 20 D4 0B 2A 17 D9 61 19 A3 42 25 60 18 BF 59 60 63 68 08 BF C8 F8 00 10 62 51 4B 60 30 46 00 F0 2F F8 04 F1 0B 00 23 1D 20 F0 07 00 C2 1A 1C BF 1B 1A A3 50 AF E7 62 68 A3 42 0C BF C8 F8 00 20 5A 60 EB E7 23 46 64 68 AE E7 3C 46 7F 68 B6 E7 1A 46 5B 68 A3 42 FB D1 00 23 53 60 DE E7 0C 23 30 46 33 60 00 F0 0C F8 94 E7 05 60 D6 E7 00 BF 24 22 00 20 01 48 FF F7 10 BF 00 BF 1C 22 00 20 01 48 FF F7 0B BF 00 BF 1C 22 00 20 B1 F9 0C 20 F8 B5 16 07 05 46 0C 46 54 D4 4B 68 00 2B 02 DC 0B 6C 00 2B 48 DD E6 6A 00 2E 45 D0 00 23 12 F4 80 52 2F 68 21 6A 2B 60 30 D0 62 6D A3 89 59 07 05 D5 63 68 D2 1A 63 6B 0B B1 23 6C D2 1A 00 23 28 46 E6 6A 21 6A B0 47 43 1C A3 89 06 D1 29 68 1D 29 2B D8 28 4A CA 40 D6 07 27 D5 00 22 62 60 22 69 D9 04 22 60 04 D5 42 1C 01 D1 2B 68 03 B9 60 65 61 6B 2F 60 B9 B1 04 F1 44 03 99 42 02 D0 28 46 FF F7 C5 FE 00 23 63 63 0D E0 01 23 28 46 B0 47 02 46 50 1C C9 D1 2B 68 00 2B C6 D0 1D 2B 01 D0 16 2B 1D D1 2F 60 00 20 21 E0 43 F0 40 03 1B B2 1A E0 0F 69 00 2F F6 D0 93 07 18 BF 00 23 0E 68 08 BF 4B 69 F6 1B 0F 60 8B 60 00 2E EB DD 33 46 3A 46
0:00:02.828 -                     :     - INFO  : Tx    123    21 23 F4 80 53 A3 81 28  !#..S..(
0:00:02.828 -                     :     - INFO  : Tx    123    22 46 3B 46 B4 F9 0E 10  "F;F....
0:00:02.828 -                     :     - INFO  : Tx    123    23 BD E8 F0 41 00 F0 53  #...A..S
0:00:02.828 -                     :     - INFO  : Tx    123    24 B8 10 B5 0C 46 B1 F9  $....F..
0:00:02.828 -                     :     - INFO  : Tx    123    25 0E 10 00 F0 29 F8 43  %....).C
0:00:02.828 -                     :     - INFO  : Tx    123    26 1C A3 89 15 BF 60 65  &.....`e
0:00:02.828 -                     :     - INFO  : Tx    123    27 23 F4 80 53 43 F4 80  '#..SC..
0:00:02.828 -                     :     - INFO  : Tx    123    28 53 A3 81 18 BF A3 81  (S......
0:00:02.828 -                     :     - INFO  : Tx    123    29 10 BD B1 F9 0E 10 00  ).......
0:00:02.828 -                     :     - INFO  : Tx    123    2A F0 09 B8 03 46 02 44  *....F.D
0:00:02.828 -                     :     - INFO  : Tx    123    2B 93 42 00 D1 70 47 03  +.B..pG.
0:00:02.828 -                     :     - INFO  : Tx    123    2C F8 01 1B F9 E7 00 00  ,.......
0:00:02.828 -                     :     - INFO  : Tx    123    2D 38 B5 00 23 05 4D 04  -8..#.M.
0:00:02.828 -                     :     - INFO  : Tx    123    2E 46 08 46 2B 60 06 F0  .F.F+`..
0:00:02.828 -                     :     - INFO  : Tx    123    2F BD F8 43 1C 02 D1 2B  /..C...+
0:00:02.828 -                     :     - INFO  : Tx    123    20 68 03 B1 23 60 38 BD   h..#`8.
0:00:02.828 -                     :     - INFO  : Tx    123    21 18 22 00 20 38 B5 04  !.". 8..
0:00:02.828 -                     :     - INFO  : Tx    123    22 46 08 46 11 46 00 22  "F.F.F."
0:00:02.828 -                     :     - INFO  : Tx    123    23 05 4D 2A 60 1A 46 06  #.M*`.F.
0:00:02.828 -                     :     - INFO  : Tx    123    24 F0 CF F8 43 1C 02 D1  $...C...
0:00:02.828 -                     :     - INFO  : Tx    123    25 2B 68 03 B1 23 60 38  %+h..#`8
0:00:02.828 -                     :     - INFO  : Tx    123    26 BD 18 22 00 20 38 B5  &..". 8.
0:00:02.828 -                     :     - INFO  : Tx    123    27 04 46 08 46 11 46 00  '.F.F.F.
0:00:02.828 -                     :     - INFO  : Tx    123    28 22 05 4D 2A 60 1A 46  (".M*`.F
0:00:02.828 -                     :     - INFO  : Tx    123    29 06 F0 60 F8 43 1C 02  )..`.C..
0:00:02.828 -                     :     - INFO  : Tx    123    2A D1 2B 68 03 B1 23 60  *.+h..#`
0:00:02.828 -                     :     - INFO  : Tx    123    2B 38 BD 18 22 00 20 38  +8..". 8
0:00:02.828 -                     :     - INFO  : Tx    123    2C B5 04 46 08 46 11 46  ,..F.F.F
0:00:02.828 -                     :     - INFO  : Tx    123    2D 00 22 05 4D 2A 60 1A  -.".M*`.
0:00:02.828 -                     :     - INFO  : Tx    123    2E 46 06 F0 6B F8 43 1C  .F..k.C.
0:00:02.828 -                     :     - INFO  : Tx    123    2F 02 D1 2B 68 03 B1 23  /..+h..#
0:00:02.828 -                     :     - INFO  : Tx    123    20 60 38 BD 18 22 00 20   `8..". 
0:00:02.828 -                     :     - INFO  : Tx    123    21 70 B5 00 26 0C 4D 0D  !p..&.M.
0:00:02.828 -                     :     - INFO  : Tx    123    22 4C 64 1B A4 10 A6 42  "Ld....B
0:00:02.828 -                     :     - INFO  : Tx    123    23 09 D1 06 F0 8E FF 00  #.......
0:00:02.828 -                     :     - INFO  : Tx    123    24 26 0A 4D 0A 4C 64 1B  $&.M.Ld.
0:00:02.828 -                     :     - INFO  : Tx    123    25 A4 10 A6 42 05 D1 70  %...B..p
0:00:02.828 -                     :     - INFO  : Tx    123    26 BD 55 F8 04 3B 98 47  &.U..;.G
0:00:02.828 -                     :     - INFO  : Tx    123    27 01 36 EE E7 55 F8 04  '.6..U..
0:00:02.828 -                     :     - INFO  : Tx    123    28 3B 98 47 01 36 F2 E7  (;.G.6..
0:00:02.828 -                     :     - INFO  : Tx    123    29 0C 39 01 08 0C 39 01  ).9...9.
0:00:02.828 -                     :     - INFO  : Tx    123    2A 08 0C 39 01 08 10 39  *..9...9
0:00:02.828 -                     :     - INFO  : Tx    123    2B 01 08 70 47 70 47 70  +..pGpGp
0:00:02.828 -                     :     - INFO  : Tx    123    2C 47 00 00 38 B5 05 46  ,G..8..F
0:00:02.828 -                     :     - INFO  : Tx    123    2D 00 29 40 D0 51 F8 04  -.)@.Q..
0:00:02.828 -                     :     - INFO  : Tx    123    2E 3C 0C 1F 00 2B B8 BF  .<...+..
0:00:02.828 -                     :     - INFO  : Tx    123    2F E4 18 00 F0 DE F8 1C  /.......
0:00:02.828 -                     :     - INFO  : Tx    123    20 4A 13 68 33 B9 63 60   J.h3.c`
0:00:02.828 -                     :     - INFO  : Tx    123    21 14 60 28 46 BD E8 38  !.`(F..8
0:00:02.828 -                     :     - INFO  : Tx    123    22 40 00 F0 DA B8 A3 42  "@.....B
0:00:02.828 -                     :     - INFO  : Tx    123    23 08 D9 20 68 21 18 8B  #.. h!..
0:00:02.828 -                     :     - INFO  : Tx    123    24 42 01 BF 19 68 5B 68  $B...h[h
0:00:02.828 -                     :     - INFO  : Tx    123    25 09 18 21 60 ED E7 1A  %..!`...
0:00:02.828 -                     :     - INFO  : Tx    123    26 46 5B 68 0B B1 A3 42  &F[h...B
0:00:02.828 -                     :     - INFO  : Tx    123    27 FA D9 11 68 50 18 A0  '...hP..
0:00:02.828 -                     :     - INFO  : Tx    123    28 42 0B D1 20 68 01 44  (B.. h.D
0:00:02.828 -                     :     - INFO  : Tx    123    29 50 18 83 42 11 60 E0  )P..B.`.
0:00:02.828 -                     :     - INFO  : Tx    123    2A D1 18 68 5B 68 08 44  *..h[h.D
0:00:02.828 -                     :     - INFO  : Tx    123    2B 10 60 53 60 DA E7 02  +.`S`...
0:00:02.828 -                     :     - INFO  : Tx    123    2C D9 0C 23 2B 60 D6 E7  ,..#+`..
0:00:02.828 -                     :     - INFO  : Tx    123    2D 20 68 21 18 8B 42 01  - h!..B.
0:00:02.828 -                     :     - INFO  : Tx    123    2E BF 19 68 5B 68 09 18  ...h[h..
0:00:02.828 -                     :     - INFO  : Tx    123    2F 21 60 63 60 54 60 CB  /!`c`T`.
0:00:02.828 -                     :     - INFO  : Tx    123    20 E7 38 BD 24 22 00 20   .8.$". 
0:00:02.828 -                     :     - INFO  : Tx    123    21 70 B5 0F 4E 0C 46 31  !p..N.F1
0:00:02.828 -                     :     - INFO  : Tx    123    22 68 05 46 11 B9 00 F0  "h.F....
0:00:02.828 -                     :     - INFO  : Tx    123    23 4E F9 30 60 21 46 28  #N.0`!F(
0:00:02.828 -                     :     - INFO  : Tx    123    24 46 00 F0 49 F9 43 1C  $F..I.C.
0:00:02.828 -                     :     - INFO  : Tx    123    25 03 D1 4F F0 FF 34 20  %..O..4 
0:00:02.828 -                     :     - INFO  : Tx    123    26 46 70 BD C4 1C 24 F0  &Fp...$.
0:00:02.828 -                     :     - INFO  : Tx    123    27 03 04 A0 42 F8 D0 21  '...B..!
0:00:02.828 -                     :     - INFO  : Tx    123    28 1A 28 46 00 F0 3A F9  (.(F..:.
0:00:02.828 -                     :     - INFO  : Tx    123    29 01 30 F2 D1 EF E7 00  ).0.....
0:00:02.828 -                     :     - INFO  : Tx    123    2A BF 20 22 00 20 2D E9  *. ". -.
0:00:02.828 -                     :     - INFO  : Tx    123    2B F8 43 CD 1C 25 F0 03  +.C..%..
0:00:02.828 -                     :     - INFO  : Tx    123    2C 05 08 35 0C 2D 38 BF  ,..5.-8.
0:00:02.828 -                     :     - INFO  : Tx    123    2D 0C 25 00 2D 06 46 01  -.%.-.F.
0:00:02.828 -                     :     - INFO  : Tx    123    2E DB A9 42 04 D9 0C 23  ...B...#
0:00:02.828 -                     :     - INFO  : Tx    123    2F 33 60 00 20 BD E8 F8  /3`. ...
0:00:02.828 -                     :     - INFO  : Tx    123    20 83 DF F8 D4 80 00 F0   .......
0:00:02.828 -                     :     - INFO  : Tx    123    21 69 F8 D8 F8 00 30 1C  !i....0.
0:00:02.828 -                     :     - INFO  : Tx    123    22 46 44 BB 29 46 30 46  "FD.)F0F
0:00:02.828 -                     :     - INFO  : Tx    123    23 FF F7 BF FF 43 1C 04  #....C..
0:00:02.828 -                     :     - INFO  : Tx    123    24 46 58 D1 D8 F8 00 40  $FX....@
0:00:02.828 -                     :     - INFO  : Tx    123    25 27 46 00 2F 43 D1 00  %'F./C..
0:00:02.828 -                     :     - INFO  : Tx    123    26 2C 4B D0 23 68 39 46  &,K.#h9F
0:00:02.828 -                     :     - INFO  : Tx    123    27 30 46 04 EB 03 09 00  '0F.....
0:00:02.828 -                     :     - INFO  : Tx    123    28 F0 04 F9 81 45 42 D1  (....EB.
0:00:02.828 -                     :     - INFO  : Tx    123    29 21 68 30 46 6D 1A 29  )!h0Fm.)
0:00:02.828 -                     :     - INFO  : Tx    123    2A 46 FF F7 A6 FF 01 30  *F.....0
0:00:02.828 -                     :     - INFO  : Tx    123    2B 3A D0 23 68 2B 44 23  +:.#h+D#
0:00:02.828 -                     :     - INFO  : Tx    123    2C 60 D8 F8 00 30 5A 68  ,`...0Zh
0:00:02.828 -                     :     - INFO  : Tx    123    2D 62 BB C8 F8 00 70 0F  -b....p.
0:00:02.828 -                     :     - INFO  : Tx    123    2E E0 22 68 52 1B 20 D4  .."hR. .
0:00:02.828 -                     :     - INFO  : Tx    123    2F 0B 2A 17 D9 61 19 A3  /.*..a..
0:00:02.828 -                     :     - INFO  : Tx    123    20 42 25 60 18 BF 59 60   B%`..Y`
0:00:02.828 -                     :     - INFO  : Tx    123    21 63 68 08 BF C8 F8 00  !ch.....
0:00:02.828 -                     :     - INFO  : Tx    123    22 10 62 51 4B 60 30 46  ".bQK`0F
0:00:02.828 -                     :     - INFO  : Tx    123    23 00 F0 2F F8 04 F1 0B  #../....
0:00:02.828 -                     :     - INFO  : Tx    123    24 00 23 1D 20 F0 07 00  $.#. ...
0:00:02.828 -                     :     - INFO  : Tx    123    25 C2 1A 1C BF 1B 1A A3  %.......
0:00:02.828 -                     :     - INFO  : Tx    123    26 50 AF E7 62 68 A3 42  &P..bh.B
0:00:02.828 -                     :     - INFO  : Tx    123    27 0C BF C8 F8 00 20 5A  '..... Z
0:00:02.828 -                     :     - INFO  : Tx    123    28 60 EB E7 23 46 64 68  (`..#Fdh
0:00:02.828 -                     :     - INFO  : Tx    123    29 AE E7 3C 46 7F 68 B6  )..<F.h.
0:00:02.828 -                     :     - INFO  : Tx    123    2A E7 1A 46 5B 68 A3 42  *..F[h.B
0:00:02.828 -                     :     - INFO  : Tx    123    2B FB D1 00 23 53 60 DE  +...#S`.
0:00:02.828 -                     :     - INFO  : Tx    123    2C E7 0C 23 30 46 33 60  ,..#0F3`
0:00:02.828 -                     :     - INFO  : Tx    123    2D 00 F0 0C F8 94 E7 05  -.......
0:00:02.828 -                     :     - INFO  : Tx    123    2E 60 D6 E7 00 BF 24 22  .`....$"
0:00:02.828 -                     :     - INFO  : Tx    123    2F 00 20 01 48 FF F7 10  /. .H...
0:00:02.828 -                     :     - INFO  : Tx    123    20 BF 00 BF 1C 22 00 20   ....". 
0:00:02.828 -                     :     - INFO  : Tx    123    21 01 48 FF F7 0B BF 00  !.H.....
0:00:02.828 -                     :     - INFO  : Tx    123    22 BF 1C 22 00 20 B1 F9  "..". ..
0:00:02.828 -                     :     - INFO  : Tx    123    23 0C 20 F8 B5 16 07 05  #. .....
0:00:02.828 -                     :     - INFO  : Tx    123    24 46 0C 46 54 D4 4B 68  $F.FT.Kh
0:00:02.828 -                     :     - INFO  : Tx    123    25 00 2B 02 DC 0B 6C 00  %.+...l.
0:00:02.828 -                     :     - INFO  : Tx    123    26 2B 48 DD E6 6A 00 2E  &+H..j..
0:00:02.828 -                     :     - INFO  : Tx    123    27 45 D0 00 23 12 F4 80  'E..#...
0:00:02.828 -                     :     - INFO  : Tx    123    28 52 2F 68 21 6A 2B 60  (R/h!j+`
0:00:02.828 -                     :     - INFO  : Tx    123    29 30 D0 62 6D A3 89 59  )0.bm..Y
0:00:02.828 -                     :     - INFO  : Tx    123    2A 07 05 D5 63 68 D2 1A  *...ch..
0:00:02.828 -                     :     - INFO  : Tx    123    2B 63 6B 0B B1 23 6C D2  +ck..#l.
0:00:02.828 -                     :     - INFO  : Tx    123    2C 1A 00 23 28 46 E6 6A  ,..#(F.j
0:00:02.828 -                     :     - INFO  : Tx    123    2D 21 6A B0 47 43 1C A3  -!j.GC..
0:00:02.828 -                     :     - INFO  : Tx    123    2E 89 06 D1 29 68 1D 29  ....)h.)
0:00:02.828 -                     :     - INFO  : Tx    123    2F 2B D8 28 4A CA 40 D6  /+.(J.@.
0:00:02.828 -                     :     - INFO  : Tx    123    20 07 27 D5 00 22 62 60   .'.."b`
0:00:02.828 -                     :     - INFO  : Tx    123    21 22 69 D9 04 22 60 04  !"i.."`.
0:00:02.828 -                     :     - INFO  : Tx    123    22 D5 42 1C 01 D1 2B 68  ".B...+h
0:00:02.828 -                     :     - INFO  : Tx    123    23 03 B9 60 65 61 6B 2F  #..`eak/
0:00:02.828 -                     :     - INFO  : Tx    123    24 60 B9 B1 04 F1 44 03  $`....D.
0:00:02.828 -                     :     - INFO  : Tx    123    25 99 42 02 D0 28 46 FF  %.B..(F.
0:00:02.828 -                     :     - INFO  : Tx    123    26 F7 C5 FE 00 23 63 63  &....#cc
0:00:02.828 -                     :     - INFO  : Tx    123    27 0D E0 01 23 28 46 B0  '...#(F.
0:00:02.828 -                     :     - INFO  : Tx    123    28 47 02 46 50 1C C9 D1  (G.FP...
0:00:02.828 -                     :     - INFO  : Tx    123    29 2B 68 00 2B C6 D0 1D  )+h.+...
0:00:02.828 -                     :     - INFO  : Tx    123    2A 2B 01 D0 16 2B 1D D1  *+...+..
0:00:02.828 -                     :     - INFO  : Tx    123    2B 2F 60 00 20 21 E0 43  +/`. !.C
0:00:02.828 -                     :     - INFO  : Tx    123    2C F0 40 03 1B B2 1A E0  ,.@.....
0:00:02.828 -                     :     - INFO  : Tx    123    2D 0F 69 00 2F F6 D0 93  -.i./...
0:00:02.828 -                     :     - INFO  : Tx    123    2E 07 18 BF 00 23 0E 68  .....#.h
0:00:02.828 -                     :     - INFO  : Tx    123    2F 08 BF 4B 69 F6 1B 0F  /..Ki...
0:00:02.828 -                     :     - INFO  : Tx    123    20 60 8B 60 00 2E EB DD   `.`....
0:00:02.828 -                     :     - INFO  : Tx    123    21 33 46 3A 46 AA AA AA  !3F:F...
0:00:02.922 -                     :     - INFO  : Rx    122    02 76 02 AA AA AA AA AA  .v......
0:00:02.922 -                     :     - INFO  : ISO TP message (single frame): 027602AAAAAAAAAA
0:00:02.922 -                     :     - INFO  : size: 0x2(2)
0:00:02.922 -                     :     - INFO  : data: 76 02
0:00:02.922 -                     :     - PASS  : TransferData positive response | expected: 76 ... | received: 76 02
0:00:02.922 -                     :     - INFO  : TransferData seq 2 confirmed
0:00:02.938 -                     :     - INFO  : Tx    123    13 FA 36 03 28 46 21 6A  ..6.(F!j
0:00:02.938 -                     :     - INFO  : ISO TP message (first frame): 13FA36032846216A
0:00:02.938 -                     :     - INFO  : size: 0x3fa(1018)
0:00:02.938 -                     :     - INFO  : data: 36 03 28 46 21 6A D4 F8 28 C0 E0 47 00 28 07 DC B4 F9 0C 30 43 F0 40 03 4F F0 FF 30 A3 81 F8 BD 07 44 36 1A E9 E7 01 00 40 20 38 B5 0B 69 05 46 0C 46 13 B9 00 25 28 46 38 BD 18 B1 03 6A 0B B9 FF F7 8D FD B4 F9 0C 30 00 2B F3 D0 62 6E D0 07 04 D4 99 05 02 D4 A0 6D FF F7 6E FE 28 46 21 46 FF F7 63 FF 63 6E 05 46 DA 07 E4 D4 A3 89 9B 05 E1 D4 A0 6D FF F7 61 FE DD E7 38 B5 00 23 05 4D 04 46 08 46 2B 60 05 F0 20 FE 43 1C 02 D1 2B 68 03 B1 23 60 38 BD 18 22 00 20 80 B4 85 B0 00 AF 78 60 39 60 00 23 FB 73 0F 23 BB 60 18 E0 BB 68 7A 68 13 44 1B 78 5B B2 5B 00 5A B2 97 F9 0F 30 13 43 59 B2 BB 68 3A 68 13 44 CA B2 1A 70 BB 68 7A 68 13 44 1B 78 DB 09 FB 73 BB 68 01 3B BB 60 BB 68 00 2B E3 DA 00 BF 00 BF 14 37 BD 46 80 BC 70 47 80 B4 87 B0 00 AF F8 60 B9 60 7A 60 00 23 7B 61 10 E0 7B 69 FA 68 13 44 19 78 7B 69 BA 68 13 44 1A 78 7B 69 78 68 03 44 4A 40 D2 B2 1A 70 7B 69 01 33 7B 61 7B 69 0F 2B EB DD 00 BF 00 BF 1C 37 BD 46 80 BC 70 47 00 00 80 B5 86 B0 00 AF F8 60 B9 60 7A 60 78 68 FF F7 75 FC 03 46 9A B2 4F F6 FF 73 79 68 15 48 05 F0 DC FB 00 23 7B 61 15 E0 FA 68 7B 69 13 44 1B 78 1A 46 07 F1 10 03 10 49 18 46 05 F0 FD FE 07 F1 10 01 4F F6 FF 73 03 22 0A 48 05 F0 C6 FB 7B 69 01 33 7B 61 7A 69 BB 68 9A 42 E5 D3 4F F6 FF 73 02 22 06 49 03 48 05 F0 B8 FB 00 BF 18 37 BD 46 80 BD 00 BF 54 27 00 20 24 34 01 08 2C 34 01 08 80 B4 85 B0 00 AF 78 60 39 60 00 23 FB 60 10 E0 FB 68 7A 68 13 44 19 78 FB 68 3A 68 13 44 1A 78 FB 68 78 68 03 44 4A 40 D2 B2 1A 70 FB 68 01 33 FB 60 FB 68 0F 2B EB DD 00 BF 00 BF 14 37 BD 46 80 BC 70 47 80 B4 85 B0 00 AF 78 60 00 23 FB 60 0D E0 FB 68 7A 68 13 44 1B 78 19 46 FB 68 7A 68 13 44 07 4A 52 5C 1A 70 FB 68 01 33 FB 60 FB 68 0F 2B EE DD 00 BF 00 BF 14 37 BD 46 80 BC 70 47 AC 34 01 08 80 B4 85 B0 00 AF 78 60 7B 68 5B 78 FB 73 7B 68 01 33 7A 68 52 79 1A 70 7B 68 05 33 7A 68 52 7A 1A 70 7B 68 09 33 7A 68 52 7B 1A 70 7B 68 0D 33 FA 7B 1A 70 7B 68 9B 78 FB 73 7B 68 02 33 7A 68 92 7A 1A 70 7B 68 0A 33 FA 7B 1A 70 7B 68 9B 79 FB 73 7B 68 06 33 7A 68 92 7B 1A 70 7B 68 0E 33 FA 7B 1A 70 7B 68 DB 78 FB 73 7B 68 03 33 7A 68 D2 7B 1A 70 7B 68 0F 33 7A 68 D2 7A 1A 70 7B 68 0B 33 7A 68 D2 79 1A 70 7B 68 07 33 FA 7B 1A 70 00 BF 14 37 BD 46 80 BC 70 47 00 00 80 B4 85 B0 00 AF 78 60 00 23 FB 60 7A E0 FB 68 9B 00 1A 46 7B 68 13 44 1B 78 FB 72 FB 68 9B 00 01 33 7A 68 13 44 1B 78 BB 72 FB 68 9B 00 02 33 7A 68 13 44 1B 78 7B 72 FB 68 9B 00 03 33 7A 68 13 44 1B 78 3B 72 FB 7A 33 4A D2 5C BB 7A 32 49 C9 5C BB 7A 4B 40 DB B2 53 40 DA B2 7B 7A 53 40 D9 B2 FB 68 9B 00 1A 46 7B 68 13 44 3A 7A 4A 40 D2 B2 1A 70 BB 7A 28 4A D2 5C FB 7A 53 40 DA B2 7B 7A 25 49 C9 5C 7B 7A 4B 40 DB B2 53 40 D9 B2 FB 68 9B 00 01 33 7A 68 13 44 3A 7A 4A 40 D2 B2 1A 70 FA 7A BB 7A 53 40 DA B2 7B 7A 1A 49 CB 5C 53 40 D9 B2 3B 7A 18 4A D2 5C 3B 7A 53 40 DA B2 FB 68 9B 00 02 33 78 68 03 44 4A 40 D2 B2 1A 70 FB 7A 11 4A D2 5C FB 7A 53 40 DA B2 BB 7A 53 40 DA B2 7B 7A 53 40 D9 B2 3B 7A 0B 4A D2 5C FB 68 9B 00 03 33 78 68 03 44 4A 40 D2 B2 1A 70 FB 68 01 33 FB 60 FB 68 03 2B 81 DD 00 BF 00 BF 14 37 BD 46 80 BC 70 47 00 BF AC 35 01 08 80 B4 85 B0
0:00:02.938 -                     :     - INFO  : Tx    123    21 D4 F8 28 C0 E0 47 00  !..(..G.
0:00:02.938 -                     :     - INFO  : Tx    123    22 28 07 DC B4 F9 0C 30  "(.....0
0:00:02.938 -                     :     - INFO  : Tx    123    23 43 F0 40 03 4F F0 FF  #C.@.O..
0:00:02.938 -                     :     - INFO  : Tx    123    24 30 A3 81 F8 BD 07 44  $0.....D
0:00:02.938 -                     :     - INFO  : Tx    123    25 36 1A E9 E7 01 00 40  %6.....@
0:00:02.938 -                     :     - INFO  : Tx    123    26 20 38 B5 0B 69 05 46  & 8..i.F
0:00:02.938 -                     :     - INFO  : Tx    123    27 0C 46 13 B9 00 25 28  '.F...%(
0:00:02.938 -                     :     - INFO  : Tx    123    28 46 38 BD 18 B1 03 6A  (F8....j
0:00:02.938 -                     :     - INFO  : Tx    123    29 0B B9 FF F7 8D FD B4  ).......
0:00:02.938 -                     :     - INFO  : Tx    123    2A F9 0C 30 00 2B F3 D0  *..0.+..
0:00:02.938 -                     :     - INFO  : Tx    123    2B 62 6E D0 07 04 D4 99  +bn.....
0:00:02.938 -                     :     - INFO  : Tx    123    2C 05 02 D4 A0 6D FF F7  ,....m..
0:00:02.938 -                     :     - INFO  : Tx    123    2D 6E FE 28 46 21 46 FF  -n.(F!F.
0:00:02.938 -                     :     - INFO  : Tx    123    2E F7 63 FF 63 6E 05 46  ..c.cn.F
0:00:02.938 -                     :     - INFO  : Tx    123    2F DA 07 E4 D4 A3 89 9B  /.......
0:00:02.938 -                     :     - INFO  : Tx    123    20 05 E1 D4 A0 6D FF F7   ....m..
0:00:02.938 -                     :     - INFO  : Tx    123    21 61 FE DD E7 38 B5 00  !a...8..
0:00:02.938 -                     :     - INFO  : Tx    123    22 23 05 4D 04 46 08 46  "#.M.F.F
0:00:02.938 -                     :     - INFO  : Tx    123    23 2B 60 05 F0 20 FE 43  #+`.. .C
0:00:02.938 -                     :     - INFO  : Tx    123    24 1C 02 D1 2B 68 03 B1  $...+h..
0:00:02.938 -                     :     - INFO  : Tx    123    25 23 60 38 BD 18 22 00  %#`8..".
0:00:02.938 -                     :     - INFO  : Tx    123    26 20 80 B4 85 B0 00 AF  & ......
0:00:02.938 -                     :     - INFO  : Tx    123    27 78 60 39 60 00 23 FB  'x`9`.#.
0:00:02.938 -                     :     - INFO  : Tx    123    28 73 0F 23 BB 60 18 E0  (s.#.`..
0:00:02.938 -                     :     - INFO  : Tx    123    29 BB 68 7A 68 13 44 1B  ).hzh.D.
0:00:02.938 -                     :     - INFO  : Tx    123    2A 78 5B B2 5B 00 5A B2  *x[.[.Z.
0:00:02.938 -                     :     - INFO  : Tx    123    2B 97 F9 0F 30 13 43 59  +...0.CY
0:00:02.938 -                     :     - INFO  : Tx    123    2C B2 BB 68 3A 68 13 44  ,..h:h.D
0:00:02.938 -                     :     - INFO  : Tx    123    2D CA B2 1A 70 BB 68 7A  -...p.hz
0:00:02.938 -                     :     - INFO  : Tx    123    2E 68 13 44 1B 78 DB 09  .h.D.x..
0:00:02.938 -                     :     - INFO  : Tx    123    2F FB 73 BB 68 01 3B BB  /.s.h.;.
0:00:02.938 -                     :     - INFO  : Tx    123    20 60 BB 68 00 2B E3 DA   `.h.+..
0:00:02.938 -                     :     - INFO  : Tx    123    21 00 BF 00 BF 14 37 BD  !.....7.
0:00:02.938 -                     :     - INFO  : Tx    123    22 46 80 BC 70 47 80 B4  "F..pG..
0:00:02.938 -                     :     - INFO  : Tx    123    23 87 B0 00 AF F8 60 B9  #.....`.
0:00:02.938 -                     :     - INFO  : Tx    123    24 60 7A 60 00 23 7B 61  $`z`.#{a
0:00:02.938 -                     :     - INFO  : Tx    123    25 10 E0 7B 69 FA 68 13  %..{i.h.
0:00:02.938 -                     :     - INFO  : Tx    123    26 44 19 78 7B 69 BA 68  &D.x{i.h
0:00:02.938 -                     :     - INFO  : Tx    123    27 13 44 1A 78 7B 69 78  '.D.x{ix
0:00:02.938 -                     :     - INFO  : Tx    123    28 68 03 44 4A 40 D2 B2  (h.DJ@..
0:00:02.938 -                     :     - INFO  : Tx    123    29 1A 70 7B 69 01 33 7B  ).p{i.3{
0:00:02.938 -                     :     - INFO  : Tx    123    2A 61 7B 69 0F 2B EB DD  *a{i.+..
0:00:02.938 -                     :     - INFO  : Tx    123    2B 00 BF 00 BF 1C 37 BD  +.....7.
0:00:02.938 -                     :     - INFO  : Tx    123    2C 46 80 BC 70 47 00 00  ,F..pG..
0:00:02.938 -                     :     - INFO  : Tx    123    2D 80 B5 86 B0 00 AF F8  -.......
0:00:02.938 -                     :     - INFO  : Tx    123    2E 60 B9 60 7A 60 78 68  .`.`z`xh
0:00:02.938 -                     :     - INFO  : Tx    123    2F FF F7 75 FC 03 46 9A  /..u..F.
0:00:02.938 -                     :     - INFO  : Tx    123    20 B2 4F F6 FF 73 79 68   .O..syh
0:00:02.938 -                     :     - INFO  : Tx    123    21 15 48 05 F0 DC FB 00  !.H.....
0:00:02.938 -                     :     - INFO  : Tx    123    22 23 7B 61 15 E0 FA 68  "#{a...h
0:00:02.938 -                     :     - INFO  : Tx    123    23 7B 69 13 44 1B 78 1A  #{i.D.x.
0:00:02.938 -                     :     - INFO  : Tx    123    24 46 07 F1 10 03 10 49  $F.....I
0:00:02.938 -                     :     - INFO  : Tx    123    25 18 46 05 F0 FD FE 07  %.F.....
0:00:02.938 -                     :     - INFO  : Tx    123    26 F1 10 01 4F F6 FF 73  &...O..s
0:00:02.938 -                     :     - INFO  : Tx    123    27 03 22 0A 48 05 F0 C6  '.".H...
0:00:02.938 -                     :     - INFO  : Tx    123    28 FB 7B 69 01 33 7B 61  (.{i.3{a
0:00:02.938 -                     :     - INFO  : Tx    123    29 7A 69 BB 68 9A 42 E5  )zi.h.B.
0:00:02.938 -                     :     - INFO  : Tx    123    2A D3 4F F6 FF 73 02 22  *.O..s."
0:00:02.938 -                     :     - INFO  : Tx    123    2B 06 49 03 48 05 F0 B8  +.I.H...
0:00:02.938 -                     :     - INFO  : Tx    123    2C FB 00 BF 18 37 BD 46  ,....7.F
0:00:02.938 -                     :     - INFO  : Tx    123    2D 80 BD 00 BF 54 27 00  -....T'.
0:00:02.938 -                     :     - INFO  : Tx    123    2E 20 24 34 01 08 2C 34  . $4..,4
0:00:02.938 -                     :     - INFO  : Tx    123    2F 01 08 80 B4 85 B0 00  /.......
0:00:02.938 -                     :     - INFO  : Tx    123    20 AF 78 60 39 60 00 23   .x`9`.#
0:00:02.938 -                     :     - INFO  : Tx    123    21 FB 60 10 E0 FB 68 7A  !.`...hz
0:00:02.938 -                     :     - INFO  : Tx    123    22 68 13 44 19 78 FB 68  "h.D.x.h
0:00:02.938 -                     :     - INFO  : Tx    123    23 3A 68 13 44 1A 78 FB  #:h.D.x.
0:00:02.938 -                     :     - INFO  : Tx    123    24 68 78 68 03 44 4A 40  $hxh.DJ@
0:00:02.938 -                     :     - INFO  : Tx    123    25 D2 B2 1A 70 FB 68 01  %...p.h.
0:00:02.938 -                     :     - INFO  : Tx    123    26 33 FB 60 FB 68 0F 2B  &3.`.h.+
0:00:02.938 -                     :     - INFO  : Tx    123    27 EB DD 00 BF 00 BF 14  '.......
0:00:02.938 -                     :     - INFO  : Tx    123    28 37 BD 46 80 BC 70 47  (7.F..pG
0:00:02.938 -                     :     - INFO  : Tx    123    29 80 B4 85 B0 00 AF 78  )......x
0:00:02.938 -                     :     - INFO  : Tx    123    2A 60 00 23 FB 60 0D E0  *`.#.`..
0:00:02.938 -                     :     - INFO  : Tx    123    2B FB 68 7A 68 13 44 1B  +.hzh.D.
0:00:02.938 -                     :     - INFO  : Tx    123    2C 78 19 46 FB 68 7A 68  ,x.F.hzh
0:00:02.938 -                     :     - INFO  : Tx    123    2D 13 44 07 4A 52 5C 1A  -.D.JR\.
0:00:02.938 -                     :     - INFO  : Tx    123    2E 70 FB 68 01 33 FB 60  .p.h.3.`
0:00:02.938 -                     :     - INFO  : Tx    123    2F FB 68 0F 2B EE DD 00  /.h.+...
0:00:02.938 -                     :     - INFO  : Tx    123    20 BF 00 BF 14 37 BD 46   ....7.F
0:00:02.938 -                     :     - INFO  : Tx    123    21 80 BC 70 47 AC 34 01  !..pG.4.
0:00:02.938 -                     :     - INFO  : Tx    123    22 08 80 B4 85 B0 00 AF  ".......
0:00:02.938 -                     :     - INFO  : Tx    123    23 78 60 7B 68 5B 78 FB  #x`{h[x.
0:00:02.938 -                     :     - INFO  : Tx    123    24 73 7B 68 01 33 7A 68  $s{h.3zh
0:00:02.938 -                     :     - INFO  : Tx    123    25 52 79 1A 70 7B 68 05  %Ry.p{h.
0:00:02.938 -                     :     - INFO  : Tx    123    26 33 7A 68 52 7A 1A 70  &3zhRz.p
0:00:02.938 -                     :     - INFO  : Tx    123    27 7B 68 09 33 7A 68 52  '{h.3zhR
0:00:02.938 -                     :     - INFO  : Tx    123    28 7B 1A 70 7B 68 0D 33  ({.p{h.3
0:00:02.938 -                     :     - INFO  : Tx    123    29 FA 7B 1A 70 7B 68 9B  ).{.p{h.
0:00:02.938 -                     :     - INFO  : Tx    123    2A 78 FB 73 7B 68 02 33  *x.s{h.3
0:00:02.938 -                     :     - INFO  : Tx    123    2B 7A 68 92 7A 1A 70 7B  +zh.z.p{
0:00:02.938 -                     :     - INFO  : Tx    123    2C 68 0A 33 FA 7B 1A 70  ,h.3.{.p
0:00:02.938 -                     :     - INFO  : Tx    123    2D 7B 68 9B 79 FB 73 7B  -{h.y.s{
0:00:02.938 -                     :     - INFO  : Tx    123    2E 68 06 33 7A 68 92 7B  .h.3zh.{
0:00:02.938 -                     :     - INFO  : Tx    123    2F 1A 70 7B 68 0E 33 FA  /.p{h.3.
0:00:02.938 -                     :     - INFO  : Tx    123    20 7B 1A 70 7B 68 DB 78   {.p{h.x
0:00:02.938 -                     :     - INFO  : Tx    123    21 FB 73 7B 68 03 33 7A  !.s{h.3z
0:00:02.938 -                     :     - INFO  : Tx    123    22 68 D2 7B 1A 70 7B 68  "h.{.p{h
0:00:02.938 -                     :     - INFO  : Tx    123    23 0F 33 7A 68 D2 7A 1A  #.3zh.z.
0:00:02.938 -                     :     - INFO  : Tx    123    24 70 7B 68 0B 33 7A 68  $p{h.3zh
0:00:02.938 -                     :     - INFO  : Tx    123    25 D2 79 1A 70 7B 68 07  %.y.p{h.
0:00:02.938 -                     :     - INFO  : Tx    123    26 33 FA 7B 1A 70 00 BF  &3.{.p..
0:00:02.938 -                     :     - INFO  : Tx    123    27 14 37 BD 46 80 BC 70  '.7.F..p
0:00:02.938 -                     :     - INFO  : Tx    123    28 47 00 00 80 B4 85 B0  (G......
0:00:02.938 -                     :     - INFO  : Tx    123    29 00 AF 78 60 00 23 FB  )..x`.#.
0:00:02.938 -                     :     - INFO  : Tx    123    2A 60 7A E0 FB 68 9B 00  *`z..h..
0:00:02.938 -                     :     - INFO  : Tx    123    2B 1A 46 7B 68 13 44 1B  +.F{h.D.
0:00:02.938 -                     :     - INFO  : Tx    123    2C 78 FB 72 FB 68 9B 00  ,x.r.h..
0:00:02.938 -                     :     - INFO  : Tx    123    2D 01 33 7A 68 13 44 1B  -.3zh.D.
0:00:02.938 -                     :     - INFO  : Tx    123    2E 78 BB 72 FB 68 9B 00  .x.r.h..
0:00:02.938 -                     :     - INFO  : Tx    123    2F 02 33 7A 68 13 44 1B  /.3zh.D.
0:00:02.938 -                     :     - INFO  : Tx    123    20 78 7B 72 FB 68 9B 00   x{r.h..
0:00:02.938 -                     :     - INFO  : Tx    123    21 03 33 7A 68 13 44 1B  !.3zh.D.
0:00:02.938 -                     :     - INFO  : Tx    123    22 78 3B 72 FB 7A 33 4A  "x;r.z3J
0:00:02.938 -                     :     - INFO  : Tx    123    23 D2 5C BB 7A 32 49 C9  #.\.z2I.
0:00:02.938 -                     :     - INFO  : Tx    123    24 5C BB 7A 4B 40 DB B2  $\.zK@..
0:00:02.938 -                     :     - INFO  : Tx    123    25 53 40 DA B2 7B 7A 53  %S@..{zS
0:00:02.938 -                     :     - INFO  : Tx    123    26 40 D9 B2 FB 68 9B 00  &@...h..
0:00:02.938 -                     :     - INFO  : Tx    123    27 1A 46 7B 68 13 44 3A  '.F{h.D:
0:00:02.938 -                     :     - INFO  : Tx    123    28 7A 4A 40 D2 B2 1A 70  (zJ@...p
0:00:02.938 -                     :     - INFO  : Tx    123    29 BB 7A 28 4A D2 5C FB  ).z(J.\.
0:00:02.938 -                     :     - INFO  : Tx    123    2A 7A 53 40 DA B2 7B 7A  *zS@..{z
0:00:02.938 -                     :     - INFO  : Tx    123    2B 25 49 C9 5C 7B 7A 4B  +%I.\{zK
0:00:02.938 -                     :     - INFO  : Tx    123    2C 40 DB B2 53 40 D9 B2  ,@..S@..
0:00:02.938 -                     :     - INFO  : Tx    123    2D FB 68 9B 00 01 33 7A  -.h...3z
0:00:02.938 -                     :     - INFO  : Tx    123    2E 68 13 44 3A 7A 4A 40  .h.D:zJ@
0:00:02.938 -                     :     - INFO  : Tx    123    2F D2 B2 1A 70 FA 7A BB  /...p.z.
0:00:02.938 -                     :     - INFO  : Tx    123    20 7A 53 40 DA B2 7B 7A   zS@..{z
0:00:02.938 -                     :     - INFO  : Tx    123    21 1A 49 CB 5C 53 40 D9  !.I.\S@.
0:00:02.938 -                     :     - INFO  : Tx    123    22 B2 3B 7A 18 4A D2 5C  ".;z.J.\
0:00:02.938 -                     :     - INFO  : Tx    123    23 3B 7A 53 40 DA B2 FB  #;zS@...
0:00:02.938 -                     :     - INFO  : Tx    123    24 68 9B 00 02 33 78 68  $h...3xh
0:00:02.938 -                     :     - INFO  : Tx    123    25 03 44 4A 40 D2 B2 1A  %.DJ@...
0:00:02.938 -                     :     - INFO  : Tx    123    26 70 FB 7A 11 4A D2 5C  &p.z.J.\
0:00:02.938 -                     :     - INFO  : Tx    123    27 FB 7A 53 40 DA B2 BB  '.zS@...
0:00:02.938 -                     :     - INFO  : Tx    123    28 7A 53 40 DA B2 7B 7A  (zS@..{z
0:00:02.938 -                     :     - INFO  : Tx    123    29 53 40 D9 B2 3B 7A 0B  )S@..;z.
0:00:02.938 -                     :     - INFO  : Tx    123    2A 4A D2 5C FB 68 9B 00  *J.\.h..
0:00:02.938 -                     :     - INFO  : Tx    123    2B 03 33 78 68 03 44 4A  +.3xh.DJ
0:00:02.938 -                     :     - INFO  : Tx    123    2C 40 D2 B2 1A 70 FB 68  ,@...p.h
0:00:02.938 -                     :     - INFO  : Tx    123    2D 01 33 FB 60 FB 68 03  -.3.`.h.
0:00:02.938 -                     :     - INFO  : Tx    123    2E 2B 81 DD 00 BF 00 BF  .+......
0:00:02.938 -                     :     - INFO  : Tx    123    2F 14 37 BD 46 80 BC 70  /.7.F..p
0:00:02.938 -                     :     - INFO  : Tx    123    20 47 00 BF AC 35 01 08   G...5..
0:00:02.938 -                     :     - INFO  : Tx    123    21 80 B4 85 B0 AA AA AA  !.......
0:00:03.032 -                     :     - INFO  : Rx    122    02 76 03 AA AA AA AA AA  .v......
0:00:03.032 -                     :     - INFO  : ISO TP message (single frame): 027603AAAAAAAAAA
0:00:03.032 -                     :     - INFO  : size: 0x2(2)
0:00:03.032 -                     :     - INFO  : data: 76 03
0:00:03.032 -                     :     - PASS  : TransferData positive response | expected: 76 ... | received: 76 03
0:00:03.032 -                     :     - INFO  : TransferData seq 3 confirmed
0:00:03.047 -                     :     - INFO  : Tx    123    13 FA 36 04 00 AF 78 60  ..6...x`
0:00:03.047 -                     :     - INFO  : ISO TP message (first frame): 13FA360400AF7860
0:00:03.047 -                     :     - INFO  : size: 0x3fa(1018)
0:00:03.047 -                     :     - INFO  : data: 36 04 00 AF 78 60 39 60 00 23 FB 73 32 E0 FB 7B 9B 00 1A 46 7B 68 1A 44 FB 7B 9B 00 19 46 3B 68 0B 44 12 78 1A 70 FB 7B 9B 00 01 33 7A 68 1A 44 FB 7B 9B 00 01 33 39 68 0B 44 12 78 1A 70 FB 7B 9B 00 02 33 7A 68 1A 44 FB 7B 9B 00 02 33 39 68 0B 44 12 78 1A 70 FB 7B 9B 00 03 33 7A 68 1A 44 FB 7B 9B 00 03 33 39 68 0B 44 12 78 1A 70 FB 7B 01 33 FB 73 FB 7B 03 2B C9 D9 87 E0 FB 7B 01 3B 9B 00 1A 46 3B 68 13 44 1B 78 3B 72 FB 7B 01 3B 9B 00 01 33 3A 68 13 44 1B 78 7B 72 FB 7B 01 3B 9B 00 02 33 3A 68 13 44 1B 78 BB 72 FB 7B 01 3B 9B 00 03 33 3A 68 13 44 1B 78 FB 72 FB 7B 03 F0 03 03 DB B2 00 2B 1E D1 3B 7A BB 73 7B 7A 1A 46 34 4B 9B 5C 3B 72 BB 7A 1A 46 31 4B 9B 5C 7B 72 FB 7A 1A 46 2F 4B 9B 5C BB 72 BB 7B 2D 4A D3 5C FB 72 3A 7A FB 7B 9B 08 DB B2 01 3B 2A 49 CB 5C 53 40 DB B2 3B 72 FB 7B 04 3B 9B 00 1A 46 3B 68 13 44 19 78 3A 7A FB 7B 9B 00 18 46 3B 68 03 44 4A 40 D2 B2 1A 70 FB 7B 04 3B 9B 00 01 33 3A 68 13 44 19 78 7A 7A FB 7B 9B 00 01 33 38 68 03 44 4A 40 D2 B2 1A 70 FB 7B 04 3B 9B 00 02 33 3A 68 13 44 19 78 BA 7A FB 7B 9B 00 02 33 38 68 03 44 4A 40 D2 B2 1A 70 FB 7B 04 3B 9B 00 03 33 3A 68 13 44 19 78 FA 7A FB 7B 9B 00 03 33 38 68 03 44 4A 40 D2 B2 1A 70 FB 7B 01 33 FB 73 FB 7B 2B 2B 7F F6 74 AF 00 BF 00 BF 14 37 BD 46 80 BC 70 47 00 BF AC 34 01 08 AC 36 01 08 B0 B5 B6 B0 00 AF F8 60 B9 60 7A 60 07 F1 14 03 19 46 F8 68 FF F7 1E FF BB 68 07 F1 C4 04 18 68 59 68 9A 68 DB 68 0F C4 07 F1 14 02 07 F1 C4 03 11 46 18 46 FF F7 F0 FD 01 23 C7 F8 D4 30 20 E0 07 F1 C4 03 18 46 FF F7 09 FE 07 F1 C4 03 18 46 FF F7 24 FE 07 F1 C4 03 18 46 FF F7 6D FE D7 F8 D4 30 1B 01 1A 46 07 F1 14 03 1A 44 07 F1 C4 03 11 46 18 46 FF F7 D0 FD D7 F8 D4 30 01 33 C7 F8 D4 30 D7 F8 D4 30 09 2B DA DD 07 F1 C4 03 18 46 FF F7 E4 FD 07 F1 C4 03 18 46 FF F7 FF FD 07 F1 14 03 A0 33 07 F1 C4 02 19 46 10 46 FF F7 B4 FD 7B 68 1D 46 07 F1 C4 04 0F CC 28 60 69 60 AA 60 EB 60 00 BF D8 37 BD 46 B0 BD 80 B5 88 B0 00 AF F8 60 B9 60 7A 60 07 F1 10 03 00 22 1A 60 5A 60 9A 60 DA 60 07 F1 10 02 07 F1 10 03 19 46 F8 68 FF F7 86 FF 07 F1 10 03 B9 68 18 46 FF F7 FC FC 3B 7C 5B B2 00 2B 09 DA BB 68 0F 33 1B 78 BA 68 0F 32 83 F0 78 03 DB 43 DB B2 13 70 79 68 B8 68 FF F7 EA FC BB 68 1B 78 5B B2 00 2B 09 DA 7B 68 0F 33 1B 78 7A 68 0F 32 83 F0 78 03 DB 43 DB B2 13 70 00 BF 20 37 BD 46 80 BD 80 B5 82 B0 00 AF 78 60 39 60 7B 68 10 22 39 68 18 46 05 F0 60 FC 00 BF 08 37 BD 46 80 BD 90 B5 9D B0 00 AF F8 60 B9 60 7A 60 3B 60 FB 68 07 F1 44 02 07 F1 54 01 18 46 FF F7 A2 FF 7B 68 0F 33 1B 09 FB 66 07 F1 34 03 00 22 1A 60 5A 60 9A 60 DA 60 FB 6E 00 2B 01 D1 01 23 FB 66 7B 68 03 F0 0F 03 00 2B 1E D0 7B 68 03 F0 0F 03 7B 66 FB 6E 01 3B 1B 01 BA 68 D1 18 07 F1 34 03 7A 6E 18 46 05 F0 29 FC 07 F1 34 02 7B 6E 13 44 80 22 1A 70 07 F1 34 02 07 F1 44 01 07 F1 34 03 18 46 FF F7 B2 FC 14 E0 FB 6E 01 3B 1B 01 BA 68 13 44 07 F1 34 04 18 68 59 68 9A 68 DB 68 0F C4 07 F1 34 02 07 F1 54 01 07 F1 34 03 18 46 FF F7 9C FC 07 F1 24 03 00 22 1A 60 5A 60 9A 60 DA 60 00 23 BB 66 15 E0 BB 6E 1B 01 BA 68 D1 18 07 F1 14 02 07 F1 24 03 18 46 FF F7 87 FC FB 68 07 F1 24 02 07 F1 14 01 18 46 FF F7
0:00:03.047 -                     :     - INFO  : Tx    123    21 39 60 00 23 FB 73 32  !9`.#.s2
0:00:03.047 -                     :     - INFO  : Tx    123    22 E0 FB 7B 9B 00 1A 46  "..{...F
0:00:03.047 -                     :     - INFO  : Tx    123    23 7B 68 1A 44 FB 7B 9B  #{h.D.{.
0:00:03.047 -                     :     - INFO  : Tx    123    24 00 19 46 3B 68 0B 44  $..F;h.D
0:00:03.047 -                     :     - INFO  : Tx    123    25 12 78 1A 70 FB 7B 9B  %.x.p.{.
0:00:03.047 -                     :     - INFO  : Tx    123    26 00 01 33 7A 68 1A 44  &..3zh.D
0:00:03.047 -                     :     - INFO  : Tx    123    27 FB 7B 9B 00 01 33 39  '.{...39
0:00:03.047 -                     :     - INFO  : Tx    123    28 68 0B 44 12 78 1A 70  (h.D.x.p
0:00:03.047 -                     :     - INFO  : Tx    123    29 FB 7B 9B 00 02 33 7A  ).{...3z
0:00:03.047 -                     :     - INFO  : Tx    123    2A 68 1A 44 FB 7B 9B 00  *h.D.{..
0:00:03.047 -                     :     - INFO  : Tx    123    2B 02 33 39 68 0B 44 12  +.39h.D.
0:00:03.047 -                     :     - INFO  : Tx    123    2C 78 1A 70 FB 7B 9B 00  ,x.p.{..
0:00:03.047 -                     :     - INFO  : Tx    123    2D 03 33 7A 68 1A 44 FB  -.3zh.D.
0:00:03.047 -                     :     - INFO  : Tx    123    2E 7B 9B 00 03 33 39 68  .{...39h
0:00:03.047 -                     :     - INFO  : Tx    123    2F 0B 44 12 78 1A 70 FB  /.D.x.p.
0:00:03.047 -                     :     - INFO  : Tx    123    20 7B 01 33 FB 73 FB 7B   {.3.s.{
0:00:03.047 -                     :     - INFO  : Tx    123    21 03 2B C9 D9 87 E0 FB  !.+.....
0:00:03.047 -                     :     - INFO  : Tx    123    22 7B 01 3B 9B 00 1A 46  "{.;...F
0:00:03.047 -                     :     - INFO  : Tx    123    23 3B 68 13 44 1B 78 3B  #;h.D.x;
0:00:03.047 -                     :     - INFO  : Tx    123    24 72 FB 7B 01 3B 9B 00  $r.{.;..
0:00:03.047 -                     :     - INFO  : Tx    123    25 01 33 3A 68 13 44 1B  %.3:h.D.
0:00:03.047 -                     :     - INFO  : Tx    123    26 78 7B 72 FB 7B 01 3B  &x{r.{.;
0:00:03.047 -                     :     - INFO  : Tx    123    27 9B 00 02 33 3A 68 13  '...3:h.
0:00:03.047 -                     :     - INFO  : Tx    123    28 44 1B 78 BB 72 FB 7B  (D.x.r.{
0:00:03.047 -                     :     - INFO  : Tx    123    29 01 3B 9B 00 03 33 3A  ).;...3:
0:00:03.047 -                     :     - INFO  : Tx    123    2A 68 13 44 1B 78 FB 72  *h.D.x.r
0:00:03.047 -                     :     - INFO  : Tx    123    2B FB 7B 03 F0 03 03 DB  +.{.....
0:00:03.047 -                     :     - INFO  : Tx    123    2C B2 00 2B 1E D1 3B 7A  ,..+..;z
0:00:03.047 -                     :     - INFO  : Tx    123    2D BB 73 7B 7A 1A 46 34  -.s{z.F4
0:00:03.047 -                     :     - INFO  : Tx    123    2E 4B 9B 5C 3B 72 BB 7A  .K.\;r.z
0:00:03.047 -                     :     - INFO  : Tx    123    2F 1A 46 31 4B 9B 5C 7B  /.F1K.\{
0:00:03.047 -                     :     - INFO  : Tx    123    20 72 FB 7A 1A 46 2F 4B   r.z.F/K
0:00:03.047 -                     :     - INFO  : Tx    123    21 9B 5C BB 72 BB 7B 2D  !.\.r.{-
0:00:03.047 -                     :     - INFO  : Tx    123    22 4A D3 5C FB 72 3A 7A  "J.\.r:z
0:00:03.047 -                     :     - INFO  : Tx    123    23 FB 7B 9B 08 DB B2 01  #.{.....
0:00:03.047 -                     :     - INFO  : Tx    123    24 3B 2A 49 CB 5C 53 40  $;*I.\S@
0:00:03.047 -                     :     - INFO  : Tx    123    25 DB B2 3B 72 FB 7B 04  %..;r.{.
0:00:03.047 -                     :     - INFO  : Tx    123    26 3B 9B 00 1A 46 3B 68  &;...F;h
0:00:03.047 -                     :     - INFO  : Tx    123    27 13 44 19 78 3A 7A FB  '.D.x:z.
0:00:03.047 -                     :     - INFO  : Tx    123    28 7B 9B 00 18 46 3B 68  ({...F;h
0:00:03.047 -                     :     - INFO  : Tx    123    29 03 44 4A 40 D2 B2 1A  ).DJ@...
0:00:03.047 -                     :     - INFO  : Tx    123    2A 70 FB 7B 04 3B 9B 00  *p.{.;..
0:00:03.047 -                     :     - INFO  : Tx    123    2B 01 33 3A 68 13 44 19  +.3:h.D.
0:00:03.047 -                     :     - INFO  : Tx    123    2C 78 7A 7A FB 7B 9B 00  ,xzz.{..
0:00:03.047 -                     :     - INFO  : Tx    123    2D 01 33 38 68 03 44 4A  -.38h.DJ
0:00:03.047 -                     :     - INFO  : Tx    123    2E 40 D2 B2 1A 70 FB 7B  .@...p.{
0:00:03.047 -                     :     - INFO  : Tx    123    2F 04 3B 9B 00 02 33 3A  /.;...3:
0:00:03.047 -                     :     - INFO  : Tx    123    20 68 13 44 19 78 BA 7A   h.D.x.z
0:00:03.047 -                     :     - INFO  : Tx    123    21 FB 7B 9B 00 02 33 38  !.{...38
0:00:03.047 -                     :     - INFO  : Tx    123    22 68 03 44 4A 40 D2 B2  "h.DJ@..
0:00:03.047 -                     :     - INFO  : Tx    123    23 1A 70 FB 7B 04 3B 9B  #.p.{.;.
0:00:03.047 -                     :     - INFO  : Tx    123    24 00 03 33 3A 68 13 44  $..3:h.D
0:00:03.047 -                     :     - INFO  : Tx    123    25 19 78 FA 7A FB 7B 9B  %.x.z.{.
0:00:03.047 -                     :     - INFO  : Tx    123    26 00 03 33 38 68 03 44  &..38h.D
0:00:03.047 -                     :     - INFO  : Tx    123    27 4A 40 D2 B2 1A 70 FB  'J@...p.
0:00:03.047 -                     :     - INFO  : Tx    123    28 7B 01 33 FB 73 FB 7B  ({.3.s.{
0:00:03.047 -                     :     - INFO  : Tx    123    29 2B 2B 7F F6 74 AF 00  )++..t..
0:00:03.047 -                     :     - INFO  : Tx    123    2A BF 00 BF 14 37 BD 46  *....7.F
0:00:03.047 -                     :     - INFO  : Tx    123    2B 80 BC 70 47 00 BF AC  +..pG...
0:00:03.047 -                     :     - INFO  : Tx    123    2C 34 01 08 AC 36 01 08  ,4...6..
0:00:03.047 -                     :     - INFO  : Tx    123    2D B0 B5 B6 B0 00 AF F8  -.......
0:00:03.047 -                     :     - INFO  : Tx    123    2E 60 B9 60 7A 60 07 F1  .`.`z`..
0:00:03.047 -                     :     - INFO  : Tx    123    2F 14 03 19 46 F8 68 FF  /...F.h.
0:00:03.047 -                     :     - INFO  : Tx    123    20 F7 1E FF BB 68 07 F1   ....h..
0:00:03.047 -                     :     - INFO  : Tx    123    21 C4 04 18 68 59 68 9A  !...hYh.
0:00:03.047 -                     :     - INFO  : Tx    123    22 68 DB 68 0F C4 07 F1  "h.h....
0:00:03.047 -                     :     - INFO  : Tx    123    23 14 02 07 F1 C4 03 11  #.......
0:00:03.047 -                     :     - INFO  : Tx    123    24 46 18 46 FF F7 F0 FD  $F.F....
0:00:03.047 -                     :     - INFO  : Tx    123    25 01 23 C7 F8 D4 30 20  %.#...0 
0:00:03.047 -                     :     - INFO  : Tx    123    26 E0 07 F1 C4 03 18 46  &......F
0:00:03.047 -                     :     - INFO  : Tx    123    27 FF F7 09 FE 07 F1 C4  '.......
0:00:03.047 -                     :     - INFO  : Tx    123    28 03 18 46 FF F7 24 FE  (..F..$.
0:00:03.047 -                     :     - INFO  : Tx    123    29 07 F1 C4 03 18 46 FF  ).....F.
0:00:03.047 -                     :     - INFO  : Tx    123    2A F7 6D FE D7 F8 D4 30  *.m....0
0:00:03.047 -                     :     - INFO  : Tx    123    2B 1B 01 1A 46 07 F1 14  +...F...
0:00:03.047 -                     :     - INFO  : Tx    123    2C 03 1A 44 07 F1 C4 03  ,..D....
0:00:03.047 -                     :     - INFO  : Tx    123    2D 11 46 18 46 FF F7 D0  -.F.F...
0:00:03.047 -                     :     - INFO  : Tx    123    2E FD D7 F8 D4 30 01 33  .....0.3
0:00:03.047 -                     :     - INFO  : Tx    123    2F C7 F8 D4 30 D7 F8 D4  /...0...
0:00:03.047 -                     :     - INFO  : Tx    123    20 30 09 2B DA DD 07 F1   0.+....
0:00:03.047 -                     :     - INFO  : Tx    123    21 C4 03 18 46 FF F7 E4  !...F...
0:00:03.047 -                     :     - INFO  : Tx    123    22 FD 07 F1 C4 03 18 46  "......F
0:00:03.047 -                     :     - INFO  : Tx    123    23 FF F7 FF FD 07 F1 14  #.......
0:00:03.047 -                     :     - INFO  : Tx    123    24 03 A0 33 07 F1 C4 02  $..3....
0:00:03.047 -                     :     - INFO  : Tx    123    25 19 46 10 46 FF F7 B4  %.F.F...
0:00:03.047 -                     :     - INFO  : Tx    123    26 FD 7B 68 1D 46 07 F1  &.{h.F..
0:00:03.047 -                     :     - INFO  : Tx    123    27 C4 04 0F CC 28 60 69  '....(`i
0:00:03.047 -                     :     - INFO  : Tx    123    28 60 AA 60 EB 60 00 BF  (`.`.`..
0:00:03.047 -                     :     - INFO  : Tx    123    29 D8 37 BD 46 B0 BD 80  ).7.F...
0:00:03.047 -                     :     - INFO  : Tx    123    2A B5 88 B0 00 AF F8 60  *......`
0:00:03.047 -                     :     - INFO  : Tx    123    2B B9 60 7A 60 07 F1 10  +.`z`...
0:00:03.047 -                     :     - INFO  : Tx    123    2C 03 00 22 1A 60 5A 60  ,..".`Z`
0:00:03.047 -                     :     - INFO  : Tx    123    2D 9A 60 DA 60 07 F1 10  -.`.`...
0:00:03.047 -                     :     - INFO  : Tx    123    2E 02 07 F1 10 03 19 46  .......F
0:00:03.047 -                     :     - INFO  : Tx    123    2F F8 68 FF F7 86 FF 07  /.h.....
0:00:03.047 -                     :     - INFO  : Tx    123    20 F1 10 03 B9 68 18 46   ....h.F
0:00:03.047 -                     :     - INFO  : Tx    123    21 FF F7 FC FC 3B 7C 5B  !....;|[
0:00:03.047 -                     :     - INFO  : Tx    123    22 B2 00 2B 09 DA BB 68  "..+...h
0:00:03.047 -                     :     - INFO  : Tx    123    23 0F 33 1B 78 BA 68 0F  #.3.x.h.
0:00:03.047 -                     :     - INFO  : Tx    123    24 32 83 F0 78 03 DB 43  $2..x..C
0:00:03.047 -                     :     - INFO  : Tx    123    25 DB B2 13 70 79 68 B8  %...pyh.
0:00:03.047 -                     :     - INFO  : Tx    123    26 68 FF F7 EA FC BB 68  &h.....h
0:00:03.047 -                     :     - INFO  : Tx    123    27 1B 78 5B B2 00 2B 09  '.x[..+.
0:00:03.047 -                     :     - INFO  : Tx    123    28 DA 7B 68 0F 33 1B 78  (.{h.3.x
0:00:03.047 -                     :     - INFO  : Tx    123    29 7A 68 0F 32 83 F0 78  )zh.2..x
0:00:03.047 -                     :     - INFO  : Tx    123    2A 03 DB 43 DB B2 13 70  *..C...p
0:00:03.047 -                     :     - INFO  : Tx    123    2B 00 BF 20 37 BD 46 80  +.. 7.F.
0:00:03.047 -                     :     - INFO  : Tx    123    2C BD 80 B5 82 B0 00 AF  ,.......
0:00:03.047 -                     :     - INFO  : Tx    123    2D 78 60 39 60 7B 68 10  -x`9`{h.
0:00:03.047 -                     :     - INFO  : Tx    123    2E 22 39 68 18 46 05 F0  ."9h.F..
0:00:03.047 -                     :     - INFO  : Tx    123    2F 60 FC 00 BF 08 37 BD  /`....7.
0:00:03.047 -                     :     - INFO  : Tx    123    20 46 80 BD 90 B5 9D B0   F......
0:00:03.047 -                     :     - INFO  : Tx    123    21 00 AF F8 60 B9 60 7A  !...`.`z
0:00:03.047 -                     :     - INFO  : Tx    123    22 60 3B 60 FB 68 07 F1  "`;`.h..
0:00:03.047 -                     :     - INFO  : Tx    123    23 44 02 07 F1 54 01 18  #D...T..
0:00:03.047 -                     :     - INFO  : Tx    123    24 46 FF F7 A2 FF 7B 68  $F....{h
0:00:03.047 -                     :     - INFO  : Tx    123    25 0F 33 1B 09 FB 66 07  %.3...f.
0:00:03.047 -                     :     - INFO  : Tx    123    26 F1 34 03 00 22 1A 60  &.4..".`
0:00:03.047 -                     :     - INFO  : Tx    123    27 5A 60 9A 60 DA 60 FB  'Z`.`.`.
0:00:03.047 -                     :     - INFO  : Tx    123    28 6E 00 2B 01 D1 01 23  (n.+...#
0:00:03.047 -                     :     - INFO  : Tx    123    29 FB 66 7B 68 03 F0 0F  ).f{h...
0:00:03.047 -                     :     - INFO  : Tx    123    2A 03 00 2B 1E D0 7B 68  *..+..{h
0:00:03.047 -                     :     - INFO  : Tx    123    2B 03 F0 0F 03 7B 66 FB  +....{f.
0:00:03.047 -                     :     - INFO  : Tx    123    2C 6E 01 3B 1B 01 BA 68  ,n.;...h
0:00:03.047 -                     :     - INFO  : Tx    123    2D D1 18 07 F1 34 03 7A  -....4.z
0:00:03.047 -                     :     - INFO  : Tx    123    2E 6E 18 46 05 F0 29 FC  .n.F..).
0:00:03.047 -                     :     - INFO  : Tx    123    2F 07 F1 34 02 7B 6E 13  /..4.{n.
0:00:03.047 -                     :     - INFO  : Tx    123    20 44 80 22 1A 70 07 F1   D.".p..
0:00:03.047 -                     :     - INFO  : Tx    123    21 34 02 07 F1 44 01 07  !4...D..
0:00:03.047 -                     :     - INFO  : Tx    123    22 F1 34 03 18 46 FF F7  ".4..F..
0:00:03.047 -                     :     - INFO  : Tx    123    23 B2 FC 14 E0 FB 6E 01  #.....n.
0:00:03.047 -                     :     - INFO  : Tx    123    24 3B 1B 01 BA 68 13 44  $;...h.D
0:00:03.047 -                     :     - INFO  : Tx    123    25 07 F1 34 04 18 68 59  %..4..hY
0:00:03.047 -                     :     - INFO  : Tx    123    26 68 9A 68 DB 68 0F C4  &h.h.h..
0:00:03.047 -                     :     - INFO  : Tx    123    27 07 F1 34 02 07 F1 54  '..4...T
0:00:03.047 -                     :     - INFO  : Tx    123    28 01 07 F1 34 03 18 46  (...4..F
0:00:03.047 -                     :     - INFO  : Tx    123    29 FF F7 9C FC 07 F1 24  )......$
0:00:03.047 -                     :     - INFO  : Tx    123    2A 03 00 22 1A 60 5A 60  *..".`Z`
0:00:03.047 -                     :     - INFO  : Tx    123    2B 9A 60 DA 60 00 23 BB  +.`.`.#.
0:00:03.047 -                     :     - INFO  : Tx    123    2C 66 15 E0 BB 6E 1B 01  ,f...n..
0:00:03.047 -                     :     - INFO  : Tx    123    2D BA 68 D1 18 07 F1 14  -.h.....
0:00:03.047 -                     :     - INFO  : Tx    123    2E 02 07 F1 24 03 18 46  ....$..F
0:00:03.047 -                     :     - INFO  : Tx    123    2F FF F7 87 FC FB 68 07  /.....h.
0:00:03.047 -                     :     - INFO  : Tx    123    20 F1 24 02 07 F1 14 01   .$.....
0:00:03.047 -                     :     - INFO  : Tx    123    21 18 46 FF F7 AA AA AA  !.F.....
0:00:03.141 -                     :     - INFO  : Rx    122    02 76 04 AA AA AA AA AA  .v......
0:00:03.141 -                     :     - INFO  : ISO TP message (single frame): 027604AAAAAAAAAA
0:00:03.141 -                     :     - INFO  : size: 0x2(2)
0:00:03.141 -                     :     - INFO  : data: 76 04
0:00:03.141 -                     :     - PASS  : TransferData positive response | expected: 76 ... | received: 76 04
0:00:03.141 -                     :     - INFO  : TransferData seq 4 confirmed
0:00:03.141 -                     :     - INFO  : Tx    123    13 FA 36 05 D7 FE BB 6E  ..6....n
0:00:03.141 -                     :     - INFO  : ISO TP message (first frame): 13FA3605D7FEBB6E
0:00:03.141 -                     :     - INFO  : size: 0x3fa(1018)
0:00:03.141 -                     :     - INFO  : data: 36 05 D7 FE BB 6E 01 33 BB 66 FB 6E 01 3B BA 6E 9A 42 E4 D3 07 F1 14 02 07 F1 34 01 07 F1 24 03 18 46 FF F7 6E FC FB 68 07 F1 14 01 3A 68 18 46 FF F7 BF FE 00 BF 74 37 BD 46 90 BD 00 00 80 B5 8C B0 00 AF 78 60 39 60 3B 68 00 2B 01 D1 01 23 6D E0 7A 68 3B 68 13 44 01 3B 7A 68 9A 42 01 D9 01 23 64 E0 7A 68 3B 68 13 44 01 3B 7B 62 7B 68 B3 F1 00 6F 0F D3 7B 6A B3 F1 00 6F 0B D3 7B 68 2D 4A 93 42 07 D8 7B 6A 2B 4A 93 42 03 D8 7A 6A 7B 68 9A 42 01 D2 01 23 49 E0 7B 68 23 F4 FF 63 23 F0 07 03 3B 62 7A 6A 3B 6A D3 1A DB 0A 01 33 FB 61 4F F0 FF 33 BB 60 00 23 FB 60 01 23 3B 61 04 F0 FD FD 03 46 00 2B 01 D0 01 23 2F E0 00 23 87 F8 2F 30 00 23 BB 62 1F E0 01 23 BB 61 BB 6A DA 02 3B 6A 13 44 7B 61 72 B6 00 BF 07 F1 08 02 07 F1 0C 03 11 46 18 46 04 F0 C9 FE 03 46 87 F8 2F 30 62 B6 00 BF 0C 48 04 F0 AD FF 97 F8 2F 30 00 2B 07 D1 BB 6A 01 33 BB 62 BA 6A FB 69 9A 42 DB D3 00 E0 00 BF 04 F0 F0 FD 97 F8 2F 30 18 46 30 37 BD 46 80 BD FF FF 07 08 48 27 00 20 B0 B5 88 B0 00 AF F8 60 B9 60 13 46 FB 80 00 23 FB 77 04 F0 B5 FD 00 23 BB 83 3E E0 00 23 BB 61 FA 88 BB 8B D3 1A 04 2B A8 BF 04 23 BB 75 00 23 FB 75 11 E0 BA 8B FB 7D 13 44 1A 46 BB 68 13 44 1B 78 1A 46 FB 7D DB 00 02 FA 03 F3 BA 69 13 43 BB 61 FB 7D 01 33 FB 75 FA 7D BB 7D 9A 42 E9 D3 BA 8B FB 68 D1 18 BB 69 00 22 1C 46 15 46 22 46 2B 46 02 20 04 F0 14 FD 03 46 FB 77 FB 7F 00 2B 10 D1 BB 8B 03 F0 07 03 9B B2 00 2B 02 D1 09 48 04 F0 4A FF BB 8B 04 33 BB 83 BA 8B FB 88 9A 42 BC D3 00 E0 00 BF 04 F0 91 FD FB 7F 18 46 20 37 BD 46 B0 BD 48 27 00 20 80 B4 00 AF 03 4B 4F F6 FF 72 1A 80 00 BF BD 46 80 BC 70 47 5C 20 00 20 80 B4 85 B0 00 AF 78 60 0B 46 7B 80 00 23 FB 81 30 E0 FB 89 7A 68 13 44 1B 78 1B 02 9A B2 1B 4B 1B 88 53 40 9A B2 19 4B 1A 80 00 23 BB 60 1B E0 16 4B 1B 88 1B B2 00 2B 0D DA 14 4B 1B 88 1B B2 5B 00 1B B2 83 F4 81 53 83 F0 01 03 1B B2 9A B2 0E 4B 1A 80 05 E0 0D 4B 1B 88 5B 00 9A B2 0B 4B 1A 80 BB 68 01 33 BB 60 BB 68 07 2B E0 DD FB 89 01 33 FB 81 FA 89 7B 88 9A 42 CA D3 03 4B 1B 88 18 46 14 37 BD 46 80 BC 70 47 00 BF 5C 20 00 20 80 B5 84 B0 00 AF F8 60 B9 60 13 46 FB 71 FB 68 40 F2 23 12 93 42 06 D1 FB 79 1A 46 B9 68 00 20 00 F0 C0 FE 0A E0 FB 68 40 F2 DF 72 93 42 05 D1 FB 79 1A 46 B9 68 01 20 00 F0 B4 FE 00 BF 10 37 BD 46 80 BD 80 B5 84 B0 00 AF F8 60 B9 60 13 46 FB 71 FB 79 1A 46 B9 68 F8 68 02 F0 65 FA 00 BF 10 37 BD 46 80 BD 80 B5 00 AF 00 F0 ED F9 00 BF 80 BD 80 B5 00 AF 00 F0 09 FE 00 F0 C9 F9 00 BF 80 BD 00 00 80 B4 83 B0 00 AF 03 46 FB 71 FB 79 01 2B 0E D8 FB 79 00 2B 03 D1 08 4B 42 F2 11 72 1A 60 FB 79 01 2B 05 D1 04 4B 41 F2 89 32 5A 60 00 E0 00 BF 0C 37 BD 46 80 BC 70 47 28 22 00 20 80 B4 83 B0 00 AF 03 46 FB 71 FB 79 01 2B 05 D8 FB 79 05 4A 00 21 42 F8 23 10 00 E0 00 BF 0C 37 BD 46 80 BC 70 47 00 BF 28 22 00 20 80 B4 83 B0 00 AF 03 46 FB 71 FB 79 01 2B 01 D9 00 23 1E E0 FB 79 11 4A 52 F8 23 30 00 2B 01 D1 00 23 16 E0 FB 79 0D 4A 52 F8 23 30 01 2B 07 D1 FB 79 0A 4A 00 21 42 F8 23 10 4F F0 FF 33 08 E0 FB 79 06 4A 52 F8 23 20 01 3A 04 49 41 F8 23 20 01 23 18 46 0C 37 BD 46 80 BC 70 47 28 22 00 20 80 B4 83 B0 00 AF 03 46 FB 71 FB 79 01 2B 01 D9
0:00:03.141 -                     :     - INFO  : Tx    123    21 01 33 BB 66 FB 6E 01  !.3.f.n.
0:00:03.141 -                     :     - INFO  : Tx    123    22 3B BA 6E 9A 42 E4 D3  ";.n.B..
0:00:03.141 -                     :     - INFO  : Tx    123    23 07 F1 14 02 07 F1 34  #......4
0:00:03.141 -                     :     - INFO  : Tx    123    24 01 07 F1 24 03 18 46  $...$..F
0:00:03.141 -                     :     - INFO  : Tx    123    25 FF F7 6E FC FB 68 07  %..n..h.
0:00:03.141 -                     :     - INFO  : Tx    123    26 F1 14 01 3A 68 18 46  &...:h.F
0:00:03.141 -                     :     - INFO  : Tx    123    27 FF F7 BF FE 00 BF 74  '......t
0:00:03.141 -                     :     - INFO  : Tx    123    28 37 BD 46 90 BD 00 00  (7.F....
0:00:03.141 -                     :     - INFO  : Tx    123    29 80 B5 8C B0 00 AF 78  )......x
0:00:03.141 -                     :     - INFO  : Tx    123    2A 60 39 60 3B 68 00 2B  *`9`;h.+
0:00:03.141 -                     :     - INFO  : Tx    123    2B 01 D1 01 23 6D E0 7A  +...#m.z
0:00:03.141 -                     :     - INFO  : Tx    123    2C 68 3B 68 13 44 01 3B  ,h;h.D.;
0:00:03.141 -                     :     - INFO  : Tx    123    2D 7A 68 9A 42 01 D9 01  -zh.B...
0:00:03.141 -                     :     - INFO  : Tx    123    2E 23 64 E0 7A 68 3B 68  .#d.zh;h
0:00:03.141 -                     :     - INFO  : Tx    123    2F 13 44 01 3B 7B 62 7B  /.D.;{b{
0:00:03.141 -                     :     - INFO  : Tx    123    20 68 B3 F1 00 6F 0F D3   h...o..
0:00:03.141 -                     :     - INFO  : Tx    123    21 7B 6A B3 F1 00 6F 0B  !{j...o.
0:00:03.141 -                     :     - INFO  : Tx    123    22 D3 7B 68 2D 4A 93 42  ".{h-J.B
0:00:03.141 -                     :     - INFO  : Tx    123    23 07 D8 7B 6A 2B 4A 93  #..{j+J.
0:00:03.141 -                     :     - INFO  : Tx    123    24 42 03 D8 7A 6A 7B 68  $B..zj{h
0:00:03.141 -                     :     - INFO  : Tx    123    25 9A 42 01 D2 01 23 49  %.B...#I
0:00:03.141 -                     :     - INFO  : Tx    123    26 E0 7B 68 23 F4 FF 63  &.{h#..c
0:00:03.141 -                     :     - INFO  : Tx    123    27 23 F0 07 03 3B 62 7A  '#...;bz
0:00:03.141 -                     :     - INFO  : Tx    123    28 6A 3B 6A D3 1A DB 0A  (j;j....
0:00:03.141 -                     :     - INFO  : Tx    123    29 01 33 FB 61 4F F0 FF  ).3.aO..
0:00:03.141 -                     :     - INFO  : Tx    123    2A 33 BB 60 00 23 FB 60  *3.`.#.`
0:00:03.141 -                     :     - INFO  : Tx    123    2B 01 23 3B 61 04 F0 FD  +.#;a...
0:00:03.141 -                     :     - INFO  : Tx    123    2C FD 03 46 00 2B 01 D0  ,..F.+..
0:00:03.141 -                     :     - INFO  : Tx    123    2D 01 23 2F E0 00 23 87  -.#/..#.
0:00:03.141 -                     :     - INFO  : Tx    123    2E F8 2F 30 00 23 BB 62  ../0.#.b
0:00:03.141 -                     :     - INFO  : Tx    123    2F 1F E0 01 23 BB 61 BB  /...#.a.
0:00:03.141 -                     :     - INFO  : Tx    123    20 6A DA 02 3B 6A 13 44   j..;j.D
0:00:03.141 -                     :     - INFO  : Tx    123    21 7B 61 72 B6 00 BF 07  !{ar....
0:00:03.141 -                     :     - INFO  : Tx    123    22 F1 08 02 07 F1 0C 03  ".......
0:00:03.141 -                     :     - INFO  : Tx    123    23 11 46 18 46 04 F0 C9  #.F.F...
0:00:03.141 -                     :     - INFO  : Tx    123    24 FE 03 46 87 F8 2F 30  $..F../0
0:00:03.141 -                     :     - INFO  : Tx    123    25 62 B6 00 BF 0C 48 04  %b....H.
0:00:03.141 -                     :     - INFO  : Tx    123    26 F0 AD FF 97 F8 2F 30  &...../0
0:00:03.141 -                     :     - INFO  : Tx    123    27 00 2B 07 D1 BB 6A 01  '.+...j.
0:00:03.141 -                     :     - INFO  : Tx    123    28 33 BB 62 BA 6A FB 69  (3.b.j.i
0:00:03.141 -                     :     - INFO  : Tx    123    29 9A 42 DB D3 00 E0 00  ).B.....
0:00:03.141 -                     :     - INFO  : Tx    123    2A BF 04 F0 F0 FD 97 F8  *.......
0:00:03.141 -                     :     - INFO  : Tx    123    2B 2F 30 18 46 30 37 BD  +/0.F07.
0:00:03.141 -                     :     - INFO  : Tx    123    2C 46 80 BD FF FF 07 08  ,F......
0:00:03.141 -                     :     - INFO  : Tx    123    2D 48 27 00 20 B0 B5 88  -H'. ...
0:00:03.141 -                     :     - INFO  : Tx    123    2E B0 00 AF F8 60 B9 60  .....`.`
0:00:03.141 -                     :     - INFO  : Tx    123    2F 13 46 FB 80 00 23 FB  /.F...#.
0:00:03.141 -                     :     - INFO  : Tx    123    20 77 04 F0 B5 FD 00 23   w.....#
0:00:03.141 -                     :     - INFO  : Tx    123    21 BB 83 3E E0 00 23 BB  !..>..#.
0:00:03.141 -                     :     - INFO  : Tx    123    22 61 FA 88 BB 8B D3 1A  "a......
0:00:03.141 -                     :     - INFO  : Tx    123    23 04 2B A8 BF 04 23 BB  #.+...#.
0:00:03.141 -                     :     - INFO  : Tx    123    24 75 00 23 FB 75 11 E0  $u.#.u..
0:00:03.141 -                     :     - INFO  : Tx    123    25 BA 8B FB 7D 13 44 1A  %...}.D.
0:00:03.141 -                     :     - INFO  : Tx    123    26 46 BB 68 13 44 1B 78  &F.h.D.x
0:00:03.141 -                     :     - INFO  : Tx    123    27 1A 46 FB 7D DB 00 02  '.F.}...
0:00:03.141 -                     :     - INFO  : Tx    123    28 FA 03 F3 BA 69 13 43  (....i.C
0:00:03.141 -                     :     - INFO  : Tx    123    29 BB 61 FB 7D 01 33 FB  ).a.}.3.
0:00:03.141 -                     :     - INFO  : Tx    123    2A 75 FA 7D BB 7D 9A 42  *u.}.}.B
0:00:03.141 -                     :     - INFO  : Tx    123    2B E9 D3 BA 8B FB 68 D1  +.....h.
0:00:03.141 -                     :     - INFO  : Tx    123    2C 18 BB 69 00 22 1C 46  ,..i.".F
0:00:03.141 -                     :     - INFO  : Tx    123    2D 15 46 22 46 2B 46 02  -.F"F+F.
0:00:03.141 -                     :     - INFO  : Tx    123    2E 20 04 F0 14 FD 03 46  . .....F
0:00:03.141 -                     :     - INFO  : Tx    123    2F FB 77 FB 7F 00 2B 10  /.w...+.
0:00:03.141 -                     :     - INFO  : Tx    123    20 D1 BB 8B 03 F0 07 03   .......
0:00:03.141 -                     :     - INFO  : Tx    123    21 9B B2 00 2B 02 D1 09  !...+...
0:00:03.141 -                     :     - INFO  : Tx    123    22 48 04 F0 4A FF BB 8B  "H..J...
0:00:03.141 -                     :     - INFO  : Tx    123    23 04 33 BB 83 BA 8B FB  #.3.....
0:00:03.141 -                     :     - INFO  : Tx    123    24 88 9A 42 BC D3 00 E0  $..B....
0:00:03.141 -                     :     - INFO  : Tx    123    25 00 BF 04 F0 91 FD FB  %.......
0:00:03.141 -                     :     - INFO  : Tx    123    26 7F 18 46 20 37 BD 46  &..F 7.F
0:00:03.141 -                     :     - INFO  : Tx    123    27 B0 BD 48 27 00 20 80  '..H'. .
0:00:03.141 -                     :     - INFO  : Tx    123    28 B4 00 AF 03 4B 4F F6  (....KO.
0:00:03.141 -                     :     - INFO  : Tx    123    29 FF 72 1A 80 00 BF BD  ).r.....
0:00:03.141 -                     :     - INFO  : Tx    123    2A 46 80 BC 70 47 5C 20  *F..pG\ 
0:00:03.141 -                     :     - INFO  : Tx    123    2B 00 20 80 B4 85 B0 00  +. .....
0:00:03.141 -                     :     - INFO  : Tx    123    2C AF 78 60 0B 46 7B 80  ,.x`.F{.
0:00:03.141 -                     :     - INFO  : Tx    123    2D 00 23 FB 81 30 E0 FB  -.#..0..
0:00:03.141 -                     :     - INFO  : Tx    123    2E 89 7A 68 13 44 1B 78  ..zh.D.x
0:00:03.141 -                     :     - INFO  : Tx    123    2F 1B 02 9A B2 1B 4B 1B  /.....K.
0:00:03.141 -                     :     - INFO  : Tx    123    20 88 53 40 9A B2 19 4B   .S@...K
0:00:03.141 -                     :     - INFO  : Tx    123    21 1A 80 00 23 BB 60 1B  !...#.`.
0:00:03.141 -                     :     - INFO  : Tx    123    22 E0 16 4B 1B 88 1B B2  "..K....
0:00:03.141 -                     :     - INFO  : Tx    123    23 00 2B 0D DA 14 4B 1B  #.+...K.
0:00:03.141 -                     :     - INFO  : Tx    123    24 88 1B B2 5B 00 1B B2  $...[...
0:00:03.141 -                     :     - INFO  : Tx    123    25 83 F4 81 53 83 F0 01  %...S...
0:00:03.141 -                     :     - INFO  : Tx    123    26 03 1B B2 9A B2 0E 4B  &......K
0:00:03.141 -                     :     - INFO  : Tx    123    27 1A 80 05 E0 0D 4B 1B  '.....K.
0:00:03.141 -                     :     - INFO  : Tx    123    28 88 5B 00 9A B2 0B 4B  (.[....K
0:00:03.141 -                     :     - INFO  : Tx    123    29 1A 80 BB 68 01 33 BB  )...h.3.
0:00:03.141 -                     :     - INFO  : Tx    123    2A 60 BB 68 07 2B E0 DD  *`.h.+..
0:00:03.141 -                     :     - INFO  : Tx    123    2B FB 89 01 33 FB 81 FA  +...3...
0:00:03.141 -                     :     - INFO  : Tx    123    2C 89 7B 88 9A 42 CA D3  ,.{..B..
0:00:03.141 -                     :     - INFO  : Tx    123    2D 03 4B 1B 88 18 46 14  -.K...F.
0:00:03.141 -                     :     - INFO  : Tx    123    2E 37 BD 46 80 BC 70 47  .7.F..pG
0:00:03.141 -                     :     - INFO  : Tx    123    2F 00 BF 5C 20 00 20 80  /..\ . .
0:00:03.141 -                     :     - INFO  : Tx    123    20 B5 84 B0 00 AF F8 60   ......`
0:00:03.141 -                     :     - INFO  : Tx    123    21 B9 60 13 46 FB 71 FB  !.`.F.q.
0:00:03.141 -                     :     - INFO  : Tx    123    22 68 40 F2 23 12 93 42  "h@.#..B
0:00:03.141 -                     :     - INFO  : Tx    123    23 06 D1 FB 79 1A 46 B9  #...y.F.
0:00:03.141 -                     :     - INFO  : Tx    123    24 68 00 20 00 F0 C0 FE  $h. ....
0:00:03.141 -                     :     - INFO  : Tx    123    25 0A E0 FB 68 40 F2 DF  %...h@..
0:00:03.141 -                     :     - INFO  : Tx    123    26 72 93 42 05 D1 FB 79  &r.B...y
0:00:03.141 -                     :     - INFO  : Tx    123    27 1A 46 B9 68 01 20 00  '.F.h. .
0:00:03.141 -                     :     - INFO  : Tx    123    28 F0 B4 FE 00 BF 10 37  (......7
0:00:03.141 -                     :     - INFO  : Tx    123    29 BD 46 80 BD 80 B5 84  ).F.....
0:00:03.141 -                     :     - INFO  : Tx    123    2A B0 00 AF F8 60 B9 60  *....`.`
0:00:03.141 -                     :     - INFO  : Tx    123    2B 13 46 FB 71 FB 79 1A  +.F.q.y.
0:00:03.141 -                     :     - INFO  : Tx    123    2C 46 B9 68 F8 68 02 F0  ,F.h.h..
0:00:03.141 -                     :     - INFO  : Tx    123    2D 65 FA 00 BF 10 37 BD  -e....7.
0:00:03.141 -                     :     - INFO  : Tx    123    2E 46 80 BD 80 B5 00 AF  .F......
0:00:03.157 -                     :     - INFO  : Tx    123    2F 00 F0 ED F9 00 BF 80  /.......
0:00:03.157 -                     :     - INFO  : Tx    123    20 BD 80 B5 00 AF 00 F0   .......
0:00:03.157 -                     :     - INFO  : Tx    123    21 09 FE 00 F0 C9 F9 00  !.......
0:00:03.157 -                     :     - INFO  : Tx    123    22 BF 80 BD 00 00 80 B4  ".......
0:00:03.157 -                     :     - INFO  : Tx    123    23 83 B0 00 AF 03 46 FB  #.....F.
0:00:03.157 -                     :     - INFO  : Tx    123    24 71 FB 79 01 2B 0E D8  $q.y.+..
0:00:03.157 -                     :     - INFO  : Tx    123    25 FB 79 00 2B 03 D1 08  %.y.+...
0:00:03.157 -                     :     - INFO  : Tx    123    26 4B 42 F2 11 72 1A 60  &KB..r.`
0:00:03.157 -                     :     - INFO  : Tx    123    27 FB 79 01 2B 05 D1 04  '.y.+...
0:00:03.157 -                     :     - INFO  : Tx    123    28 4B 41 F2 89 32 5A 60  (KA..2Z`
0:00:03.157 -                     :     - INFO  : Tx    123    29 00 E0 00 BF 0C 37 BD  ).....7.
0:00:03.157 -                     :     - INFO  : Tx    123    2A 46 80 BC 70 47 28 22  *F..pG("
0:00:03.157 -                     :     - INFO  : Tx    123    2B 00 20 80 B4 83 B0 00  +. .....
0:00:03.157 -                     :     - INFO  : Tx    123    2C AF 03 46 FB 71 FB 79  ,..F.q.y
0:00:03.157 -                     :     - INFO  : Tx    123    2D 01 2B 05 D8 FB 79 05  -.+...y.
0:00:03.157 -                     :     - INFO  : Tx    123    2E 4A 00 21 42 F8 23 10  .J.!B.#.
0:00:03.157 -                     :     - INFO  : Tx    123    2F 00 E0 00 BF 0C 37 BD  /.....7.
0:00:03.157 -                     :     - INFO  : Tx    123    20 46 80 BC 70 47 00 BF   F..pG..
0:00:03.157 -                     :     - INFO  : Tx    123    21 28 22 00 20 80 B4 83  !(". ...
0:00:03.157 -                     :     - INFO  : Tx    123    22 B0 00 AF 03 46 FB 71  "....F.q
0:00:03.157 -                     :     - INFO  : Tx    123    23 FB 79 01 2B 01 D9 00  #.y.+...
0:00:03.157 -                     :     - INFO  : Tx    123    24 23 1E E0 FB 79 11 4A  $#...y.J
0:00:03.157 -                     :     - INFO  : Tx    123    25 52 F8 23 30 00 2B 01  %R.#0.+.
0:00:03.157 -                     :     - INFO  : Tx    123    26 D1 00 23 16 E0 FB 79  &..#...y
0:00:03.157 -                     :     - INFO  : Tx    123    27 0D 4A 52 F8 23 30 01  '.JR.#0.
0:00:03.157 -                     :     - INFO  : Tx    123    28 2B 07 D1 FB 79 0A 4A  (+...y.J
0:00:03.157 -                     :     - INFO  : Tx    123    29 00 21 42 F8 23 10 4F  ).!B.#.O
0:00:03.157 -                     :     - INFO  : Tx    123    2A F0 FF 33 08 E0 FB 79  *..3...y
0:00:03.157 -                     :     - INFO  : Tx    123    2B 06 4A 52 F8 23 20 01  +.JR.# .
0:00:03.157 -                     :     - INFO  : Tx    123    2C 3A 04 49 41 F8 23 20  ,:.IA.# 
0:00:03.157 -                     :     - INFO  : Tx    123    2D 01 23 18 46 0C 37 BD  -.#.F.7.
0:00:03.157 -                     :     - INFO  : Tx    123    2E 46 80 BC 70 47 28 22  .F..pG("
0:00:03.157 -                     :     - INFO  : Tx    123    2F 00 20 80 B4 83 B0 00  /. .....
0:00:03.157 -                     :     - INFO  : Tx    123    20 AF 03 46 FB 71 FB 79   ..F.q.y
0:00:03.157 -                     :     - INFO  : Tx    123    21 01 2B 01 D9 AA AA AA  !.+.....
0:00:03.235 -                     :     - INFO  : Rx    122    02 76 05 AA AA AA AA AA  .v......
0:00:03.235 -                     :     - INFO  : ISO TP message (single frame): 027605AAAAAAAAAA
0:00:03.235 -                     :     - INFO  : size: 0x2(2)
0:00:03.235 -                     :     - INFO  : data: 76 05
0:00:03.235 -                     :     - PASS  : TransferData positive response | expected: 76 ... | received: 76 05
0:00:03.235 -                     :     - INFO  : TransferData seq 5 confirmed
0:00:03.250 -                     :     - INFO  : Tx    123    13 FA 36 06 00 23 08 E0  ..6..#..
0:00:03.250 -                     :     - INFO  : ISO TP message (first frame): 13FA3606002308E0
0:00:03.250 -                     :     - INFO  : size: 0x3fa(1018)
0:00:03.250 -                     :     - INFO  : data: 36 06 00 23 08 E0 FB 79 06 4A 52 F8 23 30 00 2B 01 D0 01 23 00 E0 00 23 18 46 0C 37 BD 46 80 BC 70 47 28 22 00 20 80 B4 00 AF 00 BF BD 46 80 BC 70 47 80 B5 84 B0 00 AF 03 46 0A 46 FB 71 13 46 BB 71 07 F1 08 03 00 22 1A 60 5A 60 BB 79 78 2B 02 D0 01 20 FF F7 69 FF 12 4B 1B 78 02 2B 0E D1 BB 79 11 2B 18 D0 BB 79 12 2B 15 D0 BB 79 31 2B 12 D0 BB 79 7E 2B 0F D0 BB 79 7F 2B 0C D0 7F 23 3B 72 FB 79 7B 72 BB 79 BB 72 07 F1 08 03 03 21 18 46 00 F0 24 FD 00 E0 00 BF 10 37 BD 46 80 BD 00 BF D8 26 00 20 80 B5 82 B0 00 AF 78 60 0B 46 7B 80 01 20 FF F7 39 FF 07 4B 1B 78 01 2B 05 D0 7B 88 19 46 78 68 00 F0 0A FD 00 E0 00 BF 08 37 BD 46 80 BD 00 BF 30 22 00 20 80 B5 82 B0 00 AF 03 46 FB 71 01 20 FF F7 3E FF 00 BF 08 37 BD 46 80 BD 80 B5 82 B0 00 AF 03 46 FB 71 01 20 FF F7 14 FF 00 BF 08 37 BD 46 80 BD 80 B5 84 B0 00 AF 78 60 0B 46 7B 80 13 46 7B 70 01 20 FF F7 23 FF 7B 78 00 2B 03 D0 01 20 FF F7 FF FE B9 E0 7B 68 1B 78 BB 73 7B 68 01 33 1B 78 DB 09 7B 73 00 23 FB 73 A5 E0 FA 7B 58 49 13 46 9B 00 13 44 9B 00 0B 44 1B 78 BA 7B 9A 42 40 F0 96 80 54 4B 1B 78 02 2B 0D D1 FA 7B 50 49 13 46 9B 00 13 44 9B 00 0B 44 0F 33 1B 78 00 2B 02 D1 FF F7 54 FF 90 E0 00 F0 55 FE 03 46 01 2B 0A D1 FA 7B 47 49 13 46 9B 00 13 44 9B 00 0B 44 0C 33 1B 78 00 2B 1F D0 00 F0 45 FE 03 46 02 2B 0A D1 FA 7B 3F 49 13 46 9B 00 13 44 9B 00 0B 44 0D 33 1B 78 00 2B 0F D0 00 F0 35 FE 03 46 03 2B 10 D1 FA 7B 37 49 13 46 9B 00 13 44 9B 00 0B 44 0E 33 1B 78 00 2B 05 D1 BB 7B 7F 21 18 46 FF F7 24 FF 5A E0 01 F0 8F F9 03 46 18 46 FA 7B 2C 49 13 46 9B 00 13 44 9B 00 0B 44 11 33 1B 78 98 42 05 D2 BB 7B 33 21 18 46 FF F7 0F FF 45 E0 FA 7B 24 49 13 46 9B 00 13 44 9B 00 0B 44 08 33 1B 68 7A 88 11 46 78 68 98 47 03 46 00 2B 05 D1 BB 7B 13 21 18 46 FF F7 F9 FE 2F E0 FA 7B 19 49 13 46 9B 00 13 44 9B 00 0B 44 10 33 1B 78 01 2B 06 D1 7B 7B 01 2B 03 D1 14 4B 01 22 1A 70 02 E0 12 4B 00 22 1A 70 FA 7B 0E 49 13 46 9B 00 13 44 9B 00 0B 44 04 33 1B 68 7A 88 11 46 78 68 98 47 0C E0 00 BF FB 7B 01 33 FB 73 FB 7B 0F 2B 7F F6 56 AF BB 7B 11 21 18 46 FF F7 C8 FE 10 37 BD 46 80 BD 00 BF B8 36 01 08 D8 26 00 20 30 22 00 20 80 B5 00 AF 01 20 FF F7 69 FE 03 46 00 2B 05 DA 01 20 00 F0 A1 FD 00 20 01 F0 0E F9 00 20 FF F7 5D FE 03 46 00 2B 02 DA 02 4B 00 22 1A 70 00 BF 80 BD 00 BF FD 26 00 20 80 B5 84 B0 00 AF 3B 1D 00 22 1A 60 5A 60 9A 60 07 4B 7B 60 07 4B BB 60 07 4B FB 60 3B 1D 18 46 00 F0 3E FD 03 46 18 46 10 37 BD 46 80 BD 00 BF B1 D4 00 08 E1 D4 00 08 C9 D4 00 08 80 B4 83 B0 00 AF 03 46 FB 71 FB 79 02 2B 16 D8 FB 79 00 2B 03 D1 0C 4B 40 F2 E9 32 1A 60 FB 79 01 2B 03 D1 08 4B 40 F2 E9 32 5A 60 FB 79 02 2B 06 D1 06 4B 1B 78 1A 46 03 4B 9A 60 00 E0 00 BF 0C 37 BD 46 80 BC 70 47 34 22 00 20 40 22 00 20 80 B4 83 B0 00 AF 03 46 39 60 FB 71 FB 79 02 2B 12 D8 FB 79 00 2B 02 D1 0A 4A 3B 68 13 60 FB 79 01 2B 02 D1 07 4A 3B 68 53 60 FB 79 02 2B 04 D1 04 4A 3B 68 93 60 00 E0 00 BF 0C 37 BD 46 80 BC 70 47 00 BF 34 22 00 20 80 B4 83 B0 00 AF 03 46 FB 71 FB 79 02 2B 05 D8 FB 79 05 4A 00 21 42 F8 23 10 00 E0 00 BF 0C 37 BD 46 80 BC 70 47 00 BF 34 22 00 20 80 B4 83 B0 00 AF 03 46 FB 71 FB 79
0:00:03.250 -                     :     - INFO  : Tx    123    21 FB 79 06 4A 52 F8 23  !.y.JR.#
0:00:03.250 -                     :     - INFO  : Tx    123    22 30 00 2B 01 D0 01 23  "0.+...#
0:00:03.250 -                     :     - INFO  : Tx    123    23 00 E0 00 23 18 46 0C  #...#.F.
0:00:03.250 -                     :     - INFO  : Tx    123    24 37 BD 46 80 BC 70 47  $7.F..pG
0:00:03.250 -                     :     - INFO  : Tx    123    25 28 22 00 20 80 B4 00  %(". ...
0:00:03.250 -                     :     - INFO  : Tx    123    26 AF 00 BF BD 46 80 BC  &....F..
0:00:03.250 -                     :     - INFO  : Tx    123    27 70 47 80 B5 84 B0 00  'pG.....
0:00:03.250 -                     :     - INFO  : Tx    123    28 AF 03 46 0A 46 FB 71  (..F.F.q
0:00:03.250 -                     :     - INFO  : Tx    123    29 13 46 BB 71 07 F1 08  ).F.q...
0:00:03.250 -                     :     - INFO  : Tx    123    2A 03 00 22 1A 60 5A 60  *..".`Z`
0:00:03.250 -                     :     - INFO  : Tx    123    2B BB 79 78 2B 02 D0 01  +.yx+...
0:00:03.250 -                     :     - INFO  : Tx    123    2C 20 FF F7 69 FF 12 4B  , ..i..K
0:00:03.250 -                     :     - INFO  : Tx    123    2D 1B 78 02 2B 0E D1 BB  -.x.+...
0:00:03.250 -                     :     - INFO  : Tx    123    2E 79 11 2B 18 D0 BB 79  .y.+...y
0:00:03.250 -                     :     - INFO  : Tx    123    2F 12 2B 15 D0 BB 79 31  /.+...y1
0:00:03.250 -                     :     - INFO  : Tx    123    20 2B 12 D0 BB 79 7E 2B   +...y~+
0:00:03.250 -                     :     - INFO  : Tx    123    21 0F D0 BB 79 7F 2B 0C  !...y.+.
0:00:03.250 -                     :     - INFO  : Tx    123    22 D0 7F 23 3B 72 FB 79  "..#;r.y
0:00:03.250 -                     :     - INFO  : Tx    123    23 7B 72 BB 79 BB 72 07  #{r.y.r.
0:00:03.250 -                     :     - INFO  : Tx    123    24 F1 08 03 03 21 18 46  $....!.F
0:00:03.250 -                     :     - INFO  : Tx    123    25 00 F0 24 FD 00 E0 00  %..$....
0:00:03.250 -                     :     - INFO  : Tx    123    26 BF 10 37 BD 46 80 BD  &..7.F..
0:00:03.250 -                     :     - INFO  : Tx    123    27 00 BF D8 26 00 20 80  '...&. .
0:00:03.250 -                     :     - INFO  : Tx    123    28 B5 82 B0 00 AF 78 60  (.....x`
0:00:03.250 -                     :     - INFO  : Tx    123    29 0B 46 7B 80 01 20 FF  ).F{.. .
0:00:03.250 -                     :     - INFO  : Tx    123    2A F7 39 FF 07 4B 1B 78  *.9..K.x
0:00:03.250 -                     :     - INFO  : Tx    123    2B 01 2B 05 D0 7B 88 19  +.+..{..
0:00:03.250 -                     :     - INFO  : Tx    123    2C 46 78 68 00 F0 0A FD  ,Fxh....
0:00:03.250 -                     :     - INFO  : Tx    123    2D 00 E0 00 BF 08 37 BD  -.....7.
0:00:03.250 -                     :     - INFO  : Tx    123    2E 46 80 BD 00 BF 30 22  .F....0"
0:00:03.250 -                     :     - INFO  : Tx    123    2F 00 20 80 B5 82 B0 00  /. .....
0:00:03.250 -                     :     - INFO  : Tx    123    20 AF 03 46 FB 71 01 20   ..F.q. 
0:00:03.250 -                     :     - INFO  : Tx    123    21 FF F7 3E FF 00 BF 08  !..>....
0:00:03.250 -                     :     - INFO  : Tx    123    22 37 BD 46 80 BD 80 B5  "7.F....
0:00:03.250 -                     :     - INFO  : Tx    123    23 82 B0 00 AF 03 46 FB  #.....F.
0:00:03.250 -                     :     - INFO  : Tx    123    24 71 01 20 FF F7 14 FF  $q. ....
0:00:03.250 -                     :     - INFO  : Tx    123    25 00 BF 08 37 BD 46 80  %...7.F.
0:00:03.250 -                     :     - INFO  : Tx    123    26 BD 80 B5 84 B0 00 AF  &.......
0:00:03.250 -                     :     - INFO  : Tx    123    27 78 60 0B 46 7B 80 13  'x`.F{..
0:00:03.250 -                     :     - INFO  : Tx    123    28 46 7B 70 01 20 FF F7  (F{p. ..
0:00:03.250 -                     :     - INFO  : Tx    123    29 23 FF 7B 78 00 2B 03  )#.{x.+.
0:00:03.250 -                     :     - INFO  : Tx    123    2A D0 01 20 FF F7 FF FE  *.. ....
0:00:03.250 -                     :     - INFO  : Tx    123    2B B9 E0 7B 68 1B 78 BB  +..{h.x.
0:00:03.250 -                     :     - INFO  : Tx    123    2C 73 7B 68 01 33 1B 78  ,s{h.3.x
0:00:03.250 -                     :     - INFO  : Tx    123    2D DB 09 7B 73 00 23 FB  -..{s.#.
0:00:03.250 -                     :     - INFO  : Tx    123    2E 73 A5 E0 FA 7B 58 49  .s...{XI
0:00:03.250 -                     :     - INFO  : Tx    123    2F 13 46 9B 00 13 44 9B  /.F...D.
0:00:03.250 -                     :     - INFO  : Tx    123    20 00 0B 44 1B 78 BA 7B   ..D.x.{
0:00:03.250 -                     :     - INFO  : Tx    123    21 9A 42 40 F0 96 80 54  !.B@...T
0:00:03.250 -                     :     - INFO  : Tx    123    22 4B 1B 78 02 2B 0D D1  "K.x.+..
0:00:03.250 -                     :     - INFO  : Tx    123    23 FA 7B 50 49 13 46 9B  #.{PI.F.
0:00:03.250 -                     :     - INFO  : Tx    123    24 00 13 44 9B 00 0B 44  $..D...D
0:00:03.250 -                     :     - INFO  : Tx    123    25 0F 33 1B 78 00 2B 02  %.3.x.+.
0:00:03.250 -                     :     - INFO  : Tx    123    26 D1 FF F7 54 FF 90 E0  &...T...
0:00:03.250 -                     :     - INFO  : Tx    123    27 00 F0 55 FE 03 46 01  '..U..F.
0:00:03.250 -                     :     - INFO  : Tx    123    28 2B 0A D1 FA 7B 47 49  (+...{GI
0:00:03.250 -                     :     - INFO  : Tx    123    29 13 46 9B 00 13 44 9B  ).F...D.
0:00:03.250 -                     :     - INFO  : Tx    123    2A 00 0B 44 0C 33 1B 78  *..D.3.x
0:00:03.250 -                     :     - INFO  : Tx    123    2B 00 2B 1F D0 00 F0 45  +.+....E
0:00:03.250 -                     :     - INFO  : Tx    123    2C FE 03 46 02 2B 0A D1  ,..F.+..
0:00:03.250 -                     :     - INFO  : Tx    123    2D FA 7B 3F 49 13 46 9B  -.{?I.F.
0:00:03.250 -                     :     - INFO  : Tx    123    2E 00 13 44 9B 00 0B 44  ...D...D
0:00:03.250 -                     :     - INFO  : Tx    123    2F 0D 33 1B 78 00 2B 0F  /.3.x.+.
0:00:03.250 -                     :     - INFO  : Tx    123    20 D0 00 F0 35 FE 03 46   ...5..F
0:00:03.250 -                     :     - INFO  : Tx    123    21 03 2B 10 D1 FA 7B 37  !.+...{7
0:00:03.250 -                     :     - INFO  : Tx    123    22 49 13 46 9B 00 13 44  "I.F...D
0:00:03.250 -                     :     - INFO  : Tx    123    23 9B 00 0B 44 0E 33 1B  #...D.3.
0:00:03.250 -                     :     - INFO  : Tx    123    24 78 00 2B 05 D1 BB 7B  $x.+...{
0:00:03.250 -                     :     - INFO  : Tx    123    25 7F 21 18 46 FF F7 24  %.!.F..$
0:00:03.250 -                     :     - INFO  : Tx    123    26 FF 5A E0 01 F0 8F F9  &.Z.....
0:00:03.250 -                     :     - INFO  : Tx    123    27 03 46 18 46 FA 7B 2C  '.F.F.{,
0:00:03.250 -                     :     - INFO  : Tx    123    28 49 13 46 9B 00 13 44  (I.F...D
0:00:03.250 -                     :     - INFO  : Tx    123    29 9B 00 0B 44 11 33 1B  )...D.3.
0:00:03.250 -                     :     - INFO  : Tx    123    2A 78 98 42 05 D2 BB 7B  *x.B...{
0:00:03.250 -                     :     - INFO  : Tx    123    2B 33 21 18 46 FF F7 0F  +3!.F...
0:00:03.250 -                     :     - INFO  : Tx    123    2C FF 45 E0 FA 7B 24 49  ,.E..{$I
0:00:03.250 -                     :     - INFO  : Tx    123    2D 13 46 9B 00 13 44 9B  -.F...D.
0:00:03.250 -                     :     - INFO  : Tx    123    2E 00 0B 44 08 33 1B 68  ...D.3.h
0:00:03.250 -                     :     - INFO  : Tx    123    2F 7A 88 11 46 78 68 98  /z..Fxh.
0:00:03.250 -                     :     - INFO  : Tx    123    20 47 03 46 00 2B 05 D1   G.F.+..
0:00:03.250 -                     :     - INFO  : Tx    123    21 BB 7B 13 21 18 46 FF  !.{.!.F.
0:00:03.250 -                     :     - INFO  : Tx    123    22 F7 F9 FE 2F E0 FA 7B  ".../..{
0:00:03.250 -                     :     - INFO  : Tx    123    23 19 49 13 46 9B 00 13  #.I.F...
0:00:03.250 -                     :     - INFO  : Tx    123    24 44 9B 00 0B 44 10 33  $D...D.3
0:00:03.250 -                     :     - INFO  : Tx    123    25 1B 78 01 2B 06 D1 7B  %.x.+..{
0:00:03.250 -                     :     - INFO  : Tx    123    26 7B 01 2B 03 D1 14 4B  &{.+...K
0:00:03.250 -                     :     - INFO  : Tx    123    27 01 22 1A 70 02 E0 12  '.".p...
0:00:03.250 -                     :     - INFO  : Tx    123    28 4B 00 22 1A 70 FA 7B  (K.".p.{
0:00:03.250 -                     :     - INFO  : Tx    123    29 0E 49 13 46 9B 00 13  ).I.F...
0:00:03.250 -                     :     - INFO  : Tx    123    2A 44 9B 00 0B 44 04 33  *D...D.3
0:00:03.250 -                     :     - INFO  : Tx    123    2B 1B 68 7A 88 11 46 78  +.hz..Fx
0:00:03.250 -                     :     - INFO  : Tx    123    2C 68 98 47 0C E0 00 BF  ,h.G....
0:00:03.250 -                     :     - INFO  : Tx    123    2D FB 7B 01 33 FB 73 FB  -.{.3.s.
0:00:03.250 -                     :     - INFO  : Tx    123    2E 7B 0F 2B 7F F6 56 AF  .{.+..V.
0:00:03.250 -                     :     - INFO  : Tx    123    2F BB 7B 11 21 18 46 FF  /.{.!.F.
0:00:03.250 -                     :     - INFO  : Tx    123    20 F7 C8 FE 10 37 BD 46   ....7.F
0:00:03.250 -                     :     - INFO  : Tx    123    21 80 BD 00 BF B8 36 01  !.....6.
0:00:03.250 -                     :     - INFO  : Tx    123    22 08 D8 26 00 20 30 22  "..&. 0"
0:00:03.250 -                     :     - INFO  : Tx    123    23 00 20 80 B5 00 AF 01  #. .....
0:00:03.250 -                     :     - INFO  : Tx    123    24 20 FF F7 69 FE 03 46  $ ..i..F
0:00:03.250 -                     :     - INFO  : Tx    123    25 00 2B 05 DA 01 20 00  %.+... .
0:00:03.250 -                     :     - INFO  : Tx    123    26 F0 A1 FD 00 20 01 F0  &.... ..
0:00:03.250 -                     :     - INFO  : Tx    123    27 0E F9 00 20 FF F7 5D  '... ..]
0:00:03.250 -                     :     - INFO  : Tx    123    28 FE 03 46 00 2B 02 DA  (..F.+..
0:00:03.250 -                     :     - INFO  : Tx    123    29 02 4B 00 22 1A 70 00  ).K.".p.
0:00:03.250 -                     :     - INFO  : Tx    123    2A BF 80 BD 00 BF FD 26  *......&
0:00:03.250 -                     :     - INFO  : Tx    123    2B 00 20 80 B5 84 B0 00  +. .....
0:00:03.250 -                     :     - INFO  : Tx    123    2C AF 3B 1D 00 22 1A 60  ,.;..".`
0:00:03.250 -                     :     - INFO  : Tx    123    2D 5A 60 9A 60 07 4B 7B  -Z`.`.K{
0:00:03.250 -                     :     - INFO  : Tx    123    2E 60 07 4B BB 60 07 4B  .`.K.`.K
0:00:03.250 -                     :     - INFO  : Tx    123    2F FB 60 3B 1D 18 46 00  /.`;..F.
0:00:03.250 -                     :     - INFO  : Tx    123    20 F0 3E FD 03 46 18 46   .>..F.F
0:00:03.250 -                     :     - INFO  : Tx    123    21 10 37 BD 46 80 BD 00  !.7.F...
0:00:03.250 -                     :     - INFO  : Tx    123    22 BF B1 D4 00 08 E1 D4  ".......
0:00:03.250 -                     :     - INFO  : Tx    123    23 00 08 C9 D4 00 08 80  #.......
0:00:03.250 -                     :     - INFO  : Tx    123    24 B4 83 B0 00 AF 03 46  $......F
0:00:03.250 -                     :     - INFO  : Tx    123    25 FB 71 FB 79 02 2B 16  %.q.y.+.
0:00:03.250 -                     :     - INFO  : Tx    123    26 D8 FB 79 00 2B 03 D1  &..y.+..
0:00:03.250 -                     :     - INFO  : Tx    123    27 0C 4B 40 F2 E9 32 1A  '.K@..2.
0:00:03.250 -                     :     - INFO  : Tx    123    28 60 FB 79 01 2B 03 D1  (`.y.+..
0:00:03.250 -                     :     - INFO  : Tx    123    29 08 4B 40 F2 E9 32 5A  ).K@..2Z
0:00:03.250 -                     :     - INFO  : Tx    123    2A 60 FB 79 02 2B 06 D1  *`.y.+..
0:00:03.250 -                     :     - INFO  : Tx    123    2B 06 4B 1B 78 1A 46 03  +.K.x.F.
0:00:03.250 -                     :     - INFO  : Tx    123    2C 4B 9A 60 00 E0 00 BF  ,K.`....
0:00:03.250 -                     :     - INFO  : Tx    123    2D 0C 37 BD 46 80 BC 70  -.7.F..p
0:00:03.250 -                     :     - INFO  : Tx    123    2E 47 34 22 00 20 40 22  .G4". @"
0:00:03.250 -                     :     - INFO  : Tx    123    2F 00 20 80 B4 83 B0 00  /. .....
0:00:03.250 -                     :     - INFO  : Tx    123    20 AF 03 46 39 60 FB 71   ..F9`.q
0:00:03.250 -                     :     - INFO  : Tx    123    21 FB 79 02 2B 12 D8 FB  !.y.+...
0:00:03.250 -                     :     - INFO  : Tx    123    22 79 00 2B 02 D1 0A 4A  "y.+...J
0:00:03.250 -                     :     - INFO  : Tx    123    23 3B 68 13 60 FB 79 01  #;h.`.y.
0:00:03.250 -                     :     - INFO  : Tx    123    24 2B 02 D1 07 4A 3B 68  $+...J;h
0:00:03.250 -                     :     - INFO  : Tx    123    25 53 60 FB 79 02 2B 04  %S`.y.+.
0:00:03.250 -                     :     - INFO  : Tx    123    26 D1 04 4A 3B 68 93 60  &..J;h.`
0:00:03.250 -                     :     - INFO  : Tx    123    27 00 E0 00 BF 0C 37 BD  '.....7.
0:00:03.250 -                     :     - INFO  : Tx    123    28 46 80 BC 70 47 00 BF  (F..pG..
0:00:03.250 -                     :     - INFO  : Tx    123    29 34 22 00 20 80 B4 83  )4". ...
0:00:03.250 -                     :     - INFO  : Tx    123    2A B0 00 AF 03 46 FB 71  *....F.q
0:00:03.250 -                     :     - INFO  : Tx    123    2B FB 79 02 2B 05 D8 FB  +.y.+...
0:00:03.250 -                     :     - INFO  : Tx    123    2C 79 05 4A 00 21 42 F8  ,y.J.!B.
0:00:03.250 -                     :     - INFO  : Tx    123    2D 23 10 00 E0 00 BF 0C  -#......
0:00:03.250 -                     :     - INFO  : Tx    123    2E 37 BD 46 80 BC 70 47  .7.F..pG
0:00:03.250 -                     :     - INFO  : Tx    123    2F 00 BF 34 22 00 20 80  /..4". .
0:00:03.250 -                     :     - INFO  : Tx    123    20 B4 83 B0 00 AF 03 46   ......F
0:00:03.250 -                     :     - INFO  : Tx    123    21 FB 71 FB 79 AA AA AA  !.q.y...
0:00:03.344 -                     :     - INFO  : Rx    122    02 76 06 AA AA AA AA AA  .v......
0:00:03.344 -                     :     - INFO  : ISO TP message (single frame): 027606AAAAAAAAAA
0:00:03.344 -                     :     - INFO  : size: 0x2(2)
0:00:03.344 -                     :     - INFO  : data: 76 06
0:00:03.344 -                     :     - PASS  : TransferData positive response | expected: 76 ... | received: 76 06
0:00:03.344 -                     :     - INFO  : TransferData seq 6 confirmed
0:00:03.360 -                     :     - INFO  : Tx    123    13 FA 36 07 02 2B 01 D9  ..6..+..
0:00:03.360 -                     :     - INFO  : ISO TP message (first frame): 13FA3607022B01D9
0:00:03.360 -                     :     - INFO  : size: 0x3fa(1018)
0:00:03.360 -                     :     - INFO  : data: 36 07 02 2B 01 D9 00 23 1E E0 FB 79 11 4A 52 F8 23 30 00 2B 01 D1 00 23 16 E0 FB 79 0D 4A 52 F8 23 30 01 2B 07 D1 FB 79 0A 4A 00 21 42 F8 23 10 4F F0 FF 33 08 E0 FB 79 06 4A 52 F8 23 20 01 3A 04 49 41 F8 23 20 01 23 18 46 0C 37 BD 46 80 BC 70 47 34 22 00 20 80 B4 83 B0 00 AF 03 46 FB 71 FB 79 02 2B 01 D9 00 23 12 E0 FB 79 0B 4A 52 F8 23 30 00 2B 06 D0 FB 79 08 4A 00 21 42 F8 23 10 01 23 05 E0 FB 79 04 4A 00 21 42 F8 23 10 00 23 18 46 0C 37 BD 46 80 BC 70 47 34 22 00 20 80 B5 82 B0 00 AF 13 4B 00 22 1A 70 12 4B 00 22 1A 70 12 4B 00 22 1A 70 11 4B 00 22 1A 70 11 4B 00 22 1A 70 10 4B 00 22 1A 70 10 4B 00 22 1A 70 00 23 FB 71 06 E0 FB 79 18 46 FF F7 77 FF FB 79 01 33 FB 71 FB 79 02 2B F5 D9 00 BF 00 BF 08 37 BD 46 80 BD 31 22 00 20 32 22 00 20 33 22 00 20 42 22 00 20 43 22 00 20 44 22 00 20 45 22 00 20 80 B5 84 B0 00 AF 78 60 0B 46 FB 70 7B 68 1B 78 03 F0 0F 03 BB 81 BB 89 07 2B 02 D8 BB 89 00 2B 02 D1 4F F0 FF 33 19 E0 00 23 FB 81 0B E0 FB 89 01 33 1A 46 7B 68 1A 44 FB 89 11 78 09 4A D1 54 FB 89 01 33 FB 81 FA 89 BB 89 9A 42 EF D3 06 4B 5B 68 B9 89 00 22 03 48 98 47 00 23 18 46 10 37 BD 46 80 BD CC 26 00 20 DC 26 00 20 80 B5 84 B0 00 AF 78 60 0B 46 FB 70 7B 68 1B 78 1B 02 9B B2 03 F4 70 63 BB 81 7B 68 01 33 1B 78 1A 46 BB 89 13 43 BB 81 BB 89 07 2B 02 D8 4F F0 FF 33 3A E0 BB 89 B3 F5 80 6F 05 D9 02 20 00 F0 3D F9 6F F0 01 03 30 E0 1A 4A BB 89 13 80 00 23 FB 81 0B E0 FB 89 02 33 1A 46 7B 68 1A 44 FB 89 11 78 15 4A D1 54 FB 89 01 33 FB 81 FA 89 FB 78 02 3B 9A 42 EE DB FB 78 9B B2 02 3B 9A B2 0F 4B 1A 80 00 20 00 F0 1A F9 0D 4B 00 22 1A 70 0D 4B 01 22 1A 70 00 20 FF F7 8F FE 0B 4B 00 22 1A 70 0A 4B 1B 68 00 20 98 47 00 23 18 46 10 37 BD 46 80 BD 00 BF D4 26 00 20 CC 22 00 20 D6 26 00 20 44 22 00 20 32 22 00 20 45 22 00 20 DC 26 00 20 80 B5 84 B0 00 AF 78 60 0B 46 FB 70 7B 68 1B 78 03 F0 0F 03 7B 73 00 20 FF F7 F8 FE 03 46 00 2B 02 DC 4F F0 FF 33 58 E0 2E 4B 1B 78 01 33 DA B2 2C 4B 1A 70 2B 4B 1B 78 0F 2B 02 D9 29 4B 00 22 1A 70 28 4B 1B 78 7A 7B 9A 42 09 D0 26 4B 5B 68 26 4A 11 88 03 22 26 48 98 47 6F F0 01 03 3C E0 00 23 FB 81 17 E0 21 4B 1B 88 1A 46 FB 89 13 44 B3 F5 80 6F 0C DA FB 89 01 33 1A 46 7B 68 1A 44 1A 4B 1B 88 19 46 FB 89 0B 44 11 78 18 4A D1 54 FB 89 01 33 FB 81 FB 89 06 2B E4 D9 13 4B 1B 88 07 33 9A B2 11 4B 1A 80 10 4B 1A 88 11 4B 1B 88 9A 42 0B D3 10 4B 00 22 1A 70 0B 4B 5B 68 0D 4A 11 88 00 22 0A 48 98 47 00 23 06 E0 0A 4B 01 22 1A 70 00 20 FF F7 08 FE 01 23 18 46 10 37 BD 46 80 BD 00 BF 45 22 00 20 DC 26 00 20 D6 26 00 20 CC 22 00 20 D4 26 00 20 32 22 00 20 80 B5 84 B0 00 AF 78 60 0B 46 FB 70 7B 68 1B 78 03 F0 0F 03 FB 73 01 20 FF F7 7A FE 03 46 00 2B 02 DC 4F F0 FF 33 53 E0 2B 4B 1B 78 02 2B 02 D1 4F F0 FF 33 4C E0 29 4B 00 22 1A 70 FB 7B 02 2B 06 D9 27 4B 9B 68 04 20 98 47 6F F0 01 03 3F E0 FB 7B 02 2B 06 D1 22 4B 9B 68 06 20 98 47 6F F0 02 03 35 E0 FB 7B 01 2B 07 D1 1C 4B 01 22 1A 70 01 20 FF F7 BB FD 01 23 2A E0 7B 68 5A 78 19 4B 1A 70 7B 68 02 33 1B 78 5B B2 00 2B 07 DB 7B 68 02 33 1B 78 01 33 DA B2 13 4B 1A 70 10 E0 7B 68 02 33 1B 78 EF 2B 08 D9 7B 68 02 33 1B 78 F9 2B 03 D8 0D 4B
0:00:03.360 -                     :     - INFO  : Tx    123    21 00 23 1E E0 FB 79 11  !.#...y.
0:00:03.360 -                     :     - INFO  : Tx    123    22 4A 52 F8 23 30 00 2B  "JR.#0.+
0:00:03.360 -                     :     - INFO  : Tx    123    23 01 D1 00 23 16 E0 FB  #...#...
0:00:03.360 -                     :     - INFO  : Tx    123    24 79 0D 4A 52 F8 23 30  $y.JR.#0
0:00:03.360 -                     :     - INFO  : Tx    123    25 01 2B 07 D1 FB 79 0A  %.+...y.
0:00:03.360 -                     :     - INFO  : Tx    123    26 4A 00 21 42 F8 23 10  &J.!B.#.
0:00:03.360 -                     :     - INFO  : Tx    123    27 4F F0 FF 33 08 E0 FB  'O..3...
0:00:03.360 -                     :     - INFO  : Tx    123    28 79 06 4A 52 F8 23 20  (y.JR.# 
0:00:03.360 -                     :     - INFO  : Tx    123    29 01 3A 04 49 41 F8 23  ).:.IA.#
0:00:03.360 -                     :     - INFO  : Tx    123    2A 20 01 23 18 46 0C 37  * .#.F.7
0:00:03.360 -                     :     - INFO  : Tx    123    2B BD 46 80 BC 70 47 34  +.F..pG4
0:00:03.360 -                     :     - INFO  : Tx    123    2C 22 00 20 80 B4 83 B0  ,". ....
0:00:03.360 -                     :     - INFO  : Tx    123    2D 00 AF 03 46 FB 71 FB  -...F.q.
0:00:03.360 -                     :     - INFO  : Tx    123    2E 79 02 2B 01 D9 00 23  .y.+...#
0:00:03.360 -                     :     - INFO  : Tx    123    2F 12 E0 FB 79 0B 4A 52  /...y.JR
0:00:03.360 -                     :     - INFO  : Tx    123    20 F8 23 30 00 2B 06 D0   .#0.+..
0:00:03.360 -                     :     - INFO  : Tx    123    21 FB 79 08 4A 00 21 42  !.y.J.!B
0:00:03.360 -                     :     - INFO  : Tx    123    22 F8 23 10 01 23 05 E0  ".#..#..
0:00:03.360 -                     :     - INFO  : Tx    123    23 FB 79 04 4A 00 21 42  #.y.J.!B
0:00:03.360 -                     :     - INFO  : Tx    123    24 F8 23 10 00 23 18 46  $.#..#.F
0:00:03.360 -                     :     - INFO  : Tx    123    25 0C 37 BD 46 80 BC 70  %.7.F..p
0:00:03.360 -                     :     - INFO  : Tx    123    26 47 34 22 00 20 80 B5  &G4". ..
0:00:03.360 -                     :     - INFO  : Tx    123    27 82 B0 00 AF 13 4B 00  '.....K.
0:00:03.360 -                     :     - INFO  : Tx    123    28 22 1A 70 12 4B 00 22  (".p.K."
0:00:03.360 -                     :     - INFO  : Tx    123    29 1A 70 12 4B 00 22 1A  ).p.K.".
0:00:03.360 -                     :     - INFO  : Tx    123    2A 70 11 4B 00 22 1A 70  *p.K.".p
0:00:03.360 -                     :     - INFO  : Tx    123    2B 11 4B 00 22 1A 70 10  +.K.".p.
0:00:03.360 -                     :     - INFO  : Tx    123    2C 4B 00 22 1A 70 10 4B  ,K.".p.K
0:00:03.360 -                     :     - INFO  : Tx    123    2D 00 22 1A 70 00 23 FB  -.".p.#.
0:00:03.360 -                     :     - INFO  : Tx    123    2E 71 06 E0 FB 79 18 46  .q...y.F
0:00:03.360 -                     :     - INFO  : Tx    123    2F FF F7 77 FF FB 79 01  /..w..y.
0:00:03.360 -                     :     - INFO  : Tx    123    20 33 FB 71 FB 79 02 2B   3.q.y.+
0:00:03.360 -                     :     - INFO  : Tx    123    21 F5 D9 00 BF 00 BF 08  !.......
0:00:03.360 -                     :     - INFO  : Tx    123    22 37 BD 46 80 BD 31 22  "7.F..1"
0:00:03.360 -                     :     - INFO  : Tx    123    23 00 20 32 22 00 20 33  #. 2". 3
0:00:03.360 -                     :     - INFO  : Tx    123    24 22 00 20 42 22 00 20  $". B". 
0:00:03.360 -                     :     - INFO  : Tx    123    25 43 22 00 20 44 22 00  %C". D".
0:00:03.360 -                     :     - INFO  : Tx    123    26 20 45 22 00 20 80 B5  & E". ..
0:00:03.360 -                     :     - INFO  : Tx    123    27 84 B0 00 AF 78 60 0B  '....x`.
0:00:03.360 -                     :     - INFO  : Tx    123    28 46 FB 70 7B 68 1B 78  (F.p{h.x
0:00:03.360 -                     :     - INFO  : Tx    123    29 03 F0 0F 03 BB 81 BB  ).......
0:00:03.360 -                     :     - INFO  : Tx    123    2A 89 07 2B 02 D8 BB 89  *..+....
0:00:03.360 -                     :     - INFO  : Tx    123    2B 00 2B 02 D1 4F F0 FF  +.+..O..
0:00:03.360 -                     :     - INFO  : Tx    123    2C 33 19 E0 00 23 FB 81  ,3...#..
0:00:03.360 -                     :     - INFO  : Tx    123    2D 0B E0 FB 89 01 33 1A  -.....3.
0:00:03.360 -                     :     - INFO  : Tx    123    2E 46 7B 68 1A 44 FB 89  .F{h.D..
0:00:03.360 -                     :     - INFO  : Tx    123    2F 11 78 09 4A D1 54 FB  /.x.J.T.
0:00:03.360 -                     :     - INFO  : Tx    123    20 89 01 33 FB 81 FA 89   ..3....
0:00:03.360 -                     :     - INFO  : Tx    123    21 BB 89 9A 42 EF D3 06  !...B...
0:00:03.360 -                     :     - INFO  : Tx    123    22 4B 5B 68 B9 89 00 22  "K[h..."
0:00:03.360 -                     :     - INFO  : Tx    123    23 03 48 98 47 00 23 18  #.H.G.#.
0:00:03.360 -                     :     - INFO  : Tx    123    24 46 10 37 BD 46 80 BD  $F.7.F..
0:00:03.360 -                     :     - INFO  : Tx    123    25 CC 26 00 20 DC 26 00  %.&. .&.
0:00:03.360 -                     :     - INFO  : Tx    123    26 20 80 B5 84 B0 00 AF  & ......
0:00:03.360 -                     :     - INFO  : Tx    123    27 78 60 0B 46 FB 70 7B  'x`.F.p{
0:00:03.360 -                     :     - INFO  : Tx    123    28 68 1B 78 1B 02 9B B2  (h.x....
0:00:03.360 -                     :     - INFO  : Tx    123    29 03 F4 70 63 BB 81 7B  )..pc..{
0:00:03.360 -                     :     - INFO  : Tx    123    2A 68 01 33 1B 78 1A 46  *h.3.x.F
0:00:03.360 -                     :     - INFO  : Tx    123    2B BB 89 13 43 BB 81 BB  +...C...
0:00:03.360 -                     :     - INFO  : Tx    123    2C 89 07 2B 02 D8 4F F0  ,..+..O.
0:00:03.360 -                     :     - INFO  : Tx    123    2D FF 33 3A E0 BB 89 B3  -.3:....
0:00:03.360 -                     :     - INFO  : Tx    123    2E F5 80 6F 05 D9 02 20  ...o... 
0:00:03.360 -                     :     - INFO  : Tx    123    2F 00 F0 3D F9 6F F0 01  /..=.o..
0:00:03.360 -                     :     - INFO  : Tx    123    20 03 30 E0 1A 4A BB 89   .0..J..
0:00:03.360 -                     :     - INFO  : Tx    123    21 13 80 00 23 FB 81 0B  !...#...
0:00:03.360 -                     :     - INFO  : Tx    123    22 E0 FB 89 02 33 1A 46  "....3.F
0:00:03.360 -                     :     - INFO  : Tx    123    23 7B 68 1A 44 FB 89 11  #{h.D...
0:00:03.360 -                     :     - INFO  : Tx    123    24 78 15 4A D1 54 FB 89  $x.J.T..
0:00:03.360 -                     :     - INFO  : Tx    123    25 01 33 FB 81 FA 89 FB  %.3.....
0:00:03.360 -                     :     - INFO  : Tx    123    26 78 02 3B 9A 42 EE DB  &x.;.B..
0:00:03.360 -                     :     - INFO  : Tx    123    27 FB 78 9B B2 02 3B 9A  '.x...;.
0:00:03.360 -                     :     - INFO  : Tx    123    28 B2 0F 4B 1A 80 00 20  (..K... 
0:00:03.360 -                     :     - INFO  : Tx    123    29 00 F0 1A F9 0D 4B 00  ).....K.
0:00:03.360 -                     :     - INFO  : Tx    123    2A 22 1A 70 0D 4B 01 22  *".p.K."
0:00:03.360 -                     :     - INFO  : Tx    123    2B 1A 70 00 20 FF F7 8F  +.p. ...
0:00:03.360 -                     :     - INFO  : Tx    123    2C FE 0B 4B 00 22 1A 70  ,..K.".p
0:00:03.360 -                     :     - INFO  : Tx    123    2D 0A 4B 1B 68 00 20 98  -.K.h. .
0:00:03.360 -                     :     - INFO  : Tx    123    2E 47 00 23 18 46 10 37  .G.#.F.7
0:00:03.360 -                     :     - INFO  : Tx    123    2F BD 46 80 BD 00 BF D4  /.F.....
0:00:03.360 -                     :     - INFO  : Tx    123    20 26 00 20 CC 22 00 20   &. .". 
0:00:03.360 -                     :     - INFO  : Tx    123    21 D6 26 00 20 44 22 00  !.&. D".
0:00:03.360 -                     :     - INFO  : Tx    123    22 20 32 22 00 20 45 22  " 2". E"
0:00:03.360 -                     :     - INFO  : Tx    123    23 00 20 DC 26 00 20 80  #. .&. .
0:00:03.360 -                     :     - INFO  : Tx    123    24 B5 84 B0 00 AF 78 60  $.....x`
0:00:03.360 -                     :     - INFO  : Tx    123    25 0B 46 FB 70 7B 68 1B  %.F.p{h.
0:00:03.360 -                     :     - INFO  : Tx    123    26 78 03 F0 0F 03 7B 73  &x....{s
0:00:03.360 -                     :     - INFO  : Tx    123    27 00 20 FF F7 F8 FE 03  '. .....
0:00:03.360 -                     :     - INFO  : Tx    123    28 46 00 2B 02 DC 4F F0  (F.+..O.
0:00:03.360 -                     :     - INFO  : Tx    123    29 FF 33 58 E0 2E 4B 1B  ).3X..K.
0:00:03.360 -                     :     - INFO  : Tx    123    2A 78 01 33 DA B2 2C 4B  *x.3..,K
0:00:03.360 -                     :     - INFO  : Tx    123    2B 1A 70 2B 4B 1B 78 0F  +.p+K.x.
0:00:03.360 -                     :     - INFO  : Tx    123    2C 2B 02 D9 29 4B 00 22  ,+..)K."
0:00:03.360 -                     :     - INFO  : Tx    123    2D 1A 70 28 4B 1B 78 7A  -.p(K.xz
0:00:03.360 -                     :     - INFO  : Tx    123    2E 7B 9A 42 09 D0 26 4B  .{.B..&K
0:00:03.360 -                     :     - INFO  : Tx    123    2F 5B 68 26 4A 11 88 03  /[h&J...
0:00:03.360 -                     :     - INFO  : Tx    123    20 22 26 48 98 47 6F F0   "&H.Go.
0:00:03.360 -                     :     - INFO  : Tx    123    21 01 03 3C E0 00 23 FB  !..<..#.
0:00:03.360 -                     :     - INFO  : Tx    123    22 81 17 E0 21 4B 1B 88  "...!K..
0:00:03.360 -                     :     - INFO  : Tx    123    23 1A 46 FB 89 13 44 B3  #.F...D.
0:00:03.360 -                     :     - INFO  : Tx    123    24 F5 80 6F 0C DA FB 89  $..o....
0:00:03.360 -                     :     - INFO  : Tx    123    25 01 33 1A 46 7B 68 1A  %.3.F{h.
0:00:03.360 -                     :     - INFO  : Tx    123    26 44 1A 4B 1B 88 19 46  &D.K...F
0:00:03.360 -                     :     - INFO  : Tx    123    27 FB 89 0B 44 11 78 18  '...D.x.
0:00:03.360 -                     :     - INFO  : Tx    123    28 4A D1 54 FB 89 01 33  (J.T...3
0:00:03.360 -                     :     - INFO  : Tx    123    29 FB 81 FB 89 06 2B E4  ).....+.
0:00:03.360 -                     :     - INFO  : Tx    123    2A D9 13 4B 1B 88 07 33  *..K...3
0:00:03.360 -                     :     - INFO  : Tx    123    2B 9A B2 11 4B 1A 80 10  +...K...
0:00:03.360 -                     :     - INFO  : Tx    123    2C 4B 1A 88 11 4B 1B 88  ,K...K..
0:00:03.360 -                     :     - INFO  : Tx    123    2D 9A 42 0B D3 10 4B 00  -.B...K.
0:00:03.360 -                     :     - INFO  : Tx    123    2E 22 1A 70 0B 4B 5B 68  .".p.K[h
0:00:03.360 -                     :     - INFO  : Tx    123    2F 0D 4A 11 88 00 22 0A  /.J...".
0:00:03.360 -                     :     - INFO  : Tx    123    20 48 98 47 00 23 06 E0   H.G.#..
0:00:03.360 -                     :     - INFO  : Tx    123    21 0A 4B 01 22 1A 70 00  !.K.".p.
0:00:03.360 -                     :     - INFO  : Tx    123    22 20 FF F7 08 FE 01 23  " .....#
0:00:03.360 -                     :     - INFO  : Tx    123    23 18 46 10 37 BD 46 80  #.F.7.F.
0:00:03.360 -                     :     - INFO  : Tx    123    24 BD 00 BF 45 22 00 20  $...E". 
0:00:03.360 -                     :     - INFO  : Tx    123    25 DC 26 00 20 D6 26 00  %.&. .&.
0:00:03.360 -                     :     - INFO  : Tx    123    26 20 CC 22 00 20 D4 26  & .". .&
0:00:03.360 -                     :     - INFO  : Tx    123    27 00 20 32 22 00 20 80  '. 2". .
0:00:03.360 -                     :     - INFO  : Tx    123    28 B5 84 B0 00 AF 78 60  (.....x`
0:00:03.360 -                     :     - INFO  : Tx    123    29 0B 46 FB 70 7B 68 1B  ).F.p{h.
0:00:03.360 -                     :     - INFO  : Tx    123    2A 78 03 F0 0F 03 FB 73  *x.....s
0:00:03.360 -                     :     - INFO  : Tx    123    2B 01 20 FF F7 7A FE 03  +. ..z..
0:00:03.360 -                     :     - INFO  : Tx    123    2C 46 00 2B 02 DC 4F F0  ,F.+..O.
0:00:03.360 -                     :     - INFO  : Tx    123    2D FF 33 53 E0 2B 4B 1B  -.3S.+K.
0:00:03.360 -                     :     - INFO  : Tx    123    2E 78 02 2B 02 D1 4F F0  .x.+..O.
0:00:03.360 -                     :     - INFO  : Tx    123    2F FF 33 4C E0 29 4B 00  /.3L.)K.
0:00:03.360 -                     :     - INFO  : Tx    123    20 22 1A 70 FB 7B 02 2B   ".p.{.+
0:00:03.360 -                     :     - INFO  : Tx    123    21 06 D9 27 4B 9B 68 04  !..'K.h.
0:00:03.360 -                     :     - INFO  : Tx    123    22 20 98 47 6F F0 01 03  " .Go...
0:00:03.360 -                     :     - INFO  : Tx    123    23 3F E0 FB 7B 02 2B 06  #?..{.+.
0:00:03.360 -                     :     - INFO  : Tx    123    24 D1 22 4B 9B 68 06 20  $."K.h. 
0:00:03.360 -                     :     - INFO  : Tx    123    25 98 47 6F F0 02 03 35  %.Go...5
0:00:03.360 -                     :     - INFO  : Tx    123    26 E0 FB 7B 01 2B 07 D1  &..{.+..
0:00:03.360 -                     :     - INFO  : Tx    123    27 1C 4B 01 22 1A 70 01  '.K.".p.
0:00:03.360 -                     :     - INFO  : Tx    123    28 20 FF F7 BB FD 01 23  ( .....#
0:00:03.360 -                     :     - INFO  : Tx    123    29 2A E0 7B 68 5A 78 19  )*.{hZx.
0:00:03.360 -                     :     - INFO  : Tx    123    2A 4B 1A 70 7B 68 02 33  *K.p{h.3
0:00:03.360 -                     :     - INFO  : Tx    123    2B 1B 78 5B B2 00 2B 07  +.x[..+.
0:00:03.360 -                     :     - INFO  : Tx    123    2C DB 7B 68 02 33 1B 78  ,.{h.3.x
0:00:03.360 -                     :     - INFO  : Tx    123    2D 01 33 DA B2 13 4B 1A  -.3...K.
0:00:03.360 -                     :     - INFO  : Tx    123    2E 70 10 E0 7B 68 02 33  .p..{h.3
0:00:03.360 -                     :     - INFO  : Tx    123    2F 1B 78 EF 2B 08 D9 7B  /.x.+..{
0:00:03.360 -                     :     - INFO  : Tx    123    20 68 02 33 1B 78 F9 2B   h.3.x.+
0:00:03.360 -                     :     - INFO  : Tx    123    21 03 D8 0D 4B AA AA AA  !...K...
0:00:03.453 -                     :     - INFO  : Rx    122    02 76 07 AA AA AA AA AA  .v......
0:00:03.453 -                     :     - INFO  : ISO TP message (single frame): 027607AAAAAAAAAA
0:00:03.453 -                     :     - INFO  : size: 0x2(2)
0:00:03.453 -                     :     - INFO  : data: 76 07
0:00:03.453 -                     :     - PASS  : TransferData positive response | expected: 76 ... | received: 76 07
0:00:03.453 -                     :     - INFO  : TransferData seq 7 confirmed
0:00:03.453 -                     :     - INFO  : Tx    123    13 FA 36 08 02 22 1A 70  ..6..".p
0:00:03.453 -                     :     - INFO  : ISO TP message (first frame): 13FA360802221A70
0:00:03.453 -                     :     - INFO  : size: 0x3fa(1018)
0:00:03.453 -                     :     - INFO  : data: 36 08 02 22 1A 70 02 E0 0B 4B 80 22 1A 70 0A 4B 00 22 1A 70 01 21 02 20 FF F7 B7 FD 00 23 18 46 10 37 BD 46 80 BD D8 26 00 20 33 22 00 20 DC 26 00 20 41 22 00 20 40 22 00 20 42 22 00 20 80 B5 86 B0 00 AF 03 46 FB 71 07 F1 0C 03 00 22 1A 60 5A 60 00 23 FB 82 08 E0 FB 8A 18 33 3B 44 AA 22 03 F8 0C 2C FB 8A 01 33 FB 82 FB 8A 07 2B F3 D9 97 F9 07 30 03 F0 0F 03 5B B2 43 F0 30 03 5B B2 DB B2 3B 73 00 23 7B 73 00 23 BB 73 07 F1 0C 03 08 22 19 46 4F F4 91 70 FF F7 2F FB 00 BF 18 37 BD 46 80 BD 80 B5 86 B0 00 AF 78 60 0B 46 7B 80 07 F1 0C 03 00 22 1A 60 5A 60 00 23 FB 82 08 E0 FB 8A 18 33 3B 44 AA 22 03 F8 0C 2C FB 8A 01 33 FB 82 FB 8A 07 2B F3 D9 7B 88 00 2B 02 D0 7B 88 07 2B 02 D9 4F F0 FF 33 22 E0 7B 88 DB B2 03 F0 0F 03 DB B2 3B 73 00 23 FB 82 0C E0 FB 8A 7A 68 1A 44 FB 8A 01 33 12 78 18 33 3B 44 03 F8 0C 2C FB 8A 01 33 FB 82 FA 8A 7B 88 9A 42 EE D3 07 F1 0C 03 08 22 19 46 4F F4 91 70 FF F7 E6 FA 00 23 18 46 18 37 BD 46 80 BD 00 00 80 B5 86 B0 00 AF 78 60 0B 46 7B 80 07 F1 0C 03 00 22 1A 60 5A 60 7B 88 07 2B 02 D9 7B 88 80 2B 01 D9 00 23 30 E0 7B 88 1B 0A 9B B2 5B B2 03 F0 0F 03 5B B2 43 F0 10 03 5B B2 DB B2 3B 73 7B 88 DB B2 7B 73 00 23 FB 82 0C E0 FB 8A 7A 68 1A 44 FB 8A 02 33 12 78 18 33 3B 44 03 F8 0C 2C FB 8A 01 33 FB 82 FB 8A 05 2B EF D9 07 F1 0C 03 08 22 19 46 4F F4 91 70 FF F7 A3 FA 05 4B 01 22 1A 70 01 20 FF F7 BD FC 06 23 18 46 18 37 BD 46 80 BD 33 22 00 20 80 B5 86 B0 00 AF 78 60 0B 46 7B 80 13 46 7B 70 07 F1 0C 03 00 22 1A 60 5A 60 97 F9 01 30 03 F0 0F 03 5B B2 43 F0 20 03 5B B2 DB B2 3B 73 00 23 FB 82 0C E0 FB 8A 7A 68 1A 44 FB 8A 01 33 12 78 18 33 3B 44 03 F8 0C 2C FB 8A 01 33 FB 82 FA 8A 7B 88 9A 42 0D D2 FB 8A 06 2B EB D9 09 E0 FB 8A 01 33 18 33 3B 44 AA 22 03 F8 0C 2C FB 8A 01 33 FB 82 FB 8A 06 2B F2 D9 07 F1 0C 03 08 22 19 46 4F F4 91 70 FF F7 52 FA 7B 88 07 2B 01 D9 07 23 00 E0 7B 88 18 46 18 37 BD 46 80 BD 80 B5 84 B0 00 AF 78 60 0B 46 7B 80 7B 88 07 2B 02 D9 7B 88 80 2B 02 D9 4F F0 FF 33 26 E0 00 23 FB 81 09 E0 FB 89 7A 68 1A 44 FB 89 11 78 11 4A D1 54 FB 89 01 33 FB 81 FA 89 7B 88 9A 42 F1 D3 0D 4B 00 22 1A 70 7B 88 19 46 78 68 FF F7 40 FF 03 46 7B 73 7B 7B 9A B2 08 4B 1A 80 7B 7B 9B B2 7A 88 D3 1A 9A B2 06 4B 1A 80 00 23 18 46 10 37 BD 46 80 BD 48 22 00 20 43 22 00 20 CA 22 00 20 C8 22 00 20 80 B5 82 B0 00 AF 78 60 0B 46 7B 80 7B 68 00 2B 05 D0 7B 88 00 2B 02 D0 7B 88 80 2B 02 D9 4F F0 FF 33 11 E0 7B 88 07 2B 05 D8 7B 88 19 46 78 68 FF F7 C1 FE 07 E0 06 4B 01 22 1A 70 7B 88 19 46 78 68 FF F7 9B FF 00 23 18 46 08 37 BD 46 80 BD 31 22 00 20 80 B5 82 B0 00 AF 00 20 FF F7 58 FC 03 46 00 2B 08 DA FF F7 A7 FC 36 4B 5B 68 36 4A 11 88 02 22 35 48 98 47 01 20 FF F7 49 FC 03 46 00 2B 05 DA FF F7 98 FC 2E 4B 9B 68 01 20 98 47 02 20 FF F7 3D FC 03 46 00 2B 4F DA 2C 4B 1B 78 01 33 DA B2 2A 4B 1A 70 29 4B 1B 78 0F 2B 02 D9 27 4B 00 22 1A 70 27 4B 1B 88 1A 46 26 4B 13 44 26 4A 11 88 22 4A 12 78 18 46 FF F7 09 FF 03 46 FB 71 FB 79 9A B2 1F 4B 1B 88 13 44 9A B2 1D 4B 1A 80 1E 4B 1A 88 FB 79 9B B2 D3 1A 9A B2 1B 4B 1A 80 1A 4B 1B 88 00 2B 1E D0 19 4B 1B 78 00 2B 16 D0 18 4B 1B 78 01 33 DA B2 16 4B
0:00:03.453 -                     :     - INFO  : Tx    123    21 02 E0 0B 4B 80 22 1A  !...K.".
0:00:03.453 -                     :     - INFO  : Tx    123    22 70 0A 4B 00 22 1A 70  "p.K.".p
0:00:03.453 -                     :     - INFO  : Tx    123    23 01 21 02 20 FF F7 B7  #.!. ...
0:00:03.453 -                     :     - INFO  : Tx    123    24 FD 00 23 18 46 10 37  $..#.F.7
0:00:03.453 -                     :     - INFO  : Tx    123    25 BD 46 80 BD D8 26 00  %.F...&.
0:00:03.453 -                     :     - INFO  : Tx    123    26 20 33 22 00 20 DC 26  & 3". .&
0:00:03.453 -                     :     - INFO  : Tx    123    27 00 20 41 22 00 20 40  '. A". @
0:00:03.453 -                     :     - INFO  : Tx    123    28 22 00 20 42 22 00 20  (". B". 
0:00:03.453 -                     :     - INFO  : Tx    123    29 80 B5 86 B0 00 AF 03  ).......
0:00:03.453 -                     :     - INFO  : Tx    123    2A 46 FB 71 07 F1 0C 03  *F.q....
0:00:03.453 -                     :     - INFO  : Tx    123    2B 00 22 1A 60 5A 60 00  +.".`Z`.
0:00:03.453 -                     :     - INFO  : Tx    123    2C 23 FB 82 08 E0 FB 8A  ,#......
0:00:03.453 -                     :     - INFO  : Tx    123    2D 18 33 3B 44 AA 22 03  -.3;D.".
0:00:03.453 -                     :     - INFO  : Tx    123    2E F8 0C 2C FB 8A 01 33  ...,...3
0:00:03.453 -                     :     - INFO  : Tx    123    2F FB 82 FB 8A 07 2B F3  /.....+.
0:00:03.453 -                     :     - INFO  : Tx    123    20 D9 97 F9 07 30 03 F0   ....0..
0:00:03.453 -                     :     - INFO  : Tx    123    21 0F 03 5B B2 43 F0 30  !..[.C.0
0:00:03.453 -                     :     - INFO  : Tx    123    22 03 5B B2 DB B2 3B 73  ".[...;s
0:00:03.453 -                     :     - INFO  : Tx    123    23 00 23 7B 73 00 23 BB  #.#{s.#.
0:00:03.453 -                     :     - INFO  : Tx    123    24 73 07 F1 0C 03 08 22  $s....."
0:00:03.453 -                     :     - INFO  : Tx    123    25 19 46 4F F4 91 70 FF  %.FO..p.
0:00:03.453 -                     :     - INFO  : Tx    123    26 F7 2F FB 00 BF 18 37  &./....7
0:00:03.453 -                     :     - INFO  : Tx    123    27 BD 46 80 BD 80 B5 86  '.F.....
0:00:03.453 -                     :     - INFO  : Tx    123    28 B0 00 AF 78 60 0B 46  (...x`.F
0:00:03.453 -                     :     - INFO  : Tx    123    29 7B 80 07 F1 0C 03 00  ){......
0:00:03.453 -                     :     - INFO  : Tx    123    2A 22 1A 60 5A 60 00 23  *".`Z`.#
0:00:03.453 -                     :     - INFO  : Tx    123    2B FB 82 08 E0 FB 8A 18  +.......
0:00:03.453 -                     :     - INFO  : Tx    123    2C 33 3B 44 AA 22 03 F8  ,3;D."..
0:00:03.453 -                     :     - INFO  : Tx    123    2D 0C 2C FB 8A 01 33 FB  -.,...3.
0:00:03.453 -                     :     - INFO  : Tx    123    2E 82 FB 8A 07 2B F3 D9  .....+..
0:00:03.453 -                     :     - INFO  : Tx    123    2F 7B 88 00 2B 02 D0 7B  /{..+..{
0:00:03.453 -                     :     - INFO  : Tx    123    20 88 07 2B 02 D9 4F F0   ..+..O.
0:00:03.453 -                     :     - INFO  : Tx    123    21 FF 33 22 E0 7B 88 DB  !.3".{..
0:00:03.453 -                     :     - INFO  : Tx    123    22 B2 03 F0 0F 03 DB B2  ".......
0:00:03.453 -                     :     - INFO  : Tx    123    23 3B 73 00 23 FB 82 0C  #;s.#...
0:00:03.453 -                     :     - INFO  : Tx    123    24 E0 FB 8A 7A 68 1A 44  $...zh.D
0:00:03.453 -                     :     - INFO  : Tx    123    25 FB 8A 01 33 12 78 18  %...3.x.
0:00:03.453 -                     :     - INFO  : Tx    123    26 33 3B 44 03 F8 0C 2C  &3;D...,
0:00:03.453 -                     :     - INFO  : Tx    123    27 FB 8A 01 33 FB 82 FA  '...3...
0:00:03.453 -                     :     - INFO  : Tx    123    28 8A 7B 88 9A 42 EE D3  (.{..B..
0:00:03.453 -                     :     - INFO  : Tx    123    29 07 F1 0C 03 08 22 19  ).....".
0:00:03.453 -                     :     - INFO  : Tx    123    2A 46 4F F4 91 70 FF F7  *FO..p..
0:00:03.453 -                     :     - INFO  : Tx    123    2B E6 FA 00 23 18 46 18  +...#.F.
0:00:03.469 -                     :     - INFO  : Tx    123    2C 37 BD 46 80 BD 00 00  ,7.F....
0:00:03.469 -                     :     - INFO  : Tx    123    2D 80 B5 86 B0 00 AF 78  -......x
0:00:03.469 -                     :     - INFO  : Tx    123    2E 60 0B 46 7B 80 07 F1  .`.F{...
0:00:03.469 -                     :     - INFO  : Tx    123    2F 0C 03 00 22 1A 60 5A  /...".`Z
0:00:03.469 -                     :     - INFO  : Tx    123    20 60 7B 88 07 2B 02 D9   `{..+..
0:00:03.469 -                     :     - INFO  : Tx    123    21 7B 88 80 2B 01 D9 00  !{..+...
0:00:03.469 -                     :     - INFO  : Tx    123    22 23 30 E0 7B 88 1B 0A  "#0.{...
0:00:03.469 -                     :     - INFO  : Tx    123    23 9B B2 5B B2 03 F0 0F  #..[....
0:00:03.469 -                     :     - INFO  : Tx    123    24 03 5B B2 43 F0 10 03  $.[.C...
0:00:03.469 -                     :     - INFO  : Tx    123    25 5B B2 DB B2 3B 73 7B  %[...;s{
0:00:03.469 -                     :     - INFO  : Tx    123    26 88 DB B2 7B 73 00 23  &...{s.#
0:00:03.469 -                     :     - INFO  : Tx    123    27 FB 82 0C E0 FB 8A 7A  '......z
0:00:03.469 -                     :     - INFO  : Tx    123    28 68 1A 44 FB 8A 02 33  (h.D...3
0:00:03.469 -                     :     - INFO  : Tx    123    29 12 78 18 33 3B 44 03  ).x.3;D.
0:00:03.469 -                     :     - INFO  : Tx    123    2A F8 0C 2C FB 8A 01 33  *..,...3
0:00:03.469 -                     :     - INFO  : Tx    123    2B FB 82 FB 8A 05 2B EF  +.....+.
0:00:03.469 -                     :     - INFO  : Tx    123    2C D9 07 F1 0C 03 08 22  ,......"
0:00:03.469 -                     :     - INFO  : Tx    123    2D 19 46 4F F4 91 70 FF  -.FO..p.
0:00:03.469 -                     :     - INFO  : Tx    123    2E F7 A3 FA 05 4B 01 22  .....K."
0:00:03.469 -                     :     - INFO  : Tx    123    2F 1A 70 01 20 FF F7 BD  /.p. ...
0:00:03.469 -                     :     - INFO  : Tx    123    20 FC 06 23 18 46 18 37   ..#.F.7
0:00:03.469 -                     :     - INFO  : Tx    123    21 BD 46 80 BD 33 22 00  !.F..3".
0:00:03.469 -                     :     - INFO  : Tx    123    22 20 80 B5 86 B0 00 AF  " ......
0:00:03.469 -                     :     - INFO  : Tx    123    23 78 60 0B 46 7B 80 13  #x`.F{..
0:00:03.469 -                     :     - INFO  : Tx    123    24 46 7B 70 07 F1 0C 03  $F{p....
0:00:03.469 -                     :     - INFO  : Tx    123    25 00 22 1A 60 5A 60 97  %.".`Z`.
0:00:03.469 -                     :     - INFO  : Tx    123    26 F9 01 30 03 F0 0F 03  &..0....
0:00:03.469 -                     :     - INFO  : Tx    123    27 5B B2 43 F0 20 03 5B  '[.C. .[
0:00:03.469 -                     :     - INFO  : Tx    123    28 B2 DB B2 3B 73 00 23  (...;s.#
0:00:03.469 -                     :     - INFO  : Tx    123    29 FB 82 0C E0 FB 8A 7A  )......z
0:00:03.469 -                     :     - INFO  : Tx    123    2A 68 1A 44 FB 8A 01 33  *h.D...3
0:00:03.469 -                     :     - INFO  : Tx    123    2B 12 78 18 33 3B 44 03  +.x.3;D.
0:00:03.469 -                     :     - INFO  : Tx    123    2C F8 0C 2C FB 8A 01 33  ,..,...3
0:00:03.469 -                     :     - INFO  : Tx    123    2D FB 82 FA 8A 7B 88 9A  -....{..
0:00:03.469 -                     :     - INFO  : Tx    123    2E 42 0D D2 FB 8A 06 2B  .B.....+
0:00:03.469 -                     :     - INFO  : Tx    123    2F EB D9 09 E0 FB 8A 01  /.......
0:00:03.469 -                     :     - INFO  : Tx    123    20 33 18 33 3B 44 AA 22   3.3;D."
0:00:03.469 -                     :     - INFO  : Tx    123    21 03 F8 0C 2C FB 8A 01  !...,...
0:00:03.469 -                     :     - INFO  : Tx    123    22 33 FB 82 FB 8A 06 2B  "3.....+
0:00:03.469 -                     :     - INFO  : Tx    123    23 F2 D9 07 F1 0C 03 08  #.......
0:00:03.469 -                     :     - INFO  : Tx    123    24 22 19 46 4F F4 91 70  $".FO..p
0:00:03.469 -                     :     - INFO  : Tx    123    25 FF F7 52 FA 7B 88 07  %..R.{..
0:00:03.469 -                     :     - INFO  : Tx    123    26 2B 01 D9 07 23 00 E0  &+...#..
0:00:03.469 -                     :     - INFO  : Tx    123    27 7B 88 18 46 18 37 BD  '{..F.7.
0:00:03.469 -                     :     - INFO  : Tx    123    28 46 80 BD 80 B5 84 B0  (F......
0:00:03.469 -                     :     - INFO  : Tx    123    29 00 AF 78 60 0B 46 7B  )..x`.F{
0:00:03.469 -                     :     - INFO  : Tx    123    2A 80 7B 88 07 2B 02 D9  *.{..+..
0:00:03.469 -                     :     - INFO  : Tx    123    2B 7B 88 80 2B 02 D9 4F  +{..+..O
0:00:03.469 -                     :     - INFO  : Tx    123    2C F0 FF 33 26 E0 00 23  ,..3&..#
0:00:03.469 -                     :     - INFO  : Tx    123    2D FB 81 09 E0 FB 89 7A  -......z
0:00:03.469 -                     :     - INFO  : Tx    123    2E 68 1A 44 FB 89 11 78  .h.D...x
0:00:03.469 -                     :     - INFO  : Tx    123    2F 11 4A D1 54 FB 89 01  /.J.T...
0:00:03.469 -                     :     - INFO  : Tx    123    20 33 FB 81 FA 89 7B 88   3....{.
0:00:03.469 -                     :     - INFO  : Tx    123    21 9A 42 F1 D3 0D 4B 00  !.B...K.
0:00:03.469 -                     :     - INFO  : Tx    123    22 22 1A 70 7B 88 19 46  "".p{..F
0:00:03.469 -                     :     - INFO  : Tx    123    23 78 68 FF F7 40 FF 03  #xh..@..
0:00:03.469 -                     :     - INFO  : Tx    123    24 46 7B 73 7B 7B 9A B2  $F{s{{..
0:00:03.469 -                     :     - INFO  : Tx    123    25 08 4B 1A 80 7B 7B 9B  %.K..{{.
0:00:03.469 -                     :     - INFO  : Tx    123    26 B2 7A 88 D3 1A 9A B2  &.z.....
0:00:03.469 -                     :     - INFO  : Tx    123    27 06 4B 1A 80 00 23 18  '.K...#.
0:00:03.469 -                     :     - INFO  : Tx    123    28 46 10 37 BD 46 80 BD  (F.7.F..
0:00:03.469 -                     :     - INFO  : Tx    123    29 48 22 00 20 43 22 00  )H". C".
0:00:03.469 -                     :     - INFO  : Tx    123    2A 20 CA 22 00 20 C8 22  * .". ."
0:00:03.469 -                     :     - INFO  : Tx    123    2B 00 20 80 B5 82 B0 00  +. .....
0:00:03.469 -                     :     - INFO  : Tx    123    2C AF 78 60 0B 46 7B 80  ,.x`.F{.
0:00:03.469 -                     :     - INFO  : Tx    123    2D 7B 68 00 2B 05 D0 7B  -{h.+..{
0:00:03.469 -                     :     - INFO  : Tx    123    2E 88 00 2B 02 D0 7B 88  ...+..{.
0:00:03.469 -                     :     - INFO  : Tx    123    2F 80 2B 02 D9 4F F0 FF  /.+..O..
0:00:03.469 -                     :     - INFO  : Tx    123    20 33 11 E0 7B 88 07 2B   3..{..+
0:00:03.469 -                     :     - INFO  : Tx    123    21 05 D8 7B 88 19 46 78  !..{..Fx
0:00:03.469 -                     :     - INFO  : Tx    123    22 68 FF F7 C1 FE 07 E0  "h......
0:00:03.469 -                     :     - INFO  : Tx    123    23 06 4B 01 22 1A 70 7B  #.K.".p{
0:00:03.469 -                     :     - INFO  : Tx    123    24 88 19 46 78 68 FF F7  $..Fxh..
0:00:03.469 -                     :     - INFO  : Tx    123    25 9B FF 00 23 18 46 08  %...#.F.
0:00:03.469 -                     :     - INFO  : Tx    123    26 37 BD 46 80 BD 31 22  &7.F..1"
0:00:03.469 -                     :     - INFO  : Tx    123    27 00 20 80 B5 82 B0 00  '. .....
0:00:03.469 -                     :     - INFO  : Tx    123    28 AF 00 20 FF F7 58 FC  (.. ..X.
0:00:03.469 -                     :     - INFO  : Tx    123    29 03 46 00 2B 08 DA FF  ).F.+...
0:00:03.469 -                     :     - INFO  : Tx    123    2A F7 A7 FC 36 4B 5B 68  *...6K[h
0:00:03.469 -                     :     - INFO  : Tx    123    2B 36 4A 11 88 02 22 35  +6J..."5
0:00:03.469 -                     :     - INFO  : Tx    123    2C 48 98 47 01 20 FF F7  ,H.G. ..
0:00:03.469 -                     :     - INFO  : Tx    123    2D 49 FC 03 46 00 2B 05  -I..F.+.
0:00:03.469 -                     :     - INFO  : Tx    123    2E DA FF F7 98 FC 2E 4B  .......K
0:00:03.469 -                     :     - INFO  : Tx    123    2F 9B 68 01 20 98 47 02  /.h. .G.
0:00:03.469 -                     :     - INFO  : Tx    123    20 20 FF F7 3D FC 03 46    ..=..F
0:00:03.469 -                     :     - INFO  : Tx    123    21 00 2B 4F DA 2C 4B 1B  !.+O.,K.
0:00:03.469 -                     :     - INFO  : Tx    123    22 78 01 33 DA B2 2A 4B  "x.3..*K
0:00:03.469 -                     :     - INFO  : Tx    123    23 1A 70 29 4B 1B 78 0F  #.p)K.x.
0:00:03.469 -                     :     - INFO  : Tx    123    24 2B 02 D9 27 4B 00 22  $+..'K."
0:00:03.469 -                     :     - INFO  : Tx    123    25 1A 70 27 4B 1B 88 1A  %.p'K...
0:00:03.469 -                     :     - INFO  : Tx    123    26 46 26 4B 13 44 26 4A  &F&K.D&J
0:00:03.469 -                     :     - INFO  : Tx    123    27 11 88 22 4A 12 78 18  '.."J.x.
0:00:03.469 -                     :     - INFO  : Tx    123    28 46 FF F7 09 FF 03 46  (F.....F
0:00:03.469 -                     :     - INFO  : Tx    123    29 FB 71 FB 79 9A B2 1F  ).q.y...
0:00:03.469 -                     :     - INFO  : Tx    123    2A 4B 1B 88 13 44 9A B2  *K...D..
0:00:03.469 -                     :     - INFO  : Tx    123    2B 1D 4B 1A 80 1E 4B 1A  +.K...K.
0:00:03.469 -                     :     - INFO  : Tx    123    2C 88 FB 79 9B B2 D3 1A  ,..y....
0:00:03.469 -                     :     - INFO  : Tx    123    2D 9A B2 1B 4B 1A 80 1A  -...K...
0:00:03.469 -                     :     - INFO  : Tx    123    2E 4B 1B 88 00 2B 1E D0  .K...+..
0:00:03.469 -                     :     - INFO  : Tx    123    2F 19 4B 1B 78 00 2B 16  /.K.x.+.
0:00:03.469 -                     :     - INFO  : Tx    123    20 D0 18 4B 1B 78 01 33   ..K.x.3
0:00:03.469 -                     :     - INFO  : Tx    123    21 DA B2 16 4B AA AA AA  !...K...
0:00:03.547 -                     :     - INFO  : Rx    122    02 76 08 AA AA AA AA AA  .v......
0:00:03.547 -                     :     - INFO  : ISO TP message (single frame): 027608AAAAAAAAAA
0:00:03.547 -                     :     - INFO  : size: 0x2(2)
0:00:03.547 -                     :     - INFO  : data: 76 08
0:00:03.547 -                     :     - PASS  : TransferData positive response | expected: 76 ... | received: 76 08
0:00:03.547 -                     :     - INFO  : TransferData seq 8 confirmed
0:00:03.563 -                     :     - INFO  : Tx    123    13 FA 36 09 1A 70 15 4B  ..6..p.K
0:00:03.563 -                     :     - INFO  : ISO TP message (first frame): 13FA36091A70154B
0:00:03.563 -                     :     - INFO  : size: 0x3fa(1018)
0:00:03.563 -                     :     - INFO  : data: 36 09 1A 70 15 4B 1A 78 13 4B 1B 78 9A 42 03 D2 02 20 FF F7 96 FB 0C E0 11 4B 01 22 1A 70 01 20 FF F7 8F FB 05 E0 02 20 FF F7 8B FB 01 E0 FF F7 3E FC 00 BF 08 37 BD 46 80 BD DC 26 00 20 D6 26 00 20 CC 22 00 20 43 22 00 20 CA 22 00 20 48 22 00 20 C8 22 00 20 41 22 00 20 42 22 00 20 33 22 00 20 80 B5 84 B0 00 AF 03 46 39 60 FB 71 13 46 BB 71 4F F0 FF 33 FB 60 3B 68 00 2B 79 D0 BB 79 08 2B 76 D1 FB 79 00 2B 03 D1 3F 4B 01 22 1A 70 02 E0 3D 4B 02 22 1A 70 3B 68 1B 78 1B 09 FB 72 FB 7A 03 2B 67 D8 01 A2 52 F8 23 F0 00 BF 7D E0 00 08 89 E0 00 08 D5 E0 00 08 03 E1 00 08 BB 79 19 46 38 68 FF F7 2B FC 5C E0 30 4B 1B 78 02 2B 03 D0 2E 4B 1B 78 00 2B 4F D1 FF F7 E8 FB 2B 4B 1B 78 02 2B 06 D1 2A 4B 5B 68 2A 4A 11 88 05 22 2A 48 98 47 BB 79 19 46 38 68 FF F7 46 FC F8 60 FB 68 00 2B 03 D1 21 4B 02 22 1A 70 35 E0 1F 4B 00 22 1A 70 31 E0 1D 4B 1B 78 02 2B 2F D1 1F 4B 1B 78 01 2B 2B D1 BB 79 19 46 38 68 FF F7 95 FC F8 60 FB 68 00 2B 22 DC FF F7 B9 FB 14 4B 00 22 1A 70 1C E0 12 4B 1B 78 01 2B 1A D1 15 4B 1B 78 01 2B 16 D1 BB 79 19 46 38 68 FF F7 FC FC F8 60 FB 68 00 2B 0D DA FF F7 A2 FB 08 4B 00 22 1A 70 07 E0 00 BF 06 E0 00 BF 04 E0 00 BF 02 E0 00 BF 00 E0 00 BF 10 37 BD 46 80 BD D8 26 00 20 31 22 00 20 DC 26 00 20 D6 26 00 20 CC 22 00 20 32 22 00 20 33 22 00 20 80 B4 83 B0 00 AF 78 60 7B 68 00 2B 0B D0 7B 68 1B 68 00 2B 07 D0 7B 68 5B 68 00 2B 03 D0 7B 68 9B 68 00 2B 02 D1 4F F0 FF 33 0C E0 7B 68 9B 68 07 4A 93 60 7B 68 1B 68 05 4A 13 60 7B 68 5B 68 03 4A 53 60 00 23 18 46 0C 37 BD 46 80 BC 70 47 DC 26 00 20 80 B4 00 AF BF F3 4F 8F 00 BF 06 4B DB 68 03 F4 E0 62 04 49 04 4B 13 43 CB 60 BF F3 4F 8F 00 BF 00 BF FD E7 00 ED 00 E0 04 00 FA 05 80 B4 83 B0 00 AF 03 46 FB 71 04 4A FB 79 13 70 00 BF 0C 37 BD 46 80 BC 70 47 00 BF 98 20 00 20 80 B4 00 AF 02 4B 1B 78 18 46 BD 46 80 BC 70 47 98 20 00 20 80 B4 85 B0 00 AF 78 60 0B 46 7B 80 00 23 FB 73 7B 88 02 2B 01 D1 01 23 FB 73 FB 7B 18 46 14 37 BD 46 80 BC 70 47 00 00 80 B5 86 B0 00 AF 78 60 0B 46 7B 80 00 23 FB 75 7B 68 01 33 1B 78 03 F0 7F 03 FB 75 50 23 3B 73 FB 7D 7B 73 00 23 BB 73 32 23 FB 73 01 23 3B 74 90 23 7B 74 FB 7D 03 2B 28 D0 03 2B 37 DC 01 2B 02 D0 02 2B 0E D0 32 E0 FB 7D 18 46 FF F7 AA FF 00 20 00 F0 17 FB 07 F1 0C 03 06 21 18 46 FF F7 ED F8 29 E0 FB 7D 18 46 FF F7 9C FF 00 20 00 F0 09 FB 07 F1 0C 03 06 21 18 46 FF F7 DF F8 01 20 FF F7 1E F8 0E 4B 01 22 1A 70 15 E0 FB 7D 18 46 FF F7 88 FF 00 20 00 F0 F5 FA 07 F1 0C 03 06 21 18 46 FF F7 CB F8 01 20 FF F7 0A F8 04 E0 12 21 10 20 FF F7 89 F8 00 BF 00 BF 18 37 BD 46 80 BD E8 26 00 20 80 B5 00 AF 06 4B 1B 78 01 2B 07 D1 04 4B 00 22 1A 70 04 4B 04 4A 1A 60 FF F7 4C FF 00 BF 80 BD E8 26 00 20 FC 0F 00 20 34 12 CD AB 80 B4 85 B0 00 AF 78 60 0B 46 7B 80 00 23 FB 73 7B 88 02 2B 01 D1 01 23 FB 73 FB 7B 18 46 14 37 BD 46 80 BC 70 47 80 B5 86 B0 00 AF 78 60 0B 46 7B 80 7B 68 01 33 1B 78 03 F0 7F 03 FB 75 FB 7D 01 2B 02 D0 03 2B 0B D0 15 E0 51 23 3B 73 01 23 7B 73 07 F1 0C 03 02 21 18 46 FF F7 77 F8 0F E0 51 23 3B 73 03 23 7B 73 07 F1 0C 03 02 21 18 46 FF F7 6C F8 04 E0 12 21 11 20 FF F7 2D F8 00 BF 00 BF 18 37 BD 46 80 BD
0:00:03.563 -                     :     - INFO  : Tx    123    21 1A 78 13 4B 1B 78 9A  !.x.K.x.
0:00:03.563 -                     :     - INFO  : Tx    123    22 42 03 D2 02 20 FF F7  "B... ..
0:00:03.563 -                     :     - INFO  : Tx    123    23 96 FB 0C E0 11 4B 01  #.....K.
0:00:03.563 -                     :     - INFO  : Tx    123    24 22 1A 70 01 20 FF F7  $".p. ..
0:00:03.563 -                     :     - INFO  : Tx    123    25 8F FB 05 E0 02 20 FF  %..... .
0:00:03.563 -                     :     - INFO  : Tx    123    26 F7 8B FB 01 E0 FF F7  &.......
0:00:03.563 -                     :     - INFO  : Tx    123    27 3E FC 00 BF 08 37 BD  '>....7.
0:00:03.563 -                     :     - INFO  : Tx    123    28 46 80 BD DC 26 00 20  (F...&. 
0:00:03.563 -                     :     - INFO  : Tx    123    29 D6 26 00 20 CC 22 00  ).&. .".
0:00:03.563 -                     :     - INFO  : Tx    123    2A 20 43 22 00 20 CA 22  * C". ."
0:00:03.563 -                     :     - INFO  : Tx    123    2B 00 20 48 22 00 20 C8  +. H". .
0:00:03.563 -                     :     - INFO  : Tx    123    2C 22 00 20 41 22 00 20  ,". A". 
0:00:03.563 -                     :     - INFO  : Tx    123    2D 42 22 00 20 33 22 00  -B". 3".
0:00:03.563 -                     :     - INFO  : Tx    123    2E 20 80 B5 84 B0 00 AF  . ......
0:00:03.563 -                     :     - INFO  : Tx    123    2F 03 46 39 60 FB 71 13  /.F9`.q.
0:00:03.563 -                     :     - INFO  : Tx    123    20 46 BB 71 4F F0 FF 33   F.qO..3
0:00:03.563 -                     :     - INFO  : Tx    123    21 FB 60 3B 68 00 2B 79  !.`;h.+y
0:00:03.563 -                     :     - INFO  : Tx    123    22 D0 BB 79 08 2B 76 D1  "..y.+v.
0:00:03.563 -                     :     - INFO  : Tx    123    23 FB 79 00 2B 03 D1 3F  #.y.+..?
0:00:03.563 -                     :     - INFO  : Tx    123    24 4B 01 22 1A 70 02 E0  $K.".p..
0:00:03.563 -                     :     - INFO  : Tx    123    25 3D 4B 02 22 1A 70 3B  %=K.".p;
0:00:03.563 -                     :     - INFO  : Tx    123    26 68 1B 78 1B 09 FB 72  &h.x...r
0:00:03.563 -                     :     - INFO  : Tx    123    27 FB 7A 03 2B 67 D8 01  '.z.+g..
0:00:03.563 -                     :     - INFO  : Tx    123    28 A2 52 F8 23 F0 00 BF  (.R.#...
0:00:03.563 -                     :     - INFO  : Tx    123    29 7D E0 00 08 89 E0 00  )}......
0:00:03.563 -                     :     - INFO  : Tx    123    2A 08 D5 E0 00 08 03 E1  *.......
0:00:03.563 -                     :     - INFO  : Tx    123    2B 00 08 BB 79 19 46 38  +...y.F8
0:00:03.563 -                     :     - INFO  : Tx    123    2C 68 FF F7 2B FC 5C E0  ,h..+.\.
0:00:03.563 -                     :     - INFO  : Tx    123    2D 30 4B 1B 78 02 2B 03  -0K.x.+.
0:00:03.563 -                     :     - INFO  : Tx    123    2E D0 2E 4B 1B 78 00 2B  ...K.x.+
0:00:03.563 -                     :     - INFO  : Tx    123    2F 4F D1 FF F7 E8 FB 2B  /O.....+
0:00:03.563 -                     :     - INFO  : Tx    123    20 4B 1B 78 02 2B 06 D1   K.x.+..
0:00:03.563 -                     :     - INFO  : Tx    123    21 2A 4B 5B 68 2A 4A 11  !*K[h*J.
0:00:03.563 -                     :     - INFO  : Tx    123    22 88 05 22 2A 48 98 47  ".."*H.G
0:00:03.563 -                     :     - INFO  : Tx    123    23 BB 79 19 46 38 68 FF  #.y.F8h.
0:00:03.563 -                     :     - INFO  : Tx    123    24 F7 46 FC F8 60 FB 68  $.F..`.h
0:00:03.563 -                     :     - INFO  : Tx    123    25 00 2B 03 D1 21 4B 02  %.+..!K.
0:00:03.563 -                     :     - INFO  : Tx    123    26 22 1A 70 35 E0 1F 4B  &".p5..K
0:00:03.563 -                     :     - INFO  : Tx    123    27 00 22 1A 70 31 E0 1D  '.".p1..
0:00:03.563 -                     :     - INFO  : Tx    123    28 4B 1B 78 02 2B 2F D1  (K.x.+/.
0:00:03.563 -                     :     - INFO  : Tx    123    29 1F 4B 1B 78 01 2B 2B  ).K.x.++
0:00:03.563 -                     :     - INFO  : Tx    123    2A D1 BB 79 19 46 38 68  *..y.F8h
0:00:03.563 -                     :     - INFO  : Tx    123    2B FF F7 95 FC F8 60 FB  +.....`.
0:00:03.563 -                     :     - INFO  : Tx    123    2C 68 00 2B 22 DC FF F7  ,h.+"...
0:00:03.563 -                     :     - INFO  : Tx    123    2D B9 FB 14 4B 00 22 1A  -...K.".
0:00:03.563 -                     :     - INFO  : Tx    123    2E 70 1C E0 12 4B 1B 78  .p...K.x
0:00:03.563 -                     :     - INFO  : Tx    123    2F 01 2B 1A D1 15 4B 1B  /.+...K.
0:00:03.563 -                     :     - INFO  : Tx    123    20 78 01 2B 16 D1 BB 79   x.+...y
0:00:03.563 -                     :     - INFO  : Tx    123    21 19 46 38 68 FF F7 FC  !.F8h...
0:00:03.563 -                     :     - INFO  : Tx    123    22 FC F8 60 FB 68 00 2B  "..`.h.+
0:00:03.563 -                     :     - INFO  : Tx    123    23 0D DA FF F7 A2 FB 08  #.......
0:00:03.563 -                     :     - INFO  : Tx    123    24 4B 00 22 1A 70 07 E0  $K.".p..
0:00:03.563 -                     :     - INFO  : Tx    123    25 00 BF 06 E0 00 BF 04  %.......
0:00:03.563 -                     :     - INFO  : Tx    123    26 E0 00 BF 02 E0 00 BF  &.......
0:00:03.563 -                     :     - INFO  : Tx    123    27 00 E0 00 BF 10 37 BD  '.....7.
0:00:03.563 -                     :     - INFO  : Tx    123    28 46 80 BD D8 26 00 20  (F...&. 
0:00:03.563 -                     :     - INFO  : Tx    123    29 31 22 00 20 DC 26 00  )1". .&.
0:00:03.563 -                     :     - INFO  : Tx    123    2A 20 D6 26 00 20 CC 22  * .&. ."
0:00:03.563 -                     :     - INFO  : Tx    123    2B 00 20 32 22 00 20 33  +. 2". 3
0:00:03.563 -                     :     - INFO  : Tx    123    2C 22 00 20 80 B4 83 B0  ,". ....
0:00:03.563 -                     :     - INFO  : Tx    123    2D 00 AF 78 60 7B 68 00  -..x`{h.
0:00:03.563 -                     :     - INFO  : Tx    123    2E 2B 0B D0 7B 68 1B 68  .+..{h.h
0:00:03.563 -                     :     - INFO  : Tx    123    2F 00 2B 07 D0 7B 68 5B  /.+..{h[
0:00:03.563 -                     :     - INFO  : Tx    123    20 68 00 2B 03 D0 7B 68   h.+..{h
0:00:03.563 -                     :     - INFO  : Tx    123    21 9B 68 00 2B 02 D1 4F  !.h.+..O
0:00:03.563 -                     :     - INFO  : Tx    123    22 F0 FF 33 0C E0 7B 68  "..3..{h
0:00:03.563 -                     :     - INFO  : Tx    123    23 9B 68 07 4A 93 60 7B  #.h.J.`{
0:00:03.563 -                     :     - INFO  : Tx    123    24 68 1B 68 05 4A 13 60  $h.h.J.`
0:00:03.563 -                     :     - INFO  : Tx    123    25 7B 68 5B 68 03 4A 53  %{h[h.JS
0:00:03.563 -                     :     - INFO  : Tx    123    26 60 00 23 18 46 0C 37  &`.#.F.7
0:00:03.563 -                     :     - INFO  : Tx    123    27 BD 46 80 BC 70 47 DC  '.F..pG.
0:00:03.563 -                     :     - INFO  : Tx    123    28 26 00 20 80 B4 00 AF  (&. ....
0:00:03.563 -                     :     - INFO  : Tx    123    29 BF F3 4F 8F 00 BF 06  )..O....
0:00:03.563 -                     :     - INFO  : Tx    123    2A 4B DB 68 03 F4 E0 62  *K.h...b
0:00:03.563 -                     :     - INFO  : Tx    123    2B 04 49 04 4B 13 43 CB  +.I.K.C.
0:00:03.563 -                     :     - INFO  : Tx    123    2C 60 BF F3 4F 8F 00 BF  ,`..O...
0:00:03.563 -                     :     - INFO  : Tx    123    2D 00 BF FD E7 00 ED 00  -.......
0:00:03.563 -                     :     - INFO  : Tx    123    2E E0 04 00 FA 05 80 B4  ........
0:00:03.563 -                     :     - INFO  : Tx    123    2F 83 B0 00 AF 03 46 FB  /.....F.
0:00:03.563 -                     :     - INFO  : Tx    123    20 71 04 4A FB 79 13 70   q.J.y.p
0:00:03.563 -                     :     - INFO  : Tx    123    21 00 BF 0C 37 BD 46 80  !...7.F.
0:00:03.563 -                     :     - INFO  : Tx    123    22 BC 70 47 00 BF 98 20  ".pG... 
0:00:03.563 -                     :     - INFO  : Tx    123    23 00 20 80 B4 00 AF 02  #. .....
0:00:03.563 -                     :     - INFO  : Tx    123    24 4B 1B 78 18 46 BD 46  $K.x.F.F
0:00:03.563 -                     :     - INFO  : Tx    123    25 80 BC 70 47 98 20 00  %..pG. .
0:00:03.563 -                     :     - INFO  : Tx    123    26 20 80 B4 85 B0 00 AF  & ......
0:00:03.563 -                     :     - INFO  : Tx    123    27 78 60 0B 46 7B 80 00  'x`.F{..
0:00:03.563 -                     :     - INFO  : Tx    123    28 23 FB 73 7B 88 02 2B  (#.s{..+
0:00:03.563 -                     :     - INFO  : Tx    123    29 01 D1 01 23 FB 73 FB  )...#.s.
0:00:03.578 -                     :     - INFO  : Tx    123    2A 7B 18 46 14 37 BD 46  *{.F.7.F
0:00:03.578 -                     :     - INFO  : Tx    123    2B 80 BC 70 47 00 00 80  +..pG...
0:00:03.578 -                     :     - INFO  : Tx    123    2C B5 86 B0 00 AF 78 60  ,.....x`
0:00:03.578 -                     :     - INFO  : Tx    123    2D 0B 46 7B 80 00 23 FB  -.F{..#.
0:00:03.578 -                     :     - INFO  : Tx    123    2E 75 7B 68 01 33 1B 78  .u{h.3.x
0:00:03.578 -                     :     - INFO  : Tx    123    2F 03 F0 7F 03 FB 75 50  /.....uP
0:00:03.578 -                     :     - INFO  : Tx    123    20 23 3B 73 FB 7D 7B 73   #;s.}{s
0:00:03.578 -                     :     - INFO  : Tx    123    21 00 23 BB 73 32 23 FB  !.#.s2#.
0:00:03.578 -                     :     - INFO  : Tx    123    22 73 01 23 3B 74 90 23  "s.#;t.#
0:00:03.578 -                     :     - INFO  : Tx    123    23 7B 74 FB 7D 03 2B 28  #{t.}.+(
0:00:03.578 -                     :     - INFO  : Tx    123    24 D0 03 2B 37 DC 01 2B  $..+7..+
0:00:03.578 -                     :     - INFO  : Tx    123    25 02 D0 02 2B 0E D0 32  %...+..2
0:00:03.578 -                     :     - INFO  : Tx    123    26 E0 FB 7D 18 46 FF F7  &..}.F..
0:00:03.578 -                     :     - INFO  : Tx    123    27 AA FF 00 20 00 F0 17  '... ...
0:00:03.578 -                     :     - INFO  : Tx    123    28 FB 07 F1 0C 03 06 21  (......!
0:00:03.578 -                     :     - INFO  : Tx    123    29 18 46 FF F7 ED F8 29  ).F....)
0:00:03.578 -                     :     - INFO  : Tx    123    2A E0 FB 7D 18 46 FF F7  *..}.F..
0:00:03.578 -                     :     - INFO  : Tx    123    2B 9C FF 00 20 00 F0 09  +... ...
0:00:03.578 -                     :     - INFO  : Tx    123    2C FB 07 F1 0C 03 06 21  ,......!
0:00:03.578 -                     :     - INFO  : Tx    123    2D 18 46 FF F7 DF F8 01  -.F.....
0:00:03.578 -                     :     - INFO  : Tx    123    2E 20 FF F7 1E F8 0E 4B  . .....K
0:00:03.578 -                     :     - INFO  : Tx    123    2F 01 22 1A 70 15 E0 FB  /.".p...
0:00:03.578 -                     :     - INFO  : Tx    123    20 7D 18 46 FF F7 88 FF   }.F....
0:00:03.578 -                     :     - INFO  : Tx    123    21 00 20 00 F0 F5 FA 07  !. .....
0:00:03.578 -                     :     - INFO  : Tx    123    22 F1 0C 03 06 21 18 46  "....!.F
0:00:03.578 -                     :     - INFO  : Tx    123    23 FF F7 CB F8 01 20 FF  #..... .
0:00:03.578 -                     :     - INFO  : Tx    123    24 F7 0A F8 04 E0 12 21  $......!
0:00:03.578 -                     :     - INFO  : Tx    123    25 10 20 FF F7 89 F8 00  %. .....
0:00:03.578 -                     :     - INFO  : Tx    123    26 BF 00 BF 18 37 BD 46  &....7.F
0:00:03.578 -                     :     - INFO  : Tx    123    27 80 BD E8 26 00 20 80  '...&. .
0:00:03.578 -                     :     - INFO  : Tx    123    28 B5 00 AF 06 4B 1B 78  (....K.x
0:00:03.578 -                     :     - INFO  : Tx    123    29 01 2B 07 D1 04 4B 00  ).+...K.
0:00:03.578 -                     :     - INFO  : Tx    123    2A 22 1A 70 04 4B 04 4A  *".p.K.J
0:00:03.578 -                     :     - INFO  : Tx    123    2B 1A 60 FF F7 4C FF 00  +.`..L..
0:00:03.578 -                     :     - INFO  : Tx    123    2C BF 80 BD E8 26 00 20  ,....&. 
0:00:03.578 -                     :     - INFO  : Tx    123    2D FC 0F 00 20 34 12 CD  -... 4..
0:00:03.578 -                     :     - INFO  : Tx    123    2E AB 80 B4 85 B0 00 AF  ........
0:00:03.578 -                     :     - INFO  : Tx    123    2F 78 60 0B 46 7B 80 00  /x`.F{..
0:00:03.578 -                     :     - INFO  : Tx    123    20 23 FB 73 7B 88 02 2B   #.s{..+
0:00:03.578 -                     :     - INFO  : Tx    123    21 01 D1 01 23 FB 73 FB  !...#.s.
0:00:03.578 -                     :     - INFO  : Tx    123    22 7B 18 46 14 37 BD 46  "{.F.7.F
0:00:03.578 -                     :     - INFO  : Tx    123    23 80 BC 70 47 80 B5 86  #..pG...
0:00:03.578 -                     :     - INFO  : Tx    123    24 B0 00 AF 78 60 0B 46  $...x`.F
0:00:03.578 -                     :     - INFO  : Tx    123    25 7B 80 7B 68 01 33 1B  %{.{h.3.
0:00:03.578 -                     :     - INFO  : Tx    123    26 78 03 F0 7F 03 FB 75  &x.....u
0:00:03.578 -                     :     - INFO  : Tx    123    27 FB 7D 01 2B 02 D0 03  '.}.+...
0:00:03.578 -                     :     - INFO  : Tx    123    28 2B 0B D0 15 E0 51 23  (+....Q#
0:00:03.578 -                     :     - INFO  : Tx    123    29 3B 73 01 23 7B 73 07  );s.#{s.
0:00:03.578 -                     :     - INFO  : Tx    123    2A F1 0C 03 02 21 18 46  *....!.F
0:00:03.578 -                     :     - INFO  : Tx    123    2B FF F7 77 F8 0F E0 51  +..w...Q
0:00:03.578 -                     :     - INFO  : Tx    123    2C 23 3B 73 03 23 7B 73  ,#;s.#{s
0:00:03.578 -                     :     - INFO  : Tx    123    2D 07 F1 0C 03 02 21 18  -.....!.
0:00:03.578 -                     :     - INFO  : Tx    123    2E 46 FF F7 6C F8 04 E0  .F..l...
0:00:03.578 -                     :     - INFO  : Tx    123    2F 12 21 11 20 FF F7 2D  /.!. ..-
0:00:03.578 -                     :     - INFO  : Tx    123    20 F8 00 BF 00 BF 18 37   ......7
0:00:03.578 -                     :     - INFO  : Tx    123    21 BD 46 80 BD AA AA AA  !.F.....
0:00:03.657 -                     :     - INFO  : Rx    122    02 76 09 AA AA AA AA AA  .v......
0:00:03.657 -                     :     - INFO  : ISO TP message (single frame): 027609AAAAAAAAAA
0:00:03.657 -                     :     - INFO  : size: 0x2(2)
0:00:03.657 -                     :     - INFO  : data: 76 09
0:00:03.657 -                     :     - PASS  : TransferData positive response | expected: 76 ... | received: 76 09
0:00:03.657 -                     :     - INFO  : TransferData seq 9 confirmed
0:00:03.672 -                     :     - INFO  : Tx    123    13 FA 36 0A 80 B4 85 B0  ..6.....
0:00:03.672 -                     :     - INFO  : ISO TP message (first frame): 13FA360A80B485B0
0:00:03.672 -                     :     - INFO  : size: 0x3fa(1018)
0:00:03.672 -                     :     - INFO  : data: 36 0A 80 B4 85 B0 00 AF 78 60 0B 46 7B 80 00 23 FB 73 7B 88 04 2B 01 D1 01 23 FB 73 FB 7B 18 46 14 37 BD 46 80 BC 70 47 80 B5 86 B0 00 AF 78 60 0B 46 7B 80 00 23 7B 61 00 23 7B 61 7B 68 01 33 1B 78 1B 04 7A 69 13 43 7B 61 7B 68 02 33 1B 78 1B 02 7A 69 13 43 7B 61 7B 68 03 33 1B 78 1A 46 7B 69 13 43 7B 61 7B 69 6F F0 7F 42 93 42 08 D1 54 23 3B 73 07 F1 0C 03 01 21 18 46 FF F7 23 F8 03 E0 31 21 14 20 FE F7 E4 FF 00 BF 18 37 BD 46 80 BD 80 B4 85 B0 00 AF 78 60 00 23 FB 73 0F E0 FB 7B 0B 4A 1B 01 13 44 1B 68 7A 68 9A 42 04 D1 FB 7B 1B 01 07 4A 13 44 06 E0 FB 7B 01 33 FB 73 FB 7B 01 2B EC D9 00 23 18 46 14 37 BD 46 80 BC 70 47 78 20 00 20 80 B4 85 B0 00 AF 78 60 0B 46 7B 80 00 23 FB 73 FB 7B 18 46 14 37 BD 46 80 BC 70 47 80 B5 9A B0 00 AF 78 60 0B 46 7B 80 00 23 A7 F8 66 30 7B 68 01 33 1B 78 03 F0 7F 03 87 F8 60 30 97 F8 60 30 01 3B 03 2B 00 F2 A2 81 01 A2 52 F8 23 F0 00 BF ED E4 00 08 5D E5 00 08 3D E6 00 08 33 E7 00 08 00 23 87 F8 65 30 15 E0 97 F8 65 30 C6 4A 1B 01 13 44 04 33 1A 78 7B 68 02 33 1B 78 9A 42 04 D1 B7 F8 66 30 01 33 A7 F8 66 30 97 F8 65 30 01 33 87 F8 65 30 97 F8 65 30 01 2B E5 D9 59 23 3B 73 97 F8 60 30 7B 73 7F 23 BB 73 01 23 FB 73 B7 F8 66 30 DB B2 3B 74 B7 F8 66 30 1B 0A 9B B2 DB B2 7B 74 07 F1 0C 03 06 21 18 46 FE F7 91 FF 62 E1 59 23 3B 73 97 F8 60 30 7B 73 7F 23 BB 73 00 23 87 F8 64 30 53 E0 97 F8 64 30 A7 4A 1B 01 13 44 04 33 1A 78 7B 68 02 33 1B 78 9A 42 42 D1 97 F8 64 30 A1 4A 1B 01 13 44 1B 68 1A 0C B7 F8 66 30 9B 00 03 33 D2 B2 68 33 3B 44 03 F8 5C 2C 97 F8 64 30 99 4A 1B 01 13 44 1B 68 1A 0A B7 F8 66 30 01 33 9B 00 D2 B2 68 33 3B 44 03 F8 5C 2C 97 F8 64 30 91 4A 1B 01 13 44 1A 68 B7 F8 66 30 9B 00 05 33 D2 B2 68 33 3B 44 03 F8 5C 2C 97 F8 64 20 B7 F8 66 30 9B 00 06 33 87 49 12 01 0A 44 04 32 12 78 68 33 3B 44 03 F8 5C 2C B7 F8 66 30 01 33 A7 F8 66 30 97 F8 64 30 01 33 87 F8 64 30 97 F8 64 30 01 2B A7 D9 B7 F8 66 30 9B 00 9B B2 03 33 9A B2 07 F1 0C 03 11 46 18 46 FE F7 21 FF F2 E0 00 23 3B 65 00 23 FB 64 00 23 87 F8 63 30 59 23 3B 73 97 F8 60 30 7B 73 02 23 87 F8 63 30 00 23 87 F8 62 30 59 E0 00 23 87 F8 61 30 45 E0 97 F8 62 30 69 4A 1B 01 13 44 1B 68 1A 0C 97 F8 63 30 59 1C 87 F8 63 10 D2 B2 68 33 3B 44 03 F8 5C 2C 97 F8 62 30 60 4A 1B 01 13 44 1B 68 1A 0A 97 F8 63 30 59 1C 87 F8 63 10 D2 B2 68 33 3B 44 03 F8 5C 2C 97 F8 62 30 58 4A 1B 01 13 44 1A 68 97 F8 63 30 59 1C 87 F8 63 10 D2 B2 68 33 3B 44 03 F8 5C 2C 97 F8 63 30 5A 1C 87 F8 63 20 19 46 97 F8 61 30 01 33 DA B2 01 F1 68 03 3B 44 03 F8 5C 2C 97 F8 61 30 01 33 87 F8 61 30 97 F8 62 30 46 4A 1B 01 13 44 0C 33 1B 78 97 F8 61 20 9A 42 AE D3 97 F8 62 30 01 33 87 F8 62 30 97 F8 62 30 01 2B A1 D9 97 F8 63 30 9A B2 07 F1 0C 03 11 46 18 46 FE F7 A6 FE 77 E0 00 23 FB 65 00 23 BB 65 59 23 3B 73 97 F8 60 30 7B 73 7B 68 02 33 1B 78 BB 73 7B 68 03 33 1B 78 FB 73 7B 68 04 33 1B 78 3B 74 7B 68 02 33 1B 78 1B 04 FA 6D 13 43 FB 65 7B 68 03 33 1B 78 1B 02 FA 6D 13 43 FB 65 7B 68 04 33 1B 78 1A 46 FB 6D 13 43 FB 65 7B 68 05 33 1B 78 BB 65 F8 6D FF F7 5A FE 78 65 7B 6D 00 2B 05 D0 7B 6D 1B 7B 1A 46 BB 6D 93 42 04 D9 31 21 19 20 FE F7 2C FE
0:00:03.672 -                     :     - INFO  : Tx    123    21 00 AF 78 60 0B 46 7B  !..x`.F{
0:00:03.672 -                     :     - INFO  : Tx    123    22 80 00 23 FB 73 7B 88  "..#.s{.
0:00:03.672 -                     :     - INFO  : Tx    123    23 04 2B 01 D1 01 23 FB  #.+...#.
0:00:03.672 -                     :     - INFO  : Tx    123    24 73 FB 7B 18 46 14 37  $s.{.F.7
0:00:03.672 -                     :     - INFO  : Tx    123    25 BD 46 80 BC 70 47 80  %.F..pG.
0:00:03.672 -                     :     - INFO  : Tx    123    26 B5 86 B0 00 AF 78 60  &.....x`
0:00:03.672 -                     :     - INFO  : Tx    123    27 0B 46 7B 80 00 23 7B  '.F{..#{
0:00:03.672 -                     :     - INFO  : Tx    123    28 61 00 23 7B 61 7B 68  (a.#{a{h
0:00:03.672 -                     :     - INFO  : Tx    123    29 01 33 1B 78 1B 04 7A  ).3.x..z
0:00:03.672 -                     :     - INFO  : Tx    123    2A 69 13 43 7B 61 7B 68  *i.C{a{h
0:00:03.672 -                     :     - INFO  : Tx    123    2B 02 33 1B 78 1B 02 7A  +.3.x..z
0:00:03.672 -                     :     - INFO  : Tx    123    2C 69 13 43 7B 61 7B 68  ,i.C{a{h
0:00:03.672 -                     :     - INFO  : Tx    123    2D 03 33 1B 78 1A 46 7B  -.3.x.F{
0:00:03.672 -                     :     - INFO  : Tx    123    2E 69 13 43 7B 61 7B 69  .i.C{a{i
0:00:03.672 -                     :     - INFO  : Tx    123    2F 6F F0 7F 42 93 42 08  /o..B.B.
0:00:03.672 -                     :     - INFO  : Tx    123    20 D1 54 23 3B 73 07 F1   .T#;s..
0:00:03.672 -                     :     - INFO  : Tx    123    21 0C 03 01 21 18 46 FF  !...!.F.
0:00:03.672 -                     :     - INFO  : Tx    123    22 F7 23 F8 03 E0 31 21  ".#...1!
0:00:03.672 -                     :     - INFO  : Tx    123    23 14 20 FE F7 E4 FF 00  #. .....
0:00:03.672 -                     :     - INFO  : Tx    123    24 BF 18 37 BD 46 80 BD  $..7.F..
0:00:03.672 -                     :     - INFO  : Tx    123    25 80 B4 85 B0 00 AF 78  %......x
0:00:03.672 -                     :     - INFO  : Tx    123    26 60 00 23 FB 73 0F E0  &`.#.s..
0:00:03.672 -                     :     - INFO  : Tx    123    27 FB 7B 0B 4A 1B 01 13  '.{.J...
0:00:03.672 -                     :     - INFO  : Tx    123    28 44 1B 68 7A 68 9A 42  (D.hzh.B
0:00:03.672 -                     :     - INFO  : Tx    123    29 04 D1 FB 7B 1B 01 07  )...{...
0:00:03.672 -                     :     - INFO  : Tx    123    2A 4A 13 44 06 E0 FB 7B  *J.D...{
0:00:03.672 -                     :     - INFO  : Tx    123    2B 01 33 FB 73 FB 7B 01  +.3.s.{.
0:00:03.672 -                     :     - INFO  : Tx    123    2C 2B EC D9 00 23 18 46  ,+...#.F
0:00:03.672 -                     :     - INFO  : Tx    123    2D 14 37 BD 46 80 BC 70  -.7.F..p
0:00:03.672 -                     :     - INFO  : Tx    123    2E 47 78 20 00 20 80 B4  .Gx . ..
0:00:03.672 -                     :     - INFO  : Tx    123    2F 85 B0 00 AF 78 60 0B  /....x`.
0:00:03.672 -                     :     - INFO  : Tx    123    20 46 7B 80 00 23 FB 73   F{..#.s
0:00:03.672 -                     :     - INFO  : Tx    123    21 FB 7B 18 46 14 37 BD  !.{.F.7.
0:00:03.672 -                     :     - INFO  : Tx    123    22 46 80 BC 70 47 80 B5  "F..pG..
0:00:03.672 -                     :     - INFO  : Tx    123    23 9A B0 00 AF 78 60 0B  #....x`.
0:00:03.672 -                     :     - INFO  : Tx    123    24 46 7B 80 00 23 A7 F8  $F{..#..
0:00:03.672 -                     :     - INFO  : Tx    123    25 66 30 7B 68 01 33 1B  %f0{h.3.
0:00:03.672 -                     :     - INFO  : Tx    123    26 78 03 F0 7F 03 87 F8  &x......
0:00:03.672 -                     :     - INFO  : Tx    123    27 60 30 97 F8 60 30 01  '`0..`0.
0:00:03.672 -                     :     - INFO  : Tx    123    28 3B 03 2B 00 F2 A2 81  (;.+....
0:00:03.672 -                     :     - INFO  : Tx    123    29 01 A2 52 F8 23 F0 00  )..R.#..
0:00:03.672 -                     :     - INFO  : Tx    123    2A BF ED E4 00 08 5D E5  *.....].
0:00:03.672 -                     :     - INFO  : Tx    123    2B 00 08 3D E6 00 08 33  +..=...3
0:00:03.672 -                     :     - INFO  : Tx    123    2C E7 00 08 00 23 87 F8  ,....#..
0:00:03.672 -                     :     - INFO  : Tx    123    2D 65 30 15 E0 97 F8 65  -e0....e
0:00:03.672 -                     :     - INFO  : Tx    123    2E 30 C6 4A 1B 01 13 44  .0.J...D
0:00:03.672 -                     :     - INFO  : Tx    123    2F 04 33 1A 78 7B 68 02  /.3.x{h.
0:00:03.688 -                     :     - INFO  : Tx    123    20 33 1B 78 9A 42 04 D1   3.x.B..
0:00:03.688 -                     :     - INFO  : Tx    123    21 B7 F8 66 30 01 33 A7  !..f0.3.
0:00:03.688 -                     :     - INFO  : Tx    123    22 F8 66 30 97 F8 65 30  ".f0..e0
0:00:03.688 -                     :     - INFO  : Tx    123    23 01 33 87 F8 65 30 97  #.3..e0.
0:00:03.688 -                     :     - INFO  : Tx    123    24 F8 65 30 01 2B E5 D9  $.e0.+..
0:00:03.688 -                     :     - INFO  : Tx    123    25 59 23 3B 73 97 F8 60  %Y#;s..`
0:00:03.688 -                     :     - INFO  : Tx    123    26 30 7B 73 7F 23 BB 73  &0{s.#.s
0:00:03.688 -                     :     - INFO  : Tx    123    27 01 23 FB 73 B7 F8 66  '.#.s..f
0:00:03.688 -                     :     - INFO  : Tx    123    28 30 DB B2 3B 74 B7 F8  (0..;t..
0:00:03.688 -                     :     - INFO  : Tx    123    29 66 30 1B 0A 9B B2 DB  )f0.....
0:00:03.688 -                     :     - INFO  : Tx    123    2A B2 7B 74 07 F1 0C 03  *.{t....
0:00:03.688 -                     :     - INFO  : Tx    123    2B 06 21 18 46 FE F7 91  +.!.F...
0:00:03.688 -                     :     - INFO  : Tx    123    2C FF 62 E1 59 23 3B 73  ,.b.Y#;s
0:00:03.688 -                     :     - INFO  : Tx    123    2D 97 F8 60 30 7B 73 7F  -..`0{s.
0:00:03.688 -                     :     - INFO  : Tx    123    2E 23 BB 73 00 23 87 F8  .#.s.#..
0:00:03.688 -                     :     - INFO  : Tx    123    2F 64 30 53 E0 97 F8 64  /d0S...d
0:00:03.688 -                     :     - INFO  : Tx    123    20 30 A7 4A 1B 01 13 44   0.J...D
0:00:03.688 -                     :     - INFO  : Tx    123    21 04 33 1A 78 7B 68 02  !.3.x{h.
0:00:03.688 -                     :     - INFO  : Tx    123    22 33 1B 78 9A 42 42 D1  "3.x.BB.
0:00:03.688 -                     :     - INFO  : Tx    123    23 97 F8 64 30 A1 4A 1B  #..d0.J.
0:00:03.688 -                     :     - INFO  : Tx    123    24 01 13 44 1B 68 1A 0C  $..D.h..
0:00:03.688 -                     :     - INFO  : Tx    123    25 B7 F8 66 30 9B 00 03  %..f0...
0:00:03.688 -                     :     - INFO  : Tx    123    26 33 D2 B2 68 33 3B 44  &3..h3;D
0:00:03.688 -                     :     - INFO  : Tx    123    27 03 F8 5C 2C 97 F8 64  '..\,..d
0:00:03.688 -                     :     - INFO  : Tx    123    28 30 99 4A 1B 01 13 44  (0.J...D
0:00:03.688 -                     :     - INFO  : Tx    123    29 1B 68 1A 0A B7 F8 66  ).h....f
0:00:03.688 -                     :     - INFO  : Tx    123    2A 30 01 33 9B 00 D2 B2  *0.3....
0:00:03.688 -                     :     - INFO  : Tx    123    2B 68 33 3B 44 03 F8 5C  +h3;D..\
0:00:03.688 -                     :     - INFO  : Tx    123    2C 2C 97 F8 64 30 91 4A  ,,..d0.J
0:00:03.688 -                     :     - INFO  : Tx    123    2D 1B 01 13 44 1A 68 B7  -...D.h.
0:00:03.688 -                     :     - INFO  : Tx    123    2E F8 66 30 9B 00 05 33  ..f0...3
0:00:03.688 -                     :     - INFO  : Tx    123    2F D2 B2 68 33 3B 44 03  /..h3;D.
0:00:03.688 -                     :     - INFO  : Tx    123    20 F8 5C 2C 97 F8 64 20   .\,..d 
0:00:03.688 -                     :     - INFO  : Tx    123    21 B7 F8 66 30 9B 00 06  !..f0...
0:00:03.688 -                     :     - INFO  : Tx    123    22 33 87 49 12 01 0A 44  "3.I...D
0:00:03.688 -                     :     - INFO  : Tx    123    23 04 32 12 78 68 33 3B  #.2.xh3;
0:00:03.688 -                     :     - INFO  : Tx    123    24 44 03 F8 5C 2C B7 F8  $D..\,..
0:00:03.688 -                     :     - INFO  : Tx    123    25 66 30 01 33 A7 F8 66  %f0.3..f
0:00:03.688 -                     :     - INFO  : Tx    123    26 30 97 F8 64 30 01 33  &0..d0.3
0:00:03.688 -                     :     - INFO  : Tx    123    27 87 F8 64 30 97 F8 64  '..d0..d
0:00:03.688 -                     :     - INFO  : Tx    123    28 30 01 2B A7 D9 B7 F8  (0.+....
0:00:03.688 -                     :     - INFO  : Tx    123    29 66 30 9B 00 9B B2 03  )f0.....
0:00:03.688 -                     :     - INFO  : Tx    123    2A 33 9A B2 07 F1 0C 03  *3......
0:00:03.688 -                     :     - INFO  : Tx    123    2B 11 46 18 46 FE F7 21  +.F.F..!
0:00:03.688 -                     :     - INFO  : Tx    123    2C FF F2 E0 00 23 3B 65  ,....#;e
0:00:03.688 -                     :     - INFO  : Tx    123    2D 00 23 FB 64 00 23 87  -.#.d.#.
0:00:03.688 -                     :     - INFO  : Tx    123    2E F8 63 30 59 23 3B 73  ..c0Y#;s
0:00:03.688 -                     :     - INFO  : Tx    123    2F 97 F8 60 30 7B 73 02  /..`0{s.
0:00:03.688 -                     :     - INFO  : Tx    123    20 23 87 F8 63 30 00 23   #..c0.#
0:00:03.688 -                     :     - INFO  : Tx    123    21 87 F8 62 30 59 E0 00  !..b0Y..
0:00:03.688 -                     :     - INFO  : Tx    123    22 23 87 F8 61 30 45 E0  "#..a0E.
0:00:03.688 -                     :     - INFO  : Tx    123    23 97 F8 62 30 69 4A 1B  #..b0iJ.
0:00:03.688 -                     :     - INFO  : Tx    123    24 01 13 44 1B 68 1A 0C  $..D.h..
0:00:03.688 -                     :     - INFO  : Tx    123    25 97 F8 63 30 59 1C 87  %..c0Y..
0:00:03.688 -                     :     - INFO  : Tx    123    26 F8 63 10 D2 B2 68 33  &.c...h3
0:00:03.688 -                     :     - INFO  : Tx    123    27 3B 44 03 F8 5C 2C 97  ';D..\,.
0:00:03.688 -                     :     - INFO  : Tx    123    28 F8 62 30 60 4A 1B 01  (.b0`J..
0:00:03.688 -                     :     - INFO  : Tx    123    29 13 44 1B 68 1A 0A 97  ).D.h...
0:00:03.688 -                     :     - INFO  : Tx    123    2A F8 63 30 59 1C 87 F8  *.c0Y...
0:00:03.688 -                     :     - INFO  : Tx    123    2B 63 10 D2 B2 68 33 3B  +c...h3;
0:00:03.688 -                     :     - INFO  : Tx    123    2C 44 03 F8 5C 2C 97 F8  ,D..\,..
0:00:03.688 -                     :     - INFO  : Tx    123    2D 62 30 58 4A 1B 01 13  -b0XJ...
0:00:03.688 -                     :     - INFO  : Tx    123    2E 44 1A 68 97 F8 63 30  .D.h..c0
0:00:03.688 -                     :     - INFO  : Tx    123    2F 59 1C 87 F8 63 10 D2  /Y...c..
0:00:03.688 -                     :     - INFO  : Tx    123    20 B2 68 33 3B 44 03 F8   .h3;D..
0:00:03.688 -                     :     - INFO  : Tx    123    21 5C 2C 97 F8 63 30 5A  !\,..c0Z
0:00:03.688 -                     :     - INFO  : Tx    123    22 1C 87 F8 63 20 19 46  "...c .F
0:00:03.688 -                     :     - INFO  : Tx    123    23 97 F8 61 30 01 33 DA  #..a0.3.
0:00:03.688 -                     :     - INFO  : Tx    123    24 B2 01 F1 68 03 3B 44  $...h.;D
0:00:03.688 -                     :     - INFO  : Tx    123    25 03 F8 5C 2C 97 F8 61  %..\,..a
0:00:03.688 -                     :     - INFO  : Tx    123    26 30 01 33 87 F8 61 30  &0.3..a0
0:00:03.688 -                     :     - INFO  : Tx    123    27 97 F8 62 30 46 4A 1B  '..b0FJ.
0:00:03.688 -                     :     - INFO  : Tx    123    28 01 13 44 0C 33 1B 78  (..D.3.x
0:00:03.688 -                     :     - INFO  : Tx    123    29 97 F8 61 20 9A 42 AE  )..a .B.
0:00:03.688 -                     :     - INFO  : Tx    123    2A D3 97 F8 62 30 01 33  *...b0.3
0:00:03.688 -                     :     - INFO  : Tx    123    2B 87 F8 62 30 97 F8 62  +..b0..b
0:00:03.688 -                     :     - INFO  : Tx    123    2C 30 01 2B A1 D9 97 F8  ,0.+....
0:00:03.688 -                     :     - INFO  : Tx    123    2D 63 30 9A B2 07 F1 0C  -c0.....
0:00:03.688 -                     :     - INFO  : Tx    123    2E 03 11 46 18 46 FE F7  ...F.F..
0:00:03.688 -                     :     - INFO  : Tx    123    2F A6 FE 77 E0 00 23 FB  /..w..#.
0:00:03.688 -                     :     - INFO  : Tx    123    20 65 00 23 BB 65 59 23   e.#.eY#
0:00:03.688 -                     :     - INFO  : Tx    123    21 3B 73 97 F8 60 30 7B  !;s..`0{
0:00:03.688 -                     :     - INFO  : Tx    123    22 73 7B 68 02 33 1B 78  "s{h.3.x
0:00:03.688 -                     :     - INFO  : Tx    123    23 BB 73 7B 68 03 33 1B  #.s{h.3.
0:00:03.688 -                     :     - INFO  : Tx    123    24 78 FB 73 7B 68 04 33  $x.s{h.3
0:00:03.688 -                     :     - INFO  : Tx    123    25 1B 78 3B 74 7B 68 02  %.x;t{h.
0:00:03.688 -                     :     - INFO  : Tx    123    26 33 1B 78 1B 04 FA 6D  &3.x...m
0:00:03.688 -                     :     - INFO  : Tx    123    27 13 43 FB 65 7B 68 03  '.C.e{h.
0:00:03.688 -                     :     - INFO  : Tx    123    28 33 1B 78 1B 02 FA 6D  (3.x...m
0:00:03.688 -                     :     - INFO  : Tx    123    29 13 43 FB 65 7B 68 04  ).C.e{h.
0:00:03.688 -                     :     - INFO  : Tx    123    2A 33 1B 78 1A 46 FB 6D  *3.x.F.m
0:00:03.688 -                     :     - INFO  : Tx    123    2B 13 43 FB 65 7B 68 05  +.C.e{h.
0:00:03.688 -                     :     - INFO  : Tx    123    2C 33 1B 78 BB 65 F8 6D  ,3.x.e.m
0:00:03.688 -                     :     - INFO  : Tx    123    2D FF F7 5A FE 78 65 7B  -..Z.xe{
0:00:03.688 -                     :     - INFO  : Tx    123    2E 6D 00 2B 05 D0 7B 6D  .m.+..{m
0:00:03.688 -                     :     - INFO  : Tx    123    2F 1B 7B 1A 46 BB 6D 93  /.{.F.m.
0:00:03.688 -                     :     - INFO  : Tx    123    20 42 04 D9 31 21 19 20   B..1!. 
0:00:03.688 -                     :     - INFO  : Tx    123    21 FE F7 2C FE AA AA AA  !..,....
0:00:03.782 -                     :     - INFO  : Rx    122    02 76 0A AA AA AA AA AA  .v......
0:00:03.782 -                     :     - INFO  : ISO TP message (single frame): 02760AAAAAAAAAAA
0:00:03.782 -                     :     - INFO  : size: 0x2(2)
0:00:03.782 -                     :     - INFO  : data: 76 0A
0:00:03.782 -                     :     - PASS  : TransferData positive response | expected: 76 ... | received: 76 0A
0:00:03.782 -                     :     - INFO  : TransferData seq 10 confirmed
0:00:03.797 -                     :     - INFO  : Tx    123    13 FA 36 0B 37 E0 7B 6D  ..6.7.{m
0:00:03.797 -                     :     - INFO  : ISO TP message (first frame): 13FA360B37E07B6D
0:00:03.797 -                     :     - INFO  : size: 0x3fa(1018)
0:00:03.797 -                     :     - INFO  : data: 36 0B 37 E0 7B 6D 1B 79 7B 74 BB 6D DB B2 BB 74 01 23 FB 74 11 23 3B 75 11 23 7B 75 7B 6D 99 68 BA 6D 13 46 5B 00 13 44 03 3B 0B 44 1B 78 BB 75 7B 6D 99 68 BA 6D 13 46 5B 00 13 44 03 3B 0B 44 9B 78 FB 75 7B 6D 99 68 BA 6D 13 46 5B 00 13 44 03 3B 0B 44 5B 78 3B 76 07 F1 0C 03 0D 21 18 46 FE F7 35 FE 06 E0 78 20 00 20 12 21 19 20 FE F7 F4 FD 00 BF 00 BF 68 37 BD 46 80 BD 00 BF 80 B4 85 B0 00 AF 78 60 0B 46 7B 80 00 23 FB 73 7B 88 03 2B 01 D1 01 23 FB 73 FB 7B 18 46 14 37 BD 46 80 BC 70 47 80 B5 A4 B0 00 AF 78 60 0B 46 7B 80 62 23 3B 73 7B 68 01 33 1B 78 7B 73 7B 68 02 33 1B 78 BB 73 7B 68 01 33 1B 78 1B 02 A7 F8 8E 30 7B 68 02 33 1B 78 1A 46 B7 F8 8E 30 13 43 A7 F8 8E 30 B7 F8 8E 30 4F F2 86 12 93 42 0A D1 FF F7 B2 FC 03 46 FB 73 07 F1 0C 03 04 21 18 46 FE F7 E6 FD 04 E0 31 21 22 20 FE F7 A7 FD 00 BF 00 BF 90 37 BD 46 80 BD 80 B4 83 B0 00 AF 03 46 FB 71 04 4A FB 79 13 70 00 BF 0C 37 BD 46 80 BC 70 47 00 BF FC 26 00 20 80 B4 00 AF 02 4B 1B 78 18 46 BD 46 80 BC 70 47 FC 26 00 20 80 B5 00 AF 01 F0 9A FF 02 46 0E 4B 1B 68 13 44 18 46 03 F0 BD FE 0B 4B 1B 68 01 33 09 4A 13 60 03 F0 E4 FE 02 46 08 4B 83 FB 02 13 13 44 D9 11 D3 17 C9 1A 0B 46 1B 02 5B 1A D1 1A CB B2 18 46 80 BD 00 BF 9C 20 00 20 81 80 80 80 90 B5 91 B0 00 AF 78 60 39 60 00 23 87 F8 3F 30 10 23 BB 63 1B 4B 07 F1 18 04 0F CB 84 E8 0F 00 07 F1 18 02 07 F1 08 03 11 46 18 46 FE F7 B3 FA 07 F1 28 03 07 F1 08 00 BA 6B 39 68 FE F7 BA FA 00 23 87 F8 3F 30 14 E0 97 F8 3F 30 40 33 3B 44 13 F8 18 2C 97 F8 3F 30 79 68 0B 44 1B 78 9A 42 02 D0 4F F0 FF 33 09 E0 97 F8 3F 30 01 33 87 F8 3F 30 97 F8 3F 30 0F 2B E6 D9 00 23 18 46 44 37 BD 46 90 BD 90 34 01 08 80 B4 85 B0 00 AF 78 60 0B 46 7B 80 00 23 FB 73 7B 68 01 33 1B 78 03 F0 7F 03 BB 73 BB 7B 01 2B 02 D1 7B 88 02 2B 05 D0 BB 7B 02 2B 04 D1 7B 88 12 2B 01 D1 01 23 FB 73 FB 7B 18 46 14 37 BD 46 80 BC 70 47 90 B5 89 B0 00 AF 78 60 0B 46 7B 80 7B 68 01 33 1B 78 03 F0 7F 03 7B 77 7B 7F 01 2B 02 D0 02 2B 3B D0 74 E0 00 20 FE F7 C7 FC 03 46 00 2B 04 DD 37 21 27 20 FE F7 E0 FC 6E E0 39 4B 01 22 1A 70 67 23 3B 72 7B 7F 7B 72 00 23 FB 83 1B E0 35 4B 1B 78 01 2B 04 D1 FB 8B 33 4A 00 21 D1 54 06 E0 FC 8B FF F7 41 FF 03 46 1A 46 2F 4B 1A 55 FA 8B FB 8B 02 33 2C 49 8A 5C 20 33 3B 44 03 F8 18 2C FB 8B 01 33 FB 83 FB 8B 0F 2B E0 D9 07 F1 08 03 12 21 18 46 FE F7 EA FC 3E E0 21 4B 1B 78 00 2B 04 D1 24 21 27 20 FE F7 A7 FC 35 E0 1C 4B 00 22 1A 70 7B 68 02 33 1C 49 18 46 FF F7 3B FF 03 46 00 2B 0D D1 67 23 3B 72 7B 7F 7B 72 07 F1 08 03 02 21 18 46 FE F7 CA FC 01 20 FF F7 EB FE 1B E0 12 4B 1B 78 01 33 DA B2 10 4B 1A 70 0F 4B 1B 78 01 2B 07 D9 00 20 FE F7 FB FB 36 21 27 20 FE F7 7B FC 09 E0 35 21 27 20 FE F7 76 FC 04 E0 12 21 27 20 FE F7 71 FC 00 BF 00 BF 24 37 BD 46 90 BD E9 26 00 20 FC 26 00 20 EC 26 00 20 FD 26 00 20 80 B4 85 B0 00 AF 78 60 0B 46 7B 80 00 23 FB 73 7B 88 03 2B 01 D1 01 23 FB 73 FB 7B 18 46 14 37 BD 46 80 BC 70 47 00 00 80 B5 86 B0 00 AF 78 60 0B 46 7B 80 7B 68 01 33 1B 78 03 F0 7F 03 FB 75 7B 68 02 33 1B 78 BB 75 FB 7D 00 2B 02 D0 03 2B 1F D0 3D E0 BB 7D 01 2B 05 D0 BB 7D 02 2B 02 D0 BB 7D 03 2B 10 D1 1F 4B
0:00:03.797 -                     :     - INFO  : Tx    123    21 1B 79 7B 74 BB 6D DB  !.y{t.m.
0:00:03.797 -                     :     - INFO  : Tx    123    22 B2 BB 74 01 23 FB 74  "..t.#.t
0:00:03.797 -                     :     - INFO  : Tx    123    23 11 23 3B 75 11 23 7B  #.#;u.#{
0:00:03.797 -                     :     - INFO  : Tx    123    24 75 7B 6D 99 68 BA 6D  $u{m.h.m
0:00:03.797 -                     :     - INFO  : Tx    123    25 13 46 5B 00 13 44 03  %.F[..D.
0:00:03.797 -                     :     - INFO  : Tx    123    26 3B 0B 44 1B 78 BB 75  &;.D.x.u
0:00:03.797 -                     :     - INFO  : Tx    123    27 7B 6D 99 68 BA 6D 13  '{m.h.m.
0:00:03.797 -                     :     - INFO  : Tx    123    28 46 5B 00 13 44 03 3B  (F[..D.;
0:00:03.797 -                     :     - INFO  : Tx    123    29 0B 44 9B 78 FB 75 7B  ).D.x.u{
0:00:03.797 -                     :     - INFO  : Tx    123    2A 6D 99 68 BA 6D 13 46  *m.h.m.F
0:00:03.797 -                     :     - INFO  : Tx    123    2B 5B 00 13 44 03 3B 0B  +[..D.;.
0:00:03.797 -                     :     - INFO  : Tx    123    2C 44 5B 78 3B 76 07 F1  ,D[x;v..
0:00:03.797 -                     :     - INFO  : Tx    123    2D 0C 03 0D 21 18 46 FE  -...!.F.
0:00:03.797 -                     :     - INFO  : Tx    123    2E F7 35 FE 06 E0 78 20  ..5...x 
0:00:03.797 -                     :     - INFO  : Tx    123    2F 00 20 12 21 19 20 FE  /. .!. .
0:00:03.797 -                     :     - INFO  : Tx    123    20 F7 F4 FD 00 BF 00 BF   .......
0:00:03.797 -                     :     - INFO  : Tx    123    21 68 37 BD 46 80 BD 00  !h7.F...
0:00:03.797 -                     :     - INFO  : Tx    123    22 BF 80 B4 85 B0 00 AF  ".......
0:00:03.797 -                     :     - INFO  : Tx    123    23 78 60 0B 46 7B 80 00  #x`.F{..
0:00:03.797 -                     :     - INFO  : Tx    123    24 23 FB 73 7B 88 03 2B  $#.s{..+
0:00:03.797 -                     :     - INFO  : Tx    123    25 01 D1 01 23 FB 73 FB  %...#.s.
0:00:03.797 -                     :     - INFO  : Tx    123    26 7B 18 46 14 37 BD 46  &{.F.7.F
0:00:03.797 -                     :     - INFO  : Tx    123    27 80 BC 70 47 80 B5 A4  '..pG...
0:00:03.797 -                     :     - INFO  : Tx    123    28 B0 00 AF 78 60 0B 46  (...x`.F
0:00:03.797 -                     :     - INFO  : Tx    123    29 7B 80 62 23 3B 73 7B  ){.b#;s{
0:00:03.797 -                     :     - INFO  : Tx    123    2A 68 01 33 1B 78 7B 73  *h.3.x{s
0:00:03.797 -                     :     - INFO  : Tx    123    2B 7B 68 02 33 1B 78 BB  +{h.3.x.
0:00:03.797 -                     :     - INFO  : Tx    123    2C 73 7B 68 01 33 1B 78  ,s{h.3.x
0:00:03.797 -                     :     - INFO  : Tx    123    2D 1B 02 A7 F8 8E 30 7B  -.....0{
0:00:03.797 -                     :     - INFO  : Tx    123    2E 68 02 33 1B 78 1A 46  .h.3.x.F
0:00:03.797 -                     :     - INFO  : Tx    123    2F B7 F8 8E 30 13 43 A7  /...0.C.
0:00:03.797 -                     :     - INFO  : Tx    123    20 F8 8E 30 B7 F8 8E 30   ..0...0
0:00:03.797 -                     :     - INFO  : Tx    123    21 4F F2 86 12 93 42 0A  !O....B.
0:00:03.797 -                     :     - INFO  : Tx    123    22 D1 FF F7 B2 FC 03 46  "......F
0:00:03.797 -                     :     - INFO  : Tx    123    23 FB 73 07 F1 0C 03 04  #.s.....
0:00:03.797 -                     :     - INFO  : Tx    123    24 21 18 46 FE F7 E6 FD  $!.F....
0:00:03.797 -                     :     - INFO  : Tx    123    25 04 E0 31 21 22 20 FE  %..1!" .
0:00:03.797 -                     :     - INFO  : Tx    123    26 F7 A7 FD 00 BF 00 BF  &.......
0:00:03.797 -                     :     - INFO  : Tx    123    27 90 37 BD 46 80 BD 80  '.7.F...
0:00:03.797 -                     :     - INFO  : Tx    123    28 B4 83 B0 00 AF 03 46  (......F
0:00:03.797 -                     :     - INFO  : Tx    123    29 FB 71 04 4A FB 79 13  ).q.J.y.
0:00:03.797 -                     :     - INFO  : Tx    123    2A 70 00 BF 0C 37 BD 46  *p...7.F
0:00:03.797 -                     :     - INFO  : Tx    123    2B 80 BC 70 47 00 BF FC  +..pG...
0:00:03.797 -                     :     - INFO  : Tx    123    2C 26 00 20 80 B4 00 AF  ,&. ....
0:00:03.797 -                     :     - INFO  : Tx    123    2D 02 4B 1B 78 18 46 BD  -.K.x.F.
0:00:03.797 -                     :     - INFO  : Tx    123    2E 46 80 BC 70 47 FC 26  .F..pG.&
0:00:03.797 -                     :     - INFO  : Tx    123    2F 00 20 80 B5 00 AF 01  /. .....
0:00:03.797 -                     :     - INFO  : Tx    123    20 F0 9A FF 02 46 0E 4B   ....F.K
0:00:03.797 -                     :     - INFO  : Tx    123    21 1B 68 13 44 18 46 03  !.h.D.F.
0:00:03.797 -                     :     - INFO  : Tx    123    22 F0 BD FE 0B 4B 1B 68  "....K.h
0:00:03.797 -                     :     - INFO  : Tx    123    23 01 33 09 4A 13 60 03  #.3.J.`.
0:00:03.797 -                     :     - INFO  : Tx    123    24 F0 E4 FE 02 46 08 4B  $....F.K
0:00:03.797 -                     :     - INFO  : Tx    123    25 83 FB 02 13 13 44 D9  %.....D.
0:00:03.797 -                     :     - INFO  : Tx    123    26 11 D3 17 C9 1A 0B 46  &......F
0:00:03.797 -                     :     - INFO  : Tx    123    27 1B 02 5B 1A D1 1A CB  '..[....
0:00:03.797 -                     :     - INFO  : Tx    123    28 B2 18 46 80 BD 00 BF  (..F....
0:00:03.797 -                     :     - INFO  : Tx    123    29 9C 20 00 20 81 80 80  ). . ...
0:00:03.797 -                     :     - INFO  : Tx    123    2A 80 90 B5 91 B0 00 AF  *.......
0:00:03.797 -                     :     - INFO  : Tx    123    2B 78 60 39 60 00 23 87  +x`9`.#.
0:00:03.797 -                     :     - INFO  : Tx    123    2C F8 3F 30 10 23 BB 63  ,.?0.#.c
0:00:03.797 -                     :     - INFO  : Tx    123    2D 1B 4B 07 F1 18 04 0F  -.K.....
0:00:03.797 -                     :     - INFO  : Tx    123    2E CB 84 E8 0F 00 07 F1  ........
0:00:03.797 -                     :     - INFO  : Tx    123    2F 18 02 07 F1 08 03 11  /.......
0:00:03.797 -                     :     - INFO  : Tx    123    20 46 18 46 FE F7 B3 FA   F.F....
0:00:03.797 -                     :     - INFO  : Tx    123    21 07 F1 28 03 07 F1 08  !..(....
0:00:03.797 -                     :     - INFO  : Tx    123    22 00 BA 6B 39 68 FE F7  "..k9h..
0:00:03.797 -                     :     - INFO  : Tx    123    23 BA FA 00 23 87 F8 3F  #...#..?
0:00:03.797 -                     :     - INFO  : Tx    123    24 30 14 E0 97 F8 3F 30  $0....?0
0:00:03.797 -                     :     - INFO  : Tx    123    25 40 33 3B 44 13 F8 18  %@3;D...
0:00:03.797 -                     :     - INFO  : Tx    123    26 2C 97 F8 3F 30 79 68  &,..?0yh
0:00:03.797 -                     :     - INFO  : Tx    123    27 0B 44 1B 78 9A 42 02  '.D.x.B.
0:00:03.797 -                     :     - INFO  : Tx    123    28 D0 4F F0 FF 33 09 E0  (.O..3..
0:00:03.797 -                     :     - INFO  : Tx    123    29 97 F8 3F 30 01 33 87  )..?0.3.
0:00:03.797 -                     :     - INFO  : Tx    123    2A F8 3F 30 97 F8 3F 30  *.?0..?0
0:00:03.797 -                     :     - INFO  : Tx    123    2B 0F 2B E6 D9 00 23 18  +.+...#.
0:00:03.797 -                     :     - INFO  : Tx    123    2C 46 44 37 BD 46 90 BD  ,FD7.F..
0:00:03.797 -                     :     - INFO  : Tx    123    2D 90 34 01 08 80 B4 85  -.4.....
0:00:03.797 -                     :     - INFO  : Tx    123    2E B0 00 AF 78 60 0B 46  ....x`.F
0:00:03.797 -                     :     - INFO  : Tx    123    2F 7B 80 00 23 FB 73 7B  /{..#.s{
0:00:03.797 -                     :     - INFO  : Tx    123    20 68 01 33 1B 78 03 F0   h.3.x..
0:00:03.797 -                     :     - INFO  : Tx    123    21 7F 03 BB 73 BB 7B 01  !...s.{.
0:00:03.797 -                     :     - INFO  : Tx    123    22 2B 02 D1 7B 88 02 2B  "+..{..+
0:00:03.797 -                     :     - INFO  : Tx    123    23 05 D0 BB 7B 02 2B 04  #...{.+.
0:00:03.797 -                     :     - INFO  : Tx    123    24 D1 7B 88 12 2B 01 D1  $.{..+..
0:00:03.797 -                     :     - INFO  : Tx    123    25 01 23 FB 73 FB 7B 18  %.#.s.{.
0:00:03.797 -                     :     - INFO  : Tx    123    26 46 14 37 BD 46 80 BC  &F.7.F..
0:00:03.797 -                     :     - INFO  : Tx    123    27 70 47 90 B5 89 B0 00  'pG.....
0:00:03.797 -                     :     - INFO  : Tx    123    28 AF 78 60 0B 46 7B 80  (.x`.F{.
0:00:03.797 -                     :     - INFO  : Tx    123    29 7B 68 01 33 1B 78 03  ){h.3.x.
0:00:03.797 -                     :     - INFO  : Tx    123    2A F0 7F 03 7B 77 7B 7F  *...{w{.
0:00:03.797 -                     :     - INFO  : Tx    123    2B 01 2B 02 D0 02 2B 3B  +.+...+;
0:00:03.797 -                     :     - INFO  : Tx    123    2C D0 74 E0 00 20 FE F7  ,.t.. ..
0:00:03.797 -                     :     - INFO  : Tx    123    2D C7 FC 03 46 00 2B 04  -...F.+.
0:00:03.797 -                     :     - INFO  : Tx    123    2E DD 37 21 27 20 FE F7  ..7!' ..
0:00:03.797 -                     :     - INFO  : Tx    123    2F E0 FC 6E E0 39 4B 01  /..n.9K.
0:00:03.797 -                     :     - INFO  : Tx    123    20 22 1A 70 67 23 3B 72   ".pg#;r
0:00:03.797 -                     :     - INFO  : Tx    123    21 7B 7F 7B 72 00 23 FB  !{.{r.#.
0:00:03.797 -                     :     - INFO  : Tx    123    22 83 1B E0 35 4B 1B 78  "...5K.x
0:00:03.797 -                     :     - INFO  : Tx    123    23 01 2B 04 D1 FB 8B 33  #.+....3
0:00:03.797 -                     :     - INFO  : Tx    123    24 4A 00 21 D1 54 06 E0  $J.!.T..
0:00:03.797 -                     :     - INFO  : Tx    123    25 FC 8B FF F7 41 FF 03  %....A..
0:00:03.797 -                     :     - INFO  : Tx    123    26 46 1A 46 2F 4B 1A 55  &F.F/K.U
0:00:03.797 -                     :     - INFO  : Tx    123    27 FA 8B FB 8B 02 33 2C  '.....3,
0:00:03.797 -                     :     - INFO  : Tx    123    28 49 8A 5C 20 33 3B 44  (I.\ 3;D
0:00:03.797 -                     :     - INFO  : Tx    123    29 03 F8 18 2C FB 8B 01  )...,...
0:00:03.797 -                     :     - INFO  : Tx    123    2A 33 FB 83 FB 8B 0F 2B  *3.....+
0:00:03.797 -                     :     - INFO  : Tx    123    2B E0 D9 07 F1 08 03 12  +.......
0:00:03.797 -                     :     - INFO  : Tx    123    2C 21 18 46 FE F7 EA FC  ,!.F....
0:00:03.797 -                     :     - INFO  : Tx    123    2D 3E E0 21 4B 1B 78 00  ->.!K.x.
0:00:03.797 -                     :     - INFO  : Tx    123    2E 2B 04 D1 24 21 27 20  .+..$!' 
0:00:03.797 -                     :     - INFO  : Tx    123    2F FE F7 A7 FC 35 E0 1C  /....5..
0:00:03.797 -                     :     - INFO  : Tx    123    20 4B 00 22 1A 70 7B 68   K.".p{h
0:00:03.797 -                     :     - INFO  : Tx    123    21 02 33 1C 49 18 46 FF  !.3.I.F.
0:00:03.797 -                     :     - INFO  : Tx    123    22 F7 3B FF 03 46 00 2B  ".;..F.+
0:00:03.797 -                     :     - INFO  : Tx    123    23 0D D1 67 23 3B 72 7B  #..g#;r{
0:00:03.797 -                     :     - INFO  : Tx    123    24 7F 7B 72 07 F1 08 03  $.{r....
0:00:03.797 -                     :     - INFO  : Tx    123    25 02 21 18 46 FE F7 CA  %.!.F...
0:00:03.797 -                     :     - INFO  : Tx    123    26 FC 01 20 FF F7 EB FE  &.. ....
0:00:03.797 -                     :     - INFO  : Tx    123    27 1B E0 12 4B 1B 78 01  '...K.x.
0:00:03.797 -                     :     - INFO  : Tx    123    28 33 DA B2 10 4B 1A 70  (3...K.p
0:00:03.797 -                     :     - INFO  : Tx    123    29 0F 4B 1B 78 01 2B 07  ).K.x.+.
0:00:03.797 -                     :     - INFO  : Tx    123    2A D9 00 20 FE F7 FB FB  *.. ....
0:00:03.797 -                     :     - INFO  : Tx    123    2B 36 21 27 20 FE F7 7B  +6!' ..{
0:00:03.797 -                     :     - INFO  : Tx    123    2C FC 09 E0 35 21 27 20  ,...5!' 
0:00:03.797 -                     :     - INFO  : Tx    123    2D FE F7 76 FC 04 E0 12  -..v....
0:00:03.797 -                     :     - INFO  : Tx    123    2E 21 27 20 FE F7 71 FC  .!' ..q.
0:00:03.797 -                     :     - INFO  : Tx    123    2F 00 BF 00 BF 24 37 BD  /....$7.
0:00:03.797 -                     :     - INFO  : Tx    123    20 46 90 BD E9 26 00 20   F...&. 
0:00:03.797 -                     :     - INFO  : Tx    123    21 FC 26 00 20 EC 26 00  !.&. .&.
0:00:03.797 -                     :     - INFO  : Tx    123    22 20 FD 26 00 20 80 B4  " .&. ..
0:00:03.797 -                     :     - INFO  : Tx    123    23 85 B0 00 AF 78 60 0B  #....x`.
0:00:03.797 -                     :     - INFO  : Tx    123    24 46 7B 80 00 23 FB 73  $F{..#.s
0:00:03.797 -                     :     - INFO  : Tx    123    25 7B 88 03 2B 01 D1 01  %{..+...
0:00:03.797 -                     :     - INFO  : Tx    123    26 23 FB 73 FB 7B 18 46  &#.s.{.F
0:00:03.797 -                     :     - INFO  : Tx    123    27 14 37 BD 46 80 BC 70  '.7.F..p
0:00:03.797 -                     :     - INFO  : Tx    123    28 47 00 00 80 B5 86 B0  (G......
0:00:03.797 -                     :     - INFO  : Tx    123    29 00 AF 78 60 0B 46 7B  )..x`.F{
0:00:03.797 -                     :     - INFO  : Tx    123    2A 80 7B 68 01 33 1B 78  *.{h.3.x
0:00:03.797 -                     :     - INFO  : Tx    123    2B 03 F0 7F 03 FB 75 7B  +.....u{
0:00:03.797 -                     :     - INFO  : Tx    123    2C 68 02 33 1B 78 BB 75  ,h.3.x.u
0:00:03.797 -                     :     - INFO  : Tx    123    2D FB 7D 00 2B 02 D0 03  -.}.+...
0:00:03.797 -                     :     - INFO  : Tx    123    2E 2B 1F D0 3D E0 BB 7D  .+..=..}
0:00:03.797 -                     :     - INFO  : Tx    123    2F 01 2B 05 D0 BB 7D 02  /.+...}.
0:00:03.797 -                     :     - INFO  : Tx    123    20 2B 02 D0 BB 7D 03 2B   +...}.+
0:00:03.797 -                     :     - INFO  : Tx    123    21 10 D1 1F 4B AA AA AA  !...K...
0:00:03.891 -                     :     - INFO  : Rx    122    02 76 0B AA AA AA AA AA  .v......
0:00:03.891 -                     :     - INFO  : ISO TP message (single frame): 02760BAAAAAAAAAA
0:00:03.891 -                     :     - INFO  : size: 0x2(2)
0:00:03.891 -                     :     - INFO  : data: 76 0B
0:00:03.891 -                     :     - PASS  : TransferData positive response | expected: 76 ... | received: 76 0B
0:00:03.891 -                     :     - INFO  : TransferData seq 11 confirmed
0:00:03.907 -                     :     - INFO  : Tx    123    13 FA 36 0C 00 22 1A 70  ..6..".p
0:00:03.907 -                     :     - INFO  : ISO TP message (first frame): 13FA360C00221A70
0:00:03.907 -                     :     - INFO  : size: 0x3fa(1018)
0:00:03.907 -                     :     - INFO  : data: 36 0C 00 22 1A 70 1E 4B 00 22 1A 70 68 23 3B 73 FB 7D 7B 73 07 F1 0C 03 02 21 18 46 FE F7 5B FC 28 E0 31 21 28 20 FE F7 1C FC 23 E0 BB 7D 01 2B 05 D0 BB 7D 02 2B 02 D0 BB 7D 03 2B 10 D1 0F 4B 01 22 1A 70 0F 4B 01 22 1A 70 68 23 3B 73 FB 7D 7B 73 07 F1 0C 03 02 21 18 46 FE F7 3C FC 09 E0 31 21 28 20 FE F7 FD FB 04 E0 12 21 28 20 FE F7 F8 FB 00 BF 00 BF 18 37 BD 46 80 BD 00 BF FE 26 00 20 FF 26 00 20 80 B4 85 B0 00 AF 78 60 0B 46 7B 80 00 23 FB 73 7B 88 04 2B 01 D9 01 23 FB 73 FB 7B 18 46 14 37 BD 46 80 BC 70 47 80 B5 86 B0 00 AF 78 60 0B 46 7B 80 00 23 FB 75 7B 68 01 33 1B 78 1B 02 BB 82 7B 68 02 33 1B 78 1A 46 BB 8A 13 43 BB 82 BB 8A 41 F2 34 22 93 42 18 D1 FB 7D 00 2B 10 D0 6E 23 3B 73 7B 68 01 33 1B 78 7B 73 7B 68 02 33 1B 78 BB 73 07 F1 0C 03 03 21 18 46 FE F7 E9 FB 09 E0 72 21 2E 20 FE F7 AA FB 04 E0 31 21 2E 20 FE F7 A5 FB 00 BF 00 BF 18 37 BD 46 80 BD 80 B4 85 B0 00 AF 78 60 0B 46 7B 80 00 23 FB 73 7B 88 03 2B 01 D9 01 23 FB 73 FB 7B 18 46 14 37 BD 46 80 BC 70 47 00 00 80 B5 8A B0 00 AF 78 60 0B 46 7B 80 7B 68 01 33 1B 78 03 F0 7F 03 87 F8 27 30 7B 68 02 33 1B 78 1B B2 1B 02 1A B2 7B 68 03 33 1B 78 1B B2 13 43 1B B2 BB 84 00 23 87 F8 23 30 71 23 3B 74 7B 68 01 33 1B 78 7B 74 7B 68 02 33 1B 78 BB 74 7B 68 03 33 1B 78 FB 74 97 F8 27 30 03 2B 00 F0 DB 80 03 2B 00 F3 E6 80 01 2B 03 D0 02 2B 00 F0 C5 80 DF E0 BB 8C B3 F5 7F 4F 47 D1 7B 88 0B 2B 04 D8 13 21 31 20 FE F7 48 FB D9 E0 7B 68 04 33 1B 78 1A 06 7B 68 05 33 1B 78 1B 04 1A 43 7B 68 06 33 1B 78 1B 02 13 43 7A 68 07 32 12 78 13 43 FB 61 7B 68 08 33 1B 78 1A 06 7B 68 09 33 1B 78 1B 04 1A 43 7B 68 0A 33 1B 78 1B 02 13 43 7A 68 0B 32 12 78 13 43 BB 61 BB 69 00 2B 04 D1 31 21 31 20 FE F7 1A FB AB E0 B9 69 F8 69 FE F7 1F F9 03 46 00 2B 06 D1 07 F1 10 03 04 21 18 46 FE F7 46 FB 03 E0 72 21 31 20 FE F7 07 FB BB 8C 40 F2 02 22 93 42 2C D1 7B 88 01 2B 04 D8 13 21 31 20 FE F7 FB FA 8C E0 48 4B 1B 88 9B B2 19 46 7B 68 04 33 1B 78 1B 02 7A 68 05 32 12 78 13 44 99 42 0B D1 42 4B 01 22 1A 70 10 23 3B 75 07 F1 10 03 05 21 18 46 FE F7 1B FB 0A E0 3C 4B 00 22 1A 70 01 23 3B 75 07 F1 10 03 05 21 18 46 FE F7 0F FB BB 8C 40 F2 05 22 93 42 37 D1 7B 88 03 2B 04 D8 13 21 31 20 FE F7 C9 FA 5A E0 31 4B 1A 68 31 4B 1B 68 9A 42 20 D1 2D 4B 1B 78 01 2B 13 D1 10 23 3B 75 4F F0 5A 33 FB 60 07 F1 0C 03 04 22 19 46 2A 48 FE F7 3C F9 03 46 00 2B 06 D0 72 21 31 20 FE F7 AB FA 01 E0 12 23 3B 75 07 F1 10 03 05 21 18 46 FE F7 DC FA 32 E0 01 23 3B 75 07 F1 10 03 05 21 18 46 FE F7 D3 FA 29 E0 97 F8 23 30 01 2B 25 D1 24 21 31 20 FE F7 90 FA 20 E0 97 F8 23 30 01 2B 04 D1 24 21 31 20 FE F7 87 FA 18 E0 31 21 31 20 FE F7 82 FA 13 E0 97 F8 23 30 01 2B 04 D1 24 21 31 20 FE F7 79 FA 0A E0 31 21 31 20 FE F7 74 FA 05 E0 12 21 31 20 FE F7 6F FA 00 E0 00 BF 00 BF 28 37 BD 46 80 BD 00 BF A0 20 00 20 00 27 00 20 F0 7F 00 08 FC FF 01 08 00 A0 00 08 80 B4 85 B0 00 AF 78 60 0B 46 7B 80 00 23 FB 73 7B 88 04 2B 01 D9 01 23 FB 73 FB 7B 18 46 14 37 BD 46 80 BC 70 47 00 00 80 B4 85 B0 00 AF 78 60 0B 46 7B 80 00 23 FB 73 0A 4B 1B 78 01 2B 05 D1 7B 88 02 2B 07 D9 01 23 FB 73 04 E0 7B 88 01 2B 01 D9 01 23
0:00:03.907 -                     :     - INFO  : Tx    123    21 1E 4B 00 22 1A 70 68  !.K.".ph
0:00:03.907 -                     :     - INFO  : Tx    123    22 23 3B 73 FB 7D 7B 73  "#;s.}{s
0:00:03.907 -                     :     - INFO  : Tx    123    23 07 F1 0C 03 02 21 18  #.....!.
0:00:03.907 -                     :     - INFO  : Tx    123    24 46 FE F7 5B FC 28 E0  $F..[.(.
0:00:03.907 -                     :     - INFO  : Tx    123    25 31 21 28 20 FE F7 1C  %1!( ...
0:00:03.907 -                     :     - INFO  : Tx    123    26 FC 23 E0 BB 7D 01 2B  &.#..}.+
0:00:03.907 -                     :     - INFO  : Tx    123    27 05 D0 BB 7D 02 2B 02  '...}.+.
0:00:03.907 -                     :     - INFO  : Tx    123    28 D0 BB 7D 03 2B 10 D1  (..}.+..
0:00:03.907 -                     :     - INFO  : Tx    123    29 0F 4B 01 22 1A 70 0F  ).K.".p.
0:00:03.907 -                     :     - INFO  : Tx    123    2A 4B 01 22 1A 70 68 23  *K.".ph#
0:00:03.907 -                     :     - INFO  : Tx    123    2B 3B 73 FB 7D 7B 73 07  +;s.}{s.
0:00:03.907 -                     :     - INFO  : Tx    123    2C F1 0C 03 02 21 18 46  ,....!.F
0:00:03.907 -                     :     - INFO  : Tx    123    2D FE F7 3C FC 09 E0 31  -..<...1
0:00:03.907 -                     :     - INFO  : Tx    123    2E 21 28 20 FE F7 FD FB  .!( ....
0:00:03.907 -                     :     - INFO  : Tx    123    2F 04 E0 12 21 28 20 FE  /...!( .
0:00:03.907 -                     :     - INFO  : Tx    123    20 F7 F8 FB 00 BF 00 BF   .......
0:00:03.907 -                     :     - INFO  : Tx    123    21 18 37 BD 46 80 BD 00  !.7.F...
0:00:03.907 -                     :     - INFO  : Tx    123    22 BF FE 26 00 20 FF 26  "..&. .&
0:00:03.907 -                     :     - INFO  : Tx    123    23 00 20 80 B4 85 B0 00  #. .....
0:00:03.907 -                     :     - INFO  : Tx    123    24 AF 78 60 0B 46 7B 80  $.x`.F{.
0:00:03.907 -                     :     - INFO  : Tx    123    25 00 23 FB 73 7B 88 04  %.#.s{..
0:00:03.907 -                     :     - INFO  : Tx    123    26 2B 01 D9 01 23 FB 73  &+...#.s
0:00:03.907 -                     :     - INFO  : Tx    123    27 FB 7B 18 46 14 37 BD  '.{.F.7.
0:00:03.907 -                     :     - INFO  : Tx    123    28 46 80 BC 70 47 80 B5  (F..pG..
0:00:03.907 -                     :     - INFO  : Tx    123    29 86 B0 00 AF 78 60 0B  )....x`.
0:00:03.907 -                     :     - INFO  : Tx    123    2A 46 7B 80 00 23 FB 75  *F{..#.u
0:00:03.907 -                     :     - INFO  : Tx    123    2B 7B 68 01 33 1B 78 1B  +{h.3.x.
0:00:03.907 -                     :     - INFO  : Tx    123    2C 02 BB 82 7B 68 02 33  ,...{h.3
0:00:03.907 -                     :     - INFO  : Tx    123    2D 1B 78 1A 46 BB 8A 13  -.x.F...
0:00:03.907 -                     :     - INFO  : Tx    123    2E 43 BB 82 BB 8A 41 F2  .C....A.
0:00:03.907 -                     :     - INFO  : Tx    123    2F 34 22 93 42 18 D1 FB  /4".B...
0:00:03.907 -                     :     - INFO  : Tx    123    20 7D 00 2B 10 D0 6E 23   }.+..n#
0:00:03.907 -                     :     - INFO  : Tx    123    21 3B 73 7B 68 01 33 1B  !;s{h.3.
0:00:03.907 -                     :     - INFO  : Tx    123    22 78 7B 73 7B 68 02 33  "x{s{h.3
0:00:03.907 -                     :     - INFO  : Tx    123    23 1B 78 BB 73 07 F1 0C  #.x.s...
0:00:03.907 -                     :     - INFO  : Tx    123    24 03 03 21 18 46 FE F7  $..!.F..
0:00:03.907 -                     :     - INFO  : Tx    123    25 E9 FB 09 E0 72 21 2E  %....r!.
0:00:03.907 -                     :     - INFO  : Tx    123    26 20 FE F7 AA FB 04 E0  & ......
0:00:03.907 -                     :     - INFO  : Tx    123    27 31 21 2E 20 FE F7 A5  '1!. ...
0:00:03.907 -                     :     - INFO  : Tx    123    28 FB 00 BF 00 BF 18 37  (......7
0:00:03.907 -                     :     - INFO  : Tx    123    29 BD 46 80 BD 80 B4 85  ).F.....
0:00:03.907 -                     :     - INFO  : Tx    123    2A B0 00 AF 78 60 0B 46  *...x`.F
0:00:03.907 -                     :     - INFO  : Tx    123    2B 7B 80 00 23 FB 73 7B  +{..#.s{
0:00:03.907 -                     :     - INFO  : Tx    123    2C 88 03 2B 01 D9 01 23  ,..+...#
0:00:03.907 -                     :     - INFO  : Tx    123    2D FB 73 FB 7B 18 46 14  -.s.{.F.
0:00:03.907 -                     :     - INFO  : Tx    123    2E 37 BD 46 80 BC 70 47  .7.F..pG
0:00:03.907 -                     :     - INFO  : Tx    123    2F 00 00 80 B5 8A B0 00  /.......
0:00:03.907 -                     :     - INFO  : Tx    123    20 AF 78 60 0B 46 7B 80   .x`.F{.
0:00:03.907 -                     :     - INFO  : Tx    123    21 7B 68 01 33 1B 78 03  !{h.3.x.
0:00:03.907 -                     :     - INFO  : Tx    123    22 F0 7F 03 87 F8 27 30  ".....'0
0:00:03.907 -                     :     - INFO  : Tx    123    23 7B 68 02 33 1B 78 1B  #{h.3.x.
0:00:03.907 -                     :     - INFO  : Tx    123    24 B2 1B 02 1A B2 7B 68  $.....{h
0:00:03.907 -                     :     - INFO  : Tx    123    25 03 33 1B 78 1B B2 13  %.3.x...
0:00:03.907 -                     :     - INFO  : Tx    123    26 43 1B B2 BB 84 00 23  &C.....#
0:00:03.907 -                     :     - INFO  : Tx    123    27 87 F8 23 30 71 23 3B  '..#0q#;
0:00:03.907 -                     :     - INFO  : Tx    123    28 74 7B 68 01 33 1B 78  (t{h.3.x
0:00:03.907 -                     :     - INFO  : Tx    123    29 7B 74 7B 68 02 33 1B  ){t{h.3.
0:00:03.907 -                     :     - INFO  : Tx    123    2A 78 BB 74 7B 68 03 33  *x.t{h.3
0:00:03.907 -                     :     - INFO  : Tx    123    2B 1B 78 FB 74 97 F8 27  +.x.t..'
0:00:03.907 -                     :     - INFO  : Tx    123    2C 30 03 2B 00 F0 DB 80  ,0.+....
0:00:03.907 -                     :     - INFO  : Tx    123    2D 03 2B 00 F3 E6 80 01  -.+.....
0:00:03.907 -                     :     - INFO  : Tx    123    2E 2B 03 D0 02 2B 00 F0  .+...+..
0:00:03.907 -                     :     - INFO  : Tx    123    2F C5 80 DF E0 BB 8C B3  /.......
0:00:03.907 -                     :     - INFO  : Tx    123    20 F5 7F 4F 47 D1 7B 88   ..OG.{.
0:00:03.907 -                     :     - INFO  : Tx    123    21 0B 2B 04 D8 13 21 31  !.+...!1
0:00:03.907 -                     :     - INFO  : Tx    123    22 20 FE F7 48 FB D9 E0  " ..H...
0:00:03.907 -                     :     - INFO  : Tx    123    23 7B 68 04 33 1B 78 1A  #{h.3.x.
0:00:03.907 -                     :     - INFO  : Tx    123    24 06 7B 68 05 33 1B 78  $.{h.3.x
0:00:03.907 -                     :     - INFO  : Tx    123    25 1B 04 1A 43 7B 68 06  %...C{h.
0:00:03.907 -                     :     - INFO  : Tx    123    26 33 1B 78 1B 02 13 43  &3.x...C
0:00:03.907 -                     :     - INFO  : Tx    123    27 7A 68 07 32 12 78 13  'zh.2.x.
0:00:03.907 -                     :     - INFO  : Tx    123    28 43 FB 61 7B 68 08 33  (C.a{h.3
0:00:03.907 -                     :     - INFO  : Tx    123    29 1B 78 1A 06 7B 68 09  ).x..{h.
0:00:03.907 -                     :     - INFO  : Tx    123    2A 33 1B 78 1B 04 1A 43  *3.x...C
0:00:03.907 -                     :     - INFO  : Tx    123    2B 7B 68 0A 33 1B 78 1B  +{h.3.x.
0:00:03.907 -                     :     - INFO  : Tx    123    2C 02 13 43 7A 68 0B 32  ,..Czh.2
0:00:03.907 -                     :     - INFO  : Tx    123    2D 12 78 13 43 BB 61 BB  -.x.C.a.
0:00:03.907 -                     :     - INFO  : Tx    123    2E 69 00 2B 04 D1 31 21  .i.+..1!
0:00:03.907 -                     :     - INFO  : Tx    123    2F 31 20 FE F7 1A FB AB  /1 .....
0:00:03.907 -                     :     - INFO  : Tx    123    20 E0 B9 69 F8 69 FE F7   ..i.i..
0:00:03.907 -                     :     - INFO  : Tx    123    21 1F F9 03 46 00 2B 06  !...F.+.
0:00:03.907 -                     :     - INFO  : Tx    123    22 D1 07 F1 10 03 04 21  "......!
0:00:03.907 -                     :     - INFO  : Tx    123    23 18 46 FE F7 46 FB 03  #.F..F..
0:00:03.907 -                     :     - INFO  : Tx    123    24 E0 72 21 31 20 FE F7  $.r!1 ..
0:00:03.907 -                     :     - INFO  : Tx    123    25 07 FB BB 8C 40 F2 02  %....@..
0:00:03.907 -                     :     - INFO  : Tx    123    26 22 93 42 2C D1 7B 88  &".B,.{.
0:00:03.907 -                     :     - INFO  : Tx    123    27 01 2B 04 D8 13 21 31  '.+...!1
0:00:03.907 -                     :     - INFO  : Tx    123    28 20 FE F7 FB FA 8C E0  ( ......
0:00:03.907 -                     :     - INFO  : Tx    123    29 48 4B 1B 88 9B B2 19  )HK.....
0:00:03.907 -                     :     - INFO  : Tx    123    2A 46 7B 68 04 33 1B 78  *F{h.3.x
0:00:03.907 -                     :     - INFO  : Tx    123    2B 1B 02 7A 68 05 32 12  +..zh.2.
0:00:03.907 -                     :     - INFO  : Tx    123    2C 78 13 44 99 42 0B D1  ,x.D.B..
0:00:03.907 -                     :     - INFO  : Tx    123    2D 42 4B 01 22 1A 70 10  -BK.".p.
0:00:03.907 -                     :     - INFO  : Tx    123    2E 23 3B 75 07 F1 10 03  .#;u....
0:00:03.907 -                     :     - INFO  : Tx    123    2F 05 21 18 46 FE F7 1B  /.!.F...
0:00:03.907 -                     :     - INFO  : Tx    123    20 FB 0A E0 3C 4B 00 22   ...<K."
0:00:03.907 -                     :     - INFO  : Tx    123    21 1A 70 01 23 3B 75 07  !.p.#;u.
0:00:03.907 -                     :     - INFO  : Tx    123    22 F1 10 03 05 21 18 46  "....!.F
0:00:03.907 -                     :     - INFO  : Tx    123    23 FE F7 0F FB BB 8C 40  #......@
0:00:03.907 -                     :     - INFO  : Tx    123    24 F2 05 22 93 42 37 D1  $..".B7.
0:00:03.907 -                     :     - INFO  : Tx    123    25 7B 88 03 2B 04 D8 13  %{..+...
0:00:03.907 -                     :     - INFO  : Tx    123    26 21 31 20 FE F7 C9 FA  &!1 ....
0:00:03.907 -                     :     - INFO  : Tx    123    27 5A E0 31 4B 1A 68 31  'Z.1K.h1
0:00:03.907 -                     :     - INFO  : Tx    123    28 4B 1B 68 9A 42 20 D1  (K.h.B .
0:00:03.907 -                     :     - INFO  : Tx    123    29 2D 4B 1B 78 01 2B 13  )-K.x.+.
0:00:03.907 -                     :     - INFO  : Tx    123    2A D1 10 23 3B 75 4F F0  *..#;uO.
0:00:03.907 -                     :     - INFO  : Tx    123    2B 5A 33 FB 60 07 F1 0C  +Z3.`...
0:00:03.907 -                     :     - INFO  : Tx    123    2C 03 04 22 19 46 2A 48  ,..".F*H
0:00:03.907 -                     :     - INFO  : Tx    123    2D FE F7 3C F9 03 46 00  -..<..F.
0:00:03.907 -                     :     - INFO  : Tx    123    2E 2B 06 D0 72 21 31 20  .+..r!1 
0:00:03.907 -                     :     - INFO  : Tx    123    2F FE F7 AB FA 01 E0 12  /.......
0:00:03.907 -                     :     - INFO  : Tx    123    20 23 3B 75 07 F1 10 03   #;u....
0:00:03.907 -                     :     - INFO  : Tx    123    21 05 21 18 46 FE F7 DC  !.!.F...
0:00:03.907 -                     :     - INFO  : Tx    123    22 FA 32 E0 01 23 3B 75  ".2..#;u
0:00:03.907 -                     :     - INFO  : Tx    123    23 07 F1 10 03 05 21 18  #.....!.
0:00:03.907 -                     :     - INFO  : Tx    123    24 46 FE F7 D3 FA 29 E0  $F....).
0:00:03.907 -                     :     - INFO  : Tx    123    25 97 F8 23 30 01 2B 25  %..#0.+%
0:00:03.907 -                     :     - INFO  : Tx    123    26 D1 24 21 31 20 FE F7  &.$!1 ..
0:00:03.907 -                     :     - INFO  : Tx    123    27 90 FA 20 E0 97 F8 23  '.. ...#
0:00:03.907 -                     :     - INFO  : Tx    123    28 30 01 2B 04 D1 24 21  (0.+..$!
0:00:03.907 -                     :     - INFO  : Tx    123    29 31 20 FE F7 87 FA 18  )1 .....
0:00:03.907 -                     :     - INFO  : Tx    123    2A E0 31 21 31 20 FE F7  *.1!1 ..
0:00:03.907 -                     :     - INFO  : Tx    123    2B 82 FA 13 E0 97 F8 23  +......#
0:00:03.907 -                     :     - INFO  : Tx    123    2C 30 01 2B 04 D1 24 21  ,0.+..$!
0:00:03.907 -                     :     - INFO  : Tx    123    2D 31 20 FE F7 79 FA 0A  -1 ..y..
0:00:03.907 -                     :     - INFO  : Tx    123    2E E0 31 21 31 20 FE F7  ..1!1 ..
0:00:03.907 -                     :     - INFO  : Tx    123    2F 74 FA 05 E0 12 21 31  /t....!1
0:00:03.907 -                     :     - INFO  : Tx    123    20 20 FE F7 6F FA 00 E0    ..o...
0:00:03.907 -                     :     - INFO  : Tx    123    21 00 BF 00 BF 28 37 BD  !....(7.
0:00:03.907 -                     :     - INFO  : Tx    123    22 46 80 BD 00 BF A0 20  "F..... 
0:00:03.907 -                     :     - INFO  : Tx    123    23 00 20 00 27 00 20 F0  #. .'. .
0:00:03.907 -                     :     - INFO  : Tx    123    24 7F 00 08 FC FF 01 08  $.......
0:00:03.907 -                     :     - INFO  : Tx    123    25 00 A0 00 08 80 B4 85  %.......
0:00:03.907 -                     :     - INFO  : Tx    123    26 B0 00 AF 78 60 0B 46  &...x`.F
0:00:03.907 -                     :     - INFO  : Tx    123    27 7B 80 00 23 FB 73 7B  '{..#.s{
0:00:03.907 -                     :     - INFO  : Tx    123    28 88 04 2B 01 D9 01 23  (..+...#
0:00:03.907 -                     :     - INFO  : Tx    123    29 FB 73 FB 7B 18 46 14  ).s.{.F.
0:00:03.907 -                     :     - INFO  : Tx    123    2A 37 BD 46 80 BC 70 47  *7.F..pG
0:00:03.907 -                     :     - INFO  : Tx    123    2B 00 00 80 B4 85 B0 00  +.......
0:00:03.907 -                     :     - INFO  : Tx    123    2C AF 78 60 0B 46 7B 80  ,.x`.F{.
0:00:03.907 -                     :     - INFO  : Tx    123    2D 00 23 FB 73 0A 4B 1B  -.#.s.K.
0:00:03.907 -                     :     - INFO  : Tx    123    2E 78 01 2B 05 D1 7B 88  .x.+..{.
0:00:03.907 -                     :     - INFO  : Tx    123    2F 02 2B 07 D9 01 23 FB  /.+...#.
0:00:03.907 -                     :     - INFO  : Tx    123    20 73 04 E0 7B 88 01 2B   s..{..+
0:00:03.907 -                     :     - INFO  : Tx    123    21 01 D9 01 23 AA AA AA  !...#...
0:00:03.985 -                     :     - INFO  : Rx    122    02 76 0C AA AA AA AA AA  .v......
0:00:03.985 -                     :     - INFO  : ISO TP message (single frame): 02760CAAAAAAAAAA
0:00:03.985 -                     :     - INFO  : size: 0x2(2)
0:00:03.985 -                     :     - INFO  : data: 76 0C
0:00:03.985 -                     :     - PASS  : TransferData positive response | expected: 76 ... | received: 76 0C
0:00:03.985 -                     :     - INFO  : TransferData seq 12 confirmed
0:00:04.000 -                     :     - INFO  : Tx    123    13 FA 36 0D FB 73 FB 7B  ..6..s.{
0:00:04.000 -                     :     - INFO  : ISO TP message (first frame): 13FA360DFB73FB7B
0:00:04.000 -                     :     - INFO  : size: 0x3fa(1018)
0:00:04.000 -                     :     - INFO  : data: 36 0D FB 73 FB 7B 18 46 14 37 BD 46 80 BC 70 47 00 BF 01 27 00 20 80 B4 85 B0 00 AF 78 60 0B 46 7B 80 00 23 FB 73 7B 88 00 2B 01 D0 01 23 FB 73 FB 7B 18 46 14 37 BD 46 80 BC 70 47 00 00 80 B5 86 B0 00 AF 78 60 0B 46 7B 80 74 23 3B 73 20 23 7B 73 03 23 BB 73 FE 23 FB 73 7B 68 01 33 1B 78 1B 09 DA B2 45 4B 1A 70 7B 68 01 33 1B 78 03 F0 0F 03 DA B2 42 4B 1A 70 7B 68 02 33 1B 78 1B 09 BB 75 7B 68 02 33 1B 78 03 F0 0F 03 7B 75 3C 4B 01 22 1A 70 3C 4B 00 22 1A 60 3B 4B 00 22 1A 60 00 23 FB 75 15 E0 FB 7D 03 33 1A 46 7B 68 13 44 1B 78 19 46 7B 7D 5A 1E FB 7D D3 1A DB 00 01 FA 03 F2 30 4B 1B 68 13 43 2F 4A 13 60 FB 7D 01 33 FB 75 FA 7D 7B 7D 9A 42 E5 D3 00 23 FB 75 17 E0 7B 7D DA 1C FB 7D 13 44 1A 46 7B 68 13 44 1B 78 19 46 BB 7D 5A 1E FB 7D D3 1A DB 00 01 FA 03 F2 22 4B 1B 68 13 43 20 4A 13 60 FB 7D 01 33 FB 75 FA 7D BB 7D 9A 42 E3 D3 BB 7D 04 2B 02 D8 7B 7D 04 2B 04 D9 31 21 34 20 FE F7 9F F9 20 E0 15 4B 1B 68 B3 F1 00 6F 07 D3 13 4B 1A 68 13 4B 1B 68 13 44 12 4A 93 42 04 D9 31 21 34 20 FE F7 8D F9 0E E0 0F 4B 00 22 1A 60 0F 4B 00 22 1A 70 07 F1 0C 03 04 21 18 46 FE F7 BA F9 FE F7 64 F8 00 BF 00 BF 18 37 BD 46 80 BD 00 BF 03 27 00 20 02 27 00 20 01 27 00 20 04 27 00 20 08 27 00 20 00 00 08 08 10 27 00 20 0C 27 00 20 80 B5 88 B0 00 AF 78 60 0B 46 7B 80 76 23 3B 73 7B 68 01 33 1B 78 7B 73 38 4B 1A 78 38 4B 1A 70 7B 68 01 33 1A 78 35 4B 1A 70 36 4B 1B 78 01 2B 08 D0 34 4B 1B 78 02 2B 04 D0 24 21 36 20 FE F7 47 F9 57 E0 2D 4B 1B 78 1A 46 2D 4B 1B 78 D3 1A 01 2B 04 DD 73 21 36 20 FE F7 3A F9 4A E0 29 4B 1B 78 01 2B 46 D1 26 4B 1A 78 24 4B 1B 78 9A 42 3A D0 7B 88 02 3B FB 83 23 4B 1A 68 23 4B 1B 68 13 44 BB 61 22 4B 1A 68 20 4B 1B 68 D3 1A 7B 61 FB 8B 7A 69 9A 42 04 D2 31 21 36 20 FE F7 18 F9 28 E0 7B 68 02 33 FA 8B 19 46 B8 69 FD F7 9A FF 03 46 FB 74 7B 68 02 33 FA 8B 11 46 18 46 FD F7 F9 FF 03 46 1A 46 13 4B 1A 80 FB 7C 00 2B 06 D1 FA 8B 0E 4B 1B 68 13 44 0C 4A 13 60 04 E0 72 21 36 20 FE F7 F5 F8 05 E0 07 F1 0C 03 02 21 18 46 FE F7 28 F9 20 37 BD 46 80 BD 00 BF 0C 27 00 20 14 27 00 20 01 27 00 20 04 27 00 20 10 27 00 20 08 27 00 20 A0 20 00 20 80 B5 84 B0 00 AF 78 60 0B 46 7B 80 77 23 3B 72 7B 68 01 33 1A 78 0E 4B 1A 70 0E 4B 1B 78 01 2B 08 D0 0C 4B 1B 78 02 2B 04 D0 24 21 37 20 FE F7 C3 F8 09 E0 07 4B 00 22 1A 70 07 F1 08 03 01 21 18 46 FE F7 F3 F8 00 BF 00 BF 10 37 BD 46 80 BD 0C 27 00 20 01 27 00 20 80 B4 85 B0 00 AF 78 60 0B 46 7B 80 00 23 FB 73 7B 88 02 2B 01 D1 01 23 FB 73 FB 7B 18 46 14 37 BD 46 80 BC 70 47 80 B5 86 B0 00 AF 78 60 0B 46 7B 80 7B 68 01 33 1B 78 03 F0 7F 03 FB 75 FB 7D 00 2B 0A D1 7E 23 3B 73 FB 7D 7B 73 07 F1 0C 03 02 21 18 46 FE F7 BE F8 03 E0 12 21 3E 20 FE F7 7F F8 00 BF 18 37 BD 46 80 BD 80 B4 85 B0 00 AF 78 60 0B 46 7B 80 00 23 FB 73 7B 88 02 2B 01 D1 01 23 FB 73 FB 7B 18 46 14 37 BD 46 80 BC 70 47 80 B5 86 B0 00 AF 78 60 0B 46 7B 80 7B 68 01 33 1B 78 03 F0 7F 03 FB 75 FB 7D 01 2B 02 D0 02 2B 0E D0 1B E0 12 4B 01 22 1A 70 C5 23 3B 73 FB 7D 7B 73 07 F1 0C 03 02 21 18 46 FE F7 83 F8 12 E0 0B 4B 02 22 1A 70 C5 23 3B 73 FB 7D 7B 73 07 F1 0C 03 02 21 18 46 FE F7 75 F8 04 E0 12 21 85 20
0:00:04.000 -                     :     - INFO  : Tx    123    21 18 46 14 37 BD 46 80  !.F.7.F.
0:00:04.000 -                     :     - INFO  : Tx    123    22 BC 70 47 00 BF 01 27  ".pG...'
0:00:04.000 -                     :     - INFO  : Tx    123    23 00 20 80 B4 85 B0 00  #. .....
0:00:04.000 -                     :     - INFO  : Tx    123    24 AF 78 60 0B 46 7B 80  $.x`.F{.
0:00:04.000 -                     :     - INFO  : Tx    123    25 00 23 FB 73 7B 88 00  %.#.s{..
0:00:04.000 -                     :     - INFO  : Tx    123    26 2B 01 D0 01 23 FB 73  &+...#.s
0:00:04.000 -                     :     - INFO  : Tx    123    27 FB 7B 18 46 14 37 BD  '.{.F.7.
0:00:04.000 -                     :     - INFO  : Tx    123    28 46 80 BC 70 47 00 00  (F..pG..
0:00:04.000 -                     :     - INFO  : Tx    123    29 80 B5 86 B0 00 AF 78  )......x
0:00:04.000 -                     :     - INFO  : Tx    123    2A 60 0B 46 7B 80 74 23  *`.F{.t#
0:00:04.000 -                     :     - INFO  : Tx    123    2B 3B 73 20 23 7B 73 03  +;s #{s.
0:00:04.000 -                     :     - INFO  : Tx    123    2C 23 BB 73 FE 23 FB 73  ,#.s.#.s
0:00:04.000 -                     :     - INFO  : Tx    123    2D 7B 68 01 33 1B 78 1B  -{h.3.x.
0:00:04.000 -                     :     - INFO  : Tx    123    2E 09 DA B2 45 4B 1A 70  ....EK.p
0:00:04.000 -                     :     - INFO  : Tx    123    2F 7B 68 01 33 1B 78 03  /{h.3.x.
0:00:04.000 -                     :     - INFO  : Tx    123    20 F0 0F 03 DA B2 42 4B   .....BK
0:00:04.000 -                     :     - INFO  : Tx    123    21 1A 70 7B 68 02 33 1B  !.p{h.3.
0:00:04.000 -                     :     - INFO  : Tx    123    22 78 1B 09 BB 75 7B 68  "x...u{h
0:00:04.000 -                     :     - INFO  : Tx    123    23 02 33 1B 78 03 F0 0F  #.3.x...
0:00:04.000 -                     :     - INFO  : Tx    123    24 03 7B 75 3C 4B 01 22  $.{u<K."
0:00:04.000 -                     :     - INFO  : Tx    123    25 1A 70 3C 4B 00 22 1A  %.p<K.".
0:00:04.000 -                     :     - INFO  : Tx    123    26 60 3B 4B 00 22 1A 60  &`;K.".`
0:00:04.000 -                     :     - INFO  : Tx    123    27 00 23 FB 75 15 E0 FB  '.#.u...
0:00:04.000 -                     :     - INFO  : Tx    123    28 7D 03 33 1A 46 7B 68  (}.3.F{h
0:00:04.000 -                     :     - INFO  : Tx    123    29 13 44 1B 78 19 46 7B  ).D.x.F{
0:00:04.000 -                     :     - INFO  : Tx    123    2A 7D 5A 1E FB 7D D3 1A  *}Z..}..
0:00:04.000 -                     :     - INFO  : Tx    123    2B DB 00 01 FA 03 F2 30  +......0
0:00:04.000 -                     :     - INFO  : Tx    123    2C 4B 1B 68 13 43 2F 4A  ,K.h.C/J
0:00:04.000 -                     :     - INFO  : Tx    123    2D 13 60 FB 7D 01 33 FB  -.`.}.3.
0:00:04.000 -                     :     - INFO  : Tx    123    2E 75 FA 7D 7B 7D 9A 42  .u.}{}.B
0:00:04.000 -                     :     - INFO  : Tx    123    2F E5 D3 00 23 FB 75 17  /...#.u.
0:00:04.000 -                     :     - INFO  : Tx    123    20 E0 7B 7D DA 1C FB 7D   .{}...}
0:00:04.000 -                     :     - INFO  : Tx    123    21 13 44 1A 46 7B 68 13  !.D.F{h.
0:00:04.000 -                     :     - INFO  : Tx    123    22 44 1B 78 19 46 BB 7D  "D.x.F.}
0:00:04.000 -                     :     - INFO  : Tx    123    23 5A 1E FB 7D D3 1A DB  #Z..}...
0:00:04.000 -                     :     - INFO  : Tx    123    24 00 01 FA 03 F2 22 4B  $....."K
0:00:04.000 -                     :     - INFO  : Tx    123    25 1B 68 13 43 20 4A 13  %.h.C J.
0:00:04.000 -                     :     - INFO  : Tx    123    26 60 FB 7D 01 33 FB 75  &`.}.3.u
0:00:04.000 -                     :     - INFO  : Tx    123    27 FA 7D BB 7D 9A 42 E3  '.}.}.B.
0:00:04.000 -                     :     - INFO  : Tx    123    28 D3 BB 7D 04 2B 02 D8  (..}.+..
0:00:04.000 -                     :     - INFO  : Tx    123    29 7B 7D 04 2B 04 D9 31  ){}.+..1
0:00:04.000 -                     :     - INFO  : Tx    123    2A 21 34 20 FE F7 9F F9  *!4 ....
0:00:04.000 -                     :     - INFO  : Tx    123    2B 20 E0 15 4B 1B 68 B3  + ..K.h.
0:00:04.000 -                     :     - INFO  : Tx    123    2C F1 00 6F 07 D3 13 4B  ,..o...K
0:00:04.000 -                     :     - INFO  : Tx    123    2D 1A 68 13 4B 1B 68 13  -.h.K.h.
0:00:04.000 -                     :     - INFO  : Tx    123    2E 44 12 4A 93 42 04 D9  .D.J.B..
0:00:04.000 -                     :     - INFO  : Tx    123    2F 31 21 34 20 FE F7 8D  /1!4 ...
0:00:04.000 -                     :     - INFO  : Tx    123    20 F9 0E E0 0F 4B 00 22   ....K."
0:00:04.000 -                     :     - INFO  : Tx    123    21 1A 60 0F 4B 00 22 1A  !.`.K.".
0:00:04.000 -                     :     - INFO  : Tx    123    22 70 07 F1 0C 03 04 21  "p.....!
0:00:04.000 -                     :     - INFO  : Tx    123    23 18 46 FE F7 BA F9 FE  #.F.....
0:00:04.000 -                     :     - INFO  : Tx    123    24 F7 64 F8 00 BF 00 BF  $.d.....
0:00:04.000 -                     :     - INFO  : Tx    123    25 18 37 BD 46 80 BD 00  %.7.F...
0:00:04.000 -                     :     - INFO  : Tx    123    26 BF 03 27 00 20 02 27  &..'. .'
0:00:04.000 -                     :     - INFO  : Tx    123    27 00 20 01 27 00 20 04  '. .'. .
0:00:04.000 -                     :     - INFO  : Tx    123    28 27 00 20 08 27 00 20  ('. .'. 
0:00:04.000 -                     :     - INFO  : Tx    123    29 00 00 08 08 10 27 00  ).....'.
0:00:04.000 -                     :     - INFO  : Tx    123    2A 20 0C 27 00 20 80 B5  * .'. ..
0:00:04.000 -                     :     - INFO  : Tx    123    2B 88 B0 00 AF 78 60 0B  +....x`.
0:00:04.000 -                     :     - INFO  : Tx    123    2C 46 7B 80 76 23 3B 73  ,F{.v#;s
0:00:04.000 -                     :     - INFO  : Tx    123    2D 7B 68 01 33 1B 78 7B  -{h.3.x{
0:00:04.000 -                     :     - INFO  : Tx    123    2E 73 38 4B 1A 78 38 4B  .s8K.x8K
0:00:04.000 -                     :     - INFO  : Tx    123    2F 1A 70 7B 68 01 33 1A  /.p{h.3.
0:00:04.000 -                     :     - INFO  : Tx    123    20 78 35 4B 1A 70 36 4B   x5K.p6K
0:00:04.000 -                     :     - INFO  : Tx    123    21 1B 78 01 2B 08 D0 34  !.x.+..4
0:00:04.000 -                     :     - INFO  : Tx    123    22 4B 1B 78 02 2B 04 D0  "K.x.+..
0:00:04.000 -                     :     - INFO  : Tx    123    23 24 21 36 20 FE F7 47  #$!6 ..G
0:00:04.000 -                     :     - INFO  : Tx    123    24 F9 57 E0 2D 4B 1B 78  $.W.-K.x
0:00:04.000 -                     :     - INFO  : Tx    123    25 1A 46 2D 4B 1B 78 D3  %.F-K.x.
0:00:04.000 -                     :     - INFO  : Tx    123    26 1A 01 2B 04 DD 73 21  &..+..s!
0:00:04.000 -                     :     - INFO  : Tx    123    27 36 20 FE F7 3A F9 4A  '6 ..:.J
0:00:04.000 -                     :     - INFO  : Tx    123    28 E0 29 4B 1B 78 01 2B  (.)K.x.+
0:00:04.000 -                     :     - INFO  : Tx    123    29 46 D1 26 4B 1A 78 24  )F.&K.x$
0:00:04.000 -                     :     - INFO  : Tx    123    2A 4B 1B 78 9A 42 3A D0  *K.x.B:.
0:00:04.000 -                     :     - INFO  : Tx    123    2B 7B 88 02 3B FB 83 23  +{..;..#
0:00:04.000 -                     :     - INFO  : Tx    123    2C 4B 1A 68 23 4B 1B 68  ,K.h#K.h
0:00:04.000 -                     :     - INFO  : Tx    123    2D 13 44 BB 61 22 4B 1A  -.D.a"K.
0:00:04.000 -                     :     - INFO  : Tx    123    2E 68 20 4B 1B 68 D3 1A  .h K.h..
0:00:04.000 -                     :     - INFO  : Tx    123    2F 7B 61 FB 8B 7A 69 9A  /{a..zi.
0:00:04.000 -                     :     - INFO  : Tx    123    20 42 04 D2 31 21 36 20   B..1!6 
0:00:04.000 -                     :     - INFO  : Tx    123    21 FE F7 18 F9 28 E0 7B  !....(.{
0:00:04.000 -                     :     - INFO  : Tx    123    22 68 02 33 FA 8B 19 46  "h.3...F
0:00:04.000 -                     :     - INFO  : Tx    123    23 B8 69 FD F7 9A FF 03  #.i.....
0:00:04.000 -                     :     - INFO  : Tx    123    24 46 FB 74 7B 68 02 33  $F.t{h.3
0:00:04.000 -                     :     - INFO  : Tx    123    25 FA 8B 11 46 18 46 FD  %...F.F.
0:00:04.000 -                     :     - INFO  : Tx    123    26 F7 F9 FF 03 46 1A 46  &....F.F
0:00:04.000 -                     :     - INFO  : Tx    123    27 13 4B 1A 80 FB 7C 00  '.K...|.
0:00:04.000 -                     :     - INFO  : Tx    123    28 2B 06 D1 FA 8B 0E 4B  (+.....K
0:00:04.000 -                     :     - INFO  : Tx    123    29 1B 68 13 44 0C 4A 13  ).h.D.J.
0:00:04.000 -                     :     - INFO  : Tx    123    2A 60 04 E0 72 21 36 20  *`..r!6 
0:00:04.000 -                     :     - INFO  : Tx    123    2B FE F7 F5 F8 05 E0 07  +.......
0:00:04.000 -                     :     - INFO  : Tx    123    2C F1 0C 03 02 21 18 46  ,....!.F
0:00:04.000 -                     :     - INFO  : Tx    123    2D FE F7 28 F9 20 37 BD  -..(. 7.
0:00:04.000 -                     :     - INFO  : Tx    123    2E 46 80 BD 00 BF 0C 27  .F.....'
0:00:04.000 -                     :     - INFO  : Tx    123    2F 00 20 14 27 00 20 01  /. .'. .
0:00:04.000 -                     :     - INFO  : Tx    123    20 27 00 20 04 27 00 20   '. .'. 
0:00:04.000 -                     :     - INFO  : Tx    123    21 10 27 00 20 08 27 00  !.'. .'.
0:00:04.000 -                     :     - INFO  : Tx    123    22 20 A0 20 00 20 80 B5  " . . ..
0:00:04.000 -                     :     - INFO  : Tx    123    23 84 B0 00 AF 78 60 0B  #....x`.
0:00:04.000 -                     :     - INFO  : Tx    123    24 46 7B 80 77 23 3B 72  $F{.w#;r
0:00:04.000 -                     :     - INFO  : Tx    123    25 7B 68 01 33 1A 78 0E  %{h.3.x.
0:00:04.000 -                     :     - INFO  : Tx    123    26 4B 1A 70 0E 4B 1B 78  &K.p.K.x
0:00:04.000 -                     :     - INFO  : Tx    123    27 01 2B 08 D0 0C 4B 1B  '.+...K.
0:00:04.000 -                     :     - INFO  : Tx    123    28 78 02 2B 04 D0 24 21  (x.+..$!
0:00:04.000 -                     :     - INFO  : Tx    123    29 37 20 FE F7 C3 F8 09  )7 .....
0:00:04.000 -                     :     - INFO  : Tx    123    2A E0 07 4B 00 22 1A 70  *..K.".p
0:00:04.000 -                     :     - INFO  : Tx    123    2B 07 F1 08 03 01 21 18  +.....!.
0:00:04.016 -                     :     - INFO  : Tx    123    2C 46 FE F7 F3 F8 00 BF  ,F......
0:00:04.016 -                     :     - INFO  : Tx    123    2D 00 BF 10 37 BD 46 80  -...7.F.
0:00:04.016 -                     :     - INFO  : Tx    123    2E BD 0C 27 00 20 01 27  ...'. .'
0:00:04.016 -                     :     - INFO  : Tx    123    2F 00 20 80 B4 85 B0 00  /. .....
0:00:04.016 -                     :     - INFO  : Tx    123    20 AF 78 60 0B 46 7B 80   .x`.F{.
0:00:04.016 -                     :     - INFO  : Tx    123    21 00 23 FB 73 7B 88 02  !.#.s{..
0:00:04.016 -                     :     - INFO  : Tx    123    22 2B 01 D1 01 23 FB 73  "+...#.s
0:00:04.016 -                     :     - INFO  : Tx    123    23 FB 7B 18 46 14 37 BD  #.{.F.7.
0:00:04.016 -                     :     - INFO  : Tx    123    24 46 80 BC 70 47 80 B5  $F..pG..
0:00:04.016 -                     :     - INFO  : Tx    123    25 86 B0 00 AF 78 60 0B  %....x`.
0:00:04.016 -                     :     - INFO  : Tx    123    26 46 7B 80 7B 68 01 33  &F{.{h.3
0:00:04.016 -                     :     - INFO  : Tx    123    27 1B 78 03 F0 7F 03 FB  '.x.....
0:00:04.016 -                     :     - INFO  : Tx    123    28 75 FB 7D 00 2B 0A D1  (u.}.+..
0:00:04.016 -                     :     - INFO  : Tx    123    29 7E 23 3B 73 FB 7D 7B  )~#;s.}{
0:00:04.016 -                     :     - INFO  : Tx    123    2A 73 07 F1 0C 03 02 21  *s.....!
0:00:04.016 -                     :     - INFO  : Tx    123    2B 18 46 FE F7 BE F8 03  +.F.....
0:00:04.016 -                     :     - INFO  : Tx    123    2C E0 12 21 3E 20 FE F7  ,..!> ..
0:00:04.016 -                     :     - INFO  : Tx    123    2D 7F F8 00 BF 18 37 BD  -.....7.
0:00:04.016 -                     :     - INFO  : Tx    123    2E 46 80 BD 80 B4 85 B0  .F......
0:00:04.016 -                     :     - INFO  : Tx    123    2F 00 AF 78 60 0B 46 7B  /..x`.F{
0:00:04.016 -                     :     - INFO  : Tx    123    20 80 00 23 FB 73 7B 88   ..#.s{.
0:00:04.016 -                     :     - INFO  : Tx    123    21 02 2B 01 D1 01 23 FB  !.+...#.
0:00:04.016 -                     :     - INFO  : Tx    123    22 73 FB 7B 18 46 14 37  "s.{.F.7
0:00:04.016 -                     :     - INFO  : Tx    123    23 BD 46 80 BC 70 47 80  #.F..pG.
0:00:04.016 -                     :     - INFO  : Tx    123    24 B5 86 B0 00 AF 78 60  $.....x`
0:00:04.016 -                     :     - INFO  : Tx    123    25 0B 46 7B 80 7B 68 01  %.F{.{h.
0:00:04.016 -                     :     - INFO  : Tx    123    26 33 1B 78 03 F0 7F 03  &3.x....
0:00:04.016 -                     :     - INFO  : Tx    123    27 FB 75 FB 7D 01 2B 02  '.u.}.+.
0:00:04.016 -                     :     - INFO  : Tx    123    28 D0 02 2B 0E D0 1B E0  (..+....
0:00:04.016 -                     :     - INFO  : Tx    123    29 12 4B 01 22 1A 70 C5  ).K.".p.
0:00:04.016 -                     :     - INFO  : Tx    123    2A 23 3B 73 FB 7D 7B 73  *#;s.}{s
0:00:04.016 -                     :     - INFO  : Tx    123    2B 07 F1 0C 03 02 21 18  +.....!.
0:00:04.016 -                     :     - INFO  : Tx    123    2C 46 FE F7 83 F8 12 E0  ,F......
0:00:04.016 -                     :     - INFO  : Tx    123    2D 0B 4B 02 22 1A 70 C5  -.K.".p.
0:00:04.016 -                     :     - INFO  : Tx    123    2E 23 3B 73 FB 7D 7B 73  .#;s.}{s
0:00:04.016 -                     :     - INFO  : Tx    123    2F 07 F1 0C 03 02 21 18  /.....!.
0:00:04.016 -                     :     - INFO  : Tx    123    20 46 FE F7 75 F8 04 E0   F..u...
0:00:04.016 -                     :     - INFO  : Tx    123    21 12 21 85 20 AA AA AA  !.!. ...
0:00:04.094 -                     :     - INFO  : Rx    122    02 76 0D AA AA AA AA AA  .v......
0:00:04.094 -                     :     - INFO  : ISO TP message (single frame): 02760DAAAAAAAAAA
0:00:04.094 -                     :     - INFO  : size: 0x2(2)
0:00:04.094 -                     :     - INFO  : data: 76 0D
0:00:04.094 -                     :     - PASS  : TransferData positive response | expected: 76 ... | received: 76 0D
0:00:04.094 -                     :     - INFO  : TransferData seq 13 confirmed
0:00:04.110 -                     :     - INFO  : Tx    123    13 FA 36 0E FE F7 36 F8  ..6...6.
0:00:04.110 -                     :     - INFO  : ISO TP message (first frame): 13FA360EFEF736F8
0:00:04.110 -                     :     - INFO  : size: 0x3fa(1018)
0:00:04.110 -                     :     - INFO  : data: 36 0E FE F7 36 F8 00 BF 00 BF 18 37 BD 46 80 BD 00 BF A2 20 00 20 80 B5 00 AF 00 F0 54 F8 21 4B 22 4A 9A 60 BF F3 4F 8F 00 BF BF F3 6F 8F 00 BF 72 B6 00 BF 01 F0 0B FA 62 B6 00 BF 00 F0 B1 F8 00 F0 3D FA 00 F0 73 FA 00 F0 E9 F8 FD F7 7E FF 17 4A 10 21 17 48 FD F7 9C FA 00 F0 4E FA 01 F0 1E FA 02 46 14 4B 1B 68 01 33 9A 42 F7 D3 01 F0 16 FA 03 46 10 4A 13 60 FD F7 6E FF 0F 4B 1B 68 5A 1C 0D 49 0A 60 B3 F5 C8 7F E8 D9 FE F7 6F FF 0B 48 02 F0 0C FE 08 4B 00 22 1A 60 01 21 08 48 01 F0 E7 FF DB E7 00 ED 00 E0 00 C0 00 08 A0 34 01 08 A4 20 00 20 18 27 00 20 1C 27 00 20 48 27 00 20 00 10 01 40 80 B5 90 B0 00 AF 07 F1 18 03 28 22 00 21 18 46 FC F7 E7 FF 3B 1D 00 22 1A 60 5A 60 9A 60 DA 60 1A 61 0A 23 BB 61 01 23 BB 62 10 23 FB 62 01 23 3B 63 02 23 7B 63 00 23 BB 63 4F F4 E0 13 FB 63 07 F1 18 03 18 46 01 F0 F5 F9 03 46 00 2B 01 D0 00 F0 18 F8 0F 23 7B 60 02 23 BB 60 00 23 FB 60 00 23 3B 61 00 23 7B 61 3B 1D 02 21 18 46 01 F0 63 FC 03 46 00 2B 01 D0 00 F0 04 F8 00 BF 40 37 BD 46 80 BD 80 B4 00 AF 72 B6 00 BF 00 BF FD E7 80 B5 82 B0 00 AF 78 60 0E 4B 1B 68 0E 4A A2 FB 03 23 9B 09 18 46 02 F0 4E FB 03 46 00 2B 01 D0 01 23 0B E0 7B 68 0F 2B 07 D8 00 22 79 68 4F F0 FF 30 02 F0 16 FB 00 23 00 E0 01 23 18 46 08 37 BD 46 80 BD BC 20 00 20 D3 4D 62 10 80 B5 86 B0 00 AF 07 F1 08 03 00 22 1A 60 5A 60 9A 60 DA 60 17 4B 9B 69 16 4A 43 F0 10 03 93 61 14 4B 9B 69 03 F0 10 03 7B 60 7B 68 11 4B 9B 69 10 4A 43 F0 04 03 93 61 0E 4B 9B 69 03 F0 04 03 3B 60 3B 68 00 22 01 21 0B 48 01 F0 29 FF 01 23 BB 60 01 23 FB 60 00 23 3B 61 02 23 7B 61 07 F1 08 03 19 46 04 48 01 F0 87 FD 00 BF 18 37 BD 46 80 BD 00 BF 00 10 02 40 00 10 01 40 80 B5 00 AF 18 4B 19 4A 1A 60 17 4B 09 22 5A 60 15 4B 00 22 9A 60 14 4B 00 22 DA 60 12 4B 4F F4 A0 22 1A 61 10 4B 00 22 5A 61 0F 4B 00 22 1A 76 0D 4B 01 22 5A 76 0C 4B 00 22 9A 76 0A 4B 01 22 DA 76 09 4B 00 22 1A 77 07 4B 00 22 5A 77 06 48 00 F0 7A FA 03 46 00 2B 01 D0 FF F7 67 FF 00 F0 63 F8 00 BF 80 BD 00 BF 20 27 00 20 00 64 00 40 80 B5 88 B0 00 AF 78 60 07 F1 10 03 00 22 1A 60 5A 60 9A 60 DA 60 7B 68 1B 68 24 4A 93 42 41 D1 23 4B DB 69 22 4A 43 F0 00 73 D3 61 20 4B DB 69 03 F0 00 73 FB 60 FB 68 1D 4B 9B 69 1C 4A 43 F0 04 03 93 61 1A 4B 9B 69 03 F0 04 03 BB 60 BB 68 4F F4 00 63 3B 61 00 23 7B 61 00 23 BB 61 07 F1 10 03 19 46 13 48 01 F0 11 FD 4F F4 80 53 3B 61 02 23 7B 61 03 23 FB 61 07 F1 10 03 19 46 0D 48 01 F0 04 FD 00 22 00 21 14 20 02 F0 4E FA 14 20 02 F0 67 FA 00 22 00 21 15 20 02 F0 46 FA 15 20 02 F0 5F FA 00 BF 20 37 BD 46 80 BD 00 64 00 40 00 10 02 40 00 08 01 40 80 B5 8A B0 00 AF 00 23 7B 61 00 23 BB 61 01 23 FB 61 00 23 3B 60 00 23 7B 60 00 23 BB 60 00 23 FB 60 00 23 3B 61 01 23 3B 62 0E 23 7B 62 3B 46 19 46 0E 48 00 F0 EF FA 03 46 00 2B 01 D0 FF F7 E1 FE 0A 48 00 F0 B0 FB 03 46 00 2B 01 D0 FF F7 D9 FE 02 21 05 48 00 F0 0F FE 03 46 00 2B 01 D0 FF F7 D0 FE 00 BF 28 37 BD 46 80 BD 20 27 00 20 80 B5 8C B0 00 AF F8 60 B9 60 7A 60 FB 68 00 2B 05 D0 BB 68 00 2B 02 D0 7B 68 00 2B 01 D1 00 23 13 E0 07 F1 14 02 BB 68 00 21 0A 48 00 F0 CB FC 03 46 00 2B 01 D0 00 23 07 E0 7A 69 FB 68 1A 60 7B 6A DA B2
0:00:04.110 -                     :     - INFO  : Tx    123    21 00 BF 00 BF 18 37 BD  !.....7.
0:00:04.110 -                     :     - INFO  : Tx    123    22 46 80 BD 00 BF A2 20  "F..... 
0:00:04.110 -                     :     - INFO  : Tx    123    23 00 20 80 B5 00 AF 00  #. .....
0:00:04.110 -                     :     - INFO  : Tx    123    24 F0 54 F8 21 4B 22 4A  $.T.!K"J
0:00:04.110 -                     :     - INFO  : Tx    123    25 9A 60 BF F3 4F 8F 00  %.`..O..
0:00:04.110 -                     :     - INFO  : Tx    123    26 BF BF F3 6F 8F 00 BF  &...o...
0:00:04.110 -                     :     - INFO  : Tx    123    27 72 B6 00 BF 01 F0 0B  'r......
0:00:04.110 -                     :     - INFO  : Tx    123    28 FA 62 B6 00 BF 00 F0  (.b.....
0:00:04.110 -                     :     - INFO  : Tx    123    29 B1 F8 00 F0 3D FA 00  )....=..
0:00:04.110 -                     :     - INFO  : Tx    123    2A F0 73 FA 00 F0 E9 F8  *.s.....
0:00:04.110 -                     :     - INFO  : Tx    123    2B FD F7 7E FF 17 4A 10  +..~..J.
0:00:04.110 -                     :     - INFO  : Tx    123    2C 21 17 48 FD F7 9C FA  ,!.H....
0:00:04.110 -                     :     - INFO  : Tx    123    2D 00 F0 4E FA 01 F0 1E  -..N....
0:00:04.110 -                     :     - INFO  : Tx    123    2E FA 02 46 14 4B 1B 68  ...F.K.h
0:00:04.110 -                     :     - INFO  : Tx    123    2F 01 33 9A 42 F7 D3 01  /.3.B...
0:00:04.110 -                     :     - INFO  : Tx    123    20 F0 16 FA 03 46 10 4A   ....F.J
0:00:04.110 -                     :     - INFO  : Tx    123    21 13 60 FD F7 6E FF 0F  !.`..n..
0:00:04.110 -                     :     - INFO  : Tx    123    22 4B 1B 68 5A 1C 0D 49  "K.hZ..I
0:00:04.110 -                     :     - INFO  : Tx    123    23 0A 60 B3 F5 C8 7F E8  #.`.....
0:00:04.110 -                     :     - INFO  : Tx    123    24 D9 FE F7 6F FF 0B 48  $...o..H
0:00:04.110 -                     :     - INFO  : Tx    123    25 02 F0 0C FE 08 4B 00  %.....K.
0:00:04.110 -                     :     - INFO  : Tx    123    26 22 1A 60 01 21 08 48  &".`.!.H
0:00:04.110 -                     :     - INFO  : Tx    123    27 01 F0 E7 FF DB E7 00  '.......
0:00:04.110 -                     :     - INFO  : Tx    123    28 ED 00 E0 00 C0 00 08  (.......
0:00:04.110 -                     :     - INFO  : Tx    123    29 A0 34 01 08 A4 20 00  ).4... .
0:00:04.110 -                     :     - INFO  : Tx    123    2A 20 18 27 00 20 1C 27  * .'. .'
0:00:04.110 -                     :     - INFO  : Tx    123    2B 00 20 48 27 00 20 00  +. H'. .
0:00:04.110 -                     :     - INFO  : Tx    123    2C 10 01 40 80 B5 90 B0  ,..@....
0:00:04.110 -                     :     - INFO  : Tx    123    2D 00 AF 07 F1 18 03 28  -......(
0:00:04.110 -                     :     - INFO  : Tx    123    2E 22 00 21 18 46 FC F7  .".!.F..
0:00:04.110 -                     :     - INFO  : Tx    123    2F E7 FF 3B 1D 00 22 1A  /..;..".
0:00:04.110 -                     :     - INFO  : Tx    123    20 60 5A 60 9A 60 DA 60   `Z`.`.`
0:00:04.110 -                     :     - INFO  : Tx    123    21 1A 61 0A 23 BB 61 01  !.a.#.a.
0:00:04.110 -                     :     - INFO  : Tx    123    22 23 BB 62 10 23 FB 62  "#.b.#.b
0:00:04.110 -                     :     - INFO  : Tx    123    23 01 23 3B 63 02 23 7B  #.#;c.#{
0:00:04.110 -                     :     - INFO  : Tx    123    24 63 00 23 BB 63 4F F4  $c.#.cO.
0:00:04.110 -                     :     - INFO  : Tx    123    25 E0 13 FB 63 07 F1 18  %...c...
0:00:04.110 -                     :     - INFO  : Tx    123    26 03 18 46 01 F0 F5 F9  &..F....
0:00:04.110 -                     :     - INFO  : Tx    123    27 03 46 00 2B 01 D0 00  '.F.+...
0:00:04.110 -                     :     - INFO  : Tx    123    28 F0 18 F8 0F 23 7B 60  (....#{`
0:00:04.110 -                     :     - INFO  : Tx    123    29 02 23 BB 60 00 23 FB  ).#.`.#.
0:00:04.110 -                     :     - INFO  : Tx    123    2A 60 00 23 3B 61 00 23  *`.#;a.#
0:00:04.110 -                     :     - INFO  : Tx    123    2B 7B 61 3B 1D 02 21 18  +{a;..!.
0:00:04.110 -                     :     - INFO  : Tx    123    2C 46 01 F0 63 FC 03 46  ,F..c..F
0:00:04.110 -                     :     - INFO  : Tx    123    2D 00 2B 01 D0 00 F0 04  -.+.....
0:00:04.110 -                     :     - INFO  : Tx    123    2E F8 00 BF 40 37 BD 46  ....@7.F
0:00:04.110 -                     :     - INFO  : Tx    123    2F 80 BD 80 B4 00 AF 72  /......r
0:00:04.110 -                     :     - INFO  : Tx    123    20 B6 00 BF 00 BF FD E7   .......
0:00:04.110 -                     :     - INFO  : Tx    123    21 80 B5 82 B0 00 AF 78  !......x
0:00:04.110 -                     :     - INFO  : Tx    123    22 60 0E 4B 1B 68 0E 4A  "`.K.h.J
0:00:04.110 -                     :     - INFO  : Tx    123    23 A2 FB 03 23 9B 09 18  #...#...
0:00:04.110 -                     :     - INFO  : Tx    123    24 46 02 F0 4E FB 03 46  $F..N..F
0:00:04.110 -                     :     - INFO  : Tx    123    25 00 2B 01 D0 01 23 0B  %.+...#.
0:00:04.110 -                     :     - INFO  : Tx    123    26 E0 7B 68 0F 2B 07 D8  &.{h.+..
0:00:04.110 -                     :     - INFO  : Tx    123    27 00 22 79 68 4F F0 FF  '."yhO..
0:00:04.110 -                     :     - INFO  : Tx    123    28 30 02 F0 16 FB 00 23  (0.....#
0:00:04.110 -                     :     - INFO  : Tx    123    29 00 E0 01 23 18 46 08  )...#.F.
0:00:04.110 -                     :     - INFO  : Tx    123    2A 37 BD 46 80 BD BC 20  *7.F... 
0:00:04.110 -                     :     - INFO  : Tx    123    2B 00 20 D3 4D 62 10 80  +. .Mb..
0:00:04.110 -                     :     - INFO  : Tx    123    2C B5 86 B0 00 AF 07 F1  ,.......
0:00:04.110 -                     :     - INFO  : Tx    123    2D 08 03 00 22 1A 60 5A  -...".`Z
0:00:04.110 -                     :     - INFO  : Tx    123    2E 60 9A 60 DA 60 17 4B  .`.`.`.K
0:00:04.110 -                     :     - INFO  : Tx    123    2F 9B 69 16 4A 43 F0 10  /.i.JC..
0:00:04.110 -                     :     - INFO  : Tx    123    20 03 93 61 14 4B 9B 69   ..a.K.i
0:00:04.110 -                     :     - INFO  : Tx    123    21 03 F0 10 03 7B 60 7B  !....{`{
0:00:04.110 -                     :     - INFO  : Tx    123    22 68 11 4B 9B 69 10 4A  "h.K.i.J
0:00:04.110 -                     :     - INFO  : Tx    123    23 43 F0 04 03 93 61 0E  #C....a.
0:00:04.110 -                     :     - INFO  : Tx    123    24 4B 9B 69 03 F0 04 03  $K.i....
0:00:04.110 -                     :     - INFO  : Tx    123    25 3B 60 3B 68 00 22 01  %;`;h.".
0:00:04.110 -                     :     - INFO  : Tx    123    26 21 0B 48 01 F0 29 FF  &!.H..).
0:00:04.110 -                     :     - INFO  : Tx    123    27 01 23 BB 60 01 23 FB  '.#.`.#.
0:00:04.110 -                     :     - INFO  : Tx    123    28 60 00 23 3B 61 02 23  (`.#;a.#
0:00:04.110 -                     :     - INFO  : Tx    123    29 7B 61 07 F1 08 03 19  ){a.....
0:00:04.110 -                     :     - INFO  : Tx    123    2A 46 04 48 01 F0 87 FD  *F.H....
0:00:04.110 -                     :     - INFO  : Tx    123    2B 00 BF 18 37 BD 46 80  +...7.F.
0:00:04.110 -                     :     - INFO  : Tx    123    2C BD 00 BF 00 10 02 40  ,......@
0:00:04.110 -                     :     - INFO  : Tx    123    2D 00 10 01 40 80 B5 00  -...@...
0:00:04.110 -                     :     - INFO  : Tx    123    2E AF 18 4B 19 4A 1A 60  ...K.J.`
0:00:04.110 -                     :     - INFO  : Tx    123    2F 17 4B 09 22 5A 60 15  /.K."Z`.
0:00:04.110 -                     :     - INFO  : Tx    123    20 4B 00 22 9A 60 14 4B   K.".`.K
0:00:04.110 -                     :     - INFO  : Tx    123    21 00 22 DA 60 12 4B 4F  !.".`.KO
0:00:04.110 -                     :     - INFO  : Tx    123    22 F4 A0 22 1A 61 10 4B  "..".a.K
0:00:04.110 -                     :     - INFO  : Tx    123    23 00 22 5A 61 0F 4B 00  #."Za.K.
0:00:04.110 -                     :     - INFO  : Tx    123    24 22 1A 76 0D 4B 01 22  $".v.K."
0:00:04.110 -                     :     - INFO  : Tx    123    25 5A 76 0C 4B 00 22 9A  %Zv.K.".
0:00:04.110 -                     :     - INFO  : Tx    123    26 76 0A 4B 01 22 DA 76  &v.K.".v
0:00:04.110 -                     :     - INFO  : Tx    123    27 09 4B 00 22 1A 77 07  '.K.".w.
0:00:04.110 -                     :     - INFO  : Tx    123    28 4B 00 22 5A 77 06 48  (K."Zw.H
0:00:04.110 -                     :     - INFO  : Tx    123    29 00 F0 7A FA 03 46 00  )..z..F.
0:00:04.110 -                     :     - INFO  : Tx    123    2A 2B 01 D0 FF F7 67 FF  *+....g.
0:00:04.110 -                     :     - INFO  : Tx    123    2B 00 F0 63 F8 00 BF 80  +..c....
0:00:04.110 -                     :     - INFO  : Tx    123    2C BD 00 BF 20 27 00 20  ,... '. 
0:00:04.110 -                     :     - INFO  : Tx    123    2D 00 64 00 40 80 B5 88  -.d.@...
0:00:04.110 -                     :     - INFO  : Tx    123    2E B0 00 AF 78 60 07 F1  ....x`..
0:00:04.110 -                     :     - INFO  : Tx    123    2F 10 03 00 22 1A 60 5A  /...".`Z
0:00:04.110 -                     :     - INFO  : Tx    123    20 60 9A 60 DA 60 7B 68   `.`.`{h
0:00:04.110 -                     :     - INFO  : Tx    123    21 1B 68 24 4A 93 42 41  !.h$J.BA
0:00:04.110 -                     :     - INFO  : Tx    123    22 D1 23 4B DB 69 22 4A  ".#K.i"J
0:00:04.110 -                     :     - INFO  : Tx    123    23 43 F0 00 73 D3 61 20  #C..s.a 
0:00:04.110 -                     :     - INFO  : Tx    123    24 4B DB 69 03 F0 00 73  $K.i...s
0:00:04.110 -                     :     - INFO  : Tx    123    25 FB 60 FB 68 1D 4B 9B  %.`.h.K.
0:00:04.110 -                     :     - INFO  : Tx    123    26 69 1C 4A 43 F0 04 03  &i.JC...
0:00:04.110 -                     :     - INFO  : Tx    123    27 93 61 1A 4B 9B 69 03  '.a.K.i.
0:00:04.110 -                     :     - INFO  : Tx    123    28 F0 04 03 BB 60 BB 68  (....`.h
0:00:04.110 -                     :     - INFO  : Tx    123    29 4F F4 00 63 3B 61 00  )O..c;a.
0:00:04.110 -                     :     - INFO  : Tx    123    2A 23 7B 61 00 23 BB 61  *#{a.#.a
0:00:04.110 -                     :     - INFO  : Tx    123    2B 07 F1 10 03 19 46 13  +.....F.
0:00:04.110 -                     :     - INFO  : Tx    123    2C 48 01 F0 11 FD 4F F4  ,H....O.
0:00:04.110 -                     :     - INFO  : Tx    123    2D 80 53 3B 61 02 23 7B  -.S;a.#{
0:00:04.110 -                     :     - INFO  : Tx    123    2E 61 03 23 FB 61 07 F1  .a.#.a..
0:00:04.110 -                     :     - INFO  : Tx    123    2F 10 03 19 46 0D 48 01  /...F.H.
0:00:04.110 -                     :     - INFO  : Tx    123    20 F0 04 FD 00 22 00 21   ....".!
0:00:04.110 -                     :     - INFO  : Tx    123    21 14 20 02 F0 4E FA 14  !. ..N..
0:00:04.110 -                     :     - INFO  : Tx    123    22 20 02 F0 67 FA 00 22  " ..g.."
0:00:04.110 -                     :     - INFO  : Tx    123    23 00 21 15 20 02 F0 46  #.!. ..F
0:00:04.110 -                     :     - INFO  : Tx    123    24 FA 15 20 02 F0 5F FA  $.. .._.
0:00:04.110 -                     :     - INFO  : Tx    123    25 00 BF 20 37 BD 46 80  %.. 7.F.
0:00:04.110 -                     :     - INFO  : Tx    123    26 BD 00 64 00 40 00 10  &..d.@..
0:00:04.110 -                     :     - INFO  : Tx    123    27 02 40 00 08 01 40 80  '.@...@.
0:00:04.110 -                     :     - INFO  : Tx    123    28 B5 8A B0 00 AF 00 23  (......#
0:00:04.110 -                     :     - INFO  : Tx    123    29 7B 61 00 23 BB 61 01  ){a.#.a.
0:00:04.110 -                     :     - INFO  : Tx    123    2A 23 FB 61 00 23 3B 60  *#.a.#;`
0:00:04.110 -                     :     - INFO  : Tx    123    2B 00 23 7B 60 00 23 BB  +.#{`.#.
0:00:04.110 -                     :     - INFO  : Tx    123    2C 60 00 23 FB 60 00 23  ,`.#.`.#
0:00:04.110 -                     :     - INFO  : Tx    123    2D 3B 61 01 23 3B 62 0E  -;a.#;b.
0:00:04.110 -                     :     - INFO  : Tx    123    2E 23 7B 62 3B 46 19 46  .#{b;F.F
0:00:04.110 -                     :     - INFO  : Tx    123    2F 0E 48 00 F0 EF FA 03  /.H.....
0:00:04.110 -                     :     - INFO  : Tx    123    20 46 00 2B 01 D0 FF F7   F.+....
0:00:04.110 -                     :     - INFO  : Tx    123    21 E1 FE 0A 48 00 F0 B0  !...H...
0:00:04.110 -                     :     - INFO  : Tx    123    22 FB 03 46 00 2B 01 D0  "..F.+..
0:00:04.110 -                     :     - INFO  : Tx    123    23 FF F7 D9 FE 02 21 05  #.....!.
0:00:04.110 -                     :     - INFO  : Tx    123    24 48 00 F0 0F FE 03 46  $H.....F
0:00:04.110 -                     :     - INFO  : Tx    123    25 00 2B 01 D0 FF F7 D0  %.+.....
0:00:04.110 -                     :     - INFO  : Tx    123    26 FE 00 BF 28 37 BD 46  &...(7.F
0:00:04.110 -                     :     - INFO  : Tx    123    27 80 BD 20 27 00 20 80  '.. '. .
0:00:04.110 -                     :     - INFO  : Tx    123    28 B5 8C B0 00 AF F8 60  (......`
0:00:04.110 -                     :     - INFO  : Tx    123    29 B9 60 7A 60 FB 68 00  ).`z`.h.
0:00:04.110 -                     :     - INFO  : Tx    123    2A 2B 05 D0 BB 68 00 2B  *+...h.+
0:00:04.110 -                     :     - INFO  : Tx    123    2B 02 D0 7B 68 00 2B 01  +..{h.+.
0:00:04.110 -                     :     - INFO  : Tx    123    2C D1 00 23 13 E0 07 F1  ,..#....
0:00:04.110 -                     :     - INFO  : Tx    123    2D 14 02 BB 68 00 21 0A  -...h.!.
0:00:04.110 -                     :     - INFO  : Tx    123    2E 48 00 F0 CB FC 03 46  .H.....F
0:00:04.110 -                     :     - INFO  : Tx    123    2F 00 2B 01 D0 00 23 07  /.+...#.
0:00:04.110 -                     :     - INFO  : Tx    123    20 E0 7A 69 FB 68 1A 60   .zi.h.`
0:00:04.110 -                     :     - INFO  : Tx    123    21 7B 6A DA B2 AA AA AA  !{j.....
0:00:04.203 -                     :     - INFO  : Rx    122    02 76 0E AA AA AA AA AA  .v......
0:00:04.203 -                     :     - INFO  : ISO TP message (single frame): 02760EAAAAAAAAAA
0:00:04.203 -                     :     - INFO  : size: 0x2(2)
0:00:04.203 -                     :     - INFO  : data: 76 0E
0:00:04.203 -                     :     - PASS  : TransferData positive response | expected: 76 ... | received: 76 0E
0:00:04.203 -                     :     - INFO  : TransferData seq 14 confirmed
0:00:04.219 -                     :     - INFO  : Tx    123    13 FA 36 0F 7B 68 1A 70  ..6.{h.p
0:00:04.219 -                     :     - INFO  : ISO TP message (first frame): 13FA360F7B681A70
0:00:04.219 -                     :     - INFO  : size: 0x3fa(1018)
0:00:04.219 -                     :     - INFO  : data: 36 0F 7B 68 1A 70 01 23 18 46 30 37 BD 46 80 BD 00 BF 20 27 00 20 80 B5 8C B0 00 AF F8 60 B9 60 13 46 FB 71 FB 68 BB 61 00 23 FB 61 00 23 3B 62 00 23 7B 62 FB 79 BB 62 00 23 87 F8 2C 30 0D 48 00 F0 6C FC 03 46 00 2B 02 D1 01 20 01 F0 35 F8 07 F1 14 03 07 F1 18 01 BA 68 06 48 00 F0 8F FB 03 46 00 2B 01 D0 FF F7 74 FE 00 BF 18 46 30 37 BD 46 80 BD 00 BF 20 27 00 20 80 B5 88 B0 00 AF 78 60 07 F1 0F 02 07 F1 10 01 07 F1 18 03 18 46 FF F7 95 FF 03 46 01 2B 11 D1 BB 69 01 33 FB 61 FB 69 B3 F5 00 6F 02 D3 40 F2 FF 73 FB 61 BB 69 07 F1 10 01 08 22 18 46 FD F7 19 FD 00 E0 00 BF 20 37 BD 46 80 BD 80 B5 82 B0 00 AF 0C 4B 5B 69 0B 4A 43 F0 01 03 53 61 09 4B 5B 69 03 F0 01 03 7B 60 7B 68 00 22 00 21 0E 20 02 F0 69 F9 0E 20 02 F0 82 F9 00 BF 08 37 BD 46 80 BD 00 BF 00 10 02 40 80 B5 00 AF 09 4B 0A 4A 1A 60 08 4B 01 22 5A 60 06 4B 40 F6 C4 12 9A 60 04 48 02 F0 87 FB 03 46 00 2B 01 D0 FF F7 14 FE 00 BF 80 BD 48 27 00 20 00 30 00 40 80 B5 00 AF 11 4B 12 4A 1A 60 10 4B 4F F4 E1 32 5A 60 0E 4B 00 22 9A 60 0C 4B 00 22 DA 60 0B 4B 00 22 1A 61 09 4B 0C 22 5A 61 08 4B 00 22 9A 61 06 4B 00 22 DA 61 05 48 02 F0 B1 FB 03 46 00 2B 01 D0 FF F7 EB FD 00 BF 80 BD 00 BF 54 27 00 20 00 38 01 40 80 B5 88 B0 00 AF 78 60 07 F1 10 03 00 22 1A 60 5A 60 9A 60 DA 60 7B 68 1B 68 2F 4A 93 42 57 D1 2E 4B 9B 69 2D 4A 43 F4 80 43 93 61 2B 4B 9B 69 03 F4 80 43 FB 60 FB 68 28 4B 9B 69 27 4A 43 F0 04 03 93 61 25 4B 9B 69 03 F0 04 03 BB 60 BB 68 4F F4 00 73 3B 61 02 23 7B 61 03 23 FB 61 07 F1 10 03 19 46 1E 48 01 F0 97 FB 4F F4 80 63 3B 61 00 23 7B 61 00 23 BB 61 07 F1 10 03 19 46 18 48 01 F0 8A FB 17 4B 18 4A 1A 60 16 4B 10 22 5A 60 14 4B 00 22 9A 60 13 4B 80 22 DA 60 11 4B 00 22 1A 61 10 4B 00 22 5A 61 0E 4B 00 22 9A 61 0D 4B 00 22 DA 61 0B 48 01 F0 35 FD 03 46 00 2B 01 D0 FF F7 82 FD 7B 68 07 4A 9A 63 06 4A 7B 68 53 62 00 BF 20 37 BD 46 80 BD 00 38 01 40 00 10 02 40 00 08 01 40 9C 27 00 20 44 00 02 40 80 B4 00 AF 00 BF FD E7 80 B4 00 AF 00 BF FD E7 80 B4 00 AF 00 BF FD E7 80 B4 00 AF 00 BF FD E7 80 B4 00 AF 00 BF FD E7 80 B4 00 AF 00 BF BD 46 80 BC 70 47 80 B4 00 AF 00 BF BD 46 80 BC 70 47 80 B4 00 AF 00 BF BD 46 80 BC 70 47 80 B5 00 AF 00 F0 DC FE 00 BF 80 BD 80 B5 00 AF 02 48 01 F0 61 FD 00 BF 80 BD 00 BF 9C 27 00 20 80 B5 00 AF 02 48 00 F0 92 FC 00 BF 80 BD 00 BF 20 27 00 20 80 B5 00 AF 02 48 00 F0 88 FC 00 BF 80 BD 00 BF 20 27 00 20 80 B4 85 B0 00 AF 15 4B 9B 69 14 4A 43 F0 01 03 93 61 12 4B 9B 69 03 F0 01 03 BB 60 BB 68 0F 4B DB 69 0E 4A 43 F0 80 53 D3 61 0C 4B DB 69 03 F0 80 53 7B 60 7B 68 0A 4B 5B 68 FB 60 FB 68 23 F0 E0 63 FB 60 FB 68 43 F0 00 73 FB 60 04 4A FB 68 53 60 00 BF 14 37 BD 46 80 BC 70 47 00 10 02 40 00 00 01 40 80 B5 84 B0 00 AF 78 60 7B 68 00 2B 01 D1 01 23 ED E0 7B 68 93 F8 20 30 DB B2 00 2B 02 D1 78 68 FF F7 82 FD 7B 68 1B 68 1A 68 7B 68 1B 68 42 F0 01 02 1A 60 00 F0 80 FE F8 60 12 E0 00 F0 7C FE 02 46 FB 68 D3 1A 0A 2B 0B D9 7B 68 5B 6A 43 F4 00 32 7B 68 5A 62 7B 68 05 22 83 F8 20 20 01 23 C5 E0 7B 68 1B 68 5B 68 03 F0 01 03 00 2B E5 D0 7B 68 1B 68 1A 68 7B 68 1B 68 22 F0 02 02 1A 60 00 F0 5A FE F8 60 12 E0 00 F0 56 FE
0:00:04.219 -                     :     - INFO  : Tx    123    21 01 23 18 46 30 37 BD  !.#.F07.
0:00:04.219 -                     :     - INFO  : Tx    123    22 46 80 BD 00 BF 20 27  "F.... '
0:00:04.219 -                     :     - INFO  : Tx    123    23 00 20 80 B5 8C B0 00  #. .....
0:00:04.219 -                     :     - INFO  : Tx    123    24 AF F8 60 B9 60 13 46  $..`.`.F
0:00:04.219 -                     :     - INFO  : Tx    123    25 FB 71 FB 68 BB 61 00  %.q.h.a.
0:00:04.219 -                     :     - INFO  : Tx    123    26 23 FB 61 00 23 3B 62  &#.a.#;b
0:00:04.219 -                     :     - INFO  : Tx    123    27 00 23 7B 62 FB 79 BB  '.#{b.y.
0:00:04.219 -                     :     - INFO  : Tx    123    28 62 00 23 87 F8 2C 30  (b.#..,0
0:00:04.219 -                     :     - INFO  : Tx    123    29 0D 48 00 F0 6C FC 03  ).H..l..
0:00:04.219 -                     :     - INFO  : Tx    123    2A 46 00 2B 02 D1 01 20  *F.+... 
0:00:04.219 -                     :     - INFO  : Tx    123    2B 01 F0 35 F8 07 F1 14  +..5....
0:00:04.219 -                     :     - INFO  : Tx    123    2C 03 07 F1 18 01 BA 68  ,......h
0:00:04.219 -                     :     - INFO  : Tx    123    2D 06 48 00 F0 8F FB 03  -.H.....
0:00:04.219 -                     :     - INFO  : Tx    123    2E 46 00 2B 01 D0 FF F7  .F.+....
0:00:04.219 -                     :     - INFO  : Tx    123    2F 74 FE 00 BF 18 46 30  /t....F0
0:00:04.219 -                     :     - INFO  : Tx    123    20 37 BD 46 80 BD 00 BF   7.F....
0:00:04.219 -                     :     - INFO  : Tx    123    21 20 27 00 20 80 B5 88  ! '. ...
0:00:04.219 -                     :     - INFO  : Tx    123    22 B0 00 AF 78 60 07 F1  "...x`..
0:00:04.219 -                     :     - INFO  : Tx    123    23 0F 02 07 F1 10 01 07  #.......
0:00:04.219 -                     :     - INFO  : Tx    123    24 F1 18 03 18 46 FF F7  $....F..
0:00:04.219 -                     :     - INFO  : Tx    123    25 95 FF 03 46 01 2B 11  %...F.+.
0:00:04.219 -                     :     - INFO  : Tx    123    26 D1 BB 69 01 33 FB 61  &..i.3.a
0:00:04.219 -                     :     - INFO  : Tx    123    27 FB 69 B3 F5 00 6F 02  '.i...o.
0:00:04.219 -                     :     - INFO  : Tx    123    28 D3 40 F2 FF 73 FB 61  (.@..s.a
0:00:04.219 -                     :     - INFO  : Tx    123    29 BB 69 07 F1 10 01 08  ).i.....
0:00:04.219 -                     :     - INFO  : Tx    123    2A 22 18 46 FD F7 19 FD  *".F....
0:00:04.219 -                     :     - INFO  : Tx    123    2B 00 E0 00 BF 20 37 BD  +.... 7.
0:00:04.219 -                     :     - INFO  : Tx    123    2C 46 80 BD 80 B5 82 B0  ,F......
0:00:04.219 -                     :     - INFO  : Tx    123    2D 00 AF 0C 4B 5B 69 0B  -...K[i.
0:00:04.219 -                     :     - INFO  : Tx    123    2E 4A 43 F0 01 03 53 61  .JC...Sa
0:00:04.219 -                     :     - INFO  : Tx    123    2F 09 4B 5B 69 03 F0 01  /.K[i...
0:00:04.219 -                     :     - INFO  : Tx    123    20 03 7B 60 7B 68 00 22   .{`{h."
0:00:04.219 -                     :     - INFO  : Tx    123    21 00 21 0E 20 02 F0 69  !.!. ..i
0:00:04.219 -                     :     - INFO  : Tx    123    22 F9 0E 20 02 F0 82 F9  ".. ....
0:00:04.219 -                     :     - INFO  : Tx    123    23 00 BF 08 37 BD 46 80  #...7.F.
0:00:04.219 -                     :     - INFO  : Tx    123    24 BD 00 BF 00 10 02 40  $......@
0:00:04.219 -                     :     - INFO  : Tx    123    25 80 B5 00 AF 09 4B 0A  %.....K.
0:00:04.219 -                     :     - INFO  : Tx    123    26 4A 1A 60 08 4B 01 22  &J.`.K."
0:00:04.219 -                     :     - INFO  : Tx    123    27 5A 60 06 4B 40 F6 C4  'Z`.K@..
0:00:04.219 -                     :     - INFO  : Tx    123    28 12 9A 60 04 48 02 F0  (..`.H..
0:00:04.219 -                     :     - INFO  : Tx    123    29 87 FB 03 46 00 2B 01  )...F.+.
0:00:04.219 -                     :     - INFO  : Tx    123    2A D0 FF F7 14 FE 00 BF  *.......
0:00:04.219 -                     :     - INFO  : Tx    123    2B 80 BD 48 27 00 20 00  +..H'. .
0:00:04.219 -                     :     - INFO  : Tx    123    2C 30 00 40 80 B5 00 AF  ,0.@....
0:00:04.219 -                     :     - INFO  : Tx    123    2D 11 4B 12 4A 1A 60 10  -.K.J.`.
0:00:04.219 -                     :     - INFO  : Tx    123    2E 4B 4F F4 E1 32 5A 60  .KO..2Z`
0:00:04.219 -                     :     - INFO  : Tx    123    2F 0E 4B 00 22 9A 60 0C  /.K.".`.
0:00:04.219 -                     :     - INFO  : Tx    123    20 4B 00 22 DA 60 0B 4B   K.".`.K
0:00:04.219 -                     :     - INFO  : Tx    123    21 00 22 1A 61 09 4B 0C  !.".a.K.
0:00:04.219 -                     :     - INFO  : Tx    123    22 22 5A 61 08 4B 00 22  ""Za.K."
0:00:04.219 -                     :     - INFO  : Tx    123    23 9A 61 06 4B 00 22 DA  #.a.K.".
0:00:04.219 -                     :     - INFO  : Tx    123    24 61 05 48 02 F0 B1 FB  $a.H....
0:00:04.219 -                     :     - INFO  : Tx    123    25 03 46 00 2B 01 D0 FF  %.F.+...
0:00:04.219 -                     :     - INFO  : Tx    123    26 F7 EB FD 00 BF 80 BD  &.......
0:00:04.219 -                     :     - INFO  : Tx    123    27 00 BF 54 27 00 20 00  '..T'. .
0:00:04.219 -                     :     - INFO  : Tx    123    28 38 01 40 80 B5 88 B0  (8.@....
0:00:04.219 -                     :     - INFO  : Tx    123    29 00 AF 78 60 07 F1 10  )..x`...
0:00:04.219 -                     :     - INFO  : Tx    123    2A 03 00 22 1A 60 5A 60  *..".`Z`
0:00:04.219 -                     :     - INFO  : Tx    123    2B 9A 60 DA 60 7B 68 1B  +.`.`{h.
0:00:04.219 -                     :     - INFO  : Tx    123    2C 68 2F 4A 93 42 57 D1  ,h/J.BW.
0:00:04.219 -                     :     - INFO  : Tx    123    2D 2E 4B 9B 69 2D 4A 43  -.K.i-JC
0:00:04.219 -                     :     - INFO  : Tx    123    2E F4 80 43 93 61 2B 4B  ...C.a+K
0:00:04.219 -                     :     - INFO  : Tx    123    2F 9B 69 03 F4 80 43 FB  /.i...C.
0:00:04.219 -                     :     - INFO  : Tx    123    20 60 FB 68 28 4B 9B 69   `.h(K.i
0:00:04.219 -                     :     - INFO  : Tx    123    21 27 4A 43 F0 04 03 93  !'JC....
0:00:04.219 -                     :     - INFO  : Tx    123    22 61 25 4B 9B 69 03 F0  "a%K.i..
0:00:04.219 -                     :     - INFO  : Tx    123    23 04 03 BB 60 BB 68 4F  #...`.hO
0:00:04.219 -                     :     - INFO  : Tx    123    24 F4 00 73 3B 61 02 23  $..s;a.#
0:00:04.219 -                     :     - INFO  : Tx    123    25 7B 61 03 23 FB 61 07  %{a.#.a.
0:00:04.219 -                     :     - INFO  : Tx    123    26 F1 10 03 19 46 1E 48  &....F.H
0:00:04.219 -                     :     - INFO  : Tx    123    27 01 F0 97 FB 4F F4 80  '....O..
0:00:04.219 -                     :     - INFO  : Tx    123    28 63 3B 61 00 23 7B 61  (c;a.#{a
0:00:04.219 -                     :     - INFO  : Tx    123    29 00 23 BB 61 07 F1 10  ).#.a...
0:00:04.219 -                     :     - INFO  : Tx    123    2A 03 19 46 18 48 01 F0  *..F.H..
0:00:04.219 -                     :     - INFO  : Tx    123    2B 8A FB 17 4B 18 4A 1A  +...K.J.
0:00:04.219 -                     :     - INFO  : Tx    123    2C 60 16 4B 10 22 5A 60  ,`.K."Z`
0:00:04.219 -                     :     - INFO  : Tx    123    2D 14 4B 00 22 9A 60 13  -.K.".`.
0:00:04.219 -                     :     - INFO  : Tx    123    2E 4B 80 22 DA 60 11 4B  .K.".`.K
0:00:04.219 -                     :     - INFO  : Tx    123    2F 00 22 1A 61 10 4B 00  /.".a.K.
0:00:04.219 -                     :     - INFO  : Tx    123    20 22 5A 61 0E 4B 00 22   "Za.K."
0:00:04.219 -                     :     - INFO  : Tx    123    21 9A 61 0D 4B 00 22 DA  !.a.K.".
0:00:04.219 -                     :     - INFO  : Tx    123    22 61 0B 48 01 F0 35 FD  "a.H..5.
0:00:04.219 -                     :     - INFO  : Tx    123    23 03 46 00 2B 01 D0 FF  #.F.+...
0:00:04.219 -                     :     - INFO  : Tx    123    24 F7 82 FD 7B 68 07 4A  $...{h.J
0:00:04.219 -                     :     - INFO  : Tx    123    25 9A 63 06 4A 7B 68 53  %.c.J{hS
0:00:04.219 -                     :     - INFO  : Tx    123    26 62 00 BF 20 37 BD 46  &b.. 7.F
0:00:04.219 -                     :     - INFO  : Tx    123    27 80 BD 00 38 01 40 00  '...8.@.
0:00:04.219 -                     :     - INFO  : Tx    123    28 10 02 40 00 08 01 40  (..@...@
0:00:04.219 -                     :     - INFO  : Tx    123    29 9C 27 00 20 44 00 02  ).'. D..
0:00:04.219 -                     :     - INFO  : Tx    123    2A 40 80 B4 00 AF 00 BF  *@......
0:00:04.219 -                     :     - INFO  : Tx    123    2B FD E7 80 B4 00 AF 00  +.......
0:00:04.219 -                     :     - INFO  : Tx    123    2C BF FD E7 80 B4 00 AF  ,.......
0:00:04.219 -                     :     - INFO  : Tx    123    2D 00 BF FD E7 80 B4 00  -.......
0:00:04.219 -                     :     - INFO  : Tx    123    2E AF 00 BF FD E7 80 B4  ........
0:00:04.219 -                     :     - INFO  : Tx    123    2F 00 AF 00 BF FD E7 80  /.......
0:00:04.219 -                     :     - INFO  : Tx    123    20 B4 00 AF 00 BF BD 46   ......F
0:00:04.219 -                     :     - INFO  : Tx    123    21 80 BC 70 47 80 B4 00  !..pG...
0:00:04.219 -                     :     - INFO  : Tx    123    22 AF 00 BF BD 46 80 BC  "....F..
0:00:04.219 -                     :     - INFO  : Tx    123    23 70 47 80 B4 00 AF 00  #pG.....
0:00:04.219 -                     :     - INFO  : Tx    123    24 BF BD 46 80 BC 70 47  $..F..pG
0:00:04.219 -                     :     - INFO  : Tx    123    25 80 B5 00 AF 00 F0 DC  %.......
0:00:04.219 -                     :     - INFO  : Tx    123    26 FE 00 BF 80 BD 80 B5  &.......
0:00:04.219 -                     :     - INFO  : Tx    123    27 00 AF 02 48 01 F0 61  '...H..a
0:00:04.219 -                     :     - INFO  : Tx    123    28 FD 00 BF 80 BD 00 BF  (.......
0:00:04.219 -                     :     - INFO  : Tx    123    29 9C 27 00 20 80 B5 00  ).'. ...
0:00:04.219 -                     :     - INFO  : Tx    123    2A AF 02 48 00 F0 92 FC  *..H....
0:00:04.219 -                     :     - INFO  : Tx    123    2B 00 BF 80 BD 00 BF 20  +...... 
0:00:04.219 -                     :     - INFO  : Tx    123    2C 27 00 20 80 B5 00 AF  ,'. ....
0:00:04.219 -                     :     - INFO  : Tx    123    2D 02 48 00 F0 88 FC 00  -.H.....
0:00:04.219 -                     :     - INFO  : Tx    123    2E BF 80 BD 00 BF 20 27  ...... '
0:00:04.219 -                     :     - INFO  : Tx    123    2F 00 20 80 B4 85 B0 00  /. .....
0:00:04.219 -                     :     - INFO  : Tx    123    20 AF 15 4B 9B 69 14 4A   ..K.i.J
0:00:04.219 -                     :     - INFO  : Tx    123    21 43 F0 01 03 93 61 12  !C....a.
0:00:04.219 -                     :     - INFO  : Tx    123    22 4B 9B 69 03 F0 01 03  "K.i....
0:00:04.219 -                     :     - INFO  : Tx    123    23 BB 60 BB 68 0F 4B DB  #.`.h.K.
0:00:04.219 -                     :     - INFO  : Tx    123    24 69 0E 4A 43 F0 80 53  $i.JC..S
0:00:04.219 -                     :     - INFO  : Tx    123    25 D3 61 0C 4B DB 69 03  %.a.K.i.
0:00:04.219 -                     :     - INFO  : Tx    123    26 F0 80 53 7B 60 7B 68  &..S{`{h
0:00:04.219 -                     :     - INFO  : Tx    123    27 0A 4B 5B 68 FB 60 FB  '.K[h.`.
0:00:04.219 -                     :     - INFO  : Tx    123    28 68 23 F0 E0 63 FB 60  (h#..c.`
0:00:04.219 -                     :     - INFO  : Tx    123    29 FB 68 43 F0 00 73 FB  ).hC..s.
0:00:04.219 -                     :     - INFO  : Tx    123    2A 60 04 4A FB 68 53 60  *`.J.hS`
0:00:04.219 -                     :     - INFO  : Tx    123    2B 00 BF 14 37 BD 46 80  +...7.F.
0:00:04.219 -                     :     - INFO  : Tx    123    2C BC 70 47 00 10 02 40  ,.pG...@
0:00:04.219 -                     :     - INFO  : Tx    123    2D 00 00 01 40 80 B5 84  -...@...
0:00:04.219 -                     :     - INFO  : Tx    123    2E B0 00 AF 78 60 7B 68  ....x`{h
0:00:04.219 -                     :     - INFO  : Tx    123    2F 00 2B 01 D1 01 23 ED  /.+...#.
0:00:04.219 -                     :     - INFO  : Tx    123    20 E0 7B 68 93 F8 20 30   .{h.. 0
0:00:04.219 -                     :     - INFO  : Tx    123    21 DB B2 00 2B 02 D1 78  !...+..x
0:00:04.219 -                     :     - INFO  : Tx    123    22 68 FF F7 82 FD 7B 68  "h....{h
0:00:04.219 -                     :     - INFO  : Tx    123    23 1B 68 1A 68 7B 68 1B  #.h.h{h.
0:00:04.219 -                     :     - INFO  : Tx    123    24 68 42 F0 01 02 1A 60  $hB....`
0:00:04.219 -                     :     - INFO  : Tx    123    25 00 F0 80 FE F8 60 12  %.....`.
0:00:04.219 -                     :     - INFO  : Tx    123    26 E0 00 F0 7C FE 02 46  &...|..F
0:00:04.219 -                     :     - INFO  : Tx    123    27 FB 68 D3 1A 0A 2B 0B  '.h...+.
0:00:04.219 -                     :     - INFO  : Tx    123    28 D9 7B 68 5B 6A 43 F4  (.{h[jC.
0:00:04.219 -                     :     - INFO  : Tx    123    29 00 32 7B 68 5A 62 7B  ).2{hZb{
0:00:04.219 -                     :     - INFO  : Tx    123    2A 68 05 22 83 F8 20 20  *h."..  
0:00:04.219 -                     :     - INFO  : Tx    123    2B 01 23 C5 E0 7B 68 1B  +.#..{h.
0:00:04.219 -                     :     - INFO  : Tx    123    2C 68 5B 68 03 F0 01 03  ,h[h....
0:00:04.219 -                     :     - INFO  : Tx    123    2D 00 2B E5 D0 7B 68 1B  -.+..{h.
0:00:04.219 -                     :     - INFO  : Tx    123    2E 68 1A 68 7B 68 1B 68  .h.h{h.h
0:00:04.219 -                     :     - INFO  : Tx    123    2F 22 F0 02 02 1A 60 00  /"....`.
0:00:04.219 -                     :     - INFO  : Tx    123    20 F0 5A FE F8 60 12 E0   .Z..`..
0:00:04.219 -                     :     - INFO  : Tx    123    21 00 F0 56 FE AA AA AA  !..V....
0:00:04.313 -                     :     - INFO  : Rx    122    02 76 0F AA AA AA AA AA  .v......
0:00:04.313 -                     :     - INFO  : ISO TP message (single frame): 02760FAAAAAAAAAA
0:00:04.313 -                     :     - INFO  : size: 0x2(2)
0:00:04.313 -                     :     - INFO  : data: 76 0F
0:00:04.313 -                     :     - PASS  : TransferData positive response | expected: 76 ... | received: 76 0F
0:00:04.313 -                     :     - INFO  : TransferData seq 15 confirmed
0:00:04.328 -                     :     - INFO  : Tx    123    13 FA 36 10 02 46 FB 68  ..6..F.h
0:00:04.328 -                     :     - INFO  : ISO TP message (first frame): 13FA36100246FB68
0:00:04.328 -                     :     - INFO  : size: 0x3fa(1018)
0:00:04.328 -                     :     - INFO  : data: 36 10 02 46 FB 68 D3 1A 0A 2B 0B D9 7B 68 5B 6A 43 F4 00 32 7B 68 5A 62 7B 68 05 22 83 F8 20 20 01 23 9F E0 7B 68 1B 68 5B 68 03 F0 02 03 00 2B E5 D1 7B 68 1B 7E 01 2B 08 D1 7B 68 1B 68 1A 68 7B 68 1B 68 42 F0 80 02 1A 60 07 E0 7B 68 1B 68 1A 68 7B 68 1B 68 22 F0 80 02 1A 60 7B 68 5B 7E 01 2B 08 D1 7B 68 1B 68 1A 68 7B 68 1B 68 42 F0 40 02 1A 60 07 E0 7B 68 1B 68 1A 68 7B 68 1B 68 22 F0 40 02 1A 60 7B 68 9B 7E 01 2B 08 D1 7B 68 1B 68 1A 68 7B 68 1B 68 42 F0 20 02 1A 60 07 E0 7B 68 1B 68 1A 68 7B 68 1B 68 22 F0 20 02 1A 60 7B 68 DB 7E 01 2B 08 D1 7B 68 1B 68 1A 68 7B 68 1B 68 22 F0 10 02 1A 60 07 E0 7B 68 1B 68 1A 68 7B 68 1B 68 42 F0 10 02 1A 60 7B 68 1B 7F 01 2B 08 D1 7B 68 1B 68 1A 68 7B 68 1B 68 42 F0 08 02 1A 60 07 E0 7B 68 1B 68 1A 68 7B 68 1B 68 22 F0 08 02 1A 60 7B 68 5B 7F 01 2B 08 D1 7B 68 1B 68 1A 68 7B 68 1B 68 42 F0 04 02 1A 60 07 E0 7B 68 1B 68 1A 68 7B 68 1B 68 22 F0 04 02 1A 60 7B 68 9A 68 7B 68 DB 68 1A 43 7B 68 1B 69 1A 43 7B 68 5B 69 42 EA 03 01 7B 68 5B 68 5A 1E 7B 68 1B 68 0A 43 DA 61 7B 68 00 22 5A 62 7B 68 01 22 83 F8 20 20 00 23 18 46 10 37 BD 46 80 BD 80 B4 87 B0 00 AF 78 60 39 60 7B 68 1B 68 7B 61 7B 68 93 F8 20 30 FB 74 FB 7C 01 2B 03 D0 FB 7C 02 2B 40 F0 AA 80 7B 69 D3 F8 00 32 43 F0 01 02 7B 69 C3 F8 00 22 3B 68 5B 69 03 F0 1F 03 01 22 02 FA 03 F3 FB 60 7B 69 D3 F8 1C 22 FB 68 DB 43 1A 40 7B 69 C3 F8 1C 22 3B 68 DB 69 00 2B 23 D1 7B 69 D3 F8 0C 22 FB 68 DB 43 1A 40 7B 69 C3 F8 0C 22 3B 68 DB 68 19 04 3B 68 5B 68 9B B2 3A 68 52 69 19 43 7B 69 48 32 43 F8 32 10 3B 68 9B 68 19 04 3B 68 1B 68 9A B2 3B 68 5B 69 0A 43 79 69 48 33 DB 00 0B 44 5A 60 3B 68 DB 69 01 2B 22 D1 7B 69 D3 F8 0C 22 FB 68 1A 43 7B 69 C3 F8 0C 22 3B 68 1B 68 19 04 3B 68 5B 68 9B B2 3A 68 52 69 19 43 7B 69 48 32 43 F8 32 10 3B 68 9B 68 19 04 3B 68 DB 68 9A B2 3B 68 5B 69 0A 43 79 69 48 33 DB 00 0B 44 5A 60 3B 68 9B 69 00 2B 09 D1 7B 69 D3 F8 04 22 FB 68 DB 43 1A 40 7B 69 C3 F8 04 22 07 E0 7B 69 D3 F8 04 22 FB 68 1A 43 7B 69 C3 F8 04 22 3B 68 1B 69 00 2B 09 D1 7B 69 D3 F8 14 22 FB 68 DB 43 1A 40 7B 69 C3 F8 14 22 07 E0 7B 69 D3 F8 14 22 FB 68 1A 43 7B 69 C3 F8 14 22 3B 68 1B 6A 01 2B 07 D1 7B 69 D3 F8 1C 22 FB 68 1A 43 7B 69 C3 F8 1C 22 7B 69 D3 F8 00 32 23 F0 01 02 7B 69 C3 F8 00 22 00 23 06 E0 7B 68 5B 6A 43 F4 80 22 7B 68 5A 62 01 23 18 46 1C 37 BD 46 80 BC 70 47 80 B5 84 B0 00 AF 78 60 7B 68 93 F8 20 30 DB B2 01 2B 2E D1 7B 68 02 22 83 F8 20 20 7B 68 1B 68 1A 68 7B 68 1B 68 22 F0 01 02 1A 60 00 F0 C0 FC F8 60 12 E0 00 F0 BC FC 02 46 FB 68 D3 1A 0A 2B 0B D9 7B 68 5B 6A 43 F4 00 32 7B 68 5A 62 7B 68 05 22 83 F8 20 20 01 23 12 E0 7B 68 1B 68 5B 68 03 F0 01 03 00 2B E5 D1 7B 68 00 22 5A 62 00 23 06 E0 7B 68 5B 6A 43 F4 00 22 7B 68 5A 62 01 23 18 46 10 37 BD 46 80 BD 80 B4 89 B0 00 AF F8 60 B9 60 7A 60 3B 60 FB 68 93 F8 20 30 FB 77 FB 68 1B 68 9B 68 BB 61 FB 7F 01 2B 03 D0 FB 7F 02 2B 40 F0 AD 80 BB 69 03 F0 80 63 00 2B 0A D1 BB 69 03 F0 00 63 00 2B 05 D1 BB 69 03 F0 80 53 00 2B 00 F0 95 80 BB 69 1B 0E 03 F0 03 03 7B 61 01 22 7B 69 9A 40 3B 68 1A 60 BB 68 9B 68 00 2B 0D D1 BB 68 1B 68 5A 05 BB 68 DB 68 F9 68
0:00:04.328 -                     :     - INFO  : Tx    123    21 D3 1A 0A 2B 0B D9 7B  !...+..{
0:00:04.328 -                     :     - INFO  : Tx    123    22 68 5B 6A 43 F4 00 32  "h[jC..2
0:00:04.328 -                     :     - INFO  : Tx    123    23 7B 68 5A 62 7B 68 05  #{hZb{h.
0:00:04.328 -                     :     - INFO  : Tx    123    24 22 83 F8 20 20 01 23  $"..  .#
0:00:04.328 -                     :     - INFO  : Tx    123    25 9F E0 7B 68 1B 68 5B  %..{h.h[
0:00:04.328 -                     :     - INFO  : Tx    123    26 68 03 F0 02 03 00 2B  &h.....+
0:00:04.328 -                     :     - INFO  : Tx    123    27 E5 D1 7B 68 1B 7E 01  '..{h.~.
0:00:04.328 -                     :     - INFO  : Tx    123    28 2B 08 D1 7B 68 1B 68  (+..{h.h
0:00:04.328 -                     :     - INFO  : Tx    123    29 1A 68 7B 68 1B 68 42  ).h{h.hB
0:00:04.328 -                     :     - INFO  : Tx    123    2A F0 80 02 1A 60 07 E0  *....`..
0:00:04.328 -                     :     - INFO  : Tx    123    2B 7B 68 1B 68 1A 68 7B  +{h.h.h{
0:00:04.328 -                     :     - INFO  : Tx    123    2C 68 1B 68 22 F0 80 02  ,h.h"...
0:00:04.328 -                     :     - INFO  : Tx    123    2D 1A 60 7B 68 5B 7E 01  -.`{h[~.
0:00:04.328 -                     :     - INFO  : Tx    123    2E 2B 08 D1 7B 68 1B 68  .+..{h.h
0:00:04.328 -                     :     - INFO  : Tx    123    2F 1A 68 7B 68 1B 68 42  /.h{h.hB
0:00:04.328 -                     :     - INFO  : Tx    123    20 F0 40 02 1A 60 07 E0   .@..`..
0:00:04.328 -                     :     - INFO  : Tx    123    21 7B 68 1B 68 1A 68 7B  !{h.h.h{
0:00:04.328 -                     :     - INFO  : Tx    123    22 68 1B 68 22 F0 40 02  "h.h".@.
0:00:04.328 -                     :     - INFO  : Tx    123    23 1A 60 7B 68 9B 7E 01  #.`{h.~.
0:00:04.328 -                     :     - INFO  : Tx    123    24 2B 08 D1 7B 68 1B 68  $+..{h.h
0:00:04.328 -                     :     - INFO  : Tx    123    25 1A 68 7B 68 1B 68 42  %.h{h.hB
0:00:04.328 -                     :     - INFO  : Tx    123    26 F0 20 02 1A 60 07 E0  &. ..`..
0:00:04.328 -                     :     - INFO  : Tx    123    27 7B 68 1B 68 1A 68 7B  '{h.h.h{
0:00:04.328 -                     :     - INFO  : Tx    123    28 68 1B 68 22 F0 20 02  (h.h". .
0:00:04.328 -                     :     - INFO  : Tx    123    29 1A 60 7B 68 DB 7E 01  ).`{h.~.
0:00:04.328 -                     :     - INFO  : Tx    123    2A 2B 08 D1 7B 68 1B 68  *+..{h.h
0:00:04.328 -                     :     - INFO  : Tx    123    2B 1A 68 7B 68 1B 68 22  +.h{h.h"
0:00:04.328 -                     :     - INFO  : Tx    123    2C F0 10 02 1A 60 07 E0  ,....`..
0:00:04.328 -                     :     - INFO  : Tx    123    2D 7B 68 1B 68 1A 68 7B  -{h.h.h{
0:00:04.328 -                     :     - INFO  : Tx    123    2E 68 1B 68 42 F0 10 02  .h.hB...
0:00:04.328 -                     :     - INFO  : Tx    123    2F 1A 60 7B 68 1B 7F 01  /.`{h...
0:00:04.328 -                     :     - INFO  : Tx    123    20 2B 08 D1 7B 68 1B 68   +..{h.h
0:00:04.328 -                     :     - INFO  : Tx    123    21 1A 68 7B 68 1B 68 42  !.h{h.hB
0:00:04.328 -                     :     - INFO  : Tx    123    22 F0 08 02 1A 60 07 E0  "....`..
0:00:04.328 -                     :     - INFO  : Tx    123    23 7B 68 1B 68 1A 68 7B  #{h.h.h{
0:00:04.328 -                     :     - INFO  : Tx    123    24 68 1B 68 22 F0 08 02  $h.h"...
0:00:04.328 -                     :     - INFO  : Tx    123    25 1A 60 7B 68 5B 7F 01  %.`{h[..
0:00:04.328 -                     :     - INFO  : Tx    123    26 2B 08 D1 7B 68 1B 68  &+..{h.h
0:00:04.328 -                     :     - INFO  : Tx    123    27 1A 68 7B 68 1B 68 42  '.h{h.hB
0:00:04.328 -                     :     - INFO  : Tx    123    28 F0 04 02 1A 60 07 E0  (....`..
0:00:04.328 -                     :     - INFO  : Tx    123    29 7B 68 1B 68 1A 68 7B  ){h.h.h{
0:00:04.328 -                     :     - INFO  : Tx    123    2A 68 1B 68 22 F0 04 02  *h.h"...
0:00:04.328 -                     :     - INFO  : Tx    123    2B 1A 60 7B 68 9A 68 7B  +.`{h.h{
0:00:04.328 -                     :     - INFO  : Tx    123    2C 68 DB 68 1A 43 7B 68  ,h.h.C{h
0:00:04.328 -                     :     - INFO  : Tx    123    2D 1B 69 1A 43 7B 68 5B  -.i.C{h[
0:00:04.328 -                     :     - INFO  : Tx    123    2E 69 42 EA 03 01 7B 68  .iB...{h
0:00:04.328 -                     :     - INFO  : Tx    123    2F 5B 68 5A 1E 7B 68 1B  /[hZ.{h.
0:00:04.328 -                     :     - INFO  : Tx    123    20 68 0A 43 DA 61 7B 68   h.C.a{h
0:00:04.328 -                     :     - INFO  : Tx    123    21 00 22 5A 62 7B 68 01  !."Zb{h.
0:00:04.328 -                     :     - INFO  : Tx    123    22 22 83 F8 20 20 00 23  ""..  .#
0:00:04.328 -                     :     - INFO  : Tx    123    23 18 46 10 37 BD 46 80  #.F.7.F.
0:00:04.328 -                     :     - INFO  : Tx    123    24 BD 80 B4 87 B0 00 AF  $.......
0:00:04.328 -                     :     - INFO  : Tx    123    25 78 60 39 60 7B 68 1B  %x`9`{h.
0:00:04.328 -                     :     - INFO  : Tx    123    26 68 7B 61 7B 68 93 F8  &h{a{h..
0:00:04.328 -                     :     - INFO  : Tx    123    27 20 30 FB 74 FB 7C 01  ' 0.t.|.
0:00:04.328 -                     :     - INFO  : Tx    123    28 2B 03 D0 FB 7C 02 2B  (+...|.+
0:00:04.328 -                     :     - INFO  : Tx    123    29 40 F0 AA 80 7B 69 D3  )@...{i.
0:00:04.328 -                     :     - INFO  : Tx    123    2A F8 00 32 43 F0 01 02  *..2C...
0:00:04.328 -                     :     - INFO  : Tx    123    2B 7B 69 C3 F8 00 22 3B  +{i...";
0:00:04.328 -                     :     - INFO  : Tx    123    2C 68 5B 69 03 F0 1F 03  ,h[i....
0:00:04.328 -                     :     - INFO  : Tx    123    2D 01 22 02 FA 03 F3 FB  -.".....
0:00:04.328 -                     :     - INFO  : Tx    123    2E 60 7B 69 D3 F8 1C 22  .`{i..."
0:00:04.328 -                     :     - INFO  : Tx    123    2F FB 68 DB 43 1A 40 7B  /.h.C.@{
0:00:04.328 -                     :     - INFO  : Tx    123    20 69 C3 F8 1C 22 3B 68   i...";h
0:00:04.328 -                     :     - INFO  : Tx    123    21 DB 69 00 2B 23 D1 7B  !.i.+#.{
0:00:04.328 -                     :     - INFO  : Tx    123    22 69 D3 F8 0C 22 FB 68  "i...".h
0:00:04.328 -                     :     - INFO  : Tx    123    23 DB 43 1A 40 7B 69 C3  #.C.@{i.
0:00:04.328 -                     :     - INFO  : Tx    123    24 F8 0C 22 3B 68 DB 68  $..";h.h
0:00:04.328 -                     :     - INFO  : Tx    123    25 19 04 3B 68 5B 68 9B  %..;h[h.
0:00:04.328 -                     :     - INFO  : Tx    123    26 B2 3A 68 52 69 19 43  &.:hRi.C
0:00:04.328 -                     :     - INFO  : Tx    123    27 7B 69 48 32 43 F8 32  '{iH2C.2
0:00:04.328 -                     :     - INFO  : Tx    123    28 10 3B 68 9B 68 19 04  (.;h.h..
0:00:04.328 -                     :     - INFO  : Tx    123    29 3B 68 1B 68 9A B2 3B  );h.h..;
0:00:04.328 -                     :     - INFO  : Tx    123    2A 68 5B 69 0A 43 79 69  *h[i.Cyi
0:00:04.328 -                     :     - INFO  : Tx    123    2B 48 33 DB 00 0B 44 5A  +H3...DZ
0:00:04.328 -                     :     - INFO  : Tx    123    2C 60 3B 68 DB 69 01 2B  ,`;h.i.+
0:00:04.328 -                     :     - INFO  : Tx    123    2D 22 D1 7B 69 D3 F8 0C  -".{i...
0:00:04.328 -                     :     - INFO  : Tx    123    2E 22 FB 68 1A 43 7B 69  .".h.C{i
0:00:04.328 -                     :     - INFO  : Tx    123    2F C3 F8 0C 22 3B 68 1B  /...";h.
0:00:04.328 -                     :     - INFO  : Tx    123    20 68 19 04 3B 68 5B 68   h..;h[h
0:00:04.328 -                     :     - INFO  : Tx    123    21 9B B2 3A 68 52 69 19  !..:hRi.
0:00:04.328 -                     :     - INFO  : Tx    123    22 43 7B 69 48 32 43 F8  "C{iH2C.
0:00:04.328 -                     :     - INFO  : Tx    123    23 32 10 3B 68 9B 68 19  #2.;h.h.
0:00:04.328 -                     :     - INFO  : Tx    123    24 04 3B 68 DB 68 9A B2  $.;h.h..
0:00:04.328 -                     :     - INFO  : Tx    123    25 3B 68 5B 69 0A 43 79  %;h[i.Cy
0:00:04.328 -                     :     - INFO  : Tx    123    26 69 48 33 DB 00 0B 44  &iH3...D
0:00:04.328 -                     :     - INFO  : Tx    123    27 5A 60 3B 68 9B 69 00  'Z`;h.i.
0:00:04.328 -                     :     - INFO  : Tx    123    28 2B 09 D1 7B 69 D3 F8  (+..{i..
0:00:04.328 -                     :     - INFO  : Tx    123    29 04 22 FB 68 DB 43 1A  ).".h.C.
0:00:04.328 -                     :     - INFO  : Tx    123    2A 40 7B 69 C3 F8 04 22  *@{i..."
0:00:04.328 -                     :     - INFO  : Tx    123    2B 07 E0 7B 69 D3 F8 04  +..{i...
0:00:04.328 -                     :     - INFO  : Tx    123    2C 22 FB 68 1A 43 7B 69  ,".h.C{i
0:00:04.328 -                     :     - INFO  : Tx    123    2D C3 F8 04 22 3B 68 1B  -...";h.
0:00:04.328 -                     :     - INFO  : Tx    123    2E 69 00 2B 09 D1 7B 69  .i.+..{i
0:00:04.328 -                     :     - INFO  : Tx    123    2F D3 F8 14 22 FB 68 DB  /...".h.
0:00:04.328 -                     :     - INFO  : Tx    123    20 43 1A 40 7B 69 C3 F8   C.@{i..
0:00:04.328 -                     :     - INFO  : Tx    123    21 14 22 07 E0 7B 69 D3  !."..{i.
0:00:04.328 -                     :     - INFO  : Tx    123    22 F8 14 22 FB 68 1A 43  "..".h.C
0:00:04.328 -                     :     - INFO  : Tx    123    23 7B 69 C3 F8 14 22 3B  #{i...";
0:00:04.328 -                     :     - INFO  : Tx    123    24 68 1B 6A 01 2B 07 D1  $h.j.+..
0:00:04.328 -                     :     - INFO  : Tx    123    25 7B 69 D3 F8 1C 22 FB  %{i...".
0:00:04.328 -                     :     - INFO  : Tx    123    26 68 1A 43 7B 69 C3 F8  &h.C{i..
0:00:04.328 -                     :     - INFO  : Tx    123    27 1C 22 7B 69 D3 F8 00  '."{i...
0:00:04.328 -                     :     - INFO  : Tx    123    28 32 23 F0 01 02 7B 69  (2#...{i
0:00:04.328 -                     :     - INFO  : Tx    123    29 C3 F8 00 22 00 23 06  )...".#.
0:00:04.328 -                     :     - INFO  : Tx    123    2A E0 7B 68 5B 6A 43 F4  *.{h[jC.
0:00:04.328 -                     :     - INFO  : Tx    123    2B 80 22 7B 68 5A 62 01  +."{hZb.
0:00:04.328 -                     :     - INFO  : Tx    123    2C 23 18 46 1C 37 BD 46  ,#.F.7.F
0:00:04.328 -                     :     - INFO  : Tx    123    2D 80 BC 70 47 80 B5 84  -..pG...
0:00:04.328 -                     :     - INFO  : Tx    123    2E B0 00 AF 78 60 7B 68  ....x`{h
0:00:04.328 -                     :     - INFO  : Tx    123    2F 93 F8 20 30 DB B2 01  /.. 0...
0:00:04.328 -                     :     - INFO  : Tx    123    20 2B 2E D1 7B 68 02 22   +..{h."
0:00:04.328 -                     :     - INFO  : Tx    123    21 83 F8 20 20 7B 68 1B  !..  {h.
0:00:04.328 -                     :     - INFO  : Tx    123    22 68 1A 68 7B 68 1B 68  "h.h{h.h
0:00:04.328 -                     :     - INFO  : Tx    123    23 22 F0 01 02 1A 60 00  #"....`.
0:00:04.328 -                     :     - INFO  : Tx    123    24 F0 C0 FC F8 60 12 E0  $....`..
0:00:04.328 -                     :     - INFO  : Tx    123    25 00 F0 BC FC 02 46 FB  %.....F.
0:00:04.328 -                     :     - INFO  : Tx    123    26 68 D3 1A 0A 2B 0B D9  &h...+..
0:00:04.328 -                     :     - INFO  : Tx    123    27 7B 68 5B 6A 43 F4 00  '{h[jC..
0:00:04.328 -                     :     - INFO  : Tx    123    28 32 7B 68 5A 62 7B 68  (2{hZb{h
0:00:04.328 -                     :     - INFO  : Tx    123    29 05 22 83 F8 20 20 01  )."..  .
0:00:04.328 -                     :     - INFO  : Tx    123    2A 23 12 E0 7B 68 1B 68  *#..{h.h
0:00:04.328 -                     :     - INFO  : Tx    123    2B 5B 68 03 F0 01 03 00  +[h.....
0:00:04.328 -                     :     - INFO  : Tx    123    2C 2B E5 D1 7B 68 00 22  ,+..{h."
0:00:04.328 -                     :     - INFO  : Tx    123    2D 5A 62 00 23 06 E0 7B  -Zb.#..{
0:00:04.328 -                     :     - INFO  : Tx    123    2E 68 5B 6A 43 F4 00 22  .h[jC.."
0:00:04.328 -                     :     - INFO  : Tx    123    2F 7B 68 5A 62 01 23 18  /{hZb.#.
0:00:04.328 -                     :     - INFO  : Tx    123    20 46 10 37 BD 46 80 BD   F.7.F..
0:00:04.328 -                     :     - INFO  : Tx    123    21 80 B4 89 B0 00 AF F8  !.......
0:00:04.328 -                     :     - INFO  : Tx    123    22 60 B9 60 7A 60 3B 60  "`.`z`;`
0:00:04.328 -                     :     - INFO  : Tx    123    23 FB 68 93 F8 20 30 FB  #.h.. 0.
0:00:04.328 -                     :     - INFO  : Tx    123    24 77 FB 68 1B 68 9B 68  $w.h.h.h
0:00:04.328 -                     :     - INFO  : Tx    123    25 BB 61 FB 7F 01 2B 03  %.a...+.
0:00:04.328 -                     :     - INFO  : Tx    123    26 D0 FB 7F 02 2B 40 F0  &....+@.
0:00:04.328 -                     :     - INFO  : Tx    123    27 AD 80 BB 69 03 F0 80  '...i...
0:00:04.328 -                     :     - INFO  : Tx    123    28 63 00 2B 0A D1 BB 69  (c.+...i
0:00:04.328 -                     :     - INFO  : Tx    123    29 03 F0 00 63 00 2B 05  )...c.+.
0:00:04.328 -                     :     - INFO  : Tx    123    2A D1 BB 69 03 F0 80 53  *..i...S
0:00:04.328 -                     :     - INFO  : Tx    123    2B 00 2B 00 F0 95 80 BB  +.+.....
0:00:04.328 -                     :     - INFO  : Tx    123    2C 69 1B 0E 03 F0 03 03  ,i......
0:00:04.328 -                     :     - INFO  : Tx    123    2D 7B 61 01 22 7B 69 9A  -{a."{i.
0:00:04.328 -                     :     - INFO  : Tx    123    2E 40 3B 68 1A 60 BB 68  .@;h.`.h
0:00:04.328 -                     :     - INFO  : Tx    123    2F 9B 68 00 2B 0D D1 BB  /.h.+...
0:00:04.328 -                     :     - INFO  : Tx    123    20 68 1B 68 5A 05 BB 68   h.hZ..h
0:00:04.328 -                     :     - INFO  : Tx    123    21 DB 68 F9 68 AA AA AA  !.h.h...
0:00:04.422 -                     :     - INFO  : Rx    122    02 76 10 AA AA AA AA AA  .v......
0:00:04.422 -                     :     - INFO  : ISO TP message (single frame): 027610AAAAAAAAAA
0:00:04.422 -                     :     - INFO  : size: 0x2(2)
0:00:04.422 -                     :     - INFO  : data: 76 10
0:00:04.422 -                     :     - PASS  : TransferData positive response | expected: 76 ... | received: 76 10
0:00:04.422 -                     :     - INFO  : TransferData seq 16 confirmed
0:00:04.422 -                     :     - ERROR : Interrupted by user
0:00:04.500 -                     :     - INFO  : CAN TP transport closed
0:00:04.500 -                     :     - INFO  : ========================================================================
0:00:04.500 -                     :     - INFO  : PASS=25  FAIL=1  TOTAL=26  FAILED
0:00:04.500 -                     :     - INFO  : ========================================================================
0:00:04.500 -                     :     - INFO  : PCANTester Destruction
