15:05:06.283 ========================================================================
15:05:06.284 [START ] Script : Service_34_36_37
15:05:06.284 [START ] Log    : U:\sandbox_2\TI\01_code\PCAN_LIN\PCAN_LIN\Result\SVVR_Service_34_36_37_20260509_150506.log
15:05:06.284 ========================================================================
15:05:06.290 [INFO  ] LIN TP transport open  (hw=1, channel=1, 19200 baud)
15:05:06.293 [INFO  ] VBF: VbfHeader(sw_part='8891186561', sw_ver='B', sw_part_type=EXE, data_format=0x10, ecu=0x00001B67, erase=[(49152, 184320)])
15:05:06.294 [INFO  ] Data blocks: 2
15:05:06.297 ------------------------------------------------------------------------
15:05:06.297 [STEP  ] 0x10 02 – Switch to Programming Session
15:05:06.298 [TX DiagnosticSessionControl programmingSession] 10 02
15:05:06.298 [TX SF ] 67 02 10 02 FF FF FF FF
15:05:06.317 [RX SF ] 67 06 50 02 00 32 01 F4
15:05:06.317 [RX    ] 50 02 00 32 01 F4
15:05:06.318 [PASS  ] ProgrammingSession positive response | expected: 50 ... | received: 50 02 00 32 01 F4
15:05:06.318 ------------------------------------------------------------------------
15:05:06.318 [STEP  ] 0x27 01 – SecurityAccess: Request Seed
15:05:06.319 [TX SecurityAccess requestSeed] 27 01
15:05:06.319 [TX SF ] 67 02 27 01 FF FF FF FF
15:05:06.339 [RX FF ] 67 10 12 67 01 F4 A5 65
15:05:06.350 [RX CF1] 67 21 9A D9 F1 4E EA E3
15:05:06.359 [RX CF2] 67 22 27 3F A5 22 17 5C
15:05:06.368 [RX CF3] 67 23 66 FF FF FF FF FF
15:05:06.368 [RX    ] 67 01 F4 A5 65 9A D9 F1 4E EA E3 27 3F A5 22 17 5C 66
15:05:06.369 [PASS  ] Seed request positive response | expected: 67 ... | received: 67 01 F4 A5 65 9A D9 F1 4E EA E3 27 3F A5 22 17 5C 66
15:05:06.369 [INFO  ] Seed received: F4 A5 65 9A D9 F1 4E EA E3 27 3F A5 22 17 5C 66
15:05:06.369 ------------------------------------------------------------------------
15:05:06.370 [STEP  ] 0x27 02 – SecurityAccess: Send Key
15:05:06.428 [TX SecurityAccess sendKey] 27 02 C0 05 9A 35 AA D6 0E 66 CE E4 BE B6 28 CD 2B 03
15:05:06.429 [TX FF ] 67 10 12 27 02 C0 05 9A
15:05:06.440 [TX CF1] 67 21 35 AA D6 0E 66 CE
15:05:06.451 [TX CF2] 67 22 E4 BE B6 28 CD 2B
15:05:06.462 [TX CF3] 67 23 03 FF FF FF FF FF
15:05:06.481 [RX SF ] 67 02 67 02 FF FF FF FF
15:05:06.481 [RX    ] 67 02
15:05:06.481 [PASS  ] Key accepted positive response | expected: 67 ... | received: 67 02
15:05:06.481 ------------------------------------------------------------------------
15:05:06.482 [STEP  ] 0x31 01 FF00 – EraseMemory @ 0x0000C000 len=0x0002D000
15:05:06.482 [TX RoutineControl EraseMemory] 31 01 FF 00 00 00 C0 00 00 02 D0 00
15:05:06.482 [TX FF ] 67 10 0C 31 01 FF 00 00
15:05:06.492 [TX CF1] 67 21 00 C0 00 00 02 D0
15:05:06.503 [TX CF2] 67 22 00 FF FF FF FF FF
15:05:06.522 [RX SF ] 67 03 7F 31 78 FF FF FF
15:05:06.523 [INFO  ] NRC 0x78 – ResponsePending, waiting P2*...
15:05:06.532 [RX SF (after NRC78)] 67 03 7F 31 78 FF FF FF
15:05:06.541 [RX SF (after NRC78)] 67 03 7F 31 78 FF FF FF
15:05:06.552 [RX SF (after NRC78)] 67 03 7F 31 78 FF FF FF
15:05:06.562 [RX SF (after NRC78)] 67 03 7F 31 78 FF FF FF
15:05:06.571 [RX SF (after NRC78)] 67 03 7F 31 78 FF FF FF
15:05:06.582 [RX SF (after NRC78)] 67 03 7F 31 78 FF FF FF
15:05:06.592 [RX SF (after NRC78)] 67 03 7F 31 78 FF FF FF
15:05:06.601 [RX SF (after NRC78)] 67 03 7F 31 78 FF FF FF
15:05:06.611 [RX SF (after NRC78)] 67 03 7F 31 78 FF FF FF
15:05:06.620 [RX SF (after NRC78)] 67 03 7F 31 78 FF FF FF
15:05:06.631 [RX SF (after NRC78)] 67 03 7F 31 78 FF FF FF
15:05:06.640 [RX SF (after NRC78)] 67 03 7F 31 78 FF FF FF
15:05:06.650 [RX SF (after NRC78)] 67 03 7F 31 78 FF FF FF
15:05:06.658 [RX SF (after NRC78)] 67 03 7F 31 78 FF FF FF
15:05:06.669 [RX SF (after NRC78)] 67 03 7F 31 78 FF FF FF
15:05:06.679 [RX SF (after NRC78)] 67 03 7F 31 78 FF FF FF
15:05:06.689 [RX SF (after NRC78)] 67 03 7F 31 78 FF FF FF
15:05:06.699 [RX SF (after NRC78)] 67 03 7F 31 78 FF FF FF
15:05:06.709 [RX SF (after NRC78)] 67 03 7F 31 78 FF FF FF
15:05:06.719 [RX SF (after NRC78)] 67 03 7F 31 78 FF FF FF
15:05:06.728 [RX SF (after NRC78)] 67 03 7F 31 78 FF FF FF
15:05:06.738 [RX SF (after NRC78)] 67 03 7F 31 78 FF FF FF
15:05:06.749 [RX SF (after NRC78)] 67 03 7F 31 78 FF FF FF
15:05:06.758 [RX SF (after NRC78)] 67 03 7F 31 78 FF FF FF
15:05:06.770 [RX SF (after NRC78)] 67 03 7F 31 78 FF FF FF
15:05:06.780 [RX SF (after NRC78)] 67 03 7F 31 78 FF FF FF
15:05:06.790 [RX SF (after NRC78)] 67 03 7F 31 78 FF FF FF
15:05:06.801 [RX SF (after NRC78)] 67 03 7F 31 78 FF FF FF
15:05:06.813 [RX SF (after NRC78)] 67 03 7F 31 78 FF FF FF
15:05:06.823 [RX SF (after NRC78)] 67 03 7F 31 78 FF FF FF
15:05:06.833 [RX SF (after NRC78)] 67 03 7F 31 78 FF FF FF
15:05:06.844 [RX SF (after NRC78)] 67 03 7F 31 78 FF FF FF
15:05:06.854 [RX SF (after NRC78)] 67 03 7F 31 78 FF FF FF
15:05:06.863 [RX SF (after NRC78)] 67 03 7F 31 78 FF FF FF
15:05:06.871 [RX SF (after NRC78)] 67 03 7F 31 78 FF FF FF
15:05:06.881 [RX SF (after NRC78)] 67 03 7F 31 78 FF FF FF
15:05:06.891 [RX SF (after NRC78)] 67 03 7F 31 78 FF FF FF
15:05:06.901 [RX SF (after NRC78)] 67 03 7F 31 78 FF FF FF
15:05:06.911 [RX SF (after NRC78)] 67 03 7F 31 78 FF FF FF
15:05:06.920 [RX SF (after NRC78)] 67 03 7F 31 78 FF FF FF
15:05:06.932 [RX SF (after NRC78)] 67 03 7F 31 78 FF FF FF
15:05:06.941 [RX SF (after NRC78)] 67 03 7F 31 78 FF FF FF
15:05:06.952 [RX SF (after NRC78)] 67 03 7F 31 78 FF FF FF
15:05:06.961 [RX SF (after NRC78)] 67 03 7F 31 78 FF FF FF
15:05:06.970 [RX SF (after NRC78)] 67 03 7F 31 78 FF FF FF
15:05:06.979 [RX SF (after NRC78)] 67 03 7F 31 78 FF FF FF
15:05:06.990 [RX SF (after NRC78)] 67 03 7F 31 78 FF FF FF
15:05:07.000 [RX SF (after NRC78)] 67 03 7F 31 78 FF FF FF
15:05:07.010 [RX SF (after NRC78)] 67 03 7F 31 78 FF FF FF
15:05:07.020 [RX SF (after NRC78)] 67 03 7F 31 78 FF FF FF
15:05:07.030 [RX SF (after NRC78)] 67 03 7F 31 78 FF FF FF
15:05:07.041 [RX SF (after NRC78)] 67 03 7F 31 78 FF FF FF
15:05:07.052 [RX SF (after NRC78)] 67 03 7F 31 78 FF FF FF
15:05:07.061 [RX SF (after NRC78)] 67 03 7F 31 78 FF FF FF
15:05:07.070 [RX SF (after NRC78)] 67 03 7F 31 78 FF FF FF
15:05:07.079 [RX SF (after NRC78)] 67 03 7F 31 78 FF FF FF
15:05:07.088 [RX SF (after NRC78)] 67 03 7F 31 78 FF FF FF
15:05:07.099 [RX SF (after NRC78)] 67 03 7F 31 78 FF FF FF
15:05:07.108 [RX SF (after NRC78)] 67 03 7F 31 78 FF FF FF
15:05:07.118 [RX SF (after NRC78)] 67 03 7F 31 78 FF FF FF
15:05:07.127 [RX SF (after NRC78)] 67 03 7F 31 78 FF FF FF
15:05:07.138 [RX SF (after NRC78)] 67 03 7F 31 78 FF FF FF
15:05:07.149 [RX SF (after NRC78)] 67 03 7F 31 78 FF FF FF
15:05:07.158 [RX SF (after NRC78)] 67 03 7F 31 78 FF FF FF
15:05:07.167 [RX SF (after NRC78)] 67 03 7F 31 78 FF FF FF
15:05:07.176 [RX SF (after NRC78)] 67 03 7F 31 78 FF FF FF
15:05:07.187 [RX SF (after NRC78)] 67 03 7F 31 78 FF FF FF
15:05:07.196 [RX SF (after NRC78)] 67 03 7F 31 78 FF FF FF
15:05:07.205 [RX SF (after NRC78)] 67 03 7F 31 78 FF FF FF
15:05:07.214 [RX SF (after NRC78)] 67 03 7F 31 78 FF FF FF
15:05:07.225 [RX SF (after NRC78)] 67 03 7F 31 78 FF FF FF
15:05:07.236 [RX SF (after NRC78)] 67 03 7F 31 78 FF FF FF
15:05:07.245 [RX SF (after NRC78)] 67 03 7F 31 78 FF FF FF
15:05:07.253 [RX SF (after NRC78)] 67 03 7F 31 78 FF FF FF
15:05:07.282 [RX SF (after NRC78)] 67 05 71 01 FF 00 10 FF
15:05:07.282 [RX    ] 71 01 FF 00 10
15:05:07.283 [PASS  ] EraseMemory positive response | expected: 71 ... | received: 71 01 FF 00 10
15:05:07.283 [INFO  ] Erase routine status: 0x10
15:05:07.283 [INFO  ] --- Downloading block: VbfDataBlock(address=0x00038BC0, length=0x00000032, crc16=0x1835) ---
15:05:07.283 ------------------------------------------------------------------------
15:05:07.284 [STEP  ] 0x34 – RequestDownload  addr=0x00038BC0  len=0x00000032  fmt=0x10
15:05:07.284 [TX RequestDownload] 34 10 44 00 03 8B C0 00 00 00 32
15:05:07.284 [TX FF ] 67 10 0B 34 10 44 00 03
15:05:07.294 [TX CF1] 67 21 8B C0 00 00 00 32
15:05:07.315 [RX SF ] 67 04 74 20 07 FA FF FF
15:05:07.315 [RX    ] 74 20 07 FA
15:05:07.316 [PASS  ] RequestDownload positive response | expected: 74 ... | received: 74 20 07 FA
15:05:07.316 [INFO  ] ECU max block size: 0x7FA (2042) bytes
15:05:07.316 ------------------------------------------------------------------------
15:05:07.316 [STEP  ] 0x36 block=1  offset=0/50  (0%)
15:05:07.317 [TX TransferData block=1 len=50] 36 01 80 00 10 80 80 20 E0 00 50 81 70 2C 1B FA...
15:05:07.317 [TX FF ] 67 10 34 36 01 80 00 10
15:05:07.328 [TX CF1] 67 21 80 80 20 E0 00 50
15:05:07.338 [TX CF2] 67 22 81 70 2C 1B FA E6
15:05:07.349 [TX CF3] 67 23 D6 6F E5 F3 CC 3E
15:05:07.359 [TX CF4] 67 24 72 3C 67 87 81 E6
15:05:07.370 [TX CF5] 67 25 BA FE B0 BB 5E 65
15:05:07.380 [TX CF6] 67 26 DA F7 6D D4 77 32
15:05:07.392 [TX CF7] 67 27 FF CC 4E 53 1F A5
15:05:07.403 [TX CF8] 67 28 AC FE 76 E0 00 FF
15:05:07.423 [RX SF ] 67 02 76 01 FF FF FF FF
15:05:07.423 [RX    ] 76 01
15:05:07.423 [PASS  ] TransferData block=1 | expected: 76 ... | received: 76 01
15:05:07.433 [INFO  ] Transfer complete: 50 bytes sent
15:05:07.433 ------------------------------------------------------------------------
15:05:07.433 [STEP  ] 0x37 – TransferExit
15:05:07.433 [TX TransferExit] 37
15:05:07.434 [TX SF ] 67 01 37 FF FF FF FF FF
15:05:07.455 [RX SF ] 67 01 77 FF FF FF FF FF
15:05:07.455 [RX    ] 77
15:05:07.456 [PASS  ] TransferExit positive response | expected: 77 ... | received: 77
15:05:07.456 [INFO  ] --- Downloading block: VbfDataBlock(address=0x0000C000, length=0x0000B0C6, crc16=0xA77D) ---
15:05:07.457 ------------------------------------------------------------------------
15:05:07.457 [STEP  ] 0x34 – RequestDownload  addr=0x0000C000  len=0x0000B0C6  fmt=0x10
15:05:07.457 [TX RequestDownload] 34 10 44 00 00 C0 00 00 00 B0 C6
15:05:07.458 [TX FF ] 67 10 0B 34 10 44 00 00
15:05:07.468 [TX CF1] 67 21 C0 00 00 00 B0 C6
15:05:07.487 [RX SF ] 67 04 74 20 07 FA FF FF
15:05:07.487 [RX    ] 74 20 07 FA
15:05:07.488 [PASS  ] RequestDownload positive response | expected: 74 ... | received: 74 20 07 FA
15:05:07.488 [INFO  ] ECU max block size: 0x7FA (2042) bytes
15:05:07.489 ------------------------------------------------------------------------
15:05:07.489 [STEP  ] 0x36 block=1  offset=0/45254  (0%)
15:05:07.489 [TX TransferData block=1 len=2040] 36 01 C0 45 A4 12 0F EC F6 03 00 9A D0 C0 38 4C...
15:05:07.490 [TX FF ] 67 17 FA 36 01 C0 45 A4
15:05:07.500 [TX CF1] 67 21 12 0F EC F6 03 00
15:05:07.510 [TX CF2] 67 22 9A D0 C0 38 4C 40
15:05:07.521 [TX CF3] 67 23 50 81 0F 04 32 03
15:05:07.532 [TX CF4] 67 24 68 16 96 A6 82 02
15:05:07.544 [TX CF5] 67 25 D3 73 C7 06 E1 E9
15:05:07.554 [TX CF6] 67 26 E7 03 74 09 AD 9D
15:05:07.566 [TX CF7] 67 27 EB 83 74 D6 84 AD
15:05:07.577 [TX CF8] 67 28 D2 85 A5 0E A5 0F
15:05:07.588 [TX CF9] 67 29 F8 85 B0 C7 84 61
15:05:07.599 [TX CF10] 67 2A 09 B4 23 7C 4F 78
15:05:07.611 [TX CF11] 67 2B AF CB E4 48 01 84
15:05:07.621 [TX CF12] 67 2C 60 1B 0E 50 61 2C
15:05:07.632 [TX CF13] 67 2D 02 03 02 81 C1 20
15:05:07.644 [TX CF14] 67 2E B0 68 3C 06 03 05
15:05:07.654 [TX CF15] 67 2F 1B 40 35 86 05 05
15:05:07.664 [TX CF0] 67 20 1C 24 37 C2 07 03
15:05:07.675 [TX CF1] 67 21 82 8E A0 1C C2 35
15:05:07.686 [TX CF2] 67 22 40 78 90 EF 08 30
15:05:07.697 [TX CF3] 67 23 CF 18 2C 00 7C 84
15:05:07.708 [TX CF4] 67 24 1C 7D 90 FB 02 02
15:05:07.719 [TX CF5] 67 25 23 1C 3C F1 D0 86
15:05:07.731 [TX CF6] 67 26 1F 52 1C 3F 72 1C
15:05:07.741 [TX CF7] 67 27 21 EC 24 30 0F C9
15:05:07.753 [TX CF8] 67 28 16 18 9C 78 5F 84
15:05:07.764 [TX CF9] 67 29 EC 91 0C 0A 01 20
15:05:07.775 [TX CF10] 67 2A 80 4F 49 10 D7 C9
15:05:07.787 [TX CF11] 67 2B 70 E4 C9 30 C0 C9
15:05:07.799 [TX CF12] 67 2C 00 40 32 A4 C8 76
15:05:07.809 [TX CF13] 67 2D A4 F8 7A A4 D8 60
15:05:07.820 [TX CF14] 67 2E 90 08 94 03 AE 50
15:05:07.832 [TX CF15] 67 2F 87 FE 51 86 3F 1F
15:05:07.842 [TX CF0] 67 20 28 E0 41 0A 42 55
15:05:07.852 [TX CF1] 67 21 86 62 57 86 AA 57
15:05:07.863 [TX CF2] 67 22 84 7F 84 CE 01 57
15:05:07.875 [TX CF3] 67 23 2C 43 5B 2D C3 5D
15:05:07.886 [TX CF4] 67 24 2C C2 40 42 64 4C
15:05:07.898 [TX CF5] 67 25 00 B9 0D 8C BF 0D
15:05:07.908 [TX CF6] 67 26 94 AB 08 C6 1A 01
15:05:07.918 [TX CF7] 67 27 8B 08 41 8C 08 24
15:05:07.929 [TX CF8] 67 28 30 C9 84 0C C8 01
15:05:07.941 [TX CF9] 67 29 69 0C 00 2F 49 04
15:05:07.952 [TX CF10] 67 2A 20 95 09 9F 23 16
15:05:07.963 [TX CF11] 67 2B 83 70 21 A6 CC 20
15:05:07.973 [TX CF12] 67 2C 26 5C 21 46 68 20
15:05:07.984 [TX CF13] 67 2D 43 E4 A0 1A A3 72
15:05:07.994 [TX CF14] 67 2E 04 6C 0C 50 4D 0D
15:05:08.005 [TX CF15] 67 2F 08 48 2C 87 28 66
15:05:08.016 [TX CF0] 67 20 1F 01 E0 1C 8E 09
15:05:08.027 [TX CF1] 67 21 5B 09 64 4C E7 84
15:05:08.038 [TX CF2] 67 22 9B E1 83 81 76 0E
15:05:08.048 [TX CF3] 67 23 B0 99 D3 37 A6 79
15:05:08.058 [TX CF4] 67 24 12 02 7A A4 DF 17
15:05:08.068 [TX CF5] 67 25 40 EB 0F 71 03 0F
15:05:08.079 [TX CF6] 67 26 2E B3 F1 EF 20 12
15:05:08.090 [TX CF7] 67 27 DC 15 00 FF F5 7B
15:05:08.101 [TX CF8] 67 28 90 5E 5D 46 D5 B4
15:05:08.112 [TX CF9] 67 29 89 CF 6B 90 8C 8D
15:05:08.123 [TX CF10] 67 2A 12 BB FE DD 9F 12
15:05:08.133 [TX CF11] 67 2B 29 20 71 C4 E9 01
15:05:08.144 [TX CF12] 67 2C 8B 13 46 06 AC 0B
15:05:08.155 [TX CF13] 67 2D 18 54 0D 68 47 F9
15:05:08.166 [TX CF14] 67 2E 10 04 82 88 F4 0D
15:05:08.177 [TX CF15] 67 2F 38 C5 09 40 70 22
15:05:08.189 [TX CF0] 67 20 58 88 9F D2 03 0C
15:05:08.201 [TX CF1] 67 21 2F 42 8F 43 40 93
15:05:08.212 [TX CF2] 67 22 05 1B 80 D9 04 62
15:05:08.223 [TX CF3] 67 23 30 24 6B E9 1B D2
15:05:08.235 [TX CF4] 67 24 BE 4B 0E F0 27 F1
15:05:08.245 [TX CF5] 67 25 88 49 D4 10 28 D0
15:05:08.256 [TX CF6] 67 26 96 40 50 B8 74 A0
15:05:08.267 [TX CF7] 67 27 8A 8C 15 5A 2A 10
15:05:08.278 [TX CF8] 67 28 54 24 5E C3 AD 01
15:05:08.289 [TX CF9] 67 29 57 61 FE 57 C2 7B
15:05:08.300 [TX CF10] 67 2A 96 09 2A 56 20 A7
15:05:08.311 [TX CF11] 67 2B 06 19 01 E3 0C D3
15:05:08.321 [TX CF12] 67 2C 4D 81 60 33 A7 24
15:05:08.332 [TX CF13] 67 2D 45 43 03 3B 42 33
15:05:08.343 [TX CF14] 67 2E 8C BC 08 C1 24 FC
15:05:08.356 [TX CF15] 67 2F 51 88 19 D3 01 92
15:05:08.366 [TX CF0] 67 20 4B D5 21 50 49 44
15:05:08.377 [TX CF1] 67 21 45 7F B4 34 64 02
15:05:08.389 [TX CF2] 67 22 E6 56 22 11 05 06
15:05:08.400 [TX CF3] 67 23 11 45 E6 84 A4 22
15:05:08.411 [TX CF4] 67 24 71 08 B3 22 93 94
15:05:08.422 [TX CF5] 67 25 18 6A 02 89 05 3A
15:05:08.433 [TX CF6] 67 26 2B 38 53 08 17 90
15:05:08.443 [TX CF7] 67 27 27 20 7B D4 C4 19
15:05:08.455 [TX CF8] 67 28 AF 08 D5 04 D4 13
15:05:08.466 [TX CF9] 67 29 43 C5 AC 78 06 76
15:05:08.476 [TX CF10] 67 2A 1C 48 4B 5B F6 A0
15:05:08.487 [TX CF11] 67 2B 90 0C 3B 74 B0 1F
15:05:08.499 [TX CF12] 67 2C 76 08 4B 74 46 A2
15:05:08.509 [TX CF13] 67 2D 2E 67 D9 D0 BB F6
15:05:08.520 [TX CF14] 67 2E 31 26 CF D3 00 D0
15:05:08.531 [TX CF15] 67 2F 48 FB DB C6 15 84
15:05:08.542 [TX CF0] 67 20 AF 43 CF C5 98 E2
15:05:08.554 [TX CF1] 67 21 7E 5E 00 C1 74 18
15:05:08.565 [TX CF2] 67 22 0A D7 E3 E0 AB DB
15:05:08.575 [TX CF3] 67 23 7A 01 9F 0A 5E 18
15:05:08.586 [TX CF4] 67 24 D0 20 F8 7A F7 16
15:05:08.597 [TX CF5] 67 25 81 A7 C5 17 BA 74
15:05:08.608 [TX CF6] 67 26 17 3E 32 BD 15 14
15:05:08.618 [TX CF7] 67 27 1B FF 07 2B 20 42
15:05:08.629 [TX CF8] 67 28 80 84 11 07 02 1C
15:05:08.641 [TX CF9] 67 29 50 72 26 70 89 01
15:05:08.651 [TX CF10] 67 2A 1A 28 49 1F 38 57
15:05:08.663 [TX CF11] 67 2B 74 93 14 2C 86 9C
15:05:08.673 [TX CF12] 67 2C 32 28 4C 88 DA 81
15:05:08.687 [TX CF13] 67 2D 38 28 71 0D 08 11
15:05:08.698 [TX CF14] 67 2E 40 08 7E 30 A2 14
15:05:08.710 [TX CF15] 67 2F 42 04 52 8A 23 99
15:05:08.721 [TX CF0] 67 20 2A 05 12 88 95 62
15:05:08.732 [TX CF1] 67 21 89 95 53 56 A0 58
15:05:08.742 [TX CF2] 67 22 8A 2A 41 C0 A2 8B
15:05:08.753 [TX CF3] 67 23 4F 26 6A 0D 24 22
15:05:08.765 [TX CF4] 67 24 C1 8C A8 C3 B0 61
15:05:08.776 [TX CF5] 67 25 46 00 19 F0 C4 D7
15:05:08.787 [TX CF6] 67 26 B1 2C E2 1F 74 73
15:05:08.799 [TX CF7] 67 27 80 BB 03 B6 13 02
15:05:08.810 [TX CF8] 67 28 10 98 41 13 03 0C
15:05:08.820 [TX CF9] 67 29 25 F8 A4 06 0C 07
15:05:08.831 [TX CF10] 67 2A 61 18 92 4D 62 64
15:05:08.843 [TX CF11] 67 2B 3D 9F 84 3D 9C 04
15:05:08.855 [TX CF12] 67 2C 42 12 44 84 D5 A9
15:05:08.866 [TX CF13] 67 2D 82 1C 01 B6 F3 8F
15:05:08.877 [TX CF14] 67 2E B2 08 49 18 11 22
15:05:08.888 [TX CF15] 67 2F 8E 76 9F C1 00 56
15:05:08.899 [TX CF0] 67 20 72 42 D4 0E 69 00
15:05:08.910 [TX CF1] 67 21 E2 50 6A 94 2A 9D
15:05:08.920 [TX CF2] 67 22 5E BF 66 B7 DC AB
15:05:08.931 [TX CF3] 67 23 F5 4A 4D 7E 9B 53
15:05:08.941 [TX CF4] 67 24 A8 53 66 15 FB 3D
15:05:08.953 [TX CF5] 67 25 96 CB 6C BC D7 EE
15:05:08.963 [TX CF6] 67 26 16 FB 9D B6 BF 32
15:05:08.974 [TX CF7] 67 27 98 4C A6 D2 D9 84
15:05:08.985 [TX CF8] 67 28 D2 5B 31 9B 48 26
15:05:08.997 [TX CF9] 67 29 33 09 D4 C6 6A 97
15:05:09.009 [TX CF10] 67 2A C2 6D 80 DA 8E 71
15:05:09.021 [TX CF11] 67 2B F8 4F BF 49 A4 3F
15:05:09.032 [TX CF12] 67 2C DF B4 CE 51 BF EC
15:05:09.043 [TX CF13] 67 2D 02 42 9C 4A 3B FE
15:05:09.054 [TX CF14] 67 2E 4E 61 0E FC 26 D0
15:05:09.066 [TX CF15] 67 2F D8 9A A0 F8 74 BF
15:05:09.076 [TX CF0] 67 20 0A 1C 20 3F A5 16
15:05:09.088 [TX CF1] 67 21 14 5F D5 02 90 A3
15:05:09.100 [TX CF2] 67 22 C2 CC A3 87 61 FC
15:05:09.110 [TX CF3] 67 23 80 EF 6F 89 98 24
15:05:09.120 [TX CF4] 67 24 93 DA 74 06 4B 68
15:05:09.132 [TX CF5] 67 25 A3 41 2E 10 0B C4
15:05:09.142 [TX CF6] 67 26 0E 51 06 EC 2A 70
15:05:09.154 [TX CF7] 67 27 A2 AA A0 D4 D2 63
15:05:09.165 [TX CF8] 67 28 8A 0C 36 89 D8 3C
15:05:09.175 [TX CF9] 67 29 10 19 04 C2 E1 64
15:05:09.186 [TX CF10] 67 2A 8E 78 36 4C 20 3D
15:05:09.197 [TX CF11] 67 2B BD BB 9E F5 32 84
15:05:09.208 [TX CF12] 67 2C CD 4A 05 A2 67 4A
15:05:09.219 [TX CF13] 67 2D C4 C6 20 36 05 32
15:05:09.231 [TX CF14] 67 2E 16 F5 1C 12 15 7E
15:05:09.241 [TX CF15] 67 2F 0A 54 29 1F 95 3A
15:05:09.253 [TX CF0] 67 20 11 0D AE 9E 41 2E
15:05:09.265 [TX CF1] 67 21 A4 C2 2C 0B AC 94
15:05:09.277 [TX CF2] 67 22 78 41 FF AB CC 21
15:05:09.290 [TX CF3] 67 23 EB D8 62 FF A9 5D
15:05:09.301 [TX CF4] 67 24 32 41 78 80 CA 20
15:05:09.313 [TX CF5] 67 25 FD 1F 1D E3 45 78
15:05:09.324 [TX CF6] 67 26 D0 E2 2C 0C 08 13
15:05:09.335 [TX CF7] 67 27 E0 26 C0 65 E1 70
15:05:09.346 [TX CF8] 67 28 60 21 02 94 42 7A
15:05:09.358 [TX CF9] 67 29 2C 34 A3 3F AF 06
15:05:09.369 [TX CF10] 67 2A 01 8E A4 83 02 C4
15:05:09.379 [TX CF11] 67 2B CA 20 B3 07 81 46
15:05:09.389 [TX CF12] 67 2C 66 A1 02 F8 79 17
15:05:09.401 [TX CF13] 67 2D 20 AC D0 67 21 94
15:05:09.413 [TX CF14] 67 2E 53 80 9B 81 9E 2C
15:05:09.424 [TX CF15] 67 2F B3 FC D0 43 55 FE
15:05:09.434 [TX CF0] 67 20 53 21 C7 FD AE 50
15:05:09.446 [TX CF1] 67 21 89 32 30 69 83 8C
15:05:09.458 [TX CF2] 67 22 4E 01 28 82 74 5A
15:05:09.469 [TX CF3] 67 23 F8 5E BF 6D 9C 30
15:05:09.480 [TX CF4] 67 24 CD A8 37 AB 7C 1B
15:05:09.490 [TX CF5] 67 25 78 43 A9 0A AC 28
15:05:09.501 [TX CF6] 67 26 11 EC 05 07 81 43
15:05:09.512 [TX CF7] 67 27 E0 43 EE 14 75 D2
15:05:09.522 [TX CF8] 67 28 10 75 E0 2E 14 9C
15:05:09.534 [TX CF9] 67 29 08 42 5B B0 5A 1C
15:05:09.545 [TX CF10] 67 2A 08 70 38 02 D4 1C
15:05:09.556 [TX CF11] 67 2B B0 32 E0 B4 45 18
15:05:09.567 [TX CF12] 67 2C A0 78 8C E8 11 D0
15:05:09.578 [TX CF13] 67 2D 88 83 F0 84 4C 5D
15:05:09.588 [TX CF14] 67 2E 38 79 A2 6E 6C 20
15:05:09.599 [TX CF15] 67 2F 6E B8 64 15 07 56
15:05:09.610 [TX CF0] 67 20 0E 34 19 F8 42 8C
15:05:09.622 [TX CF1] 67 21 29 2E 01 94 35 81
15:05:09.633 [TX CF2] 67 22 77 68 B7 CA 42 F1
15:05:09.643 [TX CF3] 67 23 8D E1 84 D9 EA 0C
15:05:09.654 [TX CF4] 67 24 C1 EC 05 A2 83 18
15:05:09.664 [TX CF5] 67 25 A2 5A 2C 50 8C 54
15:05:09.674 [TX CF6] 67 26 63 07 68 F2 41 E0
15:05:09.685 [TX CF7] 67 27 9D 5A 65 1A 37 19
15:05:09.696 [TX CF8] 67 28 80 F8 16 18 31 B0
15:05:09.707 [TX CF9] 67 29 C8 D0 A0 7D 08 65
15:05:09.717 [TX CF10] 67 2A E2 C9 B2 56 E0 FD
15:05:09.727 [TX CF11] 67 2B 42 19 30 98 6F 61
15:05:09.739 [TX CF12] 67 2C B7 80 06 11 DB 85
15:05:09.751 [TX CF13] 67 2D 6D 5C 04 B3 DF D4
15:05:09.762 [TX CF14] 67 2E B2 47 BE FD 5F 77
15:05:09.773 [TX CF15] 67 2F 9F ED B5 C1 EC 20
15:05:09.783 [TX CF0] 67 20 C4 74 28 D0 9C 4D
15:05:09.793 [TX CF1] 67 21 00 C6 86 41 5F 85
15:05:09.804 [TX CF2] 67 22 A4 12 05 F2 01 29
15:05:09.814 [TX CF3] 67 23 AD 74 74 D4 98 4D
15:05:09.825 [TX CF4] 67 24 A4 18 84 17 A1 10
15:05:09.836 [TX CF5] 67 25 91 43 26 30 3C C0
15:05:09.847 [TX CF6] 67 26 07 06 CE 16 C6 A8
15:05:09.858 [TX CF7] 67 27 12 58 1E 65 2E 04
15:05:09.870 [TX CF8] 67 28 0F 35 12 C6 63 16
15:05:09.881 [TX CF9] 67 29 B0 65 A0 59 06 B6
15:05:09.891 [TX CF10] 67 2A 10 29 0E 76 95 11
15:05:09.903 [TX CF11] 67 2B AA 4E 7C 10 82 74
15:05:09.913 [TX CF12] 67 2C 30 08 EC 4A 0B 12
15:05:09.923 [TX CF13] 67 2D 86 E4 1F E0 74 F0
15:05:09.935 [TX CF14] 67 2E 54 28 0F 4B 11 0F
15:05:09.947 [TX CF15] 67 2F 97 74 5C E0 10 B1
15:05:09.958 [TX CF0] 67 20 86 C9 23 01 E4 20
15:05:09.970 [TX CF1] 67 21 30 59 77 42 01 99
15:05:09.982 [TX CF2] 67 22 C6 50 A5 7D 2E 04
15:05:09.993 [TX CF3] 67 23 06 80 50 83 E1 05
15:05:10.005 [TX CF4] 67 24 FC 82 10 F7 F4 1C
15:05:10.015 [TX CF5] 67 25 E0 70 4D 30 43 C4
15:05:10.025 [TX CF6] 67 26 6A 5A BF 18 CA 4E
15:05:10.035 [TX CF7] 67 27 22 85 E5 E8 4C 6D
15:05:10.047 [TX CF8] 67 28 12 2B 44 0B 37 00
15:05:10.058 [TX CF9] 67 29 95 F5 7A 10 B8 5E
15:05:10.069 [TX CF10] 67 2A 7A 0D B6 87 65 E0
15:05:10.080 [TX CF11] 67 2B 7B F8 76 FA 85 0A
15:05:10.091 [TX CF12] 67 2C E8 60 C1 B0 57 20
15:05:10.103 [TX CF13] 67 2D 72 98 27 6A 03 99
15:05:10.114 [TX CF14] 67 2E C1 40 31 35 80 62
15:05:10.125 [TX CF15] 67 2F 1C 1E 8C 02 4B CE
15:05:10.136 [TX CF0] 67 20 F3 E6 E0 D9 B8 74
15:05:10.147 [TX CF1] 67 21 FE 57 F0 E8 6F BC
15:05:10.157 [TX CF2] 67 22 F0 1C F4 02 5B 45
15:05:10.169 [TX CF3] 67 23 E8 04 10 58 00 12
15:05:10.180 [TX CF4] 67 24 C2 13 8C A2 46 15
15:05:10.192 [TX CF5] 67 25 88 41 EF 90 AF 04
15:05:10.203 [TX CF6] 67 26 0E 45 02 F0 64 E8
15:05:10.214 [TX CF7] 67 27 5F BE 94 16 45 08
15:05:10.225 [TX CF8] 67 28 8C 40 AE 21 E6 A5
15:05:10.235 [TX CF9] 67 29 E2 18 E5 82 31 77
15:05:10.246 [TX CF10] 67 2A BF 82 D4 02 5F 24
15:05:10.257 [TX CF11] 67 2B 5F 8B 40 A8 36 58
15:05:10.269 [TX CF12] 67 2C 17 18 C4 E8 11 03
15:05:10.281 [TX CF13] 67 2D FE 0B 02 77 09 94
15:05:10.292 [TX CF14] 67 2E 62 23 76 5B A1 60
15:05:10.303 [TX CF15] 67 2F A5 44 02 A0 5C 7B
15:05:10.314 [TX CF0] 67 20 1E 7E 65 82 BB 49
15:05:10.325 [TX CF1] 67 21 85 5E 26 71 88 D5
15:05:10.335 [TX CF2] 67 22 DA 55 68 0D 25 12
15:05:10.346 [TX CF3] 67 23 8E C8 ED 11 B8 2C
15:05:10.357 [TX CF4] 67 24 6E 1B 9A A1 71 7A
15:05:10.369 [TX CF5] 67 25 50 49 17 1B CF 05
15:05:10.379 [TX CF6] 67 26 D8 12 20 F9 ED 20
15:05:10.389 [TX CF7] 67 27 12 22 8E 15 6A 64
15:05:10.401 [TX CF8] 67 28 8E 01 7F 92 DB A8
15:05:10.413 [TX CF9] 67 29 D3 5B 85 B6 8C E4
15:05:10.423 [TX CF10] 67 2A 80 7A 04 16 D1 0F
15:05:10.434 [TX CF11] 67 2B 90 6B A1 96 FA 34
15:05:10.445 [TX CF12] 67 2C FE F1 37 A0 18 70
15:05:10.457 [TX CF13] 67 2D BB 5E 36 F4 28 3F
15:05:10.467 [TX CF14] 67 2E 42 DB 0E 94 50 22
15:05:10.478 [TX CF15] 67 2F 51 80 1A 11 B8 EC
15:05:10.489 [TX CF0] 67 20 0A 53 ED E9 8F 90
15:05:10.500 [TX CF1] 67 21 B5 BF 20 BC E2 60
15:05:10.511 [TX CF2] 67 22 16 1A C4 24 9B 84
15:05:10.523 [TX CF3] 67 23 39 DB 86 0C 39 07
15:05:10.534 [TX CF4] 67 24 6B A0 0A 03 C1 43
15:05:10.545 [TX CF5] 67 25 A4 60 36 5F 6D E3
15:05:10.555 [TX CF6] 67 26 93 0F C6 D4 32 02
15:05:10.566 [TX CF7] 67 27 A1 09 02 DE 16 6E
15:05:10.577 [TX CF8] 67 28 0D 8C 24 1D 09 45
15:05:10.588 [TX CF9] 67 29 A2 7C 2A 06 03 D0
15:05:10.598 [TX CF10] 67 2A 81 49 25 3E 09 46
15:05:10.609 [TX CF11] 67 2B 26 41 28 0E 61 05
15:05:10.620 [TX CF12] 67 2C 92 49 3C 13 7A 7C
15:05:10.630 [TX CF13] 67 2D 06 46 50 42 3D 21
15:05:10.641 [TX CF14] 67 2E 94 40 1B 58 61 7F
15:05:10.653 [TX CF15] 67 2F BE 9C 59 E7 28 19
15:05:10.664 [TX CF0] 67 20 0F 0F 04 D2 9C 7B
15:05:10.676 [TX CF1] 67 21 C3 03 19 C4 EC 90
15:05:10.687 [TX CF2] 67 22 08 0E D0 3B 69 01
15:05:10.698 [TX CF3] 67 23 E8 C0 64 90 C5 7C
15:05:10.711 [TX CF4] 67 24 07 F0 50 9C 04 50
15:05:10.722 [TX CF5] 67 25 B5 FF 75 28 20 60
15:05:10.733 [TX CF6] 67 26 1D 08 21 D8 08 07
15:05:10.744 [TX CF7] 67 27 CB 7A 0E 42 01 D1
15:05:10.756 [TX CF8] 67 28 3A 25 01 95 30 50
15:05:10.768 [TX CF9] 67 29 85 0A E0 A5 96 F0
15:05:10.779 [TX CF10] 67 2A 90 22 40 91 7F FE
15:05:10.789 [TX CF11] 67 2B FD EF F7 C5 23 04
15:05:10.801 [TX CF12] 67 2C 96 35 4F 05 21 0C
15:05:10.813 [TX CF13] 67 2D 79 C1 26 48 60 97
15:05:10.823 [TX CF14] 67 2E 43 61 FF 44 21 02
15:05:10.834 [TX CF15] 67 2F E8 CE 2F 08 84 7A
15:05:10.845 [TX CF0] 67 20 01 24 20 DE 0F E5
15:05:10.856 [TX CF1] 67 21 82 7C AA 82 45 21
15:05:10.867 [TX CF2] 67 22 72 E1 98 4D E1 C7
15:05:10.878 [TX CF3] 67 23 FF 48 31 3C 08 E7
15:05:10.889 [TX CF4] 67 24 06 92 47 82 C9 18
15:05:10.900 [TX CF5] 67 25 46 61 E7 E8 26 10
15:05:10.911 [TX CF6] 67 26 98 6D 1D F9 28 50
15:05:10.923 [TX CF7] 67 27 BF C8 E1 94 C9 2D
15:05:10.934 [TX CF8] 67 28 A2 5B 68 D6 C3 23
15:05:10.944 [TX CF9] 67 29 B4 0C 6D 09 3A 86
15:05:10.956 [TX CF10] 67 2A 41 1A 05 61 3F 82
15:05:10.969 [TX CF11] 67 2B 5B 0B 2A AC 39 5D
15:05:10.980 [TX CF12] 67 2C 03 17 42 FA F4 26
15:05:10.992 [TX CF13] 67 2D 07 40 54 40 6B 1D
15:05:11.004 [TX CF14] 67 2E 90 EC 16 90 FF D3
15:05:11.015 [TX CF15] 67 2F 90 40 20 9C 27 2E
15:05:11.026 [TX CF0] 67 20 1C BA CF C7 BD E0
15:05:11.037 [TX CF1] 67 21 5B 43 F1 DA E3 36
15:05:11.048 [TX CF2] 67 22 00 AC A9 17 08 E4
15:05:11.059 [TX CF3] 67 23 86 09 A8 69 A1 2B
15:05:11.070 [TX CF4] 67 24 FE C0 E4 3A 7A 42
15:05:11.081 [TX CF5] 67 25 F7 09 3F F7 FF 22
15:05:11.091 [TX CF6] 67 26 5F 61 A6 5F C3 24
15:05:11.101 [TX CF7] 67 27 FE E9 5C 80 1D A0
15:05:11.113 [TX CF8] 67 28 28 C1 20 D2 38 A0
15:05:11.123 [TX CF9] 67 29 B8 31 50 D1 D2 20
15:05:11.133 [TX CF10] 67 2A 36 15 7A 0B D4 13
15:05:11.145 [TX CF11] 67 2B 78 64 3F F0 CC C1
15:05:11.157 [TX CF12] 67 2C DF 08 32 7C 0B 46
15:05:11.168 [TX CF13] 67 2D 22 0F 03 1A C0 C8
15:05:11.180 [TX CF14] 67 2E 0F 0C B9 82 49 9C
15:05:11.191 [TX CF15] 67 2F 63 81 90 81 37 20
15:05:11.202 [TX CF0] 67 20 C8 41 35 B9 8A 74
15:05:11.213 [TX CF1] 67 21 07 31 07 21 41 20
15:05:11.224 [TX CF2] 67 22 91 78 2F 22 C0 2D
15:05:11.234 [TX CF3] 67 23 1D 28 04 4A 1F 92
15:05:11.246 [TX CF4] 67 24 1A 05 1D FF FF FF
15:05:11.267 [RX SF ] 67 02 76 01 FF FF FF FF
15:05:11.267 [RX    ] 76 01
15:05:11.268 [PASS  ] TransferData block=1 | expected: 76 ... | received: 76 01
15:05:11.278 ------------------------------------------------------------------------
15:05:11.278 [STEP  ] 0x36 block=2  offset=2040/45254  (4%)
15:05:11.279 [TX TransferData block=2 len=2040] 36 02 71 61 99 57 81 1D BD B4 C0 B4 39 61 87 E0...
15:05:11.280 [TX FF ] 67 17 FA 36 02 71 61 99
15:05:11.291 [TX CF1] 67 21 57 81 1D BD B4 C0
15:05:11.303 [TX CF2] 67 22 B4 39 61 87 E0 20
15:05:11.314 [TX CF3] 67 23 11 8A C2 03 0E 97
15:05:11.325 [TX CF4] 67 24 F1 5C 04 C6 33 08
15:05:11.337 [TX CF5] 67 25 B9 21 90 00 E1 A1
15:05:11.348 [TX CF6] 67 26 80 50 6B 10 86 A4
15:05:11.359 [TX CF7] 67 27 05 90 60 92 A9 5F
15:05:11.369 [TX CF8] 67 28 61 FB 86 93 64 3D
15:05:11.381 [TX CF9] 67 29 42 01 78 A0 47 01
15:05:11.391 [TX CF10] 67 2A 68 31 70 9C DA 1C
15:05:11.402 [TX CF11] 67 2B 89 72 9A B0 86 D0
15:05:11.413 [TX CF12] 67 2C BC 76 AF 8C 38 2B
15:05:11.423 [TX CF13] 67 2D B4 08 F4 06 51 5B
15:05:11.434 [TX CF14] 67 2E EC E0 1D 70 CD 5D
15:05:11.445 [TX CF15] 67 2F 90 F9 D2 90 38 62
15:05:11.456 [TX CF0] 67 20 D4 68 E0 1C 06 B8
15:05:11.467 [TX CF1] 67 21 12 8E A7 43 13 0F
15:05:11.479 [TX CF2] 67 22 E4 B2 C0 94 F4 3A
15:05:11.491 [TX CF3] 67 23 2D 47 B8 FE 78 94
15:05:11.501 [TX CF4] 67 24 7C 1C 84 5B A1 3B
15:05:11.513 [TX CF5] 67 25 B4 66 E1 F0 27 9C
15:05:11.524 [TX CF6] 67 26 12 B1 86 11 0F 06
15:05:11.535 [TX CF7] 67 27 4B 65 09 6C 82 DA
15:05:11.546 [TX CF8] 67 28 63 11 FC 57 61 7A
15:05:11.557 [TX CF9] 67 29 7F 8B 10 37 81 1D
15:05:11.569 [TX CF10] 67 2A 62 20 DE C2 31 30
15:05:11.580 [TX CF11] 67 2B 75 60 DD CB 67 E7
15:05:11.590 [TX CF12] 67 2C 77 A8 DF 41 E1 A3
15:05:11.601 [TX CF13] 67 2D E9 07 96 0F BC 65
15:05:11.611 [TX CF14] 67 2E 2F CC 22 2D 8B EC
15:05:11.621 [TX CF15] 67 2F 9F C8 3B 50 F0 52
15:05:11.631 [TX CF0] 67 20 00 6C BB 20 91 41
15:05:11.642 [TX CF1] 67 21 6A 43 81 A0 C0 C1
15:05:11.654 [TX CF2] 67 22 C0 A4 90 B3 79 E1
15:05:11.666 [TX CF3] 67 23 00 FB E8 2D D0 78
15:05:11.677 [TX CF4] 67 24 23 90 19 40 01 60
15:05:11.688 [TX CF5] 67 25 68 01 98 75 A0 D0
15:05:11.698 [TX CF6] 67 26 C1 1F 85 3B CE C9
15:05:11.709 [TX CF7] 67 27 C9 11 82 EF 26 9A
15:05:11.719 [TX CF8] 67 28 08 94 17 78 52 53
15:05:11.729 [TX CF9] 67 29 C0 48 E0 9E 06 1E
15:05:11.739 [TX CF10] 67 2A 02 F4 2D B1 CD 46
15:05:11.749 [TX CF11] 67 2B C9 12 82 63 09 C5
15:05:11.760 [TX CF12] 67 2C 28 73 06 4A B3 5B
15:05:11.772 [TX CF13] 67 2D 8E 18 70 99 A8 40
15:05:11.783 [TX CF14] 67 2E 93 C0 C5 00 64 60
15:05:11.793 [TX CF15] 67 2F 39 29 8D 3A 78 8A
15:05:11.804 [TX CF0] 67 20 03 33 49 0A 9B 2C
15:05:11.815 [TX CF1] 67 21 F0 40 B3 29 1C 20
15:05:11.825 [TX CF2] 67 22 DD 18 1E 65 59 84
15:05:11.837 [TX CF3] 67 23 4F B7 25 A4 D2 6B
15:05:11.848 [TX CF4] 67 24 A3 EC 21 FD 18 26
15:05:11.859 [TX CF5] 67 25 A6 31 31 A5 D7 64
15:05:11.870 [TX CF6] 67 26 54 9A 55 77 F3 B2
15:05:11.881 [TX CF7] 67 27 25 E6 77 06 08 80
15:05:11.893 [TX CF8] 67 28 81 94 0B D0 08 14
15:05:11.904 [TX CF9] 67 29 B1 E6 8C B2 26 43
15:05:11.916 [TX CF10] 67 2A 03 51 A9 80 50 03
15:05:11.928 [TX CF11] 67 2B A1 CC 63 A4 1C 20
15:05:11.939 [TX CF12] 67 2C 60 E8 3B 63 94 0D
15:05:11.949 [TX CF13] 67 2D E8 3B D2 0F 21 18
15:05:11.960 [TX CF14] 67 2E 07 03 C8 E8 31 30
15:05:11.973 [TX CF15] 67 2F B8 82 01 18 A1 AD
15:05:11.984 [TX CF0] 67 20 D9 5F E3 82 6C 6D
15:05:11.996 [TX CF1] 67 21 04 5C 16 F0 05 90
15:05:12.008 [TX CF2] 67 22 C8 D0 B8 BD B8 1E
15:05:12.020 [TX CF3] 67 23 60 7C 85 AA 8D 13
15:05:12.030 [TX CF4] 67 24 BC 40 A5 7A 9E 9C
15:05:12.040 [TX CF5] 67 25 37 61 F0 DE 8B 70
15:05:12.051 [TX CF6] 67 26 EB 89 A0 13 C1 9B
15:05:12.062 [TX CF7] 67 27 AD 84 2B E1 7E FB
15:05:12.073 [TX CF8] 67 28 BE 75 CE 1F C5 CC
15:05:12.083 [TX CF9] 67 29 2B 54 B6 86 78 77
15:05:12.094 [TX CF10] 67 2A 0B 48 56 89 43 16
15:05:12.104 [TX CF11] 67 2B F0 AD D2 49 A0 48
15:05:12.116 [TX CF12] 67 2C 42 1B 00 C0 2A 40
15:05:12.127 [TX CF13] 67 2D 5D A0 DB C2 93 41
15:05:12.138 [TX CF14] 67 2E B0 1C 10 02 E1 65
15:05:12.149 [TX CF15] 67 2F D0 9B C0 6E 21 E0
15:05:12.160 [TX CF0] 67 20 FD D5 A9 12 68 C1
15:05:12.171 [TX CF1] 67 21 D1 0B 85 82 61 68
15:05:12.183 [TX CF2] 67 22 98 48 71 14 39 03
15:05:12.193 [TX CF3] 67 23 10 0A 1C C4 EC 0C
15:05:12.204 [TX CF4] 67 24 38 EE 0C 08 F0 2D
15:05:12.214 [TX CF5] 67 25 41 4A 09 EF 2A 7A
15:05:12.224 [TX CF6] 67 26 94 13 76 14 08 2C
15:05:12.234 [TX CF7] 67 27 22 87 30 B0 60 24
15:05:12.245 [TX CF8] 67 28 FB F8 10 BD 08 1C
15:05:12.257 [TX CF9] 67 29 8A 72 A8 C5 84 84
15:05:12.268 [TX CF10] 67 2A 5C 4B 04 8D 99 83
15:05:12.280 [TX CF11] 67 2B 0F 04 22 54 8F E4
15:05:12.290 [TX CF12] 67 2C 05 06 3C 2D 11 0A
15:05:12.300 [TX CF13] 67 2D 19 69 E7 F2 81 48
15:05:12.311 [TX CF14] 67 2E 37 E1 C0 90 E2 53
15:05:12.322 [TX CF15] 67 2F 50 58 82 A8 44 68
15:05:12.333 [TX CF0] 67 20 60 5C 0D F0 07 E0
15:05:12.343 [TX CF1] 67 21 83 F5 3D 50 6E 94
15:05:12.354 [TX CF2] 67 22 3A 03 21 C8 D0 27
15:05:12.365 [TX CF3] 67 23 34 A8 8D 81 2C 9D
15:05:12.376 [TX CF4] 67 24 26 C1 50 98 DA 10
15:05:12.387 [TX CF5] 67 25 19 29 D0 C0 6D 61
15:05:12.399 [TX CF6] 67 26 12 19 B5 21 91 86
15:05:12.409 [TX CF7] 67 27 7F FE 7A C2 6A 9C
15:05:12.419 [TX CF8] 67 28 87 37 FF 80 EF 5B
15:05:12.429 [TX CF9] 67 29 A8 4D 29 30 AB 44
15:05:12.440 [TX CF10] 67 2A 4A 0D 00 EA 9B E0
15:05:12.450 [TX CF11] 67 2B 28 A1 89 82 85 10
15:05:12.462 [TX CF12] 67 2C 6E A1 2F 50 83 52
15:05:12.474 [TX CF13] 67 2D 82 A8 94 84 C1 60
15:05:12.485 [TX CF14] 67 2E 4A 70 09 10 48 13
15:05:12.496 [TX CF15] 67 2F 38 2C D0 88 6D 65
15:05:12.507 [TX CF0] 67 20 4E A8 1B 40 3F 80
15:05:12.517 [TX CF1] 67 21 94 42 19 90 48 64
15:05:12.528 [TX CF2] 67 22 8B F8 77 BF B3 6E
15:05:12.540 [TX CF3] 67 23 09 CC 3B BF F8 24
15:05:12.550 [TX CF4] 67 24 86 13 E0 85 4A 21
15:05:12.561 [TX CF5] 67 25 7D 14 AA 11 E5 78
15:05:12.571 [TX CF6] 67 26 3B 25 80 7D 2F FA
15:05:12.583 [TX CF7] 67 27 6F 03 DA 1A 0D 93
15:05:12.593 [TX CF8] 67 28 37 0B 57 F2 21 BD
15:05:12.605 [TX CF9] 67 29 55 A1 1C 56 13 16
15:05:12.617 [TX CF10] 67 2A 5A 43 9F 5A C7 C8
15:05:12.628 [TX CF11] 67 2B 58 D3 10 5F 03 94
15:05:12.640 [TX CF12] 67 2C 5F 87 BD 5B 8F 53
15:05:12.651 [TX CF13] 67 2D 5C C3 03 36 61 B1
15:05:12.662 [TX CF14] 67 2E 54 A1 00 93 41 23
15:05:12.672 [TX CF15] 67 2F 06 5C 3F E6 68 6F
15:05:12.683 [TX CF0] 67 20 EC C0 59 C0 F3 E5
15:05:12.695 [TX CF1] 67 21 11 06 66 18 0F 14
15:05:12.706 [TX CF2] 67 22 00 60 07 85 A1 84
15:05:12.717 [TX CF3] 67 23 22 22 6B C1 49 84
15:05:12.728 [TX CF4] 67 24 26 80 6B C1 A7 86
15:05:12.739 [TX CF5] 67 25 02 67 0A A0 48 26
15:05:12.750 [TX CF6] 67 26 0D 4C 24 11 06 B6
15:05:12.762 [TX CF7] 67 27 10 88 05 3E 01 70
15:05:12.773 [TX CF8] 67 28 DA E1 B6 14 FA 65
15:05:12.784 [TX CF9] 67 29 82 FC 4D C2 0B D1
15:05:12.795 [TX CF10] 67 2A 61 E1 98 42 C1 28
15:05:12.806 [TX CF11] 67 2B 8D 30 A0 90 58 2E
15:05:12.817 [TX CF12] 67 2C D6 0C 60 D5 09 80
15:05:12.828 [TX CF13] 67 2D B4 08 55 C2 E0 E7
15:05:12.838 [TX CF14] 67 2E 40 4F 8B 8A 09 00
15:05:12.849 [TX CF15] 67 2F DB 06 9A 10 4C 84
15:05:12.860 [TX CF0] 67 20 07 5B 28 BA 40 75
15:05:12.870 [TX CF1] 67 21 20 14 2D 3F D6 DA
15:05:12.880 [TX CF2] 67 22 52 8B E4 0E 50 FB
15:05:12.890 [TX CF3] 67 23 C2 08 5B 80 57 00
15:05:12.901 [TX CF4] 67 24 7C 09 04 17 C1 70
15:05:12.912 [TX CF5] 67 25 17 81 02 98 DE 15
15:05:12.923 [TX CF6] 67 26 48 68 30 8E 44 20
15:05:12.935 [TX CF7] 67 27 DB 0B 82 E8 18 04
15:05:12.945 [TX CF8] 67 28 92 DB E1 36 A1 37
15:05:12.956 [TX CF9] 67 29 A6 70 5B D0 61 0D
15:05:12.967 [TX CF10] 67 2A 18 2C 30 FB 7F F4
15:05:12.979 [TX CF11] 67 2B F8 CC 8D 36 70 B2
15:05:12.991 [TX CF12] 67 2C C2 E1 FF D9 32 B0
15:05:13.003 [TX CF13] 67 2D DC 41 E0 FD 5E 13
15:05:13.015 [TX CF14] 67 2E CE 5F 4F FF 41 8C
15:05:13.026 [TX CF15] 67 2F 70 60 D0 C6 41 68
15:05:13.038 [TX CF0] 67 20 76 60 F9 07 87 20
15:05:13.048 [TX CF1] 67 21 7D 28 B1 41 F8 B6
15:05:13.060 [TX CF2] 67 22 A2 E1 38 83 C2 3A
15:05:13.071 [TX CF3] 67 23 BC 47 D0 BD 10 10
15:05:13.083 [TX CF4] 67 24 7E 8B 84 07 C1 EE
15:05:13.095 [TX CF5] 67 25 B8 5B AE 5F 88 34
15:05:13.106 [TX CF6] 67 26 3F AB C6 03 0B C4
15:05:13.118 [TX CF7] 67 27 04 07 28 B8 F1 C1
15:05:13.129 [TX CF8] 67 28 92 EF 01 D1 82 70
15:05:13.140 [TX CF9] 67 29 69 A0 0F C3 51 72
15:05:13.151 [TX CF10] 67 2A DC 41 9F 28 70 02
15:05:13.162 [TX CF11] 67 2B 12 EB DF 83 CA 2E
15:05:13.173 [TX CF12] 67 2C 57 80 B0 3D 40 B8
15:05:13.184 [TX CF13] 67 2D BA 30 11 17 19 C4
15:05:13.195 [TX CF14] 67 2E 1A 0B D5 EA BC E1
15:05:13.206 [TX CF15] 67 2F 63 E1 69 04 03 06
15:05:13.218 [TX CF0] 67 20 85 7B AE 3C 81 18
15:05:13.229 [TX CF1] 67 21 76 20 74 76 8B 8A
15:05:13.239 [TX CF2] 67 22 6B 06 98 32 06 CA
15:05:13.250 [TX CF3] 67 23 15 BA 64 4A 45 7B
15:05:13.261 [TX CF4] 67 24 A4 F0 CC 70 46 1A
15:05:13.271 [TX CF5] 67 25 80 42 63 07 2C BF
15:05:13.281 [TX CF6] 67 26 3F E8 0C 96 CA 27
15:05:13.292 [TX CF7] 67 27 06 9B FF D0 E3 3F
15:05:13.303 [TX CF8] 67 28 92 0C 04 06 11 40
15:05:13.313 [TX CF9] 67 29 C0 C9 B0 2C 68 6C
15:05:13.324 [TX CF10] 67 2A 38 47 76 03 1C 28
15:05:13.336 [TX CF11] 67 2B 46 68 05 58 5D A4
15:05:13.347 [TX CF12] 67 2C 0E D0 60 D4 3B 30
15:05:13.359 [TX CF13] 67 2D DC 19 D3 3A 05 C8
15:05:13.370 [TX CF14] 67 2E 01 90 1D A0 E0 C6
15:05:13.381 [TX CF15] 67 2F B1 8E D0 98 FF FC
15:05:13.392 [TX CF0] 67 20 17 DB 2A 96 0B C2
15:05:13.403 [TX CF1] 67 21 87 05 46 12 5B AC
15:05:13.413 [TX CF2] 67 22 5A 41 12 F0 62 AF
15:05:13.423 [TX CF3] 67 23 1C 09 1C 4D AA 04
15:05:13.433 [TX CF4] 67 24 AE 1B D1 85 5E 6A
15:05:13.443 [TX CF5] 67 25 70 78 1F 47 13 7A
15:05:13.453 [TX CF6] 67 26 98 48 E1 74 08 37
15:05:13.464 [TX CF7] 67 27 43 A3 07 80 F5 62
15:05:13.475 [TX CF8] 67 28 32 08 17 82 A3 07
15:05:13.486 [TX CF9] 67 29 51 21 15 3B E1 7C
15:05:13.496 [TX CF10] 67 2A 84 C0 B2 F2 28 55
15:05:13.507 [TX CF11] 67 2B 0E C5 84 F0 5D 47
15:05:13.518 [TX CF12] 67 2C F8 43 BF F6 01 EC
15:05:13.528 [TX CF13] 67 2D 38 21 F4 B0 72 04
15:05:13.539 [TX CF14] 67 2E 03 D8 70 85 39 58
15:05:13.550 [TX CF15] 67 2F A0 58 2F 85 64 30
15:05:13.560 [TX CF0] 67 20 A3 E9 46 08 48 2F
15:05:13.570 [TX CF1] 67 21 25 9C 30 C5 A9 7E
15:05:13.581 [TX CF2] 67 22 5F EB 01 74 1C 39
15:05:13.593 [TX CF3] 67 23 78 5F 5F FB 40 60
15:05:13.604 [TX CF4] 67 24 87 10 61 97 C8 5C
15:05:13.616 [TX CF5] 67 25 82 F4 64 43 18 65
15:05:13.627 [TX CF6] 67 26 17 BA 60 00 CF 0E
15:05:13.638 [TX CF7] 67 27 34 D1 2F 58 C7 01
15:05:13.648 [TX CF8] 67 28 AC 1C 81 B0 5E 7F
15:05:13.660 [TX CF9] 67 29 FB C0 64 07 12 6F
15:05:13.672 [TX CF10] 67 2A 97 90 71 80 DD 0E
15:05:13.683 [TX CF11] 67 2B 50 E6 2F 04 CE 05
15:05:13.694 [TX CF12] 67 2C EC EB 86 54 ED 2E
15:05:13.705 [TX CF13] 67 2D E8 DC 01 E4 1C C1
15:05:13.717 [TX CF14] 67 2E E8 5D 99 D4 03 E4
15:05:13.728 [TX CF15] 67 2F 39 93 EC BA C3 54
15:05:13.739 [TX CF0] 67 20 08 00 73 88 11 74
15:05:13.751 [TX CF1] 67 21 BF E7 82 02 A4 A3
15:05:13.763 [TX CF2] 67 22 11 44 3E 10 24 84
15:05:13.775 [TX CF3] 67 23 02 F4 25 50 0E 8A
15:05:13.786 [TX CF4] 67 24 AB 28 04 A6 65 D0
15:05:13.798 [TX CF5] 67 25 89 5E 21 37 88 24
15:05:13.811 [TX CF6] 67 26 AA 5D DA 83 4A 65
15:05:13.821 [TX CF7] 67 27 9D A5 D6 32 A8 73
15:05:13.832 [TX CF8] 67 28 AE 09 54 43 A3 C2
15:05:13.843 [TX CF9] 67 29 BD 63 C8 B0 C2 60
15:05:13.854 [TX CF10] 67 2A 31 9A 1C 2A 0D 12
15:05:13.864 [TX CF11] 67 2B 86 65 08 B0 50 E8
15:05:13.875 [TX CF12] 67 2C 6E F0 24 9C 1B 94
15:05:13.886 [TX CF13] 67 2D 53 C0 92 C3 F0 45
15:05:13.897 [TX CF14] 67 2E 87 E5 E7 81 DE E0
15:05:13.909 [TX CF15] 67 2F 52 A8 17 47 F1 22
15:05:13.920 [TX CF0] 67 20 8D 50 09 88 63 D3
15:05:13.930 [TX CF1] 67 21 A0 A5 10 88 A5 43
15:05:13.941 [TX CF2] 67 22 CA A5 A5 80 DC C4
15:05:13.951 [TX CF3] 67 23 78 FF 9B 68 40 12
15:05:13.963 [TX CF4] 67 24 30 49 11 40 2E 70
15:05:13.975 [TX CF5] 67 25 44 25 D0 E1 32 F1
15:05:13.986 [TX CF6] 67 26 FB D7 94 94 B4 B1
15:05:13.996 [TX CF7] 67 27 1C 23 F2 DA E0 B6
15:05:14.006 [TX CF8] 67 28 04 D0 14 58 40 24
15:05:14.017 [TX CF9] 67 29 B7 BA 74 E1 4D 07
15:05:14.027 [TX CF10] 67 2A 46 61 78 C0 41 B0
15:05:14.037 [TX CF11] 67 2B 10 E8 0C 0B 02 4F
15:05:14.048 [TX CF12] 67 2C 86 E5 84 70 20 37
15:05:14.058 [TX CF13] 67 2D 42 88 A4 92 4A AA
15:05:14.069 [TX CF14] 67 2E 82 09 D1 9A 5D 93
15:05:14.080 [TX CF15] 67 2F B8 70 25 E8 AC 38
15:05:14.091 [TX CF0] 67 20 BE 07 0E 10 0B D5
15:05:14.102 [TX CF1] 67 21 BE 93 42 56 00 2E
15:05:14.113 [TX CF2] 67 22 06 11 18 71 20 B2
15:05:14.123 [TX CF3] 67 23 43 F6 35 82 81 01
15:05:14.135 [TX CF4] 67 24 CC 50 2F 2E E4 16
15:05:14.147 [TX CF5] 67 25 7D 49 56 E2 AC 50
15:05:14.157 [TX CF6] 67 26 87 F4 3E 17 9E 03
15:05:14.168 [TX CF7] 67 27 04 38 03 B8 15 9E
15:05:14.179 [TX CF8] 67 28 18 95 A4 7F 0B 8B
15:05:14.190 [TX CF9] 67 29 17 08 9B 1A 59 85
15:05:14.201 [TX CF10] 67 2A E8 C9 8B 06 26 5C
15:05:14.212 [TX CF11] 67 2B 78 C6 68 76 9A 37
15:05:14.223 [TX CF12] 67 2C 32 E1 30 B9 16 10
15:05:14.235 [TX CF13] 67 2D 80 B1 A1 74 E0 DE
15:05:14.245 [TX CF14] 67 2E 41 AC 87 21 C2 83
15:05:14.256 [TX CF15] 67 2F 46 5C 03 4E 3C 6B
15:05:14.268 [TX CF0] 67 20 54 5C 63 6C 06 BC
15:05:14.280 [TX CF1] 67 21 3E D7 3C 2D 95 31
15:05:14.292 [TX CF2] 67 22 17 0F 83 6E 5E 03
15:05:14.304 [TX CF3] 67 23 76 3C A3 7C 5A 63
15:05:14.315 [TX CF4] 67 24 94 07 0C 3D 97 14
15:05:14.325 [TX CF5] 67 25 F4 86 B8 17 B6 8E
15:05:14.336 [TX CF6] 67 26 90 06 14 79 57 48
15:05:14.346 [TX CF7] 67 27 B0 C7 78 0A 38 78
15:05:14.358 [TX CF8] 67 28 AE C9 E1 17 05 E2
15:05:14.370 [TX CF9] 67 29 0E 74 25 14 37 22
15:05:14.380 [TX CF10] 67 2A 18 9B C1 6B 07 CA
15:05:14.390 [TX CF11] 67 2B 0D 34 9E 88 43 6F
15:05:14.401 [TX CF12] 67 2C 10 5A 1A C5 08 97
15:05:14.413 [TX CF13] 67 2D 45 92 FB 36 5D 2B
15:05:14.424 [TX CF14] 67 2E 8A 1A 0F 41 71 82
15:05:14.434 [TX CF15] 67 2F E1 07 F6 13 DF 06
15:05:14.445 [TX CF0] 67 20 02 5F 24 45 81 7D
15:05:14.455 [TX CF1] 67 21 80 CA 24 BD 1B A5
15:05:14.467 [TX CF2] 67 22 D6 63 79 82 48 19
15:05:14.479 [TX CF3] 67 23 79 61 96 92 01 61
15:05:14.489 [TX CF4] 67 24 C7 BD A5 7D 21 05
15:05:14.501 [TX CF5] 67 25 80 6C 07 B2 DC 50
15:05:14.513 [TX CF6] 67 26 B0 E0 C2 30 A9 52
15:05:14.524 [TX CF7] 67 27 5C 61 25 80 02 30
15:05:14.537 [TX CF8] 67 28 0A 21 BF 73 03 B1
15:05:14.549 [TX CF9] 67 29 B8 40 FC 14 09 7C
15:05:14.561 [TX CF10] 67 2A 07 A0 BA C1 FF 82
15:05:14.572 [TX CF11] 67 2B C9 49 C3 0C BB 48
15:05:14.584 [TX CF12] 67 2C 46 90 3E 08 AC 26
15:05:14.595 [TX CF13] 67 2D F7 68 1C 83 80 F9
15:05:14.606 [TX CF14] 67 2E 82 8C 07 C2 07 B0
15:05:14.617 [TX CF15] 67 2F F8 2B 25 E2 2A 21
15:05:14.628 [TX CF0] 67 20 FC 6D 68 12 0A 25
15:05:14.639 [TX CF1] 67 21 26 11 60 DF FC E9
15:05:14.650 [TX CF2] 67 22 F8 F1 82 16 FC 7D
15:05:14.661 [TX CF3] 67 23 09 21 05 A3 81 B2
15:05:14.672 [TX CF4] 67 24 81 4A 2E 7D 1C B5
15:05:14.684 [TX CF5] 67 25 31 57 84 0B E1 3A
15:05:14.695 [TX CF6] 67 26 FE E5 69 D0 64 EC
15:05:14.707 [TX CF7] 67 27 12 29 8A 1E 01 AC
15:05:14.718 [TX CF8] 67 28 33 6F EA 27 16 00
15:05:14.729 [TX CF9] 67 29 14 0C 8D 3D 24 87
15:05:14.741 [TX CF10] 67 2A C2 09 3E EA 59 BC
15:05:14.752 [TX CF11] 67 2B 18 BB 44 02 57 09
15:05:14.764 [TX CF12] 67 2C E8 40 37 F3 5D 06
15:05:14.775 [TX CF13] 67 2D E6 F3 09 83 C2 61
15:05:14.787 [TX CF14] 67 2E F4 2A E4 E5 7E 00
15:05:14.799 [TX CF15] 67 2F E1 1C C5 1E CB 60
15:05:14.809 [TX CF0] 67 20 C4 0D 40 B4 50 20
15:05:14.821 [TX CF1] 67 21 DE AE 81 17 0C 04
15:05:14.832 [TX CF2] 67 22 13 0B 0E A4 48 B0
15:05:14.842 [TX CF3] 67 23 B4 8F 4C 02 93 19
15:05:14.854 [TX CF4] 67 24 E4 C0 28 31 86 42
15:05:14.866 [TX CF5] 67 25 03 5C 38 1F C9 CD
15:05:14.878 [TX CF6] 67 26 A3 11 0F 80 66 A0
15:05:14.890 [TX CF7] 67 27 43 78 3A 1C A8 07
15:05:14.902 [TX CF8] 67 28 4A 11 01 F0 12 B0
15:05:14.913 [TX CF9] 67 29 A5 43 6F B4 98 5D
15:05:14.924 [TX CF10] 67 2A A3 27 42 5C A1 0A
15:05:14.936 [TX CF11] 67 2B 39 01 9B 81 D0 33
15:05:14.946 [TX CF12] 67 2C 54 2E 77 42 F5 48
15:05:14.958 [TX CF13] 67 2D 80 8F A0 94 F5 FA
15:05:14.969 [TX CF14] 67 2E 10 29 06 22 8F D4
15:05:14.979 [TX CF15] 67 2F F3 E2 4A F0 87 70
15:05:14.991 [TX CF0] 67 20 21 E0 59 42 CB 65
15:05:15.003 [TX CF1] 67 21 B8 11 60 B6 AC B0
15:05:15.013 [TX CF2] 67 22 92 11 C0 B6 F0 20
15:05:15.024 [TX CF3] 67 23 9C 58 75 C4 93 0D
15:05:15.034 [TX CF4] 67 24 01 7F 01 FF FF FF
15:05:15.054 [RX SF ] 67 02 76 02 FF FF FF FF
15:05:15.055 [RX    ] 76 02
15:05:15.055 [PASS  ] TransferData block=2 | expected: 76 ... | received: 76 02
15:05:15.067 ------------------------------------------------------------------------
15:05:15.068 [STEP  ] 0x36 block=3  offset=4080/45254  (9%)
15:05:15.068 [TX TransferData block=3 len=2040] 36 03 36 18 0C 8E 31 42 27 B5 6B A4 C3 ED 19 7A...
15:05:15.069 [TX FF ] 67 17 FA 36 03 36 18 0C
15:05:15.080 [TX CF1] 67 21 8E 31 42 27 B5 6B
15:05:15.090 [TX CF2] 67 22 A4 C3 ED 19 7A 14
15:05:15.101 [TX CF3] 67 23 0C A8 09 55 2E EF
15:05:15.113 [TX CF4] 67 24 42 CA 57 0F BD D0
15:05:15.123 [TX CF5] 67 25 14 60 59 43 B7 E7
15:05:15.134 [TX CF6] 67 26 B1 15 C3 2D A0 D9
15:05:15.145 [TX CF7] 67 27 C0 B8 80 BB 0B 28
15:05:15.156 [TX CF8] 67 28 BE 1F 8A 1C 1C 07
15:05:15.167 [TX CF9] 67 29 86 01 E0 90 7E 2A
15:05:15.178 [TX CF10] 67 2A 0B EC 18 68 40 E0
15:05:15.189 [TX CF11] 67 2B 90 58 34 1E 11 0C
15:05:15.201 [TX CF12] 67 2C 88 45 23 12 01 DA
15:05:15.212 [TX CF13] 67 2D 17 01 74 12 5A C5
15:05:15.222 [TX CF14] 67 2E 22 0A 30 1D 2F 85
15:05:15.233 [TX CF15] 67 2F 5A 91 04 B0 1F B0
15:05:15.244 [TX CF0] 67 20 AB 52 68 36 03 12
15:05:15.255 [TX CF1] 67 21 1C 98 3C 17 A8 80
15:05:15.266 [TX CF2] 67 22 42 03 60 FD 48 30
15:05:15.278 [TX CF3] 67 23 04 C0 75 FF CA A1
15:05:15.289 [TX CF4] 67 24 BC 00 AC 16 0A 25
15:05:15.300 [TX CF5] 67 25 82 86 35 0E AB FC
15:05:15.312 [TX CF6] 67 26 03 61 FA 38 41 21
15:05:15.323 [TX CF7] 67 27 44 25 54 FE 22 12
15:05:15.334 [TX CF8] 67 28 AD FF 01 68 7E BA
15:05:15.345 [TX CF9] 67 29 34 BA 47 06 D0 37
15:05:15.356 [TX CF10] 67 2A C0 08 87 0A C0 8F
15:05:15.367 [TX CF11] 67 2B C3 81 22 C9 40 12
15:05:15.379 [TX CF12] 67 2C 19 51 E9 38 AB 54
15:05:15.390 [TX CF13] 67 2D 1E 47 1A A1 E2 AC
15:05:15.401 [TX CF14] 67 2E 5C AB 4A 87 0E 5D
15:05:15.413 [TX CF15] 67 2F 86 7F 22 A1 59 E8
15:05:15.424 [TX CF0] 67 20 74 A8 15 85 32 8D
15:05:15.435 [TX CF1] 67 21 82 09 22 E1 59 F2
15:05:15.445 [TX CF2] 67 22 50 3C 15 9E 83 4A
15:05:15.455 [TX CF3] 67 23 85 58 13 A8 D9 53
15:05:15.467 [TX CF4] 67 24 C8 D8 A5 F4 93 4A
15:05:15.479 [TX CF5] 67 25 10 19 54 53 A3 A2
15:05:15.489 [TX CF6] 67 26 B4 24 B0 C9 42 34
15:05:15.501 [TX CF7] 67 27 56 0F 54 16 C7 68
15:05:15.513 [TX CF8] 67 28 ED C0 3B 70 84 BA
15:05:15.525 [TX CF9] 67 29 16 3B 04 25 03 04
15:05:15.537 [TX CF10] 67 2A 03 93 08 62 21 62
15:05:15.548 [TX CF11] 67 2B B0 28 90 A9 43 EA
15:05:15.558 [TX CF12] 67 2C 50 78 8D 0F 43 60
15:05:15.569 [TX CF13] 67 2D 8B 78 24 4A 28 E4
15:05:15.580 [TX CF14] 67 2E 56 09 9D 2E 27 40
15:05:15.591 [TX CF15] 67 2F B5 41 52 B8 2B 90
15:05:15.601 [TX CF0] 67 20 53 A1 31 57 83 0E
15:05:15.613 [TX CF1] 67 21 82 4C 29 53 2A 02
15:05:15.625 [TX CF2] 67 22 C1 2E 94 2B A5 02
15:05:15.635 [TX CF3] 67 23 A4 C1 69 30 D5 5A
15:05:15.646 [TX CF4] 67 24 12 14 8C 23 7C 32
15:05:15.658 [TX CF5] 67 25 34 3E 0D 82 00 8B
15:05:15.670 [TX CF6] 67 26 0F EB FB 5D 65 FC
15:05:15.682 [TX CF7] 67 27 FD A2 71 E8 C0 64
15:05:15.694 [TX CF8] 67 28 50 CA 48 E3 28 02
15:05:15.706 [TX CF9] 67 29 38 09 14 8D 7F 1C
15:05:15.718 [TX CF10] 67 2A 1D 82 0A 2B 48 6F
15:05:15.729 [TX CF11] 67 2B F2 3F 49 2C 61 08
15:05:15.740 [TX CF12] 67 2C B1 42 AD 11 0A 18
15:05:15.751 [TX CF13] 67 2D BF 02 44 07 BC 2E
15:05:15.762 [TX CF14] 67 2E 02 B8 B0 07 5C 20
15:05:15.774 [TX CF15] 67 2F 31 0C 04 0E E9 11
15:05:15.785 [TX CF0] 67 20 16 61 A4 F8 32 F0
15:05:15.795 [TX CF1] 67 21 82 32 E1 F4 70 44
15:05:15.806 [TX CF2] 67 22 F0 79 1A 10 F7 19
15:05:15.817 [TX CF3] 67 23 F0 FD 1A 30 9D 12
15:05:15.827 [TX CF4] 67 24 B6 45 19 B8 40 3D
15:05:15.838 [TX CF5] 67 25 0C EC 20 6D 3C 36
15:05:15.848 [TX CF6] 67 26 30 03 A4 30 16 58
15:05:15.860 [TX CF7] 67 27 12 68 07 E5 9F 84
15:05:15.872 [TX CF8] 67 28 31 9D 0E 81 B7 0C
15:05:15.884 [TX CF9] 67 29 3E 7D 00 8F 66 63
15:05:15.895 [TX CF10] 67 2A 8C AC 20 82 A8 1A
15:05:15.907 [TX CF11] 67 2B 40 05 30 80 7B 0E
15:05:15.918 [TX CF12] 67 2C C8 41 BF EE 24 38
15:05:15.929 [TX CF13] 67 2D EE 28 05 C0 0B 70
15:05:15.940 [TX CF14] 67 2E FF C1 DC 50 7B E7
15:05:15.952 [TX CF15] 67 2F F2 83 AC 38 0D A8
15:05:15.962 [TX CF0] 67 20 5B 0C 5F FA 03 BD
15:05:15.974 [TX CF1] 67 21 73 A5 87 74 42 2E
15:05:15.986 [TX CF2] 67 22 41 BE 81 6F 0B 7D
15:05:15.997 [TX CF3] 67 23 3A 42 2A 80 B1 04
15:05:16.009 [TX CF4] 67 24 B2 37 D0 8B F4 E4
15:05:16.020 [TX CF5] 67 25 4D 90 17 88 48 6E
15:05:16.031 [TX CF6] 67 26 54 AE A8 52 09 6C
15:05:16.042 [TX CF7] 67 27 17 A1 13 80 47 EF
15:05:16.054 [TX CF8] 67 28 3C 98 CD 6E 39 6D
15:05:16.065 [TX CF9] 67 29 8F 2F 90 99 C0 22
15:05:16.076 [TX CF10] 67 2A 13 3D 9A BA 07 B4
15:05:16.088 [TX CF11] 67 2B 3F 3B 06 49 E4 04
15:05:16.101 [TX CF12] 67 2C AA 1F D0 A0 48 A1
15:05:16.111 [TX CF13] 67 2D DE 05 DA 1C 7F D9
15:05:16.123 [TX CF14] 67 2E 97 04 5E 14 EF E6
15:05:16.135 [TX CF15] 67 2F C7 10 E0 C3 C3 D1
15:05:16.147 [TX CF0] 67 20 3F 21 B4 B8 6C 70
15:05:16.158 [TX CF1] 67 21 1F 2D EB F9 0F CF
15:05:16.170 [TX CF2] 67 22 9F 01 22 F9 60 3E
15:05:16.182 [TX CF3] 67 23 E0 28 36 AE C4 10
15:05:16.193 [TX CF4] 67 24 08 62 6F 10 19 49
15:05:16.205 [TX CF5] 67 25 91 08 14 A5 DB 8E
15:05:16.217 [TX CF6] 67 26 F5 8A 84 33 F8 08
15:05:16.227 [TX CF7] 67 27 4B 3E 09 86 A0 32
15:05:16.238 [TX CF8] 67 28 81 0D 05 C2 83 70
15:05:16.249 [TX CF9] 67 29 C0 DC 1B 28 44 26
15:05:16.260 [TX CF10] 67 2A 38 14 08 00 E8 57
15:05:16.270 [TX CF11] 67 2B 38 5C 28 FF ED AD
15:05:16.281 [TX CF12] 67 2C 26 99 22 03 01 2A
15:05:16.292 [TX CF13] 67 2D 0C 21 8C F0 68 9F
15:05:16.303 [TX CF14] 67 2E 30 89 F0 C4 78 1A
15:05:16.315 [TX CF15] 67 2F E8 F4 70 BE 0B 55
15:05:16.326 [TX CF0] 67 20 2E B7 78 C1 D0 82
15:05:16.337 [TX CF1] 67 21 78 60 3C 05 7C 00
15:05:16.348 [TX CF2] 67 22 F8 58 2F 12 04 34
15:05:16.359 [TX CF3] 67 23 14 3B 0D C0 71 00
15:05:16.370 [TX CF4] 67 24 4D 08 20 1C 00 F4
15:05:16.382 [TX CF5] 67 25 1D 10 52 17 34 70
15:05:16.394 [TX CF6] 67 26 0F B8 7B 5F BB 4D
15:05:16.405 [TX CF7] 67 27 1A 90 0E 00 3C 04
15:05:16.417 [TX CF8] 67 28 87 C5 88 D1 DA 3A
15:05:16.427 [TX CF9] 67 29 51 AF 18 96 08 C6
15:05:16.438 [TX CF10] 67 2A 4B 65 01 C9 41 24
15:05:16.448 [TX CF11] 67 2B 72 09 15 9A F1 16
15:05:16.459 [TX CF12] 67 2C A1 45 3A 1A 6C 44
15:05:16.470 [TX CF13] 67 2D 02 5D 0D 45 41 9E
15:05:16.480 [TX CF14] 67 2E D3 E2 27 F1 DD F5
15:05:16.491 [TX CF15] 67 2F 0A 0B DA 14 A1 DF
15:05:16.503 [TX CF0] 67 20 93 CD E8 13 8A 18
15:05:16.514 [TX CF1] 67 21 44 08 37 83 47 88
15:05:16.526 [TX CF2] 67 22 8D C7 60 7E 00 DE
15:05:16.538 [TX CF3] 67 23 1D F9 34 1A 81 66
15:05:16.550 [TX CF4] 67 24 11 C1 98 CD EC B3
15:05:16.560 [TX CF5] 67 25 01 98 3B 4F 0C 06
15:05:16.571 [TX CF6] 67 26 68 78 24 65 54 28
15:05:16.582 [TX CF7] 67 27 5D 0B 5D 1A 30 1D
15:05:16.594 [TX CF8] 67 28 82 53 3B E8 08 B0
15:05:16.606 [TX CF9] 67 29 A4 85 40 03 C4 1C
15:05:16.618 [TX CF10] 67 2A 86 D1 46 06 60 3E
15:05:16.628 [TX CF11] 67 2B C6 F1 51 90 52 28
15:05:16.639 [TX CF12] 67 2C 1A 1B 46 BE 47 0B
15:05:16.651 [TX CF13] 67 2D B8 7F A4 74 BB 80
15:05:16.662 [TX CF14] 67 2E E7 08 DD E3 17 70
15:05:16.674 [TX CF15] 67 2F E4 C7 08 89 7F 24
15:05:16.685 [TX CF0] 67 20 D1 EA 01 19 08 F5
15:05:16.695 [TX CF1] 67 21 C0 53 83 BB 0E FC
15:05:16.706 [TX CF2] 67 22 8E 66 AF 82 8D 13
15:05:16.717 [TX CF3] 67 23 1D 41 22 9B 52 FB
15:05:16.727 [TX CF4] 67 24 6F 98 25 71 2E 87
15:05:16.739 [TX CF5] 67 25 5B 65 33 A7 81 20
15:05:16.751 [TX CF6] 67 26 BE C6 6D B6 A1 6A
15:05:16.763 [TX CF7] 67 27 35 D1 5A 10 6E 84
15:05:16.773 [TX CF8] 67 28 BE F1 6D 8E 5E 1B
15:05:16.784 [TX CF9] 67 29 A0 5C 29 31 CB B4
15:05:16.796 [TX CF10] 67 2A 7B F1 D1 A9 47 2B
15:05:16.807 [TX CF11] 67 2B 71 EF 67 46 11 70
15:05:16.818 [TX CF12] 67 2C A4 47 34 16 01 F6
15:05:16.829 [TX CF13] 67 2D 10 0B C0 C3 08 1E
15:05:16.840 [TX CF14] 67 2E C3 E1 BD 59 40 D5
15:05:16.852 [TX CF15] 67 2F C2 71 B5 82 C0 21
15:05:16.863 [TX CF0] 67 20 8E 44 3E 14 9F C3
15:05:16.875 [TX CF1] 67 21 B5 09 43 92 0F BD
15:05:16.887 [TX CF2] 67 22 83 FE 60 40 BD 84
15:05:16.899 [TX CF3] 67 23 57 F1 31 65 42 78
15:05:16.912 [TX CF4] 67 24 81 AB 8C 86 79 4A
15:05:16.922 [TX CF5] 67 25 89 84 C0 95 C2 7A
15:05:16.933 [TX CF6] 67 26 2F 94 8A 58 3F B0
15:05:16.944 [TX CF7] 67 27 0F 61 18 A5 54 AF
15:05:16.955 [TX CF8] 67 28 18 20 CC 0B E8 24
15:05:16.966 [TX CF9] 67 29 30 88 00 45 08 83
15:05:16.976 [TX CF10] 67 2A 9E 1F 63 8E 09 44
15:05:16.988 [TX CF11] 67 2B 8F A1 31 A6 68 2D
15:05:16.999 [TX CF12] 67 2C 1E 1B 46 22 85 1E
15:05:17.011 [TX CF13] 67 2D E8 18 30 90 9B C1
15:05:17.023 [TX CF14] 67 2E 8D 74 7C 16 85 4E
15:05:17.035 [TX CF15] 67 2F 11 18 D0 53 00 F2
15:05:17.046 [TX CF0] 67 20 0F 2C 03 E8 41 BA
15:05:17.058 [TX CF1] 67 21 38 9D 93 EF 0D EF
15:05:17.070 [TX CF2] 67 22 EE 05 E0 3C 65 23
15:05:17.082 [TX CF3] 67 23 FD 9D 30 2F E0 10
15:05:17.093 [TX CF4] 67 24 40 E3 84 0B A2 F0
15:05:17.104 [TX CF5] 67 25 83 21 30 10 A0 65
15:05:17.116 [TX CF6] 67 26 02 21 30 19 80 59
15:05:17.127 [TX CF7] 67 27 42 20 63 94 BA 84
15:05:17.138 [TX CF8] 67 28 76 99 20 03 00 6F
15:05:17.149 [TX CF9] 67 29 83 A3 A0 BC 46 E9
15:05:17.161 [TX CF10] 67 2A B6 91 E4 24 E4 25
15:05:17.173 [TX CF11] 67 2B 37 8C 0D 0A 5B D0
15:05:17.185 [TX CF12] 67 2C 39 E1 08 16 01 28
15:05:17.196 [TX CF13] 67 2D 0F 62 8C 00 40 0D
15:05:17.207 [TX CF14] 67 2E FD F9 1F 87 F5 28
15:05:17.218 [TX CF15] 67 2F BC 68 2E 06 E4 36
15:05:17.229 [TX CF0] 67 20 5F E3 1A 32 87 76
15:05:17.241 [TX CF1] 67 21 08 BD 22 A2 00 6D
15:05:17.253 [TX CF2] 67 22 FF B8 90 86 1E 8F
15:05:17.264 [TX CF3] 67 23 EA 1F E0 48 A1 D5
15:05:17.275 [TX CF4] 67 24 FF 68 51 00 C3 11
15:05:17.287 [TX CF5] 67 25 50 C2 97 D0 4A 52
15:05:17.298 [TX CF6] 67 26 88 A7 20 4A C3 5E
15:05:17.309 [TX CF7] 67 27 47 47 C0 FD 3B 10
15:05:17.321 [TX CF8] 67 28 48 60 92 40 B8 92
15:05:17.332 [TX CF9] 67 29 0D 27 5A 11 5A 66
15:05:17.343 [TX CF10] 67 2A 9E F5 66 B4 60 17
15:05:17.355 [TX CF11] 67 2B F8 40 66 11 88 9D
15:05:17.366 [TX CF12] 67 2C 26 83 60 53 E1 01
15:05:17.377 [TX CF13] 67 2D 5D 01 BF 8B 68 66
15:05:17.387 [TX CF14] 67 2E 0A 6C 3E 17 0F EC
15:05:17.398 [TX CF15] 67 2F 06 4B 10 A4 4D 6A
15:05:17.409 [TX CF0] 67 20 0A 9C 22 6A A8 EE
15:05:17.419 [TX CF1] 67 21 7F D8 6D 21 4E 84
15:05:17.430 [TX CF2] 67 22 06 D1 29 A1 AA 50
15:05:17.441 [TX CF3] 67 23 9C 41 E0 10 F8 5D
15:05:17.452 [TX CF4] 67 24 26 E1 50 90 DA 35
15:05:17.463 [TX CF5] 67 25 50 2C 42 D2 0B 52
15:05:17.473 [TX CF6] 67 26 D7 08 42 C2 38 6D
15:05:17.483 [TX CF7] 67 27 0D 93 87 C7 7B 88
15:05:17.494 [TX CF8] 67 28 69 C2 D7 49 B2 94
15:05:17.504 [TX CF9] 67 29 22 22 BC 82 B1 10
15:05:17.514 [TX CF10] 67 2A 5E E1 44 75 E3 04
15:05:17.525 [TX CF11] 67 2B 8C 2F F0 84 2C C0
15:05:17.537 [TX CF12] 67 2C 70 42 82 C2 1F 27
15:05:17.548 [TX CF13] 67 2D 61 42 C4 64 08 87
15:05:17.559 [TX CF14] 67 2E 02 8C C7 C1 1B 86
15:05:17.570 [TX CF15] 67 2F 6C F4 07 C3 6A 21
15:05:17.580 [TX CF0] 67 20 01 D2 0A 7F 0D FF
15:05:17.593 [TX CF1] 67 21 F9 2E 87 3D 99 0F
15:05:17.603 [TX CF2] 67 22 A5 99 0C 67 FE 9E
15:05:17.614 [TX CF3] 67 23 42 A2 AC 01 96 1E
15:05:17.625 [TX CF4] 67 24 4D A1 2D 2F FE CA
15:05:17.636 [TX CF5] 67 25 D3 FA CE 81 AA 1F
15:05:17.648 [TX CF6] 67 26 1D AD 09 75 2D A5
15:05:17.660 [TX CF7] 67 27 32 15 22 94 DA 35
15:05:17.671 [TX CF8] 67 28 D2 0A 00 13 08 C3
15:05:17.683 [TX CF9] 67 29 23 0C F7 E5 B9 02
15:05:17.694 [TX CF10] 67 2A 79 0B 0F FF 41 80
15:05:17.705 [TX CF11] 67 2B 6F 29 E0 C0 36 B0
15:05:17.716 [TX CF12] 67 2C D4 DA 36 6D C1 71
15:05:17.726 [TX CF13] 67 2D FF 9D 84 D0 47 83
15:05:17.737 [TX CF14] 67 2E 3F 1F FC 83 00 E6
15:05:17.748 [TX CF15] 67 2F 52 C1 80 74 61 52
15:05:17.759 [TX CF0] 67 20 FF B1 F2 81 FC 33
15:05:17.771 [TX CF1] 67 21 9F A7 62 10 AF DA
15:05:17.783 [TX CF2] 67 22 87 04 22 1A 04 28
15:05:17.793 [TX CF3] 67 23 70 5E 88 93 0B 0A
15:05:17.804 [TX CF4] 67 24 42 02 6C 1F 0B 4F
15:05:17.816 [TX CF5] 67 25 E2 2B E0 5E 20 94
15:05:17.826 [TX CF6] 67 26 C1 E1 84 20 38 85
15:05:17.837 [TX CF7] 67 27 79 E4 94 8B F3 0C
15:05:17.849 [TX CF8] 67 28 0B 40 F5 04 98 80
15:05:17.859 [TX CF9] 67 29 DD 07 92 5D 0F C4
15:05:17.871 [TX CF10] 67 2A 13 C1 04 94 40 D0
15:05:17.882 [TX CF11] 67 2B D0 BE D0 CE FE 0C
15:05:17.892 [TX CF12] 67 2C A8 48 6E 1E 07 80
15:05:17.903 [TX CF13] 67 2D 6F AC 01 18 42 1C
15:05:17.914 [TX CF14] 67 2E F0 5C 54 18 78 2E
15:05:17.925 [TX CF15] 67 2F 18 A4 28 18 8A 04
15:05:17.937 [TX CF0] 67 20 71 CF 83 79 28 83
15:05:17.948 [TX CF1] 67 21 7E 50 3E 0E 1C 24
15:05:17.959 [TX CF2] 67 22 A7 F0 26 AE 64 A0
15:05:17.971 [TX CF3] 67 23 C6 18 30 80 BD 2D
15:05:17.983 [TX CF4] 67 24 18 46 4E 1A D0 68
15:05:17.994 [TX CF5] 67 25 18 8B 46 0B 3C E3
15:05:18.005 [TX CF6] 67 26 8E 03 88 A0 E0 9D
15:05:18.017 [TX CF7] 67 27 A8 5D 5D A0 F2 3F
15:05:18.028 [TX CF8] 67 28 52 0C 56 80 6F 05
15:05:18.040 [TX CF9] 67 29 4B 78 A3 C2 B5 AC
15:05:18.050 [TX CF10] 67 2A 98 85 D0 0A A1 D2
15:05:18.061 [TX CF11] 67 2B 77 03 70 DA C1 A0
15:05:18.073 [TX CF12] 67 2C 10 D8 04 52 01 23
15:05:18.084 [TX CF13] 67 2D 34 20 A6 C2 42 EB
15:05:18.096 [TX CF14] 67 2E 4A DF 48 D6 48 69
15:05:18.107 [TX CF15] 67 2F D4 3C 04 66 0B 72
15:05:18.119 [TX CF0] 67 20 A2 60 5E 88 42 26
15:05:18.130 [TX CF1] 67 21 34 AB CC 06 47 13
15:05:18.141 [TX CF2] 67 22 A1 D2 EE 30 1B DE
15:05:18.152 [TX CF3] 67 23 06 E8 FF 42 03 73
15:05:18.164 [TX CF4] 67 24 B8 06 C1 5F C0 1C
15:05:18.176 [TX CF5] 67 25 42 2C BB 03 E1 F6
15:05:18.186 [TX CF6] 67 26 FE 40 A5 A7 44 2C
15:05:18.197 [TX CF7] 67 27 54 82 FE 1A C9 15
15:05:18.208 [TX CF8] 67 28 46 87 40 5C 01 21
15:05:18.219 [TX CF9] 67 29 81 5E E1 54 28 5F
15:05:18.230 [TX CF10] 67 2A 40 FE 84 0A F4 2F
15:05:18.241 [TX CF11] 67 2B C2 3A 8A 82 43 40
15:05:18.253 [TX CF12] 67 2C AF 57 69 30 9B 44
15:05:18.264 [TX CF13] 67 2D 6A 45 89 AF 1C 70
15:05:18.276 [TX CF14] 67 2E 92 76 E6 43 CC 00
15:05:18.286 [TX CF15] 67 2F D8 18 21 E2 7F C4
15:05:18.297 [TX CF0] 67 20 F8 40 65 BF 7E 8D
15:05:18.307 [TX CF1] 67 21 50 59 5D 4A 10 31
15:05:18.320 [TX CF2] 67 22 C3 DA 30 94 F0 80
15:05:18.331 [TX CF3] 67 23 74 08 0C 8A 1D 21
15:05:18.341 [TX CF4] 67 24 1B E0 1E C8 72 85
15:05:18.353 [TX CF5] 67 25 2C 68 0C 70 6A 09
15:05:18.364 [TX CF6] 67 26 31 0C 05 79 13 87
15:05:18.375 [TX CF7] 67 27 6B B5 45 1D 8F 90
15:05:18.386 [TX CF8] 67 28 90 D0 EB 50 29 17
15:05:18.397 [TX CF9] 67 29 A7 CE 5D 56 46 FA
15:05:18.408 [TX CF10] 67 2A 02 04 1E 8E 7A 20
15:05:18.420 [TX CF11] 67 2B 06 9A 4B 02 33 84
15:05:18.432 [TX CF12] 67 2C B9 C3 A6 14 10 04
15:05:18.443 [TX CF13] 67 2D 12 28 55 0E 84 A1
15:05:18.454 [TX CF14] 67 2E 87 03 B0 9B D2 78
15:05:18.466 [TX CF15] 67 2F 1B 21 6A 15 0A 1C
15:05:18.476 [TX CF0] 67 20 21 81 06 28 FE 04
15:05:18.488 [TX CF1] 67 21 07 60 6D 42 65 49
15:05:18.499 [TX CF2] 67 22 2C 68 4B C0 66 81
15:05:18.510 [TX CF3] 67 23 6F 09 79 72 5C C4
15:05:18.521 [TX CF4] 67 24 86 83 5C E4 41 F8
15:05:18.532 [TX CF5] 67 25 10 F2 DE 02 86 2F
15:05:18.543 [TX CF6] 67 26 DF C9 39 26 7A 2E
15:05:18.556 [TX CF7] 67 27 10 61 84 15 D0 05
15:05:18.567 [TX CF8] 67 28 E8 AA 94 0A E5 86
15:05:18.578 [TX CF9] 67 29 B8 C8 E9 10 0B 44
15:05:18.588 [TX CF10] 67 2A B8 66 05 71 15 84
15:05:18.599 [TX CF11] 67 2B 0B A0 80 40 1F 86
15:05:18.611 [TX CF12] 67 2C C7 FD AB D9 0D B0
15:05:18.623 [TX CF13] 67 2D 86 10 C7 32 28 14
15:05:18.635 [TX CF14] 67 2E 42 B9 FC 8B 12 65
15:05:18.647 [TX CF15] 67 2F A3 12 E0 9B 4C 2F
15:05:18.658 [TX CF0] 67 20 5F E1 38 14 09 8D
15:05:18.670 [TX CF1] 67 21 CB EB 71 89 9B 81
15:05:18.681 [TX CF2] 67 22 97 9B C9 C8 FF A6
15:05:18.692 [TX CF3] 67 23 78 80 EE 10 D3 9C
15:05:18.704 [TX CF4] 67 24 ED 54 21 70 05 EC
15:05:18.714 [TX CF5] 67 25 11 A4 08 35 0F F3
15:05:18.726 [TX CF6] 67 26 4B 08 2D 2B 59 23
15:05:18.738 [TX CF7] 67 27 AC 50 E2 11 8C 0E
15:05:18.749 [TX CF8] 67 28 0E 10 54 82 F2 4C
15:05:18.759 [TX CF9] 67 29 C0 AB 8D C4 BE 82
15:05:18.770 [TX CF10] 67 2A EE 0E 84 30 30 06
15:05:18.781 [TX CF11] 67 2B A1 41 84 81 5D 82
15:05:18.793 [TX CF12] 67 2C 43 08 81 D8 13 BA
15:05:18.805 [TX CF13] 67 2D 15 7F E2 03 13 80
15:05:18.816 [TX CF14] 67 2E 1D 2E 54 84 70 85
15:05:18.829 [TX CF15] 67 2F B4 06 01 98 1C 77
15:05:18.841 [TX CF0] 67 20 F2 21 BD 4A 61 00
15:05:18.851 [TX CF1] 67 21 E9 98 F0 63 A0 96
15:05:18.863 [TX CF2] 67 22 42 30 D4 85 32 C5
15:05:18.874 [TX CF3] 67 23 71 38 5F 31 38 0A
15:05:18.886 [TX CF4] 67 24 F1 10 60 FF FF FF
15:05:18.905 [RX SF ] 67 02 76 03 FF FF FF FF
15:05:18.906 [RX    ] 76 03
15:05:18.907 [PASS  ] TransferData block=3 | expected: 76 ... | received: 76 03
15:05:18.917 ------------------------------------------------------------------------
15:05:18.917 [STEP  ] 0x36 block=4  offset=6120/45254  (13%)
15:05:18.917 [TX TransferData block=4 len=2040] 36 04 03 74 13 41 D9 69 10 27 80 12 A8 17 44 D2...
15:05:18.918 [TX FF ] 67 17 FA 36 04 03 74 13
15:05:18.929 [TX CF1] 67 21 41 D9 69 10 27 80
15:05:18.940 [TX CF2] 67 22 12 A8 17 44 D2 85
15:05:18.951 [TX CF3] 67 23 00 04 06 F6 10 38
15:05:18.962 [TX CF4] 67 24 06 AF FF 05 81 68
15:05:18.973 [TX CF5] 67 25 A3 40 6F 06 2C 9A
15:05:18.984 [TX CF6] 67 26 D9 57 29 30 A5 3C
15:05:18.994 [TX CF7] 67 27 30 45 44 02 30 23
15:05:19.005 [TX CF8] 67 28 10 41 98 2A E4 15
15:05:19.016 [TX CF9] 67 29 58 53 D9 F0 21 61
15:05:19.026 [TX CF10] 67 2A 85 29 00 4B 03 59
15:05:19.037 [TX CF11] 67 2B 4F C3 53 A4 F2 2E
15:05:19.049 [TX CF12] 67 2C 4A 14 3F 1B 5C 66
15:05:19.060 [TX CF13] 67 2D C0 54 87 7F F6 15
15:05:19.071 [TX CF14] 67 2E 43 3B FD 5D 61 F3
15:05:19.082 [TX CF15] 67 2F 5E 43 2D FF 2E B1
15:05:19.093 [TX CF0] 67 20 FF 53 0F C0 3C 01
15:05:19.105 [TX CF1] 67 21 84 F4 69 4C 00 0D
15:05:19.117 [TX CF2] 67 22 70 30 41 01 E0 96
15:05:19.128 [TX CF3] 67 23 43 34 AB 82 41 46
15:05:19.139 [TX CF4] 67 24 A4 C2 2E 44 94 18
15:05:19.149 [TX CF5] 67 25 09 41 FA 34 3A 65
15:05:19.161 [TX CF6] 67 26 81 85 0B F5 06 22
15:05:19.171 [TX CF7] 67 27 18 D6 28 36 0B 94
15:05:19.183 [TX CF8] 67 28 FE 91 80 61 43 0A
15:05:19.194 [TX CF9] 67 29 E8 F2 45 98 48 20
15:05:19.207 [TX CF10] 67 2A 9F 0E AF E1 9D 83
15:05:19.217 [TX CF11] 67 2B A1 06 7E 1D 17 F8
15:05:19.227 [TX CF12] 67 2C 12 09 C5 27 11 72
15:05:19.238 [TX CF13] 67 2D 5E E1 46 FE 34 70
15:05:19.249 [TX CF14] 67 2E BE FE 63 12 29 B5
15:05:19.261 [TX CF15] 67 2F 26 0D A8 80 B9 40
15:05:19.273 [TX CF0] 67 20 FF B5 90 9A 52 55
15:05:19.284 [TX CF1] 67 21 88 FC 34 8C B8 24
15:05:19.296 [TX CF2] 67 22 8C F4 20 DA 99 95
15:05:19.307 [TX CF3] 67 23 2A D7 46 99 53 60
15:05:19.318 [TX CF4] 67 24 12 C8 CF 46 1D 78
15:05:19.329 [TX CF5] 67 25 8B DE 37 D4 28 67
15:05:19.341 [TX CF6] 67 26 46 9D 78 AB B8 01
15:05:19.353 [TX CF7] 67 27 84 74 71 D7 8C BB
15:05:19.365 [TX CF8] 67 28 88 15 86 1C 08 E7
15:05:19.376 [TX CF9] 67 29 3A F1 D7 70 03 19
15:05:19.387 [TX CF10] 67 2A E8 49 29 0D 8C 04
15:05:19.398 [TX CF11] 67 2B 58 49 26 30 C9 83
15:05:19.409 [TX CF12] 67 2C 5F 0B 57 FE 07 20
15:05:19.420 [TX CF13] 67 2D 8F 78 23 D7 89 7B
15:05:19.430 [TX CF14] 67 2E 9A 18 A7 46 BD 78
15:05:19.441 [TX CF15] 67 2F B7 BB 41 88 74 73
15:05:19.452 [TX CF0] 67 20 D7 8D 7B 80 37 2A
15:05:19.463 [TX CF1] 67 21 1D EB C7 BD C8 0B
15:05:19.475 [TX CF2] 67 22 21 00 2E 12 D8 EC
15:05:19.486 [TX CF3] 67 23 6E 3B 12 8E C2 63
15:05:19.497 [TX CF4] 67 24 B1 89 47 2F B7 07
15:05:19.509 [TX CF5] 67 25 F0 3A 10 8A 52 4F
15:05:19.522 [TX CF6] 67 26 08 3A 90 B2 7F E0
15:05:19.533 [TX CF7] 67 27 88 3C 3E 17 1F FD
15:05:19.545 [TX CF8] 67 28 92 39 02 96 6E BA
15:05:19.557 [TX CF9] 67 29 70 DD 87 C3 7A 92
15:05:19.568 [TX CF10] 67 2A 41 75 93 55 08 3F
15:05:19.579 [TX CF11] 67 2B E6 15 4C 7C 60 CF
15:05:19.590 [TX CF12] 67 2C 02 19 31 4B A1 24
15:05:19.601 [TX CF13] 67 2D 75 03 35 6C 43 09
15:05:19.612 [TX CF14] 67 2E A4 80 F0 9F 01 21
15:05:19.624 [TX CF15] 67 2F A4 BA C0 F8 75 C1
15:05:19.634 [TX CF0] 67 20 10 E7 FF C9 8C 14
15:05:19.645 [TX CF1] 67 21 80 02 E0 8E 44 52
15:05:19.656 [TX CF2] 67 22 18 50 01 90 D6 81
15:05:19.667 [TX CF3] 67 23 90 CA 01 B0 E5 22
15:05:19.678 [TX CF4] 67 24 68 FC 17 38 61 36
15:05:19.689 [TX CF5] 67 25 10 09 34 AA 9B 2A
15:05:19.700 [TX CF6] 67 26 A6 7C 36 40 0C 2D
15:05:19.711 [TX CF7] 67 27 3F A8 1E 42 52 78
15:05:19.722 [TX CF8] 67 28 82 F5 09 3E 20 F7
15:05:19.732 [TX CF9] 67 29 42 93 40 AC 58 71
15:05:19.744 [TX CF10] 67 2A 4B 14 63 52 8C 05
15:05:19.755 [TX CF11] 67 2B 8B 15 81 D9 64 68
15:05:19.766 [TX CF12] 67 2C 51 BE 90 69 09 06
15:05:19.778 [TX CF13] 67 2D 2A D3 46 C4 60 25
15:05:19.789 [TX CF14] 67 2E 18 88 46 05 58 84
15:05:19.801 [TX CF15] 67 2F 03 13 89 C4 35 50
15:05:19.814 [TX CF0] 67 20 D3 7E A0 E7 E4 31
15:05:19.825 [TX CF1] 67 21 01 DC 39 18 08 06
15:05:19.835 [TX CF2] 67 22 5D B3 87 03 10 20
15:05:19.846 [TX CF3] 67 23 CB 39 FA DC EC B0
15:05:19.857 [TX CF4] 67 24 1B 22 42 11 FE 84
15:05:19.869 [TX CF5] 67 25 E2 08 80 42 05 E0
15:05:19.880 [TX CF6] 67 26 61 E1 E1 F3 F9 F1
15:05:19.892 [TX CF7] 67 27 37 F8 F0 93 0C 06
15:05:19.903 [TX CF8] 67 28 22 8F 43 16 65 42
15:05:19.914 [TX CF9] 67 29 49 81 98 9F C1 3F
15:05:19.926 [TX CF10] 67 2A 30 BA 0C 62 17 48
15:05:19.937 [TX CF11] 67 2B D1 E2 AB 64 38 23
15:05:19.949 [TX CF12] 67 2C 08 BC 1B 48 7C 3F
15:05:19.960 [TX CF13] 67 2D DF 2D 90 93 0E 0E
15:05:19.971 [TX CF14] 67 2E 20 40 81 43 20 F6
15:05:19.984 [TX CF15] 67 2F 16 8C 05 DA 39 20
15:05:19.995 [TX CF0] 67 20 9A 3D 50 81 4B B5
15:05:20.007 [TX CF1] 67 21 FD 38 2B FA 10 5E
15:05:20.019 [TX CF2] 67 22 10 40 84 38 8E 08
15:05:20.031 [TX CF3] 67 23 2E 1D 05 0A 81 0C
15:05:20.043 [TX CF4] 67 24 89 0F C0 4F 25 9D
15:05:20.055 [TX CF5] 67 25 5B C2 B5 40 42 86
15:05:20.067 [TX CF6] 67 26 EF F4 43 C3 97 FB
15:05:20.077 [TX CF7] 67 27 21 69 DD 00 43 C2
15:05:20.088 [TX CF8] 67 28 FD 22 30 26 E0 FB
15:05:20.099 [TX CF9] 67 29 C2 E7 F9 37 E1 25
15:05:20.109 [TX CF10] 67 2A E8 6C E9 34 8B F4
15:05:20.122 [TX CF11] 67 2B 0A 01 FD 95 42 BA
15:05:20.132 [TX CF12] 67 2C 7B 1A 5E 32 FF 65
15:05:20.143 [TX CF13] 67 2D 6F 23 A4 80 46 E3
15:05:20.154 [TX CF14] 67 2E 3D BB D5 6E 0F 14
15:05:20.166 [TX CF15] 67 2F EA FF E5 11 2E 86
15:05:20.178 [TX CF0] 67 20 B6 91 03 91 F0 EE
15:05:20.190 [TX CF1] 67 21 70 29 1E 0E E5 8B
15:05:20.202 [TX CF2] 67 22 BF 76 D2 A8 40 33
15:05:20.213 [TX CF3] 67 23 51 8D 4D 2F A5 18
15:05:20.225 [TX CF4] 67 24 81 58 21 13 1A 0D
15:05:20.236 [TX CF5] 67 25 82 02 7C 03 02 14
15:05:20.248 [TX CF6] 67 26 42 4F FE 98 EF 71
15:05:20.260 [TX CF7] 67 27 17 E7 DE 14 BF D1
15:05:20.271 [TX CF8] 67 28 73 05 CE 19 F6 48
15:05:20.283 [TX CF9] 67 29 17 F8 9C A2 8F D2
15:05:20.295 [TX CF10] 67 2A 90 C6 24 13 1D 05
15:05:20.305 [TX CF11] 67 2B 2A 24 33 82 F1 43
15:05:20.316 [TX CF12] 67 2C 8F 66 E8 3D B8 7C
15:05:20.328 [TX CF13] 67 2D 56 F1 6D 8F 6B 68
15:05:20.338 [TX CF14] 67 2E 3E D8 7E AD C5 09
15:05:20.349 [TX CF15] 67 2F 81 07 A6 16 0B BD
15:05:20.360 [TX CF0] 67 20 4A 39 49 8E 70 36
15:05:20.373 [TX CF1] 67 21 46 0C 3D BD 39 87
15:05:20.384 [TX CF2] 67 22 82 03 27 C9 D3 60
15:05:20.394 [TX CF3] 67 23 52 62 56 0E 74 21
15:05:20.407 [TX CF4] 67 24 12 2C 8D 27 46 56
15:05:20.418 [TX CF5] 67 25 87 93 18 E0 40 21
15:05:20.429 [TX CF6] 67 26 26 20 03 30 4C 08
15:05:20.440 [TX CF7] 67 27 78 6B 7F DA EB 97
15:05:20.452 [TX CF8] 67 28 82 FD C0 81 48 6F
15:05:20.463 [TX CF9] 67 29 FC 98 02 A3 0C 48
15:05:20.474 [TX CF10] 67 2A 60 00 BC 16 03 9A
15:05:20.485 [TX CF11] 67 2B 56 8B 04 BF 02 99
15:05:20.496 [TX CF12] 67 2C 82 77 E0 30 20 49
15:05:20.507 [TX CF13] 67 2D C3 F1 F9 3A B5 80
15:05:20.518 [TX CF14] 67 2E 3C 5B 29 F0 23 E1
15:05:20.530 [TX CF15] 67 2F BB 68 2F DE 5B F6
15:05:20.540 [TX CF0] 67 20 DA 93 A1 C0 C1 64
15:05:20.552 [TX CF1] 67 21 3A 1B 99 4B 08 57
15:05:20.563 [TX CF2] 67 22 42 09 22 BB 52 4F
15:05:20.575 [TX CF3] 67 23 E8 1C B6 BD 7F B4
15:05:20.587 [TX CF4] 67 24 16 87 A6 10 01 54
15:05:20.598 [TX CF5] 67 25 3A 0B 05 56 45 07
15:05:20.609 [TX CF6] 67 26 90 9C D4 DB 7F BC
15:05:20.621 [TX CF7] 67 27 17 3B 62 9C 09 0E
15:05:20.631 [TX CF8] 67 28 06 E5 E9 81 5A E9
15:05:20.642 [TX CF9] 67 29 58 98 C4 06 C0 02
15:05:20.654 [TX CF10] 67 2A C0 B3 C6 A7 FB F1
15:05:20.666 [TX CF11] 67 2B 2F 83 62 A7 FE 2F
15:05:20.677 [TX CF12] 67 2C F8 14 8E 1D 5F E9
15:05:20.688 [TX CF13] 67 2D 6C 0A 07 E6 EE 12
15:05:20.700 [TX CF14] 67 2E 42 79 00 9E C0 26
15:05:20.712 [TX CF15] 67 2F 93 57 5A 01 DC 21
15:05:20.723 [TX CF0] 67 20 17 09 03 1E 08 3C
15:05:20.733 [TX CF1] 67 21 3F AB FB 4F 83 21
15:05:20.745 [TX CF2] 67 22 B8 07 F1 BC 42 28
15:05:20.757 [TX CF3] 67 23 10 26 50 1D 0E 3C
15:05:20.767 [TX CF4] 67 24 81 4F 84 82 E1 03
15:05:20.778 [TX CF5] 67 25 F0 4A 6D 01 3C 0F
15:05:20.789 [TX CF6] 67 26 A8 67 BF 43 94 1E
15:05:20.801 [TX CF7] 67 27 A8 3F 30 83 CB BC
15:05:20.813 [TX CF8] 67 28 FD 34 EA 10 84 F8
15:05:20.825 [TX CF9] 67 29 14 34 FE 09 BC 89
15:05:20.836 [TX CF10] 67 2A 98 52 E9 9A 38 C4
15:05:20.847 [TX CF11] 67 2B 66 F1 0D 83 DD 54
15:05:20.860 [TX CF12] 67 2C A0 49 A1 D4 08 F2
15:05:20.871 [TX CF13] 67 2D AA 09 2C 0E 43 31
15:05:20.882 [TX CF14] 67 2E A0 2A 30 81 4A 6C
15:05:20.893 [TX CF15] 67 2F 1D 09 DF 4E CF E0
15:05:20.904 [TX CF0] 67 20 C8 C0 2C 31 8A 4D
15:05:20.916 [TX CF1] 67 21 AE 42 4F 42 53 61
15:05:20.928 [TX CF2] 67 22 E8 68 2E F5 02 08
15:05:20.939 [TX CF3] 67 23 08 10 20 13 FA 5C
15:05:20.950 [TX CF4] 67 24 69 31 04 CA 2F 5C
15:05:20.962 [TX CF5] 67 25 9D 01 C0 A7 41 E5
15:05:20.972 [TX CF6] 67 26 50 CE 9C 62 31 83
15:05:20.984 [TX CF7] 67 27 BD 5C EE 9C 0B D7
15:05:20.995 [TX CF8] 67 28 02 0F 06 EA 01 B0
15:05:21.006 [TX CF9] 67 29 AA 3A 81 E4 7F 58
15:05:21.016 [TX CF10] 67 2A E9 48 2C B3 7B A1
15:05:21.027 [TX CF11] 67 2B 77 0B 83 4A 02 98
15:05:21.039 [TX CF12] 67 2C 3F 52 A8 12 0D 85
15:05:21.051 [TX CF13] 67 2D C9 0D 81 D9 0B 0D
15:05:21.063 [TX CF14] 67 2E F9 00 94 C0 F1 0C
15:05:21.073 [TX CF15] 67 2F C0 F3 1D C0 B5 04
15:05:21.085 [TX CF0] 67 20 82 61 81 98 0F 40
15:05:21.096 [TX CF1] 67 21 F8 4C D9 20 17 60
15:05:21.108 [TX CF2] 67 22 94 4A FA 32 FF 04
15:05:21.119 [TX CF3] 67 23 82 43 59 AE 2F 50
15:05:21.130 [TX CF4] 67 24 73 A0 BE 40 BB 84
15:05:21.140 [TX CF5] 67 25 F3 F3 24 A7 33 7C
15:05:21.151 [TX CF6] 67 26 90 B4 6F 2D E1 15
15:05:21.164 [TX CF7] 67 27 FE B3 50 82 A1 81
15:05:21.174 [TX CF8] 67 28 86 78 3E EE 38 28
15:05:21.186 [TX CF9] 67 29 11 05 84 31 9B 84
15:05:21.196 [TX CF10] 67 2A 2D 76 2B 6D 08 F7
15:05:21.208 [TX CF11] 67 2B E9 50 84 13 A0 D4
15:05:21.220 [TX CF12] 67 2C 43 E5 BD F3 BA 01
15:05:21.230 [TX CF13] 67 2D 8C 5C 05 58 3B B0
15:05:21.242 [TX CF14] 67 2E B8 6D 61 94 8E 05
15:05:21.254 [TX CF15] 67 2F FF 01 07 89 75 40
15:05:21.266 [TX CF0] 67 20 80 42 E9 B0 49 37
15:05:21.278 [TX CF1] 67 21 A2 F5 30 A1 41 7A
15:05:21.289 [TX CF2] 67 22 2A E4 21 93 5F 06
15:05:21.300 [TX CF3] 67 23 CA 0F 28 FB F4 E0
15:05:21.311 [TX CF4] 67 24 DE 07 C2 04 1C 2D
15:05:21.322 [TX CF5] 67 25 BF F6 BA 1F 47 70
15:05:21.333 [TX CF6] 67 26 37 01 E4 0F D0 A0
15:05:21.345 [TX CF7] 67 27 1B 08 80 43 0F 27
15:05:21.356 [TX CF8] 67 28 08 79 8C 50 1D 83
15:05:21.368 [TX CF9] 67 29 FB 0E 85 07 80 10
15:05:21.380 [TX CF10] 67 2A 8F 99 4E E1 53 E2
15:05:21.392 [TX CF11] 67 2B 7E 08 34 8A 53 00
15:05:21.403 [TX CF12] 67 2C 6A A0 8D 4A 25 FE
15:05:21.414 [TX CF13] 67 2D 37 61 24 E8 EE 2F
15:05:21.425 [TX CF14] 67 2E 66 94 37 17 3B C5
15:05:21.436 [TX CF15] 67 2F F0 15 85 E2 E9 38
15:05:21.447 [TX CF0] 67 20 BE 7E A6 13 8B A4
15:05:21.459 [TX CF1] 67 21 C2 DB 80 8E CC 2C
15:05:21.470 [TX CF2] 67 22 A0 A4 20 B2 8A 9F
15:05:21.481 [TX CF3] 67 23 48 1D 84 E6 F9 06
15:05:21.493 [TX CF4] 67 24 94 CE 7B 37 CB E4
15:05:21.504 [TX CF5] 67 25 14 0F 00 1A 0A 46
15:05:21.515 [TX CF6] 67 26 C5 A0 04 09 E0 04
15:05:21.526 [TX CF7] 67 27 C5 FB 84 C6 13 5D
15:05:21.537 [TX CF8] 67 28 3B A0 31 40 0E A5
15:05:21.549 [TX CF9] 67 29 83 FA FB C3 A5 D0
15:05:21.560 [TX CF10] 67 2A 03 60 06 40 0E 93
15:05:21.572 [TX CF11] 67 2B 21 08 DF F7 FF 22
15:05:21.584 [TX CF12] 67 2C 80 48 43 38 43 83
15:05:21.597 [TX CF13] 67 2D D0 D4 7F 1B 4B 9A
15:05:21.607 [TX CF14] 67 2E 45 20 CE 99 2F E9
15:05:21.618 [TX CF15] 67 2F 28 0D 85 FE 64 17
15:05:21.629 [TX CF0] 67 20 82 65 12 6C C1 2A
15:05:21.640 [TX CF1] 67 21 85 F4 38 D4 AA 1C
15:05:21.652 [TX CF2] 67 22 02 32 78 02 01 51
15:05:21.663 [TX CF3] 67 23 8C 72 6F 50 98 3C
15:05:21.673 [TX CF4] 67 24 0F A8 AC 43 2F F8
15:05:21.684 [TX CF5] 67 25 83 48 20 FE 08 3C
15:05:21.695 [TX CF6] 67 26 82 0A FA 40 FA 0D
15:05:21.705 [TX CF7] 67 27 59 98 0A E3 08 4B
15:05:21.716 [TX CF8] 67 28 BE 0B B3 B9 21 36
15:05:21.727 [TX CF9] 67 29 13 04 BC 17 88 84
15:05:21.737 [TX CF10] 67 2A 8A 15 43 81 5C 22
15:05:21.749 [TX CF11] 67 2B 34 6F B8 DC 05 40
15:05:21.759 [TX CF12] 67 2C 0F 08 46 78 3C 50
15:05:21.771 [TX CF13] 67 2D 84 0C E1 78 64 FE
15:05:21.783 [TX CF14] 67 2E C2 5F DF 00 60 02
15:05:21.794 [TX CF15] 67 2F 49 E3 86 1E 91 C2
15:05:21.806 [TX CF0] 67 20 BD E3 E9 22 8C 24
15:05:21.817 [TX CF1] 67 21 9D 0A 94 7B 85 73
15:05:21.829 [TX CF2] 67 22 A5 5F A2 64 D0 25
15:05:21.842 [TX CF3] 67 23 64 DC 35 34 CC 6D
15:05:21.853 [TX CF4] 67 24 FE DD 00 BA C6 75
15:05:21.865 [TX CF5] 67 25 B0 0B 24 67 C9 7A
15:05:21.877 [TX CF6] 67 26 B2 41 E2 25 28 25
15:05:21.889 [TX CF7] 67 27 50 F5 C8 12 2C 15
15:05:21.901 [TX CF8] 67 28 CB 15 7E E9 40 BB
15:05:21.912 [TX CF9] 67 29 70 02 C6 1A C2 C5
15:05:21.923 [TX CF10] 67 2A B3 AF E3 F5 02 EA
15:05:21.934 [TX CF11] 67 2B 55 EF C1 4D 15 80
15:05:21.945 [TX CF12] 67 2C 04 F8 2F 15 38 3C
15:05:21.956 [TX CF13] 67 2D 0B A9 E7 91 C4 D7
15:05:21.968 [TX CF14] 67 2E 10 5C 0A D8 77 CB
15:05:21.979 [TX CF15] 67 2F 11 8E 90 84 5D 8A
15:05:21.989 [TX CF0] 67 20 A8 7C B6 B0 78 04
15:05:22.000 [TX CF1] 67 21 54 42 05 1A E3 4C
15:05:22.011 [TX CF2] 67 22 37 E1 9A A4 68 42
15:05:22.022 [TX CF3] 67 23 C1 D8 63 32 09 1F
15:05:22.033 [TX CF4] 67 24 26 B8 18 C9 24 A7
15:05:22.045 [TX CF5] 67 25 2B F8 32 42 0F D1
15:05:22.056 [TX CF6] 67 26 13 A1 39 2D E0 1A
15:05:22.069 [TX CF7] 67 27 0E 9E 1B 86 37 D0
15:05:22.079 [TX CF8] 67 28 33 EC 21 C2 FB FC
15:05:22.091 [TX CF9] 67 29 0F E0 2E C1 45 84
15:05:22.102 [TX CF10] 67 2A 26 F1 41 8D 72 76
15:05:22.113 [TX CF11] 67 2B 4E 1C AD 74 68 DD
15:05:22.123 [TX CF12] 67 2C E3 81 18 56 21 AC
15:05:22.134 [TX CF13] 67 2D FF E9 44 61 99 34
15:05:22.145 [TX CF14] 67 2E F6 FF 12 88 0D 12
15:05:22.157 [TX CF15] 67 2F 9C 6D 42 88 55 69
15:05:22.169 [TX CF0] 67 20 86 EC 11 18 1B 32
15:05:22.180 [TX CF1] 67 21 3A 21 AD FF D9 51
15:05:22.191 [TX CF2] 67 22 30 24 20 3A D3 D8
15:05:22.202 [TX CF3] 67 23 3C 43 31 DE D6 36
15:05:22.214 [TX CF4] 67 24 B0 18 02 CB 0D C2
15:05:22.225 [TX CF5] 67 25 CE 0B F3 0D 08 0F
15:05:22.236 [TX CF6] 67 26 4E 00 20 03 C1 52
15:05:22.248 [TX CF7] 67 27 8E 74 B6 58 2A 14
15:05:22.260 [TX CF8] 67 28 1B A1 9A A1 7D 7A
15:05:22.271 [TX CF9] 67 29 12 68 04 42 6D B6
15:05:22.283 [TX CF10] 67 2A AE 41 65 DF 0E 87
15:05:22.294 [TX CF11] 67 2B 8A ED 10 A3 60 68
15:05:22.305 [TX CF12] 67 2C 50 1E 8B 8D 07 52
15:05:22.317 [TX CF13] 67 2D 09 84 22 01 80 2B
15:05:22.329 [TX CF14] 67 2E 90 39 4A 3F 21 7A
15:05:22.340 [TX CF15] 67 2F 10 19 4B B7 01 8A
15:05:22.352 [TX CF0] 67 20 14 5F C4 29 CD 0D
15:05:22.363 [TX CF1] 67 21 45 FB 0B B1 08 0F
15:05:22.374 [TX CF2] 67 22 E1 2F 82 C9 09 B5
15:05:22.385 [TX CF3] 67 23 30 D5 8F 46 4A 27
15:05:22.396 [TX CF4] 67 24 82 6B 52 61 81 27
15:05:22.407 [TX CF5] 67 25 94 5E 0C D8 3B 70
15:05:22.419 [TX CF6] 67 26 86 4D AD B1 CB FC
15:05:22.429 [TX CF7] 67 27 7B F1 D1 84 F8 2E
15:05:22.440 [TX CF8] 67 28 37 A5 EA 1F 7E 83
15:05:22.451 [TX CF9] 67 29 1D 06 A4 1B 2B D2
15:05:22.463 [TX CF10] 67 2A FD 02 A2 15 9F FF
15:05:22.473 [TX CF11] 67 2B C3 CF 13 90 E5 E9
15:05:22.485 [TX CF12] 67 2C 03 14 7F E9 04 24
15:05:22.496 [TX CF13] 67 2D 0D B0 24 16 0B B9
15:05:22.506 [TX CF14] 67 2E 83 0F FA 54 18 5A
15:05:22.517 [TX CF15] 67 2F 5C 17 D6 16 1F EF
15:05:22.528 [TX CF0] 67 20 C7 7B 0C 90 C8 6E
15:05:22.539 [TX CF1] 67 21 DE 5B F1 07 0D 0E
15:05:22.551 [TX CF2] 67 22 04 F8 86 86 E7 A0
15:05:22.562 [TX CF3] 67 23 B0 20 18 B9 1E 21
15:05:22.574 [TX CF4] 67 24 10 21 28 01 21 F0
15:05:22.585 [TX CF5] 67 25 90 FE 15 D8 60 10
15:05:22.597 [TX CF6] 67 26 90 C3 69 10 12 60
15:05:22.608 [TX CF7] 67 27 26 14 30 94 AC 48
15:05:22.620 [TX CF8] 67 28 D8 0B 04 0A 42 90
15:05:22.630 [TX CF9] 67 29 C1 72 82 15 08 45
15:05:22.642 [TX CF10] 67 2A 22 09 23 C1 DC 89
15:05:22.652 [TX CF11] 67 2B A8 06 30 15 E1 38
15:05:22.663 [TX CF12] 67 2C 5E 46 51 48 40 81
15:05:22.675 [TX CF13] 67 2D 43 03 4E 15 2F DC
15:05:22.687 [TX CF14] 67 2E 04 7B 08 05 25 F6
15:05:22.699 [TX CF15] 67 2F 57 7A 44 09 81 3C
15:05:22.711 [TX CF0] 67 20 B5 79 1D D2 92 50
15:05:22.722 [TX CF1] 67 21 D3 D3 E7 7F A4 9A
15:05:22.733 [TX CF2] 67 22 41 E8 85 C2 9D 1C
15:05:22.744 [TX CF3] 67 23 A6 EA 2F 46 FC 21
15:05:22.755 [TX CF4] 67 24 17 0B 45 FF FF FF
15:05:22.775 [RX SF ] 67 02 76 04 FF FF FF FF
15:05:22.776 [RX    ] 76 04
15:05:22.776 [PASS  ] TransferData block=4 | expected: 76 ... | received: 76 04
15:05:22.788 ------------------------------------------------------------------------
15:05:22.789 [STEP  ] 0x36 block=5  offset=8160/45254  (18%)
15:05:22.789 [TX TransferData block=5 len=2040] 36 05 1A 01 78 B4 DE A8 F1 8F FE CB FB F7 FD FF...
15:05:22.790 [TX FF ] 67 17 FA 36 05 1A 01 78
15:05:22.802 [TX CF1] 67 21 B4 DE A8 F1 8F FE
15:05:22.813 [TX CF2] 67 22 CB FB F7 FD FF DA
15:05:22.823 [TX CF3] 67 23 88 6E 28 51 0E D5
15:05:22.834 [TX CF4] 67 24 A6 90 6F C8 C3 85
15:05:22.846 [TX CF5] 67 25 A2 93 62 80 44 A3
15:05:22.857 [TX CF6] 67 26 39 28 06 26 B9 79
15:05:22.869 [TX CF7] 67 27 8D 15 B0 14 61 00
15:05:22.881 [TX CF8] 67 28 33 C1 70 06 21 49
15:05:22.894 [TX CF9] 67 29 50 83 30 4F 45 D1
15:05:22.905 [TX CF10] 67 2A 43 E1 E1 D9 57 95
15:05:22.917 [TX CF11] 67 2B 00 C5 3F 0F 5C 1E
15:05:22.929 [TX CF12] 67 2C 68 41 7A 92 9B 42
15:05:22.941 [TX CF13] 67 2D 8B 08 17 41 F0 82
15:05:22.952 [TX CF14] 67 2E DF 27 BA 57 68 E4
15:05:22.962 [TX CF15] 67 2F 1E 59 CB E9 B6 10
15:05:22.973 [TX CF0] 67 20 E7 FF D5 D8 2D E0
15:05:22.985 [TX CF1] 67 21 00 25 07 03 61 D3
15:05:22.996 [TX CF2] 67 22 B8 51 E2 1B 58 35
15:05:23.007 [TX CF3] 67 23 2D 36 05 84 56 0D
15:05:23.018 [TX CF4] 67 24 6E 31 59 51 42 32
15:05:23.028 [TX CF5] 67 25 C3 37 7A 39 E5 A4
15:05:23.039 [TX CF6] 67 26 FF 44 1D F2 80 92
15:05:23.051 [TX CF7] 67 27 FF 6D 61 90 00 A2
15:05:23.062 [TX CF8] 67 28 14 6A 45 02 33 01
15:05:23.073 [TX CF9] 67 29 C8 40 73 0D 64 0D
15:05:23.084 [TX CF10] 67 2A 58 46 7A 3B A6 D8
15:05:23.096 [TX CF11] 67 2B 10 0A 4C 64 56 81
15:05:23.107 [TX CF12] 67 2C 87 09 D5 26 9B 19
15:05:23.119 [TX CF13] 67 2D A0 BA 41 84 92 E0
15:05:23.130 [TX CF14] 67 2E BD 1F 30 10 E1 4A
15:05:23.142 [TX CF15] 67 2F FD A7 90 88 31 20
15:05:23.152 [TX CF0] 67 20 A1 CA 6E 10 39 35
15:05:23.163 [TX CF1] 67 21 8B C0 08 43 DE 09
15:05:23.174 [TX CF2] 67 22 02 80 09 C2 01 26
15:05:23.185 [TX CF3] 67 23 AE 78 25 F4 8E 05
15:05:23.196 [TX CF4] 67 24 FF 80 2D 03 AA B5
15:05:23.207 [TX CF5] 67 25 42 DB FB 00 21 11
15:05:23.219 [TX CF6] 67 26 E8 CA E9 1A 90 C8
15:05:23.230 [TX CF7] 67 27 34 CB 1D 06 33 0A
15:05:23.242 [TX CF8] 67 28 BC 7F 0B 10 C3 A4
15:05:23.253 [TX CF9] 67 29 51 AA 1C 28 B3 04
15:05:23.263 [TX CF10] 67 2A 9B 83 7F 1C 65 32
15:05:23.275 [TX CF11] 67 2B A1 F0 AE F4 2F 06
15:05:23.286 [TX CF12] 67 2C 80 03 3E 1D 45 05
15:05:23.297 [TX CF13] 67 2D E8 14 84 7A 92 02
15:05:23.307 [TX CF14] 67 2E 42 01 91 80 66 4E
15:05:23.319 [TX CF15] 67 2F 08 06 32 04 61 11
15:05:23.330 [TX CF0] 67 20 15 21 9A 88 DC 1F
15:05:23.342 [TX CF1] 67 21 A8 45 7C 10 69 12
15:05:23.353 [TX CF2] 67 22 91 0F DE CB 81 5C
15:05:23.364 [TX CF3] 67 23 E0 40 21 26 48 4D
15:05:23.376 [TX CF4] 67 24 38 50 FF 70 29 44
15:05:23.387 [TX CF5] 67 25 19 C9 02 2F 07 FC
15:05:23.397 [TX CF6] 67 26 20 BC 85 78 40 6E
15:05:23.408 [TX CF7] 67 27 1A 48 EF EA 6B ED
15:05:23.420 [TX CF8] 67 28 D9 5F E3 8B A4 31
15:05:23.430 [TX CF9] 67 29 74 9C 11 34 16 6E
15:05:23.442 [TX CF10] 67 2A 10 79 6F 8B A4 98
15:05:23.454 [TX CF11] 67 2B 81 C1 04 07 36 73
15:05:23.466 [TX CF12] 67 2C 40 9B 87 26 30 52
15:05:23.476 [TX CF13] 67 2D 42 4E 2A 3C 5C 81
15:05:23.487 [TX CF14] 67 2E F6 08 1E C3 E1 BD
15:05:23.497 [TX CF15] 67 2F 68 A5 C0 89 A5 C0
15:05:23.509 [TX CF0] 67 20 97 F7 DF 5A 32 12
15:05:23.520 [TX CF1] 67 21 DC 0F A1 E8 10 E1
15:05:23.531 [TX CF2] 67 22 F7 3C 21 7E 21 00
15:05:23.542 [TX CF3] 67 23 93 DD A9 14 7C 09
15:05:23.554 [TX CF4] 67 24 1D 00 C2 0B AC 21
15:05:23.566 [TX CF5] 67 25 41 A0 46 E8 44 FF
15:05:23.578 [TX CF6] 67 26 47 F4 1A 99 03 50
15:05:23.590 [TX CF7] 67 27 B7 D3 6E 05 F8 5E
15:05:23.602 [TX CF8] 67 28 30 1D B4 FA 7E 87
15:05:23.614 [TX CF9] 67 29 08 F4 34 17 B8 2C
15:05:23.625 [TX CF10] 67 2A A2 07 D1 D0 62 6D
15:05:23.636 [TX CF11] 67 2B 74 9C 45 0A 0F D0
15:05:23.647 [TX CF12] 67 2C 76 61 80 03 63 2D
15:05:23.658 [TX CF13] 67 2D 8C 7C 36 50 89 47
15:05:23.669 [TX CF14] 67 2E A7 A7 13 F0 1D 70
15:05:23.681 [TX CF15] 67 2F 84 2D 05 92 04 41
15:05:23.692 [TX CF0] 67 20 F7 95 00 B4 1B F2
15:05:23.704 [TX CF1] 67 21 55 E0 53 C0 BD 84
15:05:23.715 [TX CF2] 67 22 3A E1 07 80 79 BC
15:05:23.726 [TX CF3] 67 23 F8 7A 17 93 A5 F8
15:05:23.737 [TX CF4] 67 24 F3 B5 72 92 D1 B5
15:05:23.749 [TX CF5] 67 25 17 6A BD 3C B1 83
15:05:23.760 [TX CF6] 67 26 C7 0C DF 81 DC 87
15:05:23.771 [TX CF7] 67 27 6F FD AE BF 34 B0
15:05:23.782 [TX CF8] 67 28 B2 47 A0 64 30 2E
15:05:23.792 [TX CF9] 67 29 5F 05 EE 10 6A 4C
15:05:23.804 [TX CF10] 67 2A 34 06 85 3E 92 03
15:05:23.816 [TX CF11] 67 2B 42 70 C4 00 68 86
15:05:23.826 [TX CF12] 67 2C 42 70 C5 02 41 78
15:05:23.837 [TX CF13] 67 2D B0 4E 05 20 FE BF
15:05:23.847 [TX CF14] 67 2E 30 5F 03 15 03 8E
15:05:23.858 [TX CF15] 67 2F 53 9F D3 B9 0E 07
15:05:23.870 [TX CF0] 67 20 FB F0 F6 02 51 F6
15:05:23.882 [TX CF1] 67 21 E8 40 65 10 2E 8C
15:05:23.895 [TX CF2] 67 22 82 0D DF E8 CE FC
15:05:23.906 [TX CF3] 67 23 0E A4 3F F2 89 D7
15:05:23.917 [TX CF4] 67 24 44 97 85 A2 ED 3F
15:05:23.929 [TX CF5] 67 25 5D 41 90 97 13 20
15:05:23.941 [TX CF6] 67 26 91 3F D0 D8 DF 97
15:05:23.953 [TX CF7] 67 27 78 1B 90 36 24 13
15:05:23.963 [TX CF8] 67 28 40 79 81 41 2C 71
15:05:23.973 [TX CF9] 67 29 46 18 2F 44 EB 86
15:05:23.984 [TX CF10] 67 2A 83 FC 6A 40 F2 87
15:05:23.995 [TX CF11] 67 2B B3 A3 2A F0 6D 6F
15:05:24.006 [TX CF12] 67 2C 7F F9 6B 83 0B AD
15:05:24.018 [TX CF13] 67 2D EE 27 2D F9 F4 AE
15:05:24.030 [TX CF14] 67 2E 11 99 04 86 81 5C
15:05:24.041 [TX CF15] 67 2F 2E A1 EE E8 96 92
15:05:24.052 [TX CF0] 67 20 41 69 BC FD 23 50
15:05:24.064 [TX CF1] 67 21 F3 74 76 08 90 25
15:05:24.075 [TX CF2] 67 22 11 0E 8D C5 18 04
15:05:24.086 [TX CF3] 67 23 8B 11 54 FF 93 C1
15:05:24.097 [TX CF4] 67 24 47 A0 26 41 5B 86
15:05:24.108 [TX CF5] 67 25 CB FD D9 F3 FF E4
15:05:24.120 [TX CF6] 67 26 9C 4F 3D 82 38 7C
15:05:24.130 [TX CF7] 67 27 C0 F2 87 0B A3 03
15:05:24.142 [TX CF8] 67 28 F0 22 F2 A2 55 39
15:05:24.153 [TX CF9] 67 29 DE 79 05 21 39 85
15:05:24.165 [TX CF10] 67 2A 06 B8 5F C0 F1 82
15:05:24.176 [TX CF11] 67 2B DB 04 A2 18 1A A0
15:05:24.188 [TX CF12] 67 2C 83 04 78 0D FC 3F
15:05:24.201 [TX CF13] 67 2D F2 A8 47 42 93 1C
15:05:24.211 [TX CF14] 67 2E A1 28 E1 2A E0 A4
15:05:24.222 [TX CF15] 67 2F C3 04 A3 8B A2 73
15:05:24.234 [TX CF0] 67 20 46 45 02 B8 7C FC
15:05:24.244 [TX CF1] 67 21 EA 94 28 57 0F A2
15:05:24.255 [TX CF2] 67 22 AA 1C 15 C1 4D 87
15:05:24.267 [TX CF3] 67 23 02 39 13 94 F9 FA
15:05:24.278 [TX CF4] 67 24 69 74 28 9F E8 75
15:05:24.290 [TX CF5] 67 25 23 03 7E 82 48 90
15:05:24.302 [TX CF6] 67 26 18 40 AE 8F 14 20
15:05:24.314 [TX CF7] 67 27 3D 35 06 10 0F 02
15:05:24.325 [TX CF8] 67 28 93 09 CD CE 11 E0
15:05:24.336 [TX CF9] 67 29 57 A1 36 FF 1C 30
15:05:24.348 [TX CF10] 67 2A 9C 5C CF 89 41 E4
15:05:24.359 [TX CF11] 67 2B 0A F4 32 7F D1 EA
15:05:24.370 [TX CF12] 67 2C 4F 9E 08 49 0F 92
15:05:24.382 [TX CF13] 67 2D 20 24 D2 42 77 4C
15:05:24.392 [TX CF14] 67 2E F0 03 C1 B8 F5 45
15:05:24.404 [TX CF15] 67 2F 68 4E 5A 80 B8 F0
15:05:24.416 [TX CF0] 67 20 80 F4 75 D7 38 39
15:05:24.428 [TX CF1] 67 21 CE 13 38 09 04 32
15:05:24.439 [TX CF2] 67 22 5F 96 32 0C 4C AC
15:05:24.450 [TX CF3] 67 23 47 90 2F D0 C3 38
15:05:24.461 [TX CF4] 67 24 1D 9C 37 82 03 A1
15:05:24.472 [TX CF5] 67 25 1D C1 09 AD 63 E8
15:05:24.483 [TX CF6] 67 26 8F 80 20 90 18 54
15:05:24.494 [TX CF7] 67 27 04 DE 05 E2 03 8C
15:05:24.506 [TX CF8] 67 28 80 9E 00 FF 40 7F
15:05:24.518 [TX CF9] 67 29 10 19 54 0A BD 02
15:05:24.530 [TX CF10] 67 2A C6 40 BB 50 2F 08
15:05:24.542 [TX CF11] 67 2B 62 09 04 22 81 E0
15:05:24.553 [TX CF12] 67 2C 25 41 27 9C 50 AD
15:05:24.563 [TX CF13] 67 2D 5D 1B 05 FB FB 28
15:05:24.573 [TX CF14] 67 2E B3 F4 96 C8 4B 3F
15:05:24.585 [TX CF15] 67 2F 8C A4 27 FD 16 12
15:05:24.598 [TX CF0] 67 20 0E 7C 24 4C 38 17
15:05:24.608 [TX CF1] 67 21 30 E9 42 20 CD FA
15:05:24.620 [TX CF2] 67 22 26 F4 1B D8 68 1B
15:05:24.631 [TX CF3] 67 23 F0 CC BA 30 27 08
15:05:24.642 [TX CF4] 67 24 39 B7 10 32 D4 DC
15:05:24.654 [TX CF5] 67 25 0E 38 72 CE 48 65
15:05:24.664 [TX CF6] 67 26 1D 18 22 E6 1C 8B
15:05:24.676 [TX CF7] 67 27 9C 19 1A A2 07 44
15:05:24.688 [TX CF8] 67 28 38 C7 4C 31 EE 8C
15:05:24.700 [TX CF9] 67 29 19 D6 0E 1D D8 08
15:05:24.711 [TX CF10] 67 2A 03 09 0D F9 84 87
15:05:24.723 [TX CF11] 67 2B F5 53 05 03 C5 77
15:05:24.734 [TX CF12] 67 2C 94 5E E4 50 08 84
15:05:24.745 [TX CF13] 67 2D CA 24 8D 02 55 13
15:05:24.756 [TX CF14] 67 2E 72 C1 27 D7 DC B8
15:05:24.767 [TX CF15] 67 2F 10 2D 81 B8 19 45
15:05:24.779 [TX CF0] 67 20 80 AD 83 37 09 46
15:05:24.790 [TX CF1] 67 21 06 DD 60 63 E5 E9
15:05:24.801 [TX CF2] 67 22 FC 4E 68 D2 1B B7
15:05:24.812 [TX CF3] 67 23 C4 7C 1A F9 28 13
15:05:24.823 [TX CF4] 67 24 4F 0E 8B B7 0B 87
15:05:24.834 [TX CF5] 67 25 F5 54 84 0A 01 A0
15:05:24.846 [TX CF6] 67 26 BF 74 F6 50 79 5A
15:05:24.859 [TX CF7] 67 27 CD 17 96 1E 0A 94
15:05:24.870 [TX CF8] 67 28 70 05 86 0E 84 77
15:05:24.881 [TX CF9] 67 29 C2 57 46 8D 5C FC
15:05:24.892 [TX CF10] 67 2A 57 F8 44 96 2B 43
15:05:24.904 [TX CF11] 67 2B F2 DD EB 57 BB 1D
15:05:24.915 [TX CF12] 67 2C FB 35 42 EF F4 A2
15:05:24.926 [TX CF13] 67 2D 30 00 02 16 2F E9
15:05:24.938 [TX CF14] 67 2E B0 0E D7 9C 04 82
15:05:24.948 [TX CF15] 67 2F 5D 0F 47 F1 F9 83
15:05:24.959 [TX CF0] 67 20 6B 08 AF ED F9 85
15:05:24.971 [TX CF1] 67 21 A6 F7 E8 BD 1E 10
15:05:24.983 [TX CF2] 67 22 8B 74 20 12 9F 97
15:05:24.995 [TX CF3] 67 23 41 FB 84 82 B9 81
15:05:25.006 [TX CF4] 67 24 A1 7B 8F 00 28 50
15:05:25.017 [TX CF5] 67 25 63 A1 32 89 DE 33
15:05:25.029 [TX CF6] 67 26 34 2F 47 42 A6 19
15:05:25.040 [TX CF7] 67 27 07 CB D0 C9 86 A1
15:05:25.051 [TX CF8] 67 28 F1 74 15 B8 74 A3
15:05:25.062 [TX CF9] 67 29 9C 3D 94 4E 57 F1
15:05:25.073 [TX CF10] 67 2A E9 A9 B0 B4 DC DB
15:05:25.084 [TX CF11] 67 2B 98 40 20 F0 8E AD
15:05:25.095 [TX CF12] 67 2C 8A FD C8 D9 64 28
15:05:25.106 [TX CF13] 67 2D 50 4E 97 27 64 0E
15:05:25.117 [TX CF14] 67 2E CA 63 FD 08 E1 26
15:05:25.130 [TX CF15] 67 2F 7E 42 34 42 21 30
15:05:25.140 [TX CF0] 67 20 94 DE CD A8 7A 42
15:05:25.151 [TX CF1] 67 21 60 28 00 E8 40 92
15:05:25.162 [TX CF2] 67 22 B8 74 20 A3 B0 2E
15:05:25.172 [TX CF3] 67 23 1F 14 F0 02 82 45
15:05:25.184 [TX CF4] 67 24 7A 79 D3 30 5F A8
15:05:25.194 [TX CF5] 67 25 11 CB 05 D8 25 94
15:05:25.205 [TX CF6] 67 26 63 A3 A1 BF D8 16
15:05:25.217 [TX CF7] 67 27 40 5E 2A 70 78 27
15:05:25.229 [TX CF8] 67 28 53 EF 23 89 D0 22
15:05:25.240 [TX CF9] 67 29 12 28 D5 0D 53 82
15:05:25.251 [TX CF10] 67 2A AB 09 04 8F 85 54
15:05:25.262 [TX CF11] 67 2B 13 E0 96 CA CD FD
15:05:25.274 [TX CF12] 67 2C 1A E1 8E A4 25 50
15:05:25.286 [TX CF13] 67 2D A1 28 80 91 03 30
15:05:25.297 [TX CF14] 67 2E AF FF 79 09 88 3E
15:05:25.308 [TX CF15] 67 2F FF A0 8C 23 2E 3E
15:05:25.319 [TX CF0] 67 20 C5 E0 2F F2 18 C4
15:05:25.330 [TX CF1] 67 21 2A F0 3B 42 27 43
15:05:25.340 [TX CF2] 67 22 85 DC 12 88 63 92
15:05:25.351 [TX CF3] 67 23 A0 48 70 34 A8 8A
15:05:25.362 [TX CF4] 67 24 54 0F BF E3 F2 10
15:05:25.372 [TX CF5] 67 25 4B EA 4D 04 87 A0
15:05:25.384 [TX CF6] 67 26 A7 23 CE 16 9B E5
15:05:25.395 [TX CF7] 67 27 02 3D 23 5B A1 33
15:05:25.406 [TX CF8] 67 28 AC 55 2F 14 8A 35
15:05:25.416 [TX CF9] 67 29 50 3F 8D D2 51 7C
15:05:25.427 [TX CF10] 67 2A FD 4C 25 17 49 05
15:05:25.437 [TX CF11] 67 2B B7 01 1D 90 59 7C
15:05:25.448 [TX CF12] 67 2C 63 29 45 39 72 46
15:05:25.459 [TX CF13] 67 2D B0 D8 A3 01 8C 2B
15:05:25.470 [TX CF14] 67 2E A3 78 A4 B1 D1 C8
15:05:25.481 [TX CF15] 67 2F 12 39 5D 0E 27 70
15:05:25.492 [TX CF0] 67 20 0C 61 DF 30 03 15
15:05:25.503 [TX CF1] 67 21 B8 14 B0 1D A1 D0
15:05:25.514 [TX CF2] 67 22 AA 59 E9 55 6A A5
15:05:25.526 [TX CF3] 67 23 FB CF E0 BF 11 D0
15:05:25.536 [TX CF4] 67 24 F5 14 40 95 43 9C
15:05:25.547 [TX CF5] 67 25 10 C2 2E 8D 94 12
15:05:25.559 [TX CF6] 67 26 58 29 90 08 61 09
15:05:25.570 [TX CF7] 67 27 77 42 2B C2 36 42
15:05:25.581 [TX CF8] 67 28 06 AA 10 05 BC 87
15:05:25.592 [TX CF9] 67 29 EB CF 05 91 42 AE
15:05:25.603 [TX CF10] 67 2A 93 83 38 70 33 8C
15:05:25.615 [TX CF11] 67 2B 26 84 A1 7D 1B 15
15:05:25.626 [TX CF12] 67 2C FE AD 4B CD C6 23
15:05:25.637 [TX CF13] 67 2D AA 78 25 A2 AC 24
15:05:25.648 [TX CF14] 67 2E B7 F8 E8 EA 0F 04
15:05:25.662 [TX CF15] 67 2F 7A E0 05 42 C5 77
15:05:25.673 [TX CF0] 67 20 91 5F CF 68 48 AE
15:05:25.684 [TX CF1] 67 21 FD 2D 92 97 07 FE
15:05:25.695 [TX CF2] 67 22 10 23 8C 31 C2 D0
15:05:25.706 [TX CF3] 67 23 26 B4 20 86 C0 7B
15:05:25.717 [TX CF4] 67 24 A9 10 57 B0 7B FC
15:05:25.728 [TX CF5] 67 25 C8 24 36 64 E8 48
15:05:25.739 [TX CF6] 67 26 A9 46 88 D0 1A C1
15:05:25.751 [TX CF7] 67 27 85 74 25 17 30 6E
15:05:25.763 [TX CF8] 67 28 0F 2C 89 78 44 D6
15:05:25.773 [TX CF9] 67 29 30 52 47 89 40 7E
15:05:25.784 [TX CF10] 67 2A 12 3F C1 CB 08 22
15:05:25.795 [TX CF11] 67 2B 28 08 C4 46 E9 A0
15:05:25.805 [TX CF12] 67 2C 4D 40 36 02 ED 6E
15:05:25.816 [TX CF13] 67 2D 10 43 FB 18 C1 40
15:05:25.828 [TX CF14] 67 2E F0 9F 00 39 42 89
15:05:25.838 [TX CF15] 67 2F C5 20 0F BB CD 36
15:05:25.849 [TX CF0] 67 20 A4 70 18 50 C0 3A
15:05:25.860 [TX CF1] 67 21 97 0A 3E 03 6B 5E
15:05:25.871 [TX CF2] 67 22 58 40 CA 00 55 0C
15:05:25.883 [TX CF3] 67 23 06 43 03 F8 7A 3F
15:05:25.893 [TX CF4] 67 24 F0 1D EC BD 30 1C
15:05:25.904 [TX CF5] 67 25 17 AB 58 A4 60 2F
15:05:25.916 [TX CF6] 67 26 45 2C 30 14 1E 04
15:05:25.928 [TX CF7] 67 27 3D 33 80 5D 05 1A
15:05:25.940 [TX CF8] 67 28 12 94 C0 30 18 3F
15:05:25.950 [TX CF9] 67 29 21 46 0A F5 29 2D
15:05:25.962 [TX CF10] 67 2A 23 83 7F E5 26 43
15:05:25.973 [TX CF11] 67 2B 88 6D 7F C7 F8 28
15:05:25.985 [TX CF12] 67 2C 1C 2B BD 32 99 03
15:05:25.997 [TX CF13] 67 2D 63 82 2D C1 3A 87
15:05:26.008 [TX CF14] 67 2E 17 FF A0 65 02 81
15:05:26.019 [TX CF15] 67 2F C3 FB F7 A4 FF 15
15:05:26.030 [TX CF0] 67 20 F9 7C FA 27 04 2C
15:05:26.041 [TX CF1] 67 21 17 38 86 F6 61 B4
15:05:26.053 [TX CF2] 67 22 83 CA 22 9D 28 BD
15:05:26.064 [TX CF3] 67 23 26 14 5E 06 39 07
15:05:26.075 [TX CF4] 67 24 88 F5 73 90 7D 24
15:05:26.086 [TX CF5] 67 25 3C 55 8C B1 11 84
15:05:26.097 [TX CF6] 67 26 2F C1 3E A6 51 60
15:05:26.107 [TX CF7] 67 27 12 D8 C6 B6 01 64
15:05:26.118 [TX CF8] 67 28 AC E1 60 14 D8 CD
15:05:26.129 [TX CF9] 67 29 B6 D7 AC A1 34 81
15:05:26.139 [TX CF10] 67 2A 90 44 FC 13 85 E4
15:05:26.149 [TX CF11] 67 2B F8 08 04 22 31 44
15:05:26.160 [TX CF12] 67 2C B1 FF 24 11 8A 04
15:05:26.171 [TX CF13] 67 2D 32 47 03 30 C3 C8
15:05:26.183 [TX CF14] 67 2E 6B 00 F1 05 C6 84
15:05:26.195 [TX CF15] 67 2F 42 87 C8 BB B2 90
15:05:26.206 [TX CF0] 67 20 98 6F 13 38 70 22
15:05:26.218 [TX CF1] 67 21 61 58 1F A9 5C 36
15:05:26.229 [TX CF2] 67 22 B2 AA 62 4B 04 FE
15:05:26.240 [TX CF3] 67 23 14 DE AC 42 4B 28
15:05:26.252 [TX CF4] 67 24 A7 4C 2D 0B 04 20
15:05:26.263 [TX CF5] 67 25 BD 0F 85 EA 51 42
15:05:26.275 [TX CF6] 67 26 4E 20 DE 4B 79 FF
15:05:26.286 [TX CF7] 67 27 F8 34 C4 BE B5 32
15:05:26.297 [TX CF8] 67 28 70 65 B3 FF EC 2D
15:05:26.308 [TX CF9] 67 29 2D 7C 20 DD 09 1B
15:05:26.319 [TX CF10] 67 2A 30 0A E3 65 26 5E
15:05:26.331 [TX CF11] 67 2B 08 4C 35 3F FB 85
15:05:26.341 [TX CF12] 67 2C A9 B8 94 BD BB 2C
15:05:26.351 [TX CF13] 67 2D 0D BF 0E 7F FF 30
15:05:26.362 [TX CF14] 67 2E B5 B8 52 9D B8 A5
15:05:26.375 [TX CF15] 67 2F 82 39 21 CA B5 C0
15:05:26.386 [TX CF0] 67 20 73 07 47 73 CB 05
15:05:26.398 [TX CF1] 67 21 74 C3 8B 6D C1 6C
15:05:26.409 [TX CF2] 67 22 75 A1 0B 0D 00 EC
15:05:26.420 [TX CF3] 67 23 8C D7 84 19 DD 0E
15:05:26.431 [TX CF4] 67 24 07 FE AD 41 62 87
15:05:26.442 [TX CF5] 67 25 07 F6 EE C3 29 FD
15:05:26.454 [TX CF6] 67 26 68 21 80 83 FE 13
15:05:26.466 [TX CF7] 67 27 30 6F 5F C9 33 92
15:05:26.477 [TX CF8] 67 28 F2 70 94 E8 26 90
15:05:26.488 [TX CF9] 67 29 84 48 93 D8 40 3E
15:05:26.500 [TX CF10] 67 2A 15 DF FB F5 0A 08
15:05:26.511 [TX CF11] 67 2B 4C 09 14 2A 87 42
15:05:26.523 [TX CF12] 67 2C B9 23 40 81 6F 55
15:05:26.535 [TX CF13] 67 2D 58 41 18 A0 31 40
15:05:26.546 [TX CF14] 67 2E 91 4A A9 2F DC 29
15:05:26.557 [TX CF15] 67 2F FF F8 06 FE 5F A0
15:05:26.568 [TX CF0] 67 20 F0 C0 28 15 C5 A6
15:05:26.580 [TX CF1] 67 21 12 5A 50 05 08 80
15:05:26.591 [TX CF2] 67 22 04 0D FC A7 41 03
15:05:26.603 [TX CF3] 67 23 E4 40 F8 4A A4 24
15:05:26.615 [TX CF4] 67 24 20 89 64 FF FF FF
15:05:26.636 [RX SF ] 67 02 76 05 FF FF FF FF
15:05:26.636 [RX    ] 76 05
15:05:26.637 [PASS  ] TransferData block=5 | expected: 76 ... | received: 76 05
15:05:26.648 ------------------------------------------------------------------------
15:05:26.648 [STEP  ] 0x36 block=6  offset=10200/45254  (22%)
15:05:26.648 [TX TransferData block=6 len=2040] 36 06 A0 A8 D8 28 47 E9 30 8B 82 9B 27 E2 11 B0...
15:05:26.650 [TX FF ] 67 17 FA 36 06 A0 A8 D8
15:05:26.660 [TX CF1] 67 21 28 47 E9 30 8B 82
15:05:26.672 [TX CF2] 67 22 9B 27 E2 11 B0 44
15:05:26.683 [TX CF3] 67 23 71 F0 74 60 DC 23
15:05:26.695 [TX CF4] 67 24 60 A8 63 34 A0 5A
15:05:26.705 [TX CF5] 67 25 06 EC 2A 9F 87 EE
15:05:26.717 [TX CF6] 67 26 18 EF CA 79 07 DE
15:05:26.729 [TX CF7] 67 27 00 24 22 54 C9 02
15:05:26.739 [TX CF8] 67 28 C0 13 C6 06 44 6E
15:05:26.750 [TX CF9] 67 29 4F 4C 22 80 A8 B8
15:05:26.762 [TX CF10] 67 2A 90 89 E0 65 0E 8F
15:05:26.773 [TX CF11] 67 2B E6 C1 7A E0 C1 E0
15:05:26.783 [TX CF12] 67 2C FD 5F F2 4E 1B 0D
15:05:26.795 [TX CF13] 67 2D CA C8 CE C2 E5 06
15:05:26.806 [TX CF14] 67 2E A4 07 F2 10 A1 CD
15:05:26.817 [TX CF15] 67 2F FC 89 F0 E1 7E 60
15:05:26.828 [TX CF0] 67 20 E2 68 60 81 78 45
15:05:26.839 [TX CF1] 67 21 18 71 7F 2B 4C 2B
15:05:26.851 [TX CF2] 67 22 0F 98 67 82 D8 6A
15:05:26.862 [TX CF3] 67 23 02 D8 60 6C D8 6C
15:05:26.873 [TX CF4] 67 24 0F 98 7A D8 10 D6
15:05:26.883 [TX CF5] 67 25 03 32 A3 03 58 61
15:05:26.894 [TX CF6] 67 26 3F 01 B6 00 34 14
15:05:26.905 [TX CF7] 67 27 E8 7C 7D E1 1C 35
15:05:26.917 [TX CF8] 67 28 4F D8 12 70 5C B8
15:05:26.929 [TX CF9] 67 29 37 2D 4D 22 03 68
15:05:26.941 [TX CF10] 67 2A C0 48 B2 34 38 0D
15:05:26.953 [TX CF11] 67 2B 80 78 93 FF 01 EE
15:05:26.964 [TX CF12] 67 2C 49 9C 89 B8 7B 93
15:05:26.974 [TX CF13] 67 2D C0 FE 36 BA 26 94
15:05:26.985 [TX CF14] 67 2E 39 FA 67 03 65 05
15:05:26.995 [TX CF15] 67 2F 69 C3 08 41 C1 D1
15:05:27.006 [TX CF0] 67 20 DA 78 21 68 38 7E
15:05:27.018 [TX CF1] 67 21 BE 0E 44 82 80 B3
15:05:27.028 [TX CF2] 67 22 C3 05 9D A6 CA 2D
15:05:27.039 [TX CF3] 67 23 59 09 0C 26 02 24
15:05:27.050 [TX CF4] 67 24 40 8B 82 6F 09 67
15:05:27.062 [TX CF5] 67 25 43 55 0D 88 D0 A0
15:05:27.074 [TX CF6] 67 26 6E C0 23 DB FA 0F
15:05:27.086 [TX CF7] 67 27 FE 1E 7A 42 01 27
15:05:27.097 [TX CF8] 67 28 F0 28 60 83 43 FA
15:05:27.110 [TX CF9] 67 29 81 C4 65 EE 3C 65
15:05:27.120 [TX CF10] 67 2A 10 3E C4 33 C0 56
15:05:27.131 [TX CF11] 67 2B C2 01 D2 C7 F8 15
15:05:27.142 [TX CF12] 67 2C 78 30 32 29 60 F3
15:05:27.153 [TX CF13] 67 2D 41 5D 84 78 DA 04
15:05:27.164 [TX CF14] 67 2E BC 8F 86 17 C1 20
15:05:27.175 [TX CF15] 67 2F BD 88 F2 90 DC D9
15:05:27.186 [TX CF0] 67 20 B0 4A 2C 7A 09 03
15:05:27.199 [TX CF1] 67 21 13 0D 85 8B 60 3D
15:05:27.210 [TX CF2] 67 22 00 76 05 0F 63 60
15:05:27.223 [TX CF3] 67 23 6D 21 BC F0 48 4E
15:05:27.234 [TX CF4] 67 24 A0 4A 60 7D 1A AC
15:05:27.246 [TX CF5] 67 25 A2 E2 7F 02 41 B5
15:05:27.256 [TX CF6] 67 26 F0 40 A5 32 DE 8D
15:05:27.266 [TX CF7] 67 27 82 E5 21 57 43 8E
15:05:27.278 [TX CF8] 67 28 FD 78 01 B0 4A 2C
15:05:27.289 [TX CF9] 67 29 DD 0C 0C 1A 03 D5
15:05:27.301 [TX CF10] 67 2A 1D 60 7A 42 C3 7A
15:05:27.312 [TX CF11] 67 2B D0 DC B8 10 64 CA
15:05:27.322 [TX CF12] 67 2C 1A 2F 04 A2 D6 9C
15:05:27.333 [TX CF13] 67 2D C3 11 43 30 A1 E8
15:05:27.344 [TX CF14] 67 2E 70 81 0C 80 41 3D
15:05:27.356 [TX CF15] 67 2F 16 2B 43 98 03 AC
15:05:27.366 [TX CF0] 67 20 38 8A 49 91 0B 4D
15:05:27.378 [TX CF1] 67 21 8C E5 85 40 E7 09
15:05:27.389 [TX CF2] 67 22 80 03 C6 12 9B 1E
15:05:27.400 [TX CF3] 67 23 01 F4 05 8B 63 68
15:05:27.411 [TX CF4] 67 24 84 50 F6 16 03 96
15:05:27.422 [TX CF5] 67 25 47 BC 90 B8 40 E5
15:05:27.433 [TX CF6] 67 26 33 DE 9F 2A 3D 00
15:05:27.444 [TX CF7] 67 27 C9 78 AF 51 38 3C
15:05:27.455 [TX CF8] 67 28 6E 1F A6 2A C1 9F
15:05:27.467 [TX CF9] 67 29 CF D0 A4 1D 2A 4C
15:05:27.479 [TX CF10] 67 2A 72 43 72 98 C6 39
15:05:27.490 [TX CF11] 67 2B DB 2C 35 08 B1 82
15:05:27.501 [TX CF12] 67 2C 1D 03 86 10 0C CD
15:05:27.512 [TX CF13] 67 2D 86 31 D6 83 44 BA
15:05:27.523 [TX CF14] 67 2E B0 EB C6 C0 A1 0D
15:05:27.533 [TX CF15] 67 2F 42 0D 23 EA 3A 50
15:05:27.545 [TX CF0] 67 20 8F 94 C0 CC 56 E3
15:05:27.557 [TX CF1] 67 21 D9 87 6C 1D 2A 45
15:05:27.569 [TX CF2] 67 22 E3 D1 61 40 A0 B2
15:05:27.579 [TX CF3] 67 23 43 83 43 E4 EC BD
15:05:27.589 [TX CF4] 67 24 29 38 42 18 24 F0
15:05:27.601 [TX CF5] 67 25 F8 A5 41 C4 50 A1
15:05:27.612 [TX CF6] 67 26 46 A8 2F 5D 18 34
15:05:27.623 [TX CF7] 67 27 0F AA 6B 4B 19 FA
15:05:27.635 [TX CF8] 67 28 84 19 80 4D C3 6F
15:05:27.645 [TX CF9] 67 29 FD 41 3C 08 EC 20
15:05:27.656 [TX CF10] 67 2A 5D 46 52 06 BC 32
15:05:27.667 [TX CF11] 67 2B BF A0 C2 12 FF FA
15:05:27.678 [TX CF12] 67 2C 59 02 AA 10 19 44
15:05:27.689 [TX CF13] 67 2D C7 A2 5E C0 45 84
15:05:27.701 [TX CF14] 67 2E 0F A8 7F C8 C0 82
15:05:27.713 [TX CF15] 67 2F 8B 0A 03 FC 0B 5E
15:05:27.723 [TX CF0] 67 20 27 65 B2 1E 81 23
15:05:27.734 [TX CF1] 67 21 CD 50 F6 56 08 11
15:05:27.744 [TX CF2] 67 22 CC 05 54 30 2B 1C
15:05:27.755 [TX CF3] 67 23 CA D3 92 82 CA FA
15:05:27.767 [TX CF4] 67 24 96 2A 5F 2A 35 D1
15:05:27.778 [TX CF5] 67 25 91 D6 D0 68 6C B3
15:05:27.790 [TX CF6] 67 26 54 29 27 4B 85 68
15:05:27.800 [TX CF7] 67 27 89 43 22 50 4A 5C
15:05:27.811 [TX CF8] 67 28 26 35 43 E1 2A E0
15:05:27.822 [TX CF9] 67 29 B4 CF D5 50 F2 60
15:05:27.833 [TX CF10] 67 2A D8 98 70 01 08 15
15:05:27.845 [TX CF11] 67 2B 84 7E 84 08 7F 02
15:05:27.855 [TX CF12] 67 2C DA 1E 5C 1F B7 0F
15:05:27.867 [TX CF13] 67 2D 89 D0 E0 76 04 BA
15:05:27.878 [TX CF14] 67 2E 07 DC 07 A9 19 30
15:05:27.889 [TX CF15] 67 2F 94 D2 61 4A C0 E1
15:05:27.901 [TX CF0] 67 20 56 38 11 5C 05 24
15:05:27.911 [TX CF1] 67 21 17 8E 45 85 C8 80
15:05:27.923 [TX CF2] 67 22 97 04 0A 01 AC B0
15:05:27.934 [TX CF3] 67 23 12 49 24 0A 97 48
15:05:27.945 [TX CF4] 67 24 82 58 37 FF 3A 7E
15:05:27.956 [TX CF5] 67 25 3D 91 85 BF 1F 49
15:05:27.967 [TX CF6] 67 26 A4 52 69 34 1B 03
15:05:27.978 [TX CF7] 67 27 2D 02 06 10 82 D8
15:05:27.989 [TX CF8] 67 28 1F 08 EF FB 2C 62
15:05:28.000 [TX CF9] 67 29 06 2B 49 E4 60 68
15:05:28.011 [TX CF10] 67 2A D4 88 11 90 0B 0C
15:05:28.022 [TX CF11] 67 2B 21 A3 05 82 89 49
15:05:28.034 [TX CF12] 67 2C 8C 48 A1 56 0C 13
15:05:28.045 [TX CF13] 67 2D 50 0B 0C 36 45 4A
15:05:28.056 [TX CF14] 67 2E B0 CC 1A C0 58 3C
15:05:28.066 [TX CF15] 67 2F 12 2E 94 03 15 61
15:05:28.076 [TX CF0] 67 20 85 2E 81 5E 21 0B
15:05:28.088 [TX CF1] 67 21 B0 4F 59 90 59 20
15:05:28.099 [TX CF2] 67 22 36 A6 A6 0D 84 17
15:05:28.110 [TX CF3] 67 23 08 D8 A7 6C 80 5B
15:05:28.121 [TX CF4] 67 24 D9 0B 30 20 E0 4A
15:05:28.133 [TX CF5] 67 25 4A 72 10 83 04 42
15:05:28.144 [TX CF6] 67 26 43 86 43 07 E0 30
15:05:28.156 [TX CF7] 67 27 86 51 90 88 50 24
15:05:28.166 [TX CF8] 67 28 0E 68 66 99 17 36
15:05:28.177 [TX CF9] 67 29 10 47 44 33 86 34
15:05:28.188 [TX CF10] 67 2A 72 76 41 32 D2 60
15:05:28.200 [TX CF11] 67 2B 18 A0 E6 10 4E 8F
15:05:28.211 [TX CF12] 67 2C A3 13 01 80 44 83
15:05:28.222 [TX CF13] 67 2D B0 C4 3C 0F 24 20
15:05:28.233 [TX CF14] 67 2E 30 44 CA 04 B0 25
15:05:28.245 [TX CF15] 67 2F 0E 38 72 DF E5 0E
15:05:28.256 [TX CF0] 67 20 12 1F F3 C3 09 4B
15:05:28.267 [TX CF1] 67 21 BE 09 4C 07 A3 ED
15:05:28.278 [TX CF2] 67 22 F3 BD 50 67 65 E8
15:05:28.288 [TX CF3] 67 23 C0 C7 9C 00 CC 77
15:05:28.299 [TX CF4] 67 24 AF C4 1B 10 07 70
15:05:28.311 [TX CF5] 67 25 C0 50 78 10 F0 8A
15:05:28.322 [TX CF6] 67 26 51 18 23 17 68 7B
15:05:28.333 [TX CF7] 67 27 20 97 AE 17 4F F3
15:05:28.345 [TX CF8] 67 28 D3 08 9B 8C 18 8B
15:05:28.355 [TX CF9] 67 29 80 42 D8 10 28 38
15:05:28.367 [TX CF10] 67 2A 42 00 24 E4 14 41
15:05:28.378 [TX CF11] 67 2B 60 C2 81 80 80 12
15:05:28.390 [TX CF12] 67 2C BB 14 A0 80 60 3C
15:05:28.401 [TX CF13] 67 2D 25 2C 71 0E 8C 20
15:05:28.411 [TX CF14] 67 2E 63 8C 36 2F 14 20
15:05:28.422 [TX CF15] 67 2F 12 68 43 9A 18 03
15:05:28.434 [TX CF0] 67 20 A6 1F FF FC 2A 86
15:05:28.446 [TX CF1] 67 21 03 C4 13 C4 27 0B
15:05:28.456 [TX CF2] 67 22 95 29 23 F8 0B 41
15:05:28.468 [TX CF3] 67 23 C5 0E 04 3A 43 49
15:05:28.480 [TX CF4] 67 24 82 4A 20 3D A3 2A
15:05:28.491 [TX CF5] 67 25 05 7C 08 E8 08 10
15:05:28.502 [TX CF6] 67 26 50 20 9C C2 20 22
15:05:28.513 [TX CF7] 67 27 05 88 82 7B 08 E0
15:05:28.525 [TX CF8] 67 28 90 14 7E 01 AC 20
15:05:28.535 [TX CF9] 67 29 A2 30 2E 0C D4 29
15:05:28.547 [TX CF10] 67 2A 17 02 0A 4A 0C 3B
15:05:28.558 [TX CF11] 67 2B 9F D6 7E 14 AB C3
15:05:28.568 [TX CF12] 67 2C BF 02 86 11 00 7E
15:05:28.578 [TX CF13] 67 2D 1D 0A 92 0C 01 0C
15:05:28.589 [TX CF14] 67 2E 0D 60 2E 0E 4C 08
15:05:28.600 [TX CF15] 67 2F 39 65 BF EE FC 1E
15:05:28.611 [TX CF0] 67 20 38 00 F0 0A 20 32
15:05:28.622 [TX CF1] 67 21 C2 1D D1 71 E1 DC
15:05:28.634 [TX CF2] 67 22 FE 0D 30 85 74 1E
15:05:28.645 [TX CF3] 67 23 D8 4B 7F A3 5C 3B
15:05:28.656 [TX CF4] 67 24 A3 68 19 B0 F7 3F
15:05:28.668 [TX CF5] 67 25 27 34 1C E0 7F 7E
15:05:28.679 [TX CF6] 67 26 FE 2F F4 0E 91 40
15:05:28.691 [TX CF7] 67 27 16 42 F9 40 6B 87
15:05:28.701 [TX CF8] 67 28 51 C9 08 47 0B C4
15:05:28.713 [TX CF9] 67 29 50 39 84 82 05 0B
15:05:28.724 [TX CF10] 67 2A A0 7F 9C B0 8A 92
15:05:28.734 [TX CF11] 67 2B B4 FF 60 4E 10 47
15:05:28.745 [TX CF12] 67 2C 48 72 FF 83 0C 8D
15:05:28.756 [TX CF13] 67 2D 78 64 7F B4 0D 91
15:05:28.767 [TX CF14] 67 2E 17 00 B4 11 28 34
15:05:28.778 [TX CF15] 67 2F 4E 14 B4 C2 27 0C
15:05:28.789 [TX CF0] 67 20 26 21 00 DF C2 68
15:05:28.801 [TX CF1] 67 21 50 5E 86 0E 0F 0F
15:05:28.811 [TX CF2] 67 22 E8 40 AE 14 08 E5
15:05:28.823 [TX CF3] 67 23 26 3D F9 E8 80 12
15:05:28.835 [TX CF4] 67 24 80 48 BE 7E 72 9A
15:05:28.846 [TX CF5] 67 25 10 5F 01 2D A8 98
15:05:28.857 [TX CF6] 67 26 08 09 CC 1B A7 30
15:05:28.868 [TX CF7] 67 27 DA 45 19 F0 16 21
15:05:28.879 [TX CF8] 67 28 9E 70 3F 9D 29 86
15:05:28.891 [TX CF9] 67 29 F2 93 07 80 74 E1
15:05:28.902 [TX CF10] 67 2A 9C 08 07 56 09 C0
15:05:28.912 [TX CF11] 67 2B C4 8B 80 E9 C0 B0
15:05:28.924 [TX CF12] 67 2C 18 08 E3 E3 02 F6
15:05:28.934 [TX CF13] 67 2D 05 04 02 29 2F 90
15:05:28.948 [TX CF14] 67 2E A9 40 70 51 88 5D
15:05:28.959 [TX CF15] 67 2F E3 27 60 A5 DE 22
15:05:28.970 [TX CF0] 67 20 76 0C 4D E2 3B 4A
15:05:28.982 [TX CF1] 67 21 C0 D4 0C 68 44 36
15:05:28.993 [TX CF2] 67 22 94 AB 44 72 97 C0
15:05:29.004 [TX CF3] 67 23 8C 50 AC 10 A1 64
15:05:29.014 [TX CF4] 67 24 12 A8 89 40 09 51
15:05:29.025 [TX CF5] 67 25 3F 08 84 A8 9D 84
15:05:29.036 [TX CF6] 67 26 4A 54 8E 42 41 2A
15:05:29.046 [TX CF7] 67 27 80 F4 24 52 A8 5F
15:05:29.058 [TX CF8] 67 28 45 73 84 52 97 13
15:05:29.070 [TX CF9] 67 29 A0 2F 90 57 20 57
15:05:29.081 [TX CF10] 67 2A 42 05 60 81 F8 0E
15:05:29.092 [TX CF11] 67 2B 58 44 0E 70 AF 30
15:05:29.104 [TX CF12] 67 2C 85 5A 56 A8 70 ED
15:05:29.115 [TX CF13] 67 2D 50 EA 54 6A 81 CB
15:05:29.125 [TX CF14] 67 2E B4 43 A9 91 CA 04
15:05:29.136 [TX CF15] 67 2F 52 87 C4 B1 1D B0
15:05:29.148 [TX CF0] 67 20 86 1D E3 39 60 B6
15:05:29.158 [TX CF1] 67 21 48 CB 84 26 F5 19
15:05:29.169 [TX CF2] 67 22 A1 E2 56 F0 C4 68
15:05:29.181 [TX CF3] 67 23 6C CC 22 1B C2 92
15:05:29.193 [TX CF4] 67 24 50 C8 8A 17 08 24
15:05:29.205 [TX CF5] 67 25 60 2B 00 65 0F FF
15:05:29.217 [TX CF6] 67 26 3F 11 88 1C 41 77
15:05:29.228 [TX CF7] 67 27 BB C0 A0 17 F4 40
15:05:29.239 [TX CF8] 67 28 39 23 20 11 89 49
15:05:29.250 [TX CF9] 67 29 A2 32 FE 14 08 C4
15:05:29.261 [TX CF10] 67 2A 9E 93 40 AC 1A 52
15:05:29.272 [TX CF11] 67 2B CD C0 0D 68 44 4D
15:05:29.283 [TX CF12] 67 2C 60 C0 D7 30 1F 01
15:05:29.295 [TX CF13] 67 2D 6E E1 0F A4 CE 42
15:05:29.306 [TX CF14] 67 2E 80 05 10 44 C2 8C
15:05:29.317 [TX CF15] 67 2F 4A 15 4A 4C 60 7F
15:05:29.328 [TX CF0] 67 20 C2 3C 73 85 AF 85
15:05:29.339 [TX CF1] 67 21 4A 07 0A A0 1D 52
15:05:29.351 [TX CF2] 67 22 34 A5 01 CE 25 50
15:05:29.363 [TX CF3] 67 23 6D 21 A1 47 83 18
15:05:29.374 [TX CF4] 67 24 A4 D0 EA 08 4D 26
15:05:29.384 [TX CF5] 67 25 08 78 51 49 24 72
15:05:29.395 [TX CF6] 67 26 3B A0 93 4A 37 01
15:05:29.406 [TX CF7] 67 27 8D C2 53 F8 44 61
15:05:29.418 [TX CF8] 67 28 F0 98 3A 09 06 96
15:05:29.429 [TX CF9] 67 29 09 0D B8 92 3A DC
15:05:29.440 [TX CF10] 67 2A 05 4F 96 3E 49 A3
15:05:29.450 [TX CF11] 67 2B 60 C1 43 C7 C8 62
15:05:29.461 [TX CF12] 67 2C 34 05 5A 3E 05 92
15:05:29.472 [TX CF13] 67 2D 12 14 20 E0 1C 54
15:05:29.484 [TX CF14] 67 2E 90 DC 10 F1 F8 FF
15:05:29.495 [TX CF15] 67 2F F5 05 BC 5B 4A 35
15:05:29.507 [TX CF0] 67 20 28 CA 85 2E F3 01
15:05:29.519 [TX CF1] 67 21 95 CC 7A 30 BB CC
15:05:29.531 [TX CF2] 67 22 02 56 2E 42 41 2B
15:05:29.542 [TX CF3] 67 23 85 F4 04 28 62 24
15:05:29.554 [TX CF4] 67 24 74 1A 65 56 DF 25
15:05:29.566 [TX CF5] 67 25 A0 47 68 75 5B 3E
15:05:29.577 [TX CF6] 67 26 56 DF 2C A0 48 E8
15:05:29.589 [TX CF7] 67 27 79 3B 3B 03 09 ED
15:05:29.600 [TX CF8] 67 28 31 66 86 82 49 A4
15:05:29.612 [TX CF9] 67 29 80 4E A9 6C 24 23
15:05:29.624 [TX CF10] 67 2A B4 09 2B 0E 39 59
15:05:29.634 [TX CF11] 67 2B 43 0A 1E 52 CF 37
15:05:29.646 [TX CF12] 67 2C A5 D5 2D 67 C4 2A
15:05:29.657 [TX CF13] 67 2D 96 3C A5 AE 47 40
15:05:29.669 [TX CF14] 67 2E C9 D8 E0 12 3A 9D
15:05:29.681 [TX CF15] 67 2F 97 27 65 99 D2 F8
15:05:29.692 [TX CF0] 67 20 71 85 82 1E 4A 1D
15:05:29.704 [TX CF1] 67 21 76 D0 C2 C2 BB 60
15:05:29.716 [TX CF2] 67 22 CE DA 18 98 67 2C
15:05:29.728 [TX CF3] 67 23 10 CB 42 F9 0C 6D
15:05:29.738 [TX CF4] 67 24 E6 32 5A 81 7F 0C
15:05:29.750 [TX CF5] 67 25 83 A3 64 8F 55 2C
15:05:29.761 [TX CF6] 67 26 12 8A 64 9A 93 D6
15:05:29.773 [TX CF7] 67 27 B7 43 A8 12 6A 1F
15:05:29.785 [TX CF8] 67 28 5A CD 16 B7 CC 68
15:05:29.797 [TX CF9] 67 29 10 CA 1C 52 CF 11
15:05:29.807 [TX CF10] 67 2A 6A 41 4C 86 1D 00
15:05:29.818 [TX CF11] 67 2B 90 E2 60 AB 44 22
15:05:29.829 [TX CF12] 67 2C 36 08 CF 81 B5 96
15:05:29.839 [TX CF13] 67 2D 22 43 1C A6 37 30
15:05:29.851 [TX CF14] 67 2E 93 50 21 CD E0 E6
15:05:29.863 [TX CF15] 67 2F 8B 40 62 2C 60 6C
15:05:29.873 [TX CF0] 67 20 30 8A 8D 81 8F 90
15:05:29.884 [TX CF1] 67 21 AF 06 E7 C0 84 3A
15:05:29.896 [TX CF2] 67 22 96 A7 0E 1D 4B 14
15:05:29.907 [TX CF3] 67 23 52 D6 3B 82 22 D0
15:05:29.919 [TX CF4] 67 24 82 42 DA 82 23 65
15:05:29.930 [TX CF5] 67 25 58 E1 C9 A1 F5 2D
15:05:29.940 [TX CF6] 67 26 EF 2C 58 C0 53 20
15:05:29.951 [TX CF7] 67 27 11 98 25 A1 E8 82
15:05:29.963 [TX CF8] 67 28 D3 16 BC 14 98 0B
15:05:29.974 [TX CF9] 67 29 0C 18 5D 22 51 40
15:05:29.986 [TX CF10] 67 2A 84 1D 60 90 C0 68
15:05:29.998 [TX CF11] 67 2B 6E 3C 2E 0B 58 D0
15:05:30.008 [TX CF12] 67 2C E9 49 29 33 E8 04
15:05:30.019 [TX CF13] 67 2D 06 08 96 D3 08 87
15:05:30.030 [TX CF14] 67 2E 94 30 02 23 0D F8
15:05:30.041 [TX CF15] 67 2F CA 09 84 43 6A 04
15:05:30.052 [TX CF0] 67 20 82 C1 68 1B 64 41
15:05:30.062 [TX CF1] 67 21 C6 B8 1F C2 0D D1
15:05:30.073 [TX CF2] 67 22 90 5A 48 D8 66 BF
15:05:30.085 [TX CF3] 67 23 7A 0B 45 86 D1 13
15:05:30.097 [TX CF4] 67 24 A5 62 14 50 6F 5E
15:05:30.107 [TX CF5] 67 25 38 50 96 E1 40 61
15:05:30.117 [TX CF6] 67 26 11 89 50 EE 0A B4
15:05:30.128 [TX CF7] 67 27 06 01 09 EA 0E D0
15:05:30.140 [TX CF8] 67 28 0F 25 81 A0 43 69
15:05:30.151 [TX CF9] 67 29 0A BC 37 FF 3A 7E
15:05:30.163 [TX CF10] 67 2A 3C 34 85 BF 1E 01
15:05:30.175 [TX CF11] 67 2B 4A 10 13 36 0A 17
15:05:30.186 [TX CF12] 67 2C 1E 08 19 85 1C 86
15:05:30.198 [TX CF13] 67 2D 42 24 40 C2 F9 C5
15:05:30.210 [TX CF14] 67 2E 31 E3 E1 17 A1 00
15:05:30.221 [TX CF15] 67 2F 13 C3 F8 DA C1 60
15:05:30.233 [TX CF0] 67 20 10 39 6C 03 B7 7C
15:05:30.244 [TX CF1] 67 21 75 81 49 B5 40 2A
15:05:30.255 [TX CF2] 67 22 51 98 94 07 19 18
15:05:30.267 [TX CF3] 67 23 90 48 6C 35 C9 74
15:05:30.278 [TX CF4] 67 24 8B 45 5C 36 61 6F
15:05:30.289 [TX CF5] 67 25 E8 41 25 36 F1 F8
15:05:30.301 [TX CF6] 67 26 20 94 24 16 8A D5
15:05:30.311 [TX CF7] 67 27 26 82 99 02 D1 01
15:05:30.323 [TX CF8] 67 28 40 43 0A B0 55 46
15:05:30.334 [TX CF9] 67 29 81 D4 A1 55 28 10
15:05:30.347 [TX CF10] 67 2A D9 1A 70 DB 0A 35
15:05:30.358 [TX CF11] 67 2B 43 CF 68 EC C0 91
15:05:30.370 [TX CF12] 67 2C E8 55 06 E0 58 07
15:05:30.382 [TX CF13] 67 2D 98 3E D0 84 48 01
15:05:30.393 [TX CF14] 67 2E E8 4E BF 75 AD 08
15:05:30.404 [TX CF15] 67 2F CD 02 46 1E 2F D9
15:05:30.415 [TX CF0] 67 20 03 0A 80 DC 3C 94
15:05:30.459 [TX CF1] 67 21 2B 25 02 DD C1 73
15:05:30.471 [TX CF2] 67 22 70 D5 02 10 BB 04
15:05:30.482 [TX CF3] 67 23 86 01 20 98 90 50
15:05:30.494 [TX CF4] 67 24 D9 10 80 FF FF FF
15:05:30.515 [RX SF ] 67 02 76 06 FF FF FF FF
15:05:30.515 [RX    ] 76 06
15:05:30.516 [PASS  ] TransferData block=6 | expected: 76 ... | received: 76 06
15:05:30.526 ------------------------------------------------------------------------
15:05:30.526 [STEP  ] 0x36 block=7  offset=12240/45254  (27%)
15:05:30.527 [TX TransferData block=7 len=2040] 36 07 04 41 F7 BF FF E9 34 F2 3C 17 8A AC B8 1A...
15:05:30.528 [TX FF ] 67 17 FA 36 07 04 41 F7
15:05:30.538 [TX CF1] 67 21 BF FF E9 34 F2 3C
15:05:30.548 [TX CF2] 67 22 17 8A AC B8 1A 08
15:05:30.560 [TX CF3] 67 23 2F 0B BF 46 29 21
15:05:30.572 [TX CF4] 67 24 9E 52 35 42 C8 51
15:05:30.585 [TX CF5] 67 25 89 12 70 81 7F B0
15:05:30.596 [TX CF6] 67 26 12 5B 68 22 09 11
15:05:30.609 [TX CF7] 67 27 88 09 C2 18 09 80
15:05:30.620 [TX CF8] 67 28 C9 0F F7 F4 A7 86
15:05:30.631 [TX CF9] 67 29 1A 40 08 42 70 51
15:05:30.642 [TX CF10] 67 2A 07 ED FD 90 9D C0
15:05:30.653 [TX CF11] 67 2B 90 4D 69 58 A5 38
15:05:30.665 [TX CF12] 67 2C 16 41 F6 13 32 D4
15:05:30.677 [TX CF13] 67 2D 56 19 BD 20 3E 81
15:05:30.689 [TX CF14] 67 2E FF 22 32 07 84 26
15:05:30.700 [TX CF15] 67 2F B4 8C 82 70 08 0E
15:05:30.712 [TX CF0] 67 20 16 31 2C 17 C2 2D
15:05:30.723 [TX CF1] 67 21 43 55 18 93 48 FC
15:05:30.735 [TX CF2] 67 22 75 C8 3C AE 11 D1
15:05:30.747 [TX CF3] 67 23 E0 48 F3 70 28 9D
15:05:30.758 [TX CF4] 67 24 82 35 01 83 0A 00
15:05:30.770 [TX CF5] 67 25 94 E3 FA 10 19 07
15:05:30.782 [TX CF6] 67 26 CB 7B 2B 4D 81 60
15:05:30.794 [TX CF7] 67 27 95 D2 A5 A6 50 55
15:05:30.807 [TX CF8] 67 28 18 7A AA 06 2D 17
15:05:30.818 [TX CF9] 67 29 88 4A 29 78 A2 94
15:05:30.829 [TX CF10] 67 2A 10 1A 6C 67 AB 50
15:05:30.840 [TX CF11] 67 2B 96 9B C3 4C 61 24
15:05:30.852 [TX CF12] 67 2C A5 76 27 7C B8 C6
15:05:30.864 [TX CF13] 67 2D 0E A1 A5 B4 C7 A9
15:05:30.874 [TX CF14] 67 2E 1F 49 D2 33 03 16
15:05:30.885 [TX CF15] 67 2F 45 04 0E 08 40 32
15:05:30.896 [TX CF0] 67 20 5B F9 16 FE 47 DB
15:05:30.907 [TX CF1] 67 21 A1 C0 33 F3 FB 44
15:05:30.919 [TX CF2] 67 22 7E 81 15 A0 4F 4F
15:05:30.931 [TX CF3] 67 23 A0 CF 6C 16 5B 4C
15:05:30.942 [TX CF4] 67 24 B6 4F E4 AE BB 30
15:05:30.954 [TX CF5] 67 25 7C E4 CF C2 54 9D
15:05:30.965 [TX CF6] 67 26 0E 15 48 87 54 24
15:05:30.976 [TX CF7] 67 27 13 82 F2 10 1B 41
15:05:30.988 [TX CF8] 67 28 4D 0C 14 C9 2A 82
15:05:30.999 [TX CF9] 67 29 15 02 5A 06 AC 28
15:05:31.011 [TX CF10] 67 2A 11 22 64 12 88 80
15:05:31.022 [TX CF11] 67 2B 97 48 24 45 71 88
15:05:31.034 [TX CF12] 67 2C 83 08 05 21 19 0C
15:05:31.045 [TX CF13] 67 2D 0D 1D 86 C5 1F 0C
15:05:31.057 [TX CF14] 67 2E 9A 10 8E 87 89 0A
15:05:31.068 [TX CF15] 67 2F 06 61 0C 49 C3 00
15:05:31.080 [TX CF0] 67 20 D0 50 8A E8 44 52
15:05:31.090 [TX CF1] 67 21 28 C4 66 01 D0 04
15:05:31.102 [TX CF2] 67 22 B0 C1 13 30 C2 12
15:05:31.113 [TX CF3] 67 23 B8 FC 36 B8 9D 84
15:05:31.123 [TX CF4] 67 24 30 3A 07 43 42 0B
15:05:31.135 [TX CF5] 67 25 82 53 05 E8 48 93
15:05:31.146 [TX CF6] 67 26 D0 4A A0 9D 1B 12
15:05:31.156 [TX CF7] 67 27 80 18 0F 46 07 20
15:05:31.168 [TX CF8] 67 28 F2 78 6D 54 68 85
15:05:31.180 [TX CF9] 67 29 C6 D1 46 82 DE 60
15:05:31.190 [TX CF10] 67 2A 52 D8 77 73 7B 48
15:05:31.202 [TX CF11] 67 2B 16 28 74 C2 0D 90
15:05:31.214 [TX CF12] 67 2C 80 64 24 D2 2C 05
15:05:31.224 [TX CF13] 67 2D 72 1F 28 82 F4 79
15:05:31.234 [TX CF14] 67 2E 10 78 1F 56 17 20
15:05:31.244 [TX CF15] 67 2F E7 F8 60 52 0E 6F
15:05:31.256 [TX CF0] 67 20 86 51 46 2C 21 C4
15:05:31.268 [TX CF1] 67 21 FF 6D 29 D7 08 CC
15:05:31.279 [TX CF2] 67 22 1F 21 07 CC 40 2F
15:05:31.290 [TX CF3] 67 23 10 15 5C 2A 4C 20
15:05:31.300 [TX CF4] 67 24 17 95 7E 1C EF F4
15:05:31.310 [TX CF5] 67 25 26 41 BD 13 C0 B2
15:05:31.322 [TX CF6] 67 26 82 D1 02 C8 6B 48
15:05:31.333 [TX CF7] 67 27 60 56 20 32 2C 8D
15:05:31.343 [TX CF8] 67 28 0F 57 4A C0 D4 20
15:05:31.353 [TX CF9] 67 29 59 8D 55 24 78 82
15:05:31.364 [TX CF10] 67 2A E1 0D 55 3E 0E 8A
15:05:31.376 [TX CF11] 67 2B 03 31 C0 B4 EA 69
15:05:31.388 [TX CF12] 67 2C 30 8B 01 A9 09 05
15:05:31.398 [TX CF13] 67 2D D1 14 87 81 81 0C
15:05:31.408 [TX CF14] 67 2E 1F 33 08 B8 10 31
15:05:31.420 [TX CF15] 67 2F 54 C1 98 97 05 60
15:05:31.430 [TX CF0] 67 20 26 83 00 E8 E8 CD
15:05:31.441 [TX CF1] 67 21 20 48 20 39 08 1E
15:05:31.451 [TX CF2] 67 22 61 7A 80 2D 08 2B
15:05:31.462 [TX CF3] 67 23 14 19 33 18 16 26
15:05:31.474 [TX CF4] 67 24 0B BC 18 D8 40 BA
15:05:31.485 [TX CF5] 67 25 29 8C 0A 98 32 70
15:05:31.496 [TX CF6] 67 26 82 B3 61 81 F4 4A
15:05:31.508 [TX CF7] 67 27 D9 4C 23 0C AC A8
15:05:31.518 [TX CF8] 67 28 00 B8 61 BD 08 06
15:05:31.530 [TX CF9] 67 29 66 41 22 C4 83 60
15:05:31.541 [TX CF10] 67 2A 94 99 90 6A E1 89
15:05:31.552 [TX CF11] 67 2B B4 65 4C 30 AE D0
15:05:31.562 [TX CF12] 67 2C 5B A2 0F 06 03 FA
15:05:31.574 [TX CF13] 67 2D 5B A5 88 5E 42 87
15:05:31.585 [TX CF14] 67 2E C1 73 82 25 2F 7F
15:05:31.595 [TX CF15] 67 2F CE 21 85 B9 6D 9B
15:05:31.608 [TX CF0] 67 20 99 68 98 90 30 E0
15:05:31.618 [TX CF1] 67 21 94 C1 3A 59 2D 94
15:05:31.629 [TX CF2] 67 22 0B 32 48 43 6D FA
15:05:31.641 [TX CF3] 67 23 82 78 2A 50 87 2E
15:05:31.652 [TX CF4] 67 24 5C 4F D1 5D 0C 2B
15:05:31.663 [TX CF5] 67 25 84 0C 42 79 08 4C
15:05:31.675 [TX CF6] 67 26 6A 11 94 80 E7 D5
15:05:31.686 [TX CF7] 67 27 28 41 32 30 B7 3C
15:05:31.697 [TX CF8] 67 28 2E 8C 36 EE 98 70
15:05:31.709 [TX CF9] 67 29 8E A8 60 D9 98 4A
15:05:31.720 [TX CF10] 67 2A A4 0C 8C 11 C8 04
15:05:31.731 [TX CF11] 67 2B 6A 08 CB 05 F4 84
15:05:31.741 [TX CF12] 67 2C 23 31 80 B4 61 E8
15:05:31.752 [TX CF13] 67 2D 53 6E 94 02 4A C9
15:05:31.762 [TX CF14] 67 2E 42 10 B3 83 3D 14
15:05:31.773 [TX CF15] 67 2F E9 5E 23 33 11 70
15:05:31.784 [TX CF0] 67 20 02 A0 3E 17 56 E4
15:05:31.796 [TX CF1] 67 21 12 88 9F 42 DB 1C
15:05:31.807 [TX CF2] 67 22 F6 EC BE BE 77 D2
15:05:31.818 [TX CF3] 67 23 0D 2C 2D 34 6C 4E
15:05:31.829 [TX CF4] 67 24 22 03 70 00 25 09
15:05:31.840 [TX CF5] 67 25 85 50 6E 1A D7 F0
15:05:31.852 [TX CF6] 67 26 30 1D 4B ED 2B 63
15:05:31.862 [TX CF7] 67 27 F2 1F 77 46 0B 96
15:05:31.873 [TX CF8] 67 28 BF C6 5E B8 71 EC
15:05:31.884 [TX CF9] 67 29 10 46 84 3D 2E 83
15:05:31.895 [TX CF10] 67 2A 83 1C 23 87 47 42
15:05:31.906 [TX CF11] 67 2B 10 6C D6 26 31 03
15:05:31.918 [TX CF12] 67 2C CD 42 14 10 66 B7
15:05:31.929 [TX CF13] 67 2D 4E 50 40 B8 57 FF
15:05:31.939 [TX CF14] 67 2E 5B AF 3E 0E 91 20
15:05:31.949 [TX CF15] 67 2F AC 08 90 FD F5 17
15:05:31.960 [TX CF0] 67 20 D8 2D 50 F3 FF 55
15:05:31.972 [TX CF1] 67 21 C8 40 A4 30 7C D4
15:05:31.984 [TX CF2] 67 22 46 E1 08 61 C1 74
15:05:31.994 [TX CF3] 67 23 FB 78 22 92 22 3A
15:05:32.006 [TX CF4] 67 24 17 CA 46 AE 01 5B
15:05:32.017 [TX CF5] 67 25 8C E6 E0 1C 03 D8
15:05:32.028 [TX CF6] 67 26 1F 08 EF E6 61 1D
15:05:32.039 [TX CF7] 67 27 A0 46 59 58 C8 20
15:05:32.049 [TX CF8] 67 28 B9 A8 85 C2 64 99
15:05:32.060 [TX CF9] 67 29 02 65 50 AA 83 70
15:05:32.072 [TX CF10] 67 2A 87 AF A0 79 01 68
15:05:32.084 [TX CF11] 67 2B B9 D2 81 D8 10 F0
15:05:32.096 [TX CF12] 67 2C FF C8 F0 53 32 32
15:05:32.107 [TX CF13] 67 2D 4E 3C 13 D8 28 90
15:05:32.118 [TX CF14] 67 2E 98 95 20 98 BB 70
15:05:32.129 [TX CF15] 67 2F B0 A7 A1 67 21 86
15:05:32.140 [TX CF0] 67 20 90 D2 60 17 15 E8
15:05:32.151 [TX CF1] 67 21 19 16 C2 0A A4 31
15:05:32.163 [TX CF2] 67 22 55 C4 F2 0E 44 20
15:05:32.174 [TX CF3] 67 23 1D 98 40 5E 09 54
15:05:32.185 [TX CF4] 67 24 55 B0 04 A6 65 D0
15:05:32.196 [TX CF5] 67 25 91 DA 23 A9 60 33
15:05:32.207 [TX CF6] 67 26 51 6B 45 82 9F F6
15:05:32.219 [TX CF7] 67 27 8C CD ED 1B F8 3C
15:05:32.229 [TX CF8] 67 28 A3 AB 40 8E 40 25
15:05:32.239 [TX CF9] 67 29 70 1E 84 BE F1 00
15:05:32.251 [TX CF10] 67 2A F0 7F E4 F3 7B 1B
15:05:32.261 [TX CF11] 67 2B F7 0A 4C 7A 3D D0
15:05:32.272 [TX CF12] 67 2C F7 79 E1 F2 A8 E7
15:05:32.283 [TX CF13] 67 2D 45 80 04 69 3F 0C
15:05:32.295 [TX CF14] 67 2E 0F 25 13 A3 55 E9
15:05:32.306 [TX CF15] 67 2F 50 73 D2 19 A8 AD
15:05:32.317 [TX CF0] 67 20 A2 A5 4E D6 C6 65
15:05:32.329 [TX CF1] 67 21 D6 8D B4 1E 1B D5
15:05:32.340 [TX CF2] 67 22 C0 47 20 79 E8 04
15:05:32.351 [TX CF3] 67 23 BA 09 D0 8F 5E 26
15:05:32.363 [TX CF4] 67 24 D0 2A FD E2 7C 7D
15:05:32.375 [TX CF5] 67 25 03 C1 07 CF 4B AC
15:05:32.386 [TX CF6] 67 26 79 B1 E8 3E B1 9C
15:05:32.397 [TX CF7] 67 27 19 27 1A 14 CA 5E
15:05:32.409 [TX CF8] 67 28 40 5B 04 06 BB 18
15:05:32.421 [TX CF9] 67 29 C8 50 A6 1D 36 16
15:05:32.432 [TX CF10] 67 2A 10 56 1C 2C B4 25
15:05:32.444 [TX CF11] 67 2B 8C 60 96 68 37 A1
15:05:32.454 [TX CF12] 67 2C 81 2E 81 80 D8 28
15:05:32.465 [TX CF13] 67 2D 94 88 C0 76 0C C9
15:05:32.477 [TX CF14] 67 2E CD 06 B6 10 98 0C
15:05:32.488 [TX CF15] 67 2F 0B 35 42 A8 68 14
15:05:32.500 [TX CF0] 67 20 00 0B E1 2C E1 0F
15:05:32.512 [TX CF1] 67 21 18 C1 D1 A0 42 27
15:05:32.524 [TX CF2] 67 22 B4 9A C9 62 0C D1
15:05:32.534 [TX CF3] 67 23 B3 0E 91 D0 2D 96
15:05:32.545 [TX CF4] 67 24 22 A1 57 34 81 BF
15:05:32.556 [TX CF5] 67 25 46 A4 94 49 1C 92
15:05:32.568 [TX CF6] 67 26 41 24 7A 7B 04 B6
15:05:32.579 [TX CF7] 67 27 11 18 D4 90 B8 04
15:05:32.591 [TX CF8] 67 28 B0 74 84 82 30 F4
15:05:32.602 [TX CF9] 67 29 42 0C CB 82 49 04
15:05:32.613 [TX CF10] 67 2A AE C3 CD 70 0F E1
15:05:32.625 [TX CF11] 67 2B 73 E0 9E C2 0F D0
15:05:32.637 [TX CF12] 67 2C 96 1B 81 92 40 65
15:05:32.648 [TX CF13] 67 2D 91 99 35 A2 18 3C
15:05:32.659 [TX CF14] 67 2E 02 87 27 5F 41 2A
15:05:32.671 [TX CF15] 67 2F 38 A1 2D 39 1A 71
15:05:32.683 [TX CF0] 67 20 DA 05 26 FB 1E 80
15:05:32.695 [TX CF1] 67 21 B4 4D E8 07 A4 0E
15:05:32.708 [TX CF2] 67 22 DB 49 6D 12 EA 04
15:05:32.719 [TX CF3] 67 23 98 F5 2C 72 33 19
15:05:32.729 [TX CF4] 67 24 A6 C1 33 D6 6A 8C
15:05:32.741 [TX CF5] 67 25 5A 98 84 43 13 B2
15:05:32.751 [TX CF6] 67 26 96 49 68 B5 D9 6C
15:05:32.761 [TX CF7] 67 27 06 C3 51 89 17 E1
15:05:32.771 [TX CF8] 67 28 30 61 C3 AE 46 CB
15:05:32.782 [TX CF9] 67 29 50 67 79 B5 00 8A
15:05:32.793 [TX CF10] 67 2A 12 D2 A0 72 26 D4
15:05:32.803 [TX CF11] 67 2B 56 88 73 78 95 A2
15:05:32.814 [TX CF12] 67 2C 90 FF E8 81 08 4E
15:05:32.825 [TX CF13] 67 2D C3 E1 BD 88 19 A1
15:05:32.836 [TX CF14] 67 2E A0 44 98 20 4A 0C
15:05:32.847 [TX CF15] 67 2F F1 7F D2 F8 40 34
15:05:32.858 [TX CF0] 67 20 06 9C 21 11 24 D6
15:05:32.868 [TX CF1] 67 21 10 C4 E4 30 44 EC
15:05:32.879 [TX CF2] 67 22 46 68 6E 1B 48 84
15:05:32.891 [TX CF3] 67 23 EA 07 D3 BC 72 54
15:05:32.901 [TX CF4] 67 24 18 5E 38 1F BE 95
15:05:32.913 [TX CF5] 67 25 4E 0F 01 E9 C6 39
15:05:32.923 [TX CF6] 67 26 31 8E 04 07 AB 08
15:05:32.934 [TX CF7] 67 27 E4 C2 38 1D 28 3C
15:05:32.946 [TX CF8] 67 28 13 A7 0B C4 40 F0
15:05:32.956 [TX CF9] 67 29 18 98 E1 1B 03 AE
15:05:32.968 [TX CF10] 67 2A 0A 5C 21 77 88 1D
15:05:32.979 [TX CF11] 67 2B C2 E1 BC B8 51 F1
15:05:32.989 [TX CF12] 67 2C 6A 40 3A 38 38 3F
15:05:33.000 [TX CF13] 67 2D 87 A1 12 A1 41 7A
15:05:33.011 [TX CF14] 67 2E 0A B4 29 24 70 2E
15:05:33.023 [TX CF15] 67 2F 03 94 2A 51 EF CF
15:05:33.034 [TX CF0] 67 20 45 59 82 77 08 4A
15:05:33.045 [TX CF1] 67 21 F2 0A C6 06 0F C8
15:05:33.057 [TX CF2] 67 22 87 AC D0 84 52 B0
15:05:33.068 [TX CF3] 67 23 0B D0 1B E0 48 F3
15:05:33.079 [TX CF4] 67 24 54 3E 5C 1F B7 0F
15:05:33.090 [TX CF5] 67 25 13 E1 03 B0 2D 90
15:05:33.101 [TX CF6] 67 26 82 52 68 35 8E 44
15:05:33.112 [TX CF7] 67 27 1F 80 B6 0A E4 9C
15:05:33.124 [TX CF8] 67 28 C2 30 53 01 7E 1C
15:05:33.135 [TX CF9] 67 29 5A 96 1D 42 03 2A
15:05:33.145 [TX CF10] 67 2A 5B E0 CE 42 22 57
15:05:33.198 [TX CF11] 67 2B 05 7B 86 29 26 0A
15:05:33.210 [TX CF12] 67 2C CD 28 8B 06 15 52
15:05:33.222 [TX CF13] 67 2D 0C 2C 98 AA 30 F4
15:05:33.233 [TX CF14] 67 2E 88 6D 31 30 7C 4C
15:05:33.243 [TX CF15] 67 2F 3E 16 C1 86 06 B8
15:05:33.254 [TX CF0] 67 20 02 49 8C A0 68 E8
15:05:33.264 [TX CF1] 67 21 78 AA 04 69 26 0C
15:05:33.275 [TX CF2] 67 22 41 59 0C 1D 69 0B
15:05:33.286 [TX CF3] 67 23 4D 08 2D 2F 83 50
15:05:33.297 [TX CF4] 67 24 82 D2 4B 68 31 92
15:05:33.308 [TX CF5] 67 25 AA 2F E1 6A 40 D8
15:05:33.319 [TX CF6] 67 26 C2 B8 D8 85 AE 02
15:05:33.329 [TX CF7] 67 27 FB 09 02 FA 1C 0C
15:05:33.340 [TX CF8] 67 28 7A 13 1F 31 E1 FC
15:05:33.351 [TX CF9] 67 29 E9 31 92 88 6D 60
15:05:33.362 [TX CF10] 67 2A 12 28 1C 86 3F 20
15:05:33.373 [TX CF11] 67 2B 74 61 EC FC 38 32
15:05:33.385 [TX CF12] 67 2C 32 E0 E2 43 CF F8
15:05:33.397 [TX CF13] 67 2D 97 D2 25 EB C0 2C
15:05:33.408 [TX CF14] 67 2E 0E 64 0A E8 42 24
15:05:33.419 [TX CF15] 67 2F 01 5C 7F F2 EA 64
15:05:33.430 [TX CF0] 67 20 E7 42 FB 4B 1D F8
15:05:33.440 [TX CF1] 67 21 9A 3A A3 B4 7E 25
15:05:33.451 [TX CF2] 67 22 46 FC 2D 18 08 56
15:05:33.462 [TX CF3] 67 23 02 05 27 91 40 A8
15:05:33.473 [TX CF4] 67 24 70 AB 04 A0 CE 83
15:05:33.485 [TX CF5] 67 25 C2 0B 05 2A D1 3F
15:05:33.496 [TX CF6] 67 26 91 89 F0 A5 D8 24
15:05:33.508 [TX CF7] 67 27 B4 9E 04 8B 25 02
15:05:33.520 [TX CF8] 67 28 78 A1 24 A5 44 C7
15:05:33.532 [TX CF9] 67 29 00 49 1A 18 43 E4
15:05:33.542 [TX CF10] 67 2A 91 CA 1C 52 C1 22
15:05:33.554 [TX CF11] 67 2B A5 62 AC 02 64 21
15:05:33.565 [TX CF12] 67 2C 8F 40 45 08 70 6D
15:05:33.577 [TX CF13] 67 2D E9 24 B8 56 72 8E
15:05:33.589 [TX CF14] 67 2E 11 0D EE 03 6B 19
15:05:33.600 [TX CF15] 67 2F A4 15 76 8D 00 61
15:05:33.611 [TX CF0] 67 20 47 80 56 CB 31 20
15:05:33.622 [TX CF1] 67 21 C0 41 61 AE E8 0E
15:05:33.633 [TX CF2] 67 22 B0 38 45 CE B8 C7
15:05:33.644 [TX CF3] 67 23 CC 7E 20 3B D8 8D
15:05:33.654 [TX CF4] 67 24 2A 21 60 C8 B3 01
15:05:33.666 [TX CF5] 67 25 85 D2 12 08 60 14
15:05:33.678 [TX CF6] 67 26 80 75 5F F8 03 D0
15:05:33.689 [TX CF7] 67 27 86 84 01 E0 C1 96
15:05:33.701 [TX CF8] 67 28 B9 40 35 14 6A 04
15:05:33.711 [TX CF9] 67 29 0D 36 06 C4 D1 0C
15:05:33.722 [TX CF10] 67 2A 99 36 80 57 08 46
15:05:33.734 [TX CF11] 67 2B C4 31 86 23 60 19
15:05:33.745 [TX CF12] 67 2C C2 81 B2 34 E1 20
15:05:33.755 [TX CF13] 67 2D D8 86 F0 A0 06 61
15:05:33.767 [TX CF14] 67 2E 82 07 61 A2 06 E1
15:05:33.779 [TX CF15] 67 2F 88 07 62 4F 61 02
15:05:33.791 [TX CF0] 67 20 59 E1 07 33 C2 22
15:05:33.803 [TX CF1] 67 21 40 E1 00 5E 09 C3
15:05:33.815 [TX CF2] 67 22 82 18 10 24 3B 17
15:05:33.826 [TX CF3] 67 23 E2 6F 48 9C 39 A1
15:05:33.837 [TX CF4] 67 24 14 60 E7 D2 C5 FF
15:05:33.848 [TX CF5] 67 25 9B 53 0C 78 4F DD
15:05:33.859 [TX CF6] 67 26 51 E5 3F 13 E7 64
15:05:33.871 [TX CF7] 67 27 76 CF C4 CA 91 81
15:05:33.882 [TX CF8] 67 28 B7 CC A9 50 AA 06
15:05:33.894 [TX CF9] 67 29 02 43 09 81 30 F0
15:05:33.907 [TX CF10] 67 2A C0 D9 E6 14 97 9A
15:05:33.918 [TX CF11] 67 2B 11 24 EA 10 48 2B
15:05:33.929 [TX CF12] 67 2C D0 3C 53 CE 15 C6
15:05:33.940 [TX CF13] 67 2D 0F B4 38 56 FE 1B
15:05:33.951 [TX CF14] 67 2E F8 07 C4 32 26 8C
15:05:33.963 [TX CF15] 67 2F 2F F4 3C 50 26 92
15:05:33.976 [TX CF0] 67 20 0F BC 20 EF C8 C6
15:05:33.986 [TX CF1] 67 21 38 58 A0 8F EC 30
15:05:33.997 [TX CF2] 67 22 56 79 1B D6 57 D6
15:05:34.009 [TX CF3] 67 23 0F 7C 64 BA BA 1C
15:05:34.021 [TX CF4] 67 24 76 4B 1D A1 C5 6C
15:05:34.032 [TX CF5] 67 25 12 07 D9 23 1C 21
15:05:34.043 [TX CF6] 67 26 94 3C 23 FE 19 90
15:05:34.055 [TX CF7] 67 27 02 18 C0 06 72 76
15:05:34.067 [TX CF8] 67 28 40 4E 21 60 7A 60
15:05:34.079 [TX CF9] 67 29 40 D0 62 40 E1 61
15:05:34.089 [TX CF10] 67 2A 81 02 61 C0 18 57
15:05:34.100 [TX CF11] 67 2B 9A 05 50 88 05 89
15:05:34.111 [TX CF12] 67 2C 30 60 1A 40 C7 87
15:05:34.122 [TX CF13] 67 2D FE FF FE FF C3 36
15:05:34.133 [TX CF14] 67 2E 26 3C 03 6B 1A 10
15:05:34.145 [TX CF15] 67 2F 30 60 16 C0 CD 80
15:05:34.157 [TX CF0] 67 20 7D 20 CA 06 6C 04
15:05:34.169 [TX CF1] 67 21 89 37 F1 36 E5 30
15:05:34.181 [TX CF2] 67 22 37 84 25 42 0B 00
15:05:34.193 [TX CF3] 67 23 94 62 2C 54 A8 95
15:05:34.204 [TX CF4] 67 24 71 84 84 D7 A1 02
15:05:34.215 [TX CF5] 67 25 95 4D BA 32 AB C9
15:05:34.226 [TX CF6] 67 26 CF 08 67 47 01 22
15:05:34.237 [TX CF7] 67 27 89 40 B2 34 28 0F
15:05:34.247 [TX CF8] 67 28 62 A9 1A 80 78 20
15:05:34.258 [TX CF9] 67 29 12 44 FC 1C 0D 91
15:05:34.269 [TX CF10] 67 2A 5D 0A 3F E3 43 B2
15:05:34.281 [TX CF11] 67 2B 8F F8 0E 98 1D B1
15:05:34.291 [TX CF12] 67 2C 92 49 20 5A 13 C4
15:05:34.302 [TX CF13] 67 2D 36 13 CC 52 14 3A
15:05:34.313 [TX CF14] 67 2E 07 B4 A7 1F 89 0B
15:05:34.324 [TX CF15] 67 2F 80 0F 04 0E 55 07
15:05:34.335 [TX CF0] 67 20 3F 46 84 41 05 94
15:05:34.347 [TX CF1] 67 21 B9 08 0C 18 F4 04
15:05:34.359 [TX CF2] 67 22 AA 17 D1 40 E0 87
15:05:34.370 [TX CF3] 67 23 CA 4C 0A 82 42 72
15:05:34.382 [TX CF4] 67 24 41 18 84 FF FF FF
15:05:34.404 [RX SF ] 67 02 76 07 FF FF FF FF
15:05:34.405 [RX    ] 76 07
15:05:34.405 [PASS  ] TransferData block=7 | expected: 76 ... | received: 76 07
15:05:34.417 ------------------------------------------------------------------------
15:05:34.417 [STEP  ] 0x36 block=8  offset=14280/45254  (31%)
15:05:34.418 [TX TransferData block=8 len=2040] 36 08 AB F1 31 DE A2 F2 8F 23 C1 80 62 28 54 98...
15:05:34.419 [TX FF ] 67 17 FA 36 08 AB F1 31
15:05:34.430 [TX CF1] 67 21 DE A2 F2 8F 23 C1
15:05:34.441 [TX CF2] 67 22 80 62 28 54 98 49
15:05:34.453 [TX CF3] 67 23 CE 09 4C 03 A0 CA
15:05:34.464 [TX CF4] 67 24 C0 01 82 3F 08 07
15:05:34.475 [TX CF5] 67 25 C3 5B FA 2C 21 F8
15:05:34.487 [TX CF6] 67 26 70 40 63 02 49 3D
15:05:34.498 [TX CF7] 67 27 A6 CE E9 F2 88 05
15:05:34.509 [TX CF8] 67 28 E2 61 04 C0 51 B0
15:05:34.521 [TX CF9] 67 29 10 6B 8A 47 09 CA
15:05:34.532 [TX CF10] 67 2A 4C 15 7E 16 48 E6
15:05:34.543 [TX CF11] 67 2B B6 3B A0 D9 40 A5
15:05:34.555 [TX CF12] 67 2C 1F 1E 9F C5 1F 0A
15:05:34.568 [TX CF13] 67 2D 57 0C AF EB EB E7
15:05:34.580 [TX CF14] 67 2E 4F E1 00 E9 A5 10
15:05:34.592 [TX CF15] 67 2F B8 6D 61 C6 FC 29
15:05:34.604 [TX CF0] 67 20 34 36 00 11 83 50
15:05:34.615 [TX CF1] 67 21 10 C8 C5 E2 69 66
15:05:34.627 [TX CF2] 67 22 3B A0 9C 02 55 4C
15:05:34.639 [TX CF3] 67 23 3A 43 13 3A 41 D3
15:05:34.651 [TX CF4] 67 24 42 A1 20 E8 52 7C
15:05:34.663 [TX CF5] 67 25 12 0C 44 99 25 1C
15:05:34.675 [TX CF6] 67 26 13 A1 43 56 01 29
15:05:34.685 [TX CF7] 67 27 90 F4 25 DD 39 FF
15:05:34.697 [TX CF8] 67 28 80 66 94 0B E1 DF
15:05:34.709 [TX CF9] 67 29 FF B8 F0 94 2B 61
15:05:34.721 [TX CF10] 67 2A 8F 24 A1 80 4A 62
15:05:34.732 [TX CF11] 67 2B 8A A8 25 2A CC 15
15:05:34.743 [TX CF12] 67 2C 78 CA 61 EB 18 10
15:05:34.755 [TX CF13] 67 2D 30 AC F0 E7 AD 21
15:05:34.768 [TX CF14] 67 2E 8C 2D 61 8B 2D A3
15:05:34.778 [TX CF15] 67 2F 57 E0 B8 42 21 D0
15:05:34.789 [TX CF0] 67 20 8A AE 61 8F F4 62
15:05:34.801 [TX CF1] 67 21 54 D8 0B 90 0C 44
15:05:34.813 [TX CF2] 67 22 A2 31 80 BC 25 70
15:05:34.824 [TX CF3] 67 23 F7 7E 58 6A 40 2F
15:05:34.835 [TX CF4] 67 24 2C 54 3D 1F 98 89
15:05:34.846 [TX CF5] 67 25 F6 06 1C 2A 14 A8
15:05:34.857 [TX CF6] 67 26 5F A8 5A 14 04 5C
15:05:34.869 [TX CF7] 67 27 2C B4 27 BF A5 DA
15:05:34.880 [TX CF8] 67 28 02 DC 05 68 50 7F
15:05:34.892 [TX CF9] 67 29 F0 25 EC 0C F8 6F
15:05:34.904 [TX CF10] 67 2A DF F9 8B 70 06 7C
15:05:34.915 [TX CF11] 67 2B 33 9F FD C3 7B B6
15:05:34.927 [TX CF12] 67 2C 69 81 20 A8 43 DA
15:05:34.938 [TX CF13] 67 2D B8 38 10 10 A1 22
15:05:34.949 [TX CF14] 67 2E 12 81 32 43 A1 36
15:05:34.961 [TX CF15] 67 2F 98 CC 9A B8 57 17
15:05:34.974 [TX CF0] 67 20 78 54 7F E7 20 2A
15:05:34.985 [TX CF1] 67 21 9D 19 A3 6A 18 54
15:05:34.996 [TX CF2] 67 22 A2 05 D2 A0 47 26
15:05:35.008 [TX CF3] 67 23 92 1B 05 52 41 8F
15:05:35.021 [TX CF4] 67 24 DC 52 52 40 2A 90
15:05:35.031 [TX CF5] 67 25 A0 C1 0B 88 25 50
15:05:35.042 [TX CF6] 67 26 80 F8 26 CD D8 66
15:05:35.054 [TX CF7] 67 27 12 1B 0B 78 08 04
15:05:35.064 [TX CF8] 67 28 46 55 1A ED 2F D0
15:05:35.075 [TX CF9] 67 29 81 74 42 E8 7F A4
15:05:35.086 [TX CF10] 67 2A 10 8A 06 86 31 88
15:05:35.097 [TX CF11] 67 2B B8 CE 9C A0 F0 20
15:05:35.107 [TX CF12] 67 2C F3 6E A3 75 2D 62
15:05:35.119 [TX CF13] 67 2D BA 0B C2 48 09 87
15:05:35.131 [TX CF14] 67 2E 4E 19 20 97 B8 01
15:05:35.143 [TX CF15] 67 2F 75 E5 FD 90 C0 68
15:05:35.153 [TX CF0] 67 20 0F 24 24 35 40 02
15:05:35.164 [TX CF1] 67 21 33 A8 34 AA 07 D2
15:05:35.175 [TX CF2] 67 22 C0 4C 79 3B 27 8E
15:05:35.186 [TX CF3] 67 23 1E 4F 3C 2D E2 7C
15:05:35.196 [TX CF4] 67 24 82 FD 40 83 50 21
15:05:35.206 [TX CF5] 67 25 D2 0B B3 56 09 54
15:05:35.218 [TX CF6] 67 26 8B 41 54 96 38 01
15:05:35.229 [TX CF7] 67 27 82 48 25 6E 60 60
15:05:35.241 [TX CF8] 67 28 34 39 5C 8B 43 54
15:05:35.252 [TX CF9] 67 29 96 80 C1 84 50 C0
15:05:35.264 [TX CF10] 67 2A A8 39 10 15 60 F1
15:05:35.275 [TX CF11] 67 2B 49 EA 83 5D 08 94
15:05:35.287 [TX CF12] 67 2C A6 1B DA D6 D2 C5
15:05:35.298 [TX CF13] 67 2D 90 58 A3 15 28 06
15:05:35.310 [TX CF14] 67 2E 6A B5 30 91 F0 6A
15:05:35.323 [TX CF15] 67 2F 83 34 39 30 11 A2
15:05:35.335 [TX CF0] 67 20 1C 1C 33 47 0C 5F
15:05:35.345 [TX CF1] 67 21 FC 12 84 2E 01 81
15:05:35.356 [TX CF2] 67 22 9D C1 65 7F AE 96
15:05:35.367 [TX CF3] 67 23 96 97 4A 06 81 18
15:05:35.378 [TX CF4] 67 24 0A 21 D2 AD 7B 3C
15:05:35.390 [TX CF5] 67 25 F1 14 9C 1D B4 A2
15:05:35.402 [TX CF6] 67 26 09 74 28 71 88 E5
15:05:35.413 [TX CF7] 67 27 FB 3B 79 D6 50 A2
15:05:35.425 [TX CF8] 67 28 3D 0C ED 3A 9F 00
15:05:35.436 [TX CF9] 67 29 BD 03 21 DB 46 26
15:05:35.446 [TX CF10] 67 2A 58 89 BD E6 67 26
15:05:35.458 [TX CF11] 67 2B C3 57 66 F4 28 37
15:05:35.469 [TX CF12] 67 2C 42 61 26 C0 D5 63
15:05:35.479 [TX CF13] 67 2D 97 69 10 F6 00 84
15:05:35.489 [TX CF14] 67 2E 36 5F FA 83 04 BA
15:05:35.501 [TX CF15] 67 2F 2D 34 32 19 5A 63
15:05:35.511 [TX CF0] 67 20 19 1B C2 CF 0F 0F
15:05:35.523 [TX CF1] 67 21 FA C1 88 5D E1 D3
15:05:35.535 [TX CF2] 67 22 FF 70 29 90 29 3C
15:05:35.545 [TX CF3] 67 23 03 30 D9 00 03 83
15:05:35.556 [TX CF4] 67 24 FF 09 88 B2 2C C3
15:05:35.568 [TX CF5] 67 25 8F 06 DA 19 DF F3
15:05:35.579 [TX CF6] 67 26 71 04 9E 18 3F 04
15:05:35.589 [TX CF7] 67 27 06 4A EB C8 4E 80
15:05:35.601 [TX CF8] 67 28 0F 07 E6 53 39 0D
15:05:35.612 [TX CF9] 67 29 94 5A 0B 7F 21 96
15:05:35.624 [TX CF10] 67 2A 4C 9C 06 8A 43 64
15:05:35.635 [TX CF11] 67 2B CF 9C 2C D5 4C 23
15:05:35.645 [TX CF12] 67 2C 3C 3C B7 FC 70 94
15:05:35.657 [TX CF13] 67 2D E2 84 BA 42 40 C8
15:05:35.669 [TX CF14] 67 2E 02 0F 00 87 C3 5B
15:05:35.680 [TX CF15] 67 2F D0 74 46 B8 59 EA
15:05:35.691 [TX CF0] 67 20 90 74 50 12 88 1F
15:05:35.703 [TX CF1] 67 21 44 04 80 D7 01 72
15:05:35.715 [TX CF2] 67 22 00 74 06 B9 60 47
15:05:35.727 [TX CF3] 67 23 A1 B4 90 1F 65 05
15:05:35.739 [TX CF4] 67 24 1A 43 25 1B 41 25
15:05:35.751 [TX CF5] 67 25 1B A0 48 40 71 C4
15:05:35.762 [TX CF6] 67 26 BE 41 26 AA 68 2F
15:05:35.773 [TX CF7] 67 27 39 9A 48 D1 0F 0E
15:05:35.785 [TX CF8] 67 28 19 A6 94 0F FE 26
15:05:35.796 [TX CF9] 67 29 02 C5 49 89 48 B1
15:05:35.807 [TX CF10] 67 2A 77 8C 1D C4 AE 84
15:05:35.819 [TX CF11] 67 2B 0E ED 89 8E B7 D0
15:05:35.830 [TX CF12] 67 2C A9 47 BE FD 19 09
15:05:35.841 [TX CF13] 67 2D 38 18 33 3C 1F F7
15:05:35.852 [TX CF14] 67 2E DF D5 FF AD 52 13
15:05:35.863 [TX CF15] 67 2F 00 1E 90 38 E0 4C
15:05:35.873 [TX CF0] 67 20 42 60 3F 86 33 D0
15:05:35.884 [TX CF1] 67 21 B4 5E 5D 98 40 FA
15:05:35.896 [TX CF2] 67 22 BE 1D 91 C0 01 1E
15:05:35.907 [TX CF3] 67 23 16 3F FA 79 28 94
15:05:35.919 [TX CF4] 67 24 B3 E1 DB 9A 18 01
15:05:35.930 [TX CF5] 67 25 1F A5 07 E8 12 34
15:05:35.941 [TX CF6] 67 26 9D 8F A5 82 F4 60
15:05:35.951 [TX CF7] 67 27 D2 08 27 80 DC 80
15:05:35.961 [TX CF8] 67 28 EF 0B 85 50 2D 84
15:05:35.972 [TX CF9] 67 29 1C 10 1C 16 40 46
15:05:35.984 [TX CF10] 67 2A C8 A2 84 9C 5D 0B
15:05:35.995 [TX CF11] 67 2B 7D 01 32 13 C9 A2
15:05:36.007 [TX CF12] 67 2C 8D 1E 95 97 CE 24
15:05:36.019 [TX CF13] 67 2D CB 55 48 80 DA 29
15:05:36.030 [TX CF14] 67 2E 31 C8 0D 82 DF 4D
15:05:36.040 [TX CF15] 67 2F 81 49 A7 94 F3 A2
15:05:36.051 [TX CF0] 67 20 12 8A E4 0E 51 31
15:05:36.063 [TX CF1] 67 21 ED A2 D0 9A 48 B5
15:05:36.073 [TX CF2] 67 22 35 48 14 82 75 22
15:05:36.085 [TX CF3] 67 23 D5 13 C0 91 C4 C9
15:05:36.097 [TX CF4] 67 24 80 48 B5 63 B0 24
15:05:36.108 [TX CF5] 67 25 52 F9 1F A8 9A 04
15:05:36.120 [TX CF6] 67 26 92 62 81 86 25 2A
15:05:36.132 [TX CF7] 67 27 80 F6 D0 C8 20 10
15:05:36.143 [TX CF8] 67 28 16 E1 69 AE 5E E3
15:05:36.155 [TX CF9] 67 29 B9 CA 35 2E 01 5A
15:05:36.166 [TX CF10] 67 2A 06 43 63 A3 66 90
15:05:36.177 [TX CF11] 67 2B 40 50 A0 5D 05 1C
15:05:36.188 [TX CF12] 67 2C 03 DC 3E 7F EB C4
15:05:36.200 [TX CF13] 67 2D 74 C7 80 53 0A 8C
15:05:36.212 [TX CF14] 67 2E 62 93 00 A0 57 28
15:05:36.223 [TX CF15] 67 2F 06 30 D1 D9 40 8C
15:05:36.235 [TX CF0] 67 20 B0 F8 36 51 29 47
15:05:36.246 [TX CF1] 67 21 BF B7 3C 9A DD A3
15:05:36.256 [TX CF2] 67 22 DC 6E 89 E3 0F FB
15:05:36.268 [TX CF3] 67 23 70 08 07 05 AB 09
15:05:36.279 [TX CF4] 67 24 E5 0C 41 E8 5A 60
15:05:36.290 [TX CF5] 67 25 AC 09 2C 6A 91 40
15:05:36.302 [TX CF6] 67 26 C4 5A 68 D0 8C 05
15:05:36.314 [TX CF7] 67 27 FE 4D 08 93 94 50
15:05:36.325 [TX CF8] 67 28 25 A1 04 22 81 DA
15:05:36.337 [TX CF9] 67 29 3B 61 6D 8F 7E 13
15:05:36.349 [TX CF10] 67 2A 30 92 34 E1 0A 40
15:05:36.360 [TX CF11] 67 2B BC 1A 50 85 F4 30
15:05:36.371 [TX CF12] 67 2C 46 08 1F 40 DA 28
15:05:36.383 [TX CF13] 67 2D D0 0C 47 E6 04 53
15:05:36.394 [TX CF14] 67 2E 5A 9F FE 72 20 93
15:05:36.405 [TX CF15] 67 2F 43 CC 40 82 FD 30
15:05:36.418 [TX CF0] 67 20 A0 3F DA 29 21 36
15:05:36.428 [TX CF1] 67 21 29 8F 3D FF 75 BC
15:05:36.440 [TX CF2] 67 22 F0 4E 2A 6B 0B 82
15:05:36.450 [TX CF3] 67 23 E6 1F F7 F9 34 86
15:05:36.461 [TX CF4] 67 24 F1 AB 09 F9 08 07
15:05:36.473 [TX CF5] 67 25 74 30 87 C3 69 44
15:05:36.485 [TX CF6] 67 26 84 40 64 51 0A 04
15:05:36.495 [TX CF7] 67 27 06 47 43 A0 4A 69
15:05:36.506 [TX CF8] 67 28 B2 68 0C D2 37 A4
15:05:36.516 [TX CF9] 67 29 80 4B 23 32 F9 2D
15:05:36.527 [TX CF10] 67 2A 96 BB 03 96 D1 CF
15:05:36.538 [TX CF11] 67 2B E0 49 65 D2 6D 2D
15:05:36.549 [TX CF12] 67 2C 56 CF 7E CF C9 A7
15:05:36.560 [TX CF13] 67 2D D4 0B 32 CA 07 44
15:05:36.572 [TX CF14] 67 2E 1D 08 0C A6 3F D0
15:05:36.584 [TX CF15] 67 2F 9D F8 28 30 0B 0C
15:05:36.596 [TX CF0] 67 20 60 00 86 36 A9 59
15:05:36.608 [TX CF1] 67 21 66 43 89 AE 3A 10
15:05:36.620 [TX CF2] 67 22 87 F4 60 72 2F 05
15:05:36.631 [TX CF3] 67 23 E5 80 84 86 FD 49
15:05:36.642 [TX CF4] 67 24 83 52 61 D2 1B B5
15:05:36.652 [TX CF5] 67 25 86 FD 0A A0 64 28
15:05:36.663 [TX CF6] 67 26 52 7E 87 F2 44 D4
15:05:36.673 [TX CF7] 67 27 C2 21 43 B0 08 A0
15:05:36.685 [TX CF8] 67 28 F0 35 10 81 48 B8
15:05:36.697 [TX CF9] 67 29 54 08 55 0E C5 76
15:05:36.707 [TX CF10] 67 2A 4B 40 4F 41 3E 87
15:05:36.718 [TX CF11] 67 2B 16 81 AE A1 B2 50
15:05:36.729 [TX CF12] 67 2C A0 09 70 66 81 25
15:05:36.740 [TX CF13] 67 2D A1 55 40 88 60 AB
15:05:36.751 [TX CF14] 67 2E 9F C9 2C 56 80 E0
15:05:36.762 [TX CF15] 67 2F 43 0B 54 AC 37 A2
15:05:36.772 [TX CF0] 67 20 91 60 19 F0 11 41
15:05:36.784 [TX CF1] 67 21 B0 5F BB 2C 08 28
15:05:36.795 [TX CF2] 67 22 76 1B B3 F7 00 76
15:05:36.806 [TX CF3] 67 23 00 3C 1A 78 7C 37
15:05:36.818 [TX CF4] 67 24 8B E4 2A 10 F5 E6
15:05:36.830 [TX CF5] 67 25 10 18 21 7C 03 BA
15:05:36.841 [TX CF6] 67 26 3D 37 56 13 0D A4
15:05:36.852 [TX CF7] 67 27 DA 95 03 80 C6 23
15:05:36.863 [TX CF8] 67 28 58 08 04 42 31 2F
15:05:36.873 [TX CF9] 67 29 70 43 03 95 4F 3B
15:05:36.884 [TX CF10] 67 2A 70 A8 04 13 A1 02
15:05:36.895 [TX CF11] 67 2B 94 AA 70 81 CA 62
15:05:36.906 [TX CF12] 67 2C BD 09 7B 6E 0B F5
15:05:36.918 [TX CF13] 67 2D 4A 0D 52 87 40 99
15:05:36.929 [TX CF14] 67 2E 30 48 A5 52 3E 12
15:05:36.940 [TX CF15] 67 2F D0 09 1C 91 EE 0E
15:05:36.951 [TX CF0] 67 20 01 05 09 63 0A 13
15:05:36.963 [TX CF1] 67 21 20 07 E4 14 0A 04
15:05:36.973 [TX CF2] 67 22 8A 35 43 A1 5D 90
15:05:36.985 [TX CF3] 67 23 48 42 9F 76 C8 1F
15:05:36.996 [TX CF4] 67 24 F1 C0 E4 72 A9 24
15:05:37.006 [TX CF5] 67 25 0E AA D6 42 57 24
15:05:37.018 [TX CF6] 67 26 82 57 62 8E 20 24
15:05:37.030 [TX CF7] 67 27 B4 4A AC B0 0F 0C
15:05:37.040 [TX CF8] 67 28 B6 47 C3 AE 46 A8
15:05:37.051 [TX CF9] 67 29 00 C4 1F 48 40 FC
15:05:37.062 [TX CF10] 67 2A 0F DD 28 77 69 74
15:05:37.074 [TX CF11] 67 2B 8B 03 54 98 3A A1
15:05:37.086 [TX CF12] 67 2C 5E A9 10 DA 70 A0
15:05:37.097 [TX CF13] 67 2D FD 28 7C 3E 97 40
15:05:37.108 [TX CF14] 67 2E 84 41 20 32 07 84
15:05:37.120 [TX CF15] 67 2F 31 87 8C 00 C8 60
15:05:37.131 [TX CF0] 67 20 72 B8 77 6E 07 7E
15:05:37.142 [TX CF1] 67 21 90 49 3A 87 5C 28
15:05:37.154 [TX CF2] 67 22 70 4B B4 22 47 D3
15:05:37.165 [TX CF3] 67 23 A0 00 F0 64 E1 01
15:05:37.175 [TX CF4] 67 24 E8 00 B0 57 E1 9A
15:05:37.187 [TX CF5] 67 25 A1 C4 E0 01 0C 22
15:05:37.198 [TX CF6] 67 26 01 28 57 38 C5 13
15:05:37.209 [TX CF7] 67 27 78 5D 04 90 BA D3
15:05:37.219 [TX CF8] 67 28 80 42 E9 10 A9 4C
15:05:37.230 [TX CF9] 67 29 13 A5 0A A4 24 91
15:05:37.242 [TX CF10] 67 2A 8C 0F 30 A0 56 9D
15:05:37.253 [TX CF11] 67 2B C8 4E 36 A8 5C 20
15:05:37.263 [TX CF12] 67 2C D4 DD 06 CA 05 F0
15:05:37.275 [TX CF13] 67 2D FF 7F 05 58 5A 2A
15:05:37.286 [TX CF14] 67 2E 46 5C 63 82 DC 21
15:05:37.297 [TX CF15] 67 2F 52 8F AF 4E 62 9A
15:05:37.307 [TX CF0] 67 20 0D D6 94 43 6B 05
15:05:37.319 [TX CF1] 67 21 A6 48 2F 0A 7C 3B
15:05:37.330 [TX CF2] 67 22 FF F5 46 03 6C 3B
15:05:37.340 [TX CF3] 67 23 9F FD 00 E0 1E CF
15:05:37.352 [TX CF4] 67 24 FE 21 BD D0 2F 21
15:05:37.363 [TX CF5] 67 25 76 A1 09 E9 44 A9
15:05:37.374 [TX CF6] 67 26 31 3A 54 42 B9 42
15:05:37.386 [TX CF7] 67 27 78 82 DE 42 11 18
15:05:37.396 [TX CF8] 67 28 D0 0A C0 AF 08 D1
15:05:37.407 [TX CF9] 67 29 90 2F 90 4E 21 0E
15:05:37.418 [TX CF10] 67 2A A6 42 CF 80 C3 69
15:05:37.430 [TX CF11] 67 2B E3 64 B8 1F F9 4C
15:05:37.440 [TX CF12] 67 2C 03 41 31 DC 50 A0
15:05:37.451 [TX CF13] 67 2D DD 08 55 2B 01 18
15:05:37.463 [TX CF14] 67 2E D2 48 AA 50 1A 85
15:05:37.473 [TX CF15] 67 2F 0F 00 F3 C3 C0 E3
15:05:37.484 [TX CF0] 67 20 81 42 81 99 01 82
15:05:37.496 [TX CF1] 67 21 09 8C 3D 6A 60 46
15:05:37.507 [TX CF2] 67 22 89 6D 13 70 EC 93
15:05:37.517 [TX CF3] 67 23 70 8C D2 81 7E 17
15:05:37.529 [TX CF4] 67 24 78 2F 50 1E 61 1E
15:05:37.541 [TX CF5] 67 25 A4 C7 C7 C4 EA 88
15:05:37.552 [TX CF6] 67 26 24 C6 A9 91 7A 6C
15:05:37.563 [TX CF7] 67 27 0E 4D 2F 80 6A A6
15:05:37.574 [TX CF8] 67 28 E4 5C B1 BF F8 BD
15:05:37.585 [TX CF9] 67 29 27 11 42 84 74 22
15:05:37.596 [TX CF10] 67 2A D4 9A 41 2E 01 3A
15:05:37.608 [TX CF11] 67 2B 10 CC 1C 85 24 85
15:05:37.620 [TX CF12] 67 2C 06 87 88 26 07 78
15:05:37.632 [TX CF13] 67 2D C0 0D F2 BE 7F E1
15:05:37.642 [TX CF14] 67 2E C6 10 CD 28 18 BF
15:05:37.652 [TX CF15] 67 2F 90 6E 30 17 8C 46
15:05:37.664 [TX CF0] 67 20 E7 11 40 8D 4E 09
15:05:37.676 [TX CF1] 67 21 B0 E9 09 D0 F4 C9
15:05:37.688 [TX CF2] 67 22 F0 8C F4 CE 14 61
15:05:37.700 [TX CF3] 67 23 CA 14 A5 CB C7 4F
15:05:37.711 [TX CF4] 67 24 18 60 36 B0 19 53
15:05:37.722 [TX CF5] 67 25 29 08 11 EC 18 2F
15:05:37.734 [TX CF6] 67 26 81 A1 84 13 C1 01
15:05:37.745 [TX CF7] 67 27 95 C0 BA 2B FC 0D
15:05:37.755 [TX CF8] 67 28 D8 C8 95 D8 50 FF
15:05:37.766 [TX CF9] 67 29 90 1D E8 D5 08 E4
15:05:37.777 [TX CF10] 67 2A 02 97 1E CD D0 7B
15:05:37.788 [TX CF11] 67 2B 74 3E DC 3E 43 00
15:05:37.800 [TX CF12] 67 2C FE FD F3 3F 81 D6
15:05:37.812 [TX CF13] 67 2D 03 54 04 E8 40 4F
15:05:37.825 [TX CF14] 67 2E E0 21 50 6D C3 04
15:05:37.836 [TX CF15] 67 2F A5 6B 24 75 8A 1C
15:05:37.846 [TX CF0] 67 20 50 B3 04 D2 10 BB
15:05:37.858 [TX CF1] 67 21 03 EF 4E FD 10 A0
15:05:37.868 [TX CF2] 67 22 1D 61 D0 86 1D B0
15:05:37.881 [TX CF3] 67 23 3D 20 85 C3 0F F8
15:05:37.891 [TX CF4] 67 24 81 6F 52 0B 10 D0
15:05:37.903 [TX CF5] 67 25 80 49 C5 98 53 52
15:05:37.914 [TX CF6] 67 26 B8 53 BC 05 24 3E
15:05:37.926 [TX CF7] 67 27 11 CF F4 A3 11 70
15:05:37.938 [TX CF8] 67 28 C2 5A 31 1B 0C 20
15:05:37.949 [TX CF9] 67 29 D3 09 85 73 F6 E9
15:05:37.961 [TX CF10] 67 2A 02 81 28 BD 0F F0
15:05:37.973 [TX CF11] 67 2B 82 30 01 84 50 E4
15:05:37.985 [TX CF12] 67 2C 12 1B 85 53 EE 9B
15:05:37.996 [TX CF13] 67 2D 96 10 9D 9D 2D 8C
15:05:38.007 [TX CF14] 67 2E 83 81 46 4F 61 71
15:05:38.018 [TX CF15] 67 2F 70 80 D6 87 01 07
15:05:38.029 [TX CF0] 67 20 C0 43 DA E8 28 D2
15:05:38.041 [TX CF1] 67 21 98 40 34 93 08 3D
15:05:38.051 [TX CF2] 67 22 C2 73 49 84 DA 31
15:05:38.061 [TX CF3] 67 23 37 8A 0D C0 9C 86
15:05:38.072 [TX CF4] 67 24 B2 6D 0A 9A C0 A5
15:05:38.083 [TX CF5] 67 25 9C CE 99 3F 02 E2
15:05:38.093 [TX CF6] 67 26 13 2A 5B B2 0D 64
15:05:38.104 [TX CF7] 67 27 96 D9 43 8D C6 63
15:05:38.115 [TX CF8] 67 28 98 D2 72 11 CC 2A
15:05:38.127 [TX CF9] 67 29 0B 0A D4 D2 C9 78
15:05:38.139 [TX CF10] 67 2A B6 D1 A5 97 0A D4
15:05:38.150 [TX CF11] 67 2B 92 39 5D B2 C7 3D
15:05:38.162 [TX CF12] 67 2C DB 28 84 B9 DB 83
15:05:38.173 [TX CF13] 67 2D 19 0B 7D 1A 7F 78
15:05:38.184 [TX CF14] 67 2E 5C A1 BE A1 44 0F
15:05:38.196 [TX CF15] 67 2F E0 49 2B 92 5A ED
15:05:38.207 [TX CF0] 67 20 75 BF 04 4F A3 2A
15:05:38.219 [TX CF1] 67 21 99 CC 97 D0 CB 28
15:05:38.231 [TX CF2] 67 22 6C 0C 2B 95 51 0E
15:05:38.242 [TX CF3] 67 23 04 C0 21 32 15 2A
15:05:38.253 [TX CF4] 67 24 0C 4C 16 FF FF FF
15:05:38.274 [RX SF ] 67 02 76 08 FF FF FF FF
15:05:38.275 [RX    ] 76 08
15:05:38.275 [PASS  ] TransferData block=8 | expected: 76 ... | received: 76 08
15:05:38.286 ------------------------------------------------------------------------
15:05:38.286 [STEP  ] 0x36 block=9  offset=16320/45254  (36%)
15:05:38.287 [TX TransferData block=9 len=2040] 36 09 08 58 03 10 D0 B0 B1 88 CD 28 23 0D 6A 41...
15:05:38.288 [TX FF ] 67 17 FA 36 09 08 58 03
15:05:38.299 [TX CF1] 67 21 10 D0 B0 B1 88 CD
15:05:38.311 [TX CF2] 67 22 28 23 0D 6A 41 1D
15:05:38.324 [TX CF3] 67 23 AA 2C 12 82 C0 0C
15:05:38.335 [TX CF4] 67 24 18 60 A0 11 28 C5
15:05:38.346 [TX CF5] 67 25 4A 01 89 8C 45 51
15:05:38.358 [TX CF6] 67 26 50 D0 E8 7D 28 C5
15:05:38.370 [TX CF7] 67 27 4F 19 0B C0 64 F1
15:05:38.381 [TX CF8] 67 28 94 BC 04 52 01 92
15:05:38.393 [TX CF9] 67 29 9A 48 F1 18 B7 E2
15:05:38.405 [TX CF10] 67 2A 17 9C 5D C6 C7 79
15:05:38.416 [TX CF11] 67 2B E5 DC 61 D7 AF C4
15:05:38.428 [TX CF12] 67 2C 8E 67 40 D3 5E 7E
15:05:38.440 [TX CF13] 67 2D F0 7F FC 3E 3E 9E
15:05:38.450 [TX CF14] 67 2E 82 47 D2 AE 54 A1
15:05:38.462 [TX CF15] 67 2F 10 60 24 33 BA 1C
15:05:38.474 [TX CF0] 67 20 2E E5 0A 91 42 29
15:05:38.486 [TX CF1] 67 21 7C 06 34 15 82 FE
15:05:38.497 [TX CF2] 67 22 19 AF C8 4E 03 42
15:05:38.509 [TX CF3] 67 23 14 BF FC 82 EC 74
15:05:38.521 [TX CF4] 67 24 4A 59 0E 29 60 8F
15:05:38.532 [TX CF5] 67 25 49 54 83 8F 0E 03
15:05:38.544 [TX CF6] 67 26 79 04 68 09 48 24
15:05:38.555 [TX CF7] 67 27 BA CA 67 A1 2E 0D
15:05:38.566 [TX CF8] 67 28 E3 FB AB A4 40 2D
15:05:38.579 [TX CF9] 67 29 10 03 3A 10 6B AF
15:05:38.590 [TX CF10] 67 2A 55 D1 95 C3 FB 26
15:05:38.602 [TX CF11] 67 2B 80 62 26 D3 0C 66
15:05:38.613 [TX CF12] 67 2C 9E 92 2A 42 61 84
15:05:38.624 [TX CF13] 67 2D 76 62 A5 07 E1 83
15:05:38.636 [TX CF14] 67 2E 99 5F FA 10 7A 47
15:05:38.648 [TX CF15] 67 2F 56 40 EE 82 60 88
15:05:38.659 [TX CF0] 67 20 C1 B5 84 2A 85 11
15:05:38.671 [TX CF1] 67 21 E8 22 40 C4 4C 79
15:05:38.682 [TX CF2] 67 22 38 BC E5 2A 25 68
15:05:38.693 [TX CF3] 67 23 89 63 32 34 2A BF
15:05:38.705 [TX CF4] 67 24 4A 05 7F FE C8 62
15:05:38.716 [TX CF5] 67 25 34 08 0D DD 3A 84
15:05:38.728 [TX CF6] 67 26 2A 87 02 BB C0 B1
15:05:38.740 [TX CF7] 67 27 90 09 0C 51 13 05
15:05:38.752 [TX CF8] 67 28 FF 24 F6 86 29 D0
15:05:38.762 [TX CF9] 67 29 C9 AB 01 7C 60 7F
15:05:38.774 [TX CF10] 67 2A 83 11 32 E9 62 DF
15:05:38.787 [TX CF11] 67 2B 58 50 5F 70 48 40
15:05:38.797 [TX CF12] 67 2C 18 44 44 10 5D FF
15:05:38.809 [TX CF13] 67 2D 6A 70 5F D9 3D 70
15:05:38.821 [TX CF14] 67 2E 74 60 E0 C2 91 FF
15:05:38.833 [TX CF15] 67 2F 9A 78 38 38 BC 43
15:05:38.845 [TX CF0] 67 20 E6 18 9E 33 32 48
15:05:38.857 [TX CF1] 67 21 83 A4 FC 40 0E 8B
15:05:38.868 [TX CF2] 67 22 F4 58 47 80 0A 86
15:05:38.880 [TX CF3] 67 23 2A 85 24 03 5B 1C
15:05:38.891 [TX CF4] 67 24 F0 3D 32 A0 5F E0
15:05:38.903 [TX CF5] 67 25 12 88 BF 42 81 1E
15:05:38.914 [TX CF6] 67 26 7B E5 48 BB C0 20
15:05:38.925 [TX CF7] 67 27 D1 1E 88 11 28 0C
15:05:38.937 [TX CF8] 67 28 82 23 7F 51 61 10
15:05:38.947 [TX CF9] 67 29 BB 84 10 4D E1 11
15:05:38.958 [TX CF10] 67 2A 04 40 4D 02 80 21
15:05:38.969 [TX CF11] 67 2B 41 3F 90 8B 0F 78
15:05:38.981 [TX CF12] 67 2C 8E 38 0E 56 DB 4F
15:05:38.992 [TX CF13] 67 2D 3E 60 E4 C2 40 A6
15:05:39.003 [TX CF14] 67 2E 80 44 08 A5 09 0D
15:05:39.014 [TX CF15] 67 2F 51 E9 85 6A 61 41
15:05:39.025 [TX CF0] 67 20 BC 56 A4 5A 3A E5
15:05:39.036 [TX CF1] 67 21 2A 39 D5 5C C1 2D
15:05:39.046 [TX CF2] 67 22 96 04 F0 A1 4B 3A
15:05:39.057 [TX CF3] 67 23 14 B8 07 8E 31 5D
15:05:39.068 [TX CF4] 67 24 C6 D8 63 14 A9 1F
15:05:39.078 [TX CF5] 67 25 26 B9 6B A3 46 6E
15:05:39.088 [TX CF6] 67 26 14 25 5C 16 88 55
15:05:39.100 [TX CF7] 67 27 E2 A7 06 80 75 38
15:05:39.111 [TX CF8] 67 28 22 90 24 36 1A E6
15:05:39.122 [TX CF9] 67 29 26 0F 89 87 DA A8
15:05:39.135 [TX CF10] 67 2A D1 2B C4 4A 0F 4A
15:05:39.146 [TX CF11] 67 2B EA 0E B2 02 E1 3B
15:05:39.158 [TX CF12] 67 2C E8 0F 32 E9 C1 D0
15:05:39.168 [TX CF13] 67 2D 98 72 A0 FD 28 7B
15:05:39.179 [TX CF14] 67 2E D7 0A 8D 02 17 42
15:05:39.191 [TX CF15] 67 2F 98 BD E0 BE 52 61
15:05:39.202 [TX CF0] 67 20 1C 98 3D 87 19 2A
15:05:39.214 [TX CF1] 67 21 EA D2 63 92 94 00
15:05:39.226 [TX CF2] 67 22 3D 0F 3C 07 3B 01
15:05:39.238 [TX CF3] 67 23 93 E0 6F 13 93 0C
15:05:39.249 [TX CF4] 67 24 3F E5 38 38 2B 84
15:05:39.261 [TX CF5] 67 25 02 46 47 42 14 0B
15:05:39.272 [TX CF6] 67 26 05 89 93 B9 0D 5C
15:05:39.284 [TX CF7] 67 27 DA E1 78 9C 15 F0
15:05:39.295 [TX CF8] 67 28 E8 EE FC 2F 4C A3
15:05:39.306 [TX CF9] 67 29 52 1A 0D 79 43 86
15:05:39.318 [TX CF10] 67 2A 02 BD 81 A1 40 FA
15:05:39.329 [TX CF11] 67 2B 13 F7 54 3C 0C 64
15:05:39.340 [TX CF12] 67 2C C2 E1 30 BC 06 B0
15:05:39.351 [TX CF13] 67 2D 28 A1 A4 F0 86 F0
15:05:39.362 [TX CF14] 67 2E 2B E1 A8 F0 D2 63
15:05:39.374 [TX CF15] 67 2F D6 14 D0 03 90 54
15:05:39.385 [TX CF0] 67 20 D9 5A 68 D0 9B C0
15:05:39.396 [TX CF1] 67 21 E7 20 B2 12 09 16
15:05:39.408 [TX CF2] 67 22 86 A9 32 01 81 88
15:05:39.420 [TX CF3] 67 23 C1 5F 7A 50 78 67
15:05:39.433 [TX CF4] 67 24 57 07 7D 25 61 1A
15:05:39.443 [TX CF5] 67 25 25 C1 75 FE B6 E1
15:05:39.454 [TX CF6] 67 26 C1 DD 49 98 70 AE
15:05:39.465 [TX CF7] 67 27 B0 2B B6 22 47 E2
15:05:39.477 [TX CF8] 67 28 A8 50 70 7C 2B EC
15:05:39.488 [TX CF9] 67 29 02 55 45 E8 50 82
15:05:39.500 [TX CF10] 67 2A 80 46 8D 58 60 71
15:05:39.512 [TX CF11] 67 2B B9 2D 94 9E 97 53
15:05:39.524 [TX CF12] 67 2C A1 D6 A3 1C 09 1C
15:05:39.534 [TX CF13] 67 2D 6E 04 DB C2 17 D0
15:05:39.545 [TX CF14] 67 2E 38 65 1E 80 45 A8
15:05:39.556 [TX CF15] 67 2F 19 EA 14 2F A3 1D
15:05:39.568 [TX CF0] 67 20 A1 42 7A 2D 40 2B
15:05:39.578 [TX CF1] 67 21 70 26 7E 02 8C 0E
15:05:39.589 [TX CF2] 67 22 59 2E 80 8F 1D 21
15:05:39.600 [TX CF3] 67 23 97 F4 22 50 C8 94
15:05:39.611 [TX CF4] 67 24 12 A5 19 A9 46 89
15:05:39.623 [TX CF5] 67 25 90 62 26 71 95 64
15:05:39.633 [TX CF6] 67 26 0C 7C 2C 01 C4 2E
15:05:39.644 [TX CF7] 67 27 D3 18 35 FA EC CD
15:05:39.654 [TX CF8] 67 28 82 B7 59 40 0F 8A
15:05:39.665 [TX CF9] 67 29 A9 C0 6F C4 64 20
15:05:39.676 [TX CF10] 67 2A 37 69 D0 0E 0D 96
15:05:39.687 [TX CF11] 67 2B 5B 1B B1 A1 47 3A
15:05:39.697 [TX CF12] 67 2C 59 1C 69 AD 01 EE
15:05:39.708 [TX CF13] 67 2D 04 10 0F D8 56 8F
15:05:39.720 [TX CF14] 67 2E E0 46 8F F8 60 6F
15:05:39.730 [TX CF15] 67 2F B0 20 94 26 64 30
15:05:39.742 [TX CF0] 67 20 B8 5E 0D F7 FF 29
15:05:39.753 [TX CF1] 67 21 2C A1 33 F3 91 90
15:05:39.763 [TX CF2] 67 22 E0 DD 66 1E 7D 05
15:05:39.774 [TX CF3] 67 23 2F 8B E7 80 6F DC
15:05:39.785 [TX CF4] 67 24 8B 78 96 38 25 F0
15:05:39.796 [TX CF5] 67 25 50 01 76 EF F9 FA
15:05:39.807 [TX CF6] 67 26 10 94 8A 12 1F 3D
15:05:39.818 [TX CF7] 67 27 22 F1 C0 83 C0 73
15:05:39.829 [TX CF8] 67 28 03 7C 32 07 88 1D
15:05:39.841 [TX CF9] 67 29 A0 C3 BF 82 94 B0
15:05:39.852 [TX CF10] 67 2A D0 7D B4 3E 08 BA
15:05:39.863 [TX CF11] 67 2B 03 B7 0C F3 DA 28
15:05:39.875 [TX CF12] 67 2C CE B4 20 85 90 3B
15:05:39.887 [TX CF13] 67 2D 70 D5 14 79 1D 0E
15:05:39.898 [TX CF14] 67 2E 26 BB 88 A1 4F FA
15:05:39.910 [TX CF15] 67 2F 29 F4 86 C8 17 D2
15:05:39.922 [TX CF0] 67 20 85 75 44 99 0A D2
15:05:39.934 [TX CF1] 67 21 82 08 E0 30 81 21
15:05:39.945 [TX CF2] 67 22 B0 55 2C 18 C0 DE
15:05:39.957 [TX CF3] 67 23 10 9F 04 21 31 02
15:05:39.969 [TX CF4] 67 24 B8 01 5C 22 34 95
15:05:39.979 [TX CF5] 67 25 CA C7 2C 18 44 E2
15:05:39.991 [TX CF6] 67 26 09 DC BB 9F B4 0E
15:05:40.002 [TX CF7] 67 27 13 8B 46 02 33 80
15:05:40.014 [TX CF8] 67 28 C4 DE A9 34 1A 1D
15:05:40.025 [TX CF9] 67 29 A2 11 08 8C 24 40
15:05:40.036 [TX CF10] 67 2A 80 FC 2E 5F BB C5
15:05:40.047 [TX CF11] 67 2B 25 4E 84 3F B1 A0
15:05:40.059 [TX CF12] 67 2C 2E 41 00 AF 4C 30
15:05:40.069 [TX CF13] 67 2D B5 31 4A CA 54 B0
15:05:40.080 [TX CF14] 67 2E 10 7C 04 3D 5B A7
15:05:40.092 [TX CF15] 67 2F 27 CD 08 A3 7B 54
15:05:40.105 [TX CF0] 67 20 A1 DB 54 D1 C0 3A
15:05:40.116 [TX CF1] 67 21 18 21 48 6A 95 96
15:05:40.127 [TX CF2] 67 22 1F AD 41 58 20 AB
15:05:40.138 [TX CF3] 67 23 7D 5F 0A D7 6C AA
15:05:40.149 [TX CF4] 67 24 E0 7A BA EA 99 5F
15:05:40.161 [TX CF5] 67 25 EE A8 BE 06 08 BF
15:05:40.171 [TX CF6] 67 26 07 41 19 60 21 05
15:05:40.182 [TX CF7] 67 27 C0 ED FC F0 88 07
15:05:40.192 [TX CF8] 67 28 E3 CE DA 4A FA B2
15:05:40.204 [TX CF9] 67 29 C1 3F 4D EF CC A2
15:05:40.216 [TX CF10] 67 2A DA F8 EB 0D 29 85
15:05:40.228 [TX CF11] 67 2B 29 93 1C C1 50 7A
15:05:40.240 [TX CF12] 67 2C B1 F5 85 EB 4E A9
15:05:40.251 [TX CF13] 67 2D 4D B9 E6 2B AA 7C
15:05:40.262 [TX CF14] 67 2E 1F A9 7B 86 18 07
15:05:40.273 [TX CF15] 67 2F 62 D8 E5 06 D4 A2
15:05:40.285 [TX CF0] 67 20 8D DD 84 B5 DF 1C
15:05:40.297 [TX CF1] 67 21 37 A1 F7 7D 62 39
15:05:40.307 [TX CF2] 67 22 41 F8 A7 EC 55 2F
15:05:40.318 [TX CF3] 67 23 81 6A 0F 83 09 59
15:05:40.329 [TX CF4] 67 24 F3 B2 FF 68 1E F4
15:05:40.340 [TX CF5] 67 25 7D B1 4C 10 02 3C
15:05:40.350 [TX CF6] 67 26 38 07 4E 6B F5 0C
15:05:40.362 [TX CF7] 67 27 03 87 6D 04 43 6B
15:05:40.373 [TX CF8] 67 28 F3 93 70 FF FD E7
15:05:40.384 [TX CF9] 67 29 3F D2 82 1F E6 14
15:05:40.394 [TX CF10] 67 2A 37 1B 85 B6 39 AC
15:05:40.405 [TX CF11] 67 2B 9A 40 A5 B0 0E 95
15:05:40.417 [TX CF12] 67 2C AF CB 03 D8 7C 37
15:05:40.428 [TX CF13] 67 2D A9 7C 60 1F FF FE
15:05:40.440 [TX CF14] 67 2E E6 0A 34 48 68 04
15:05:40.451 [TX CF15] 67 2F 0C 6E 0C 06 04 38
15:05:40.461 [TX CF0] 67 20 44 6F 84 0A 04 37
15:05:40.473 [TX CF1] 67 21 02 03 F8 DA C0 24
15:05:40.483 [TX CF2] 67 22 D3 2A 64 CE 9B FE
15:05:40.493 [TX CF3] 67 23 93 FC 1B 50 F3 BF
15:05:40.504 [TX CF4] 67 24 45 90 32 13 0D 0E
15:05:40.515 [TX CF5] 67 25 22 83 80 D0 DE 70
15:05:40.525 [TX CF6] 67 26 37 1F 0D E7 83 71
15:05:40.537 [TX CF7] 67 27 80 DE A7 34 09 15
15:05:40.548 [TX CF8] 67 28 EB A7 07 ED C3 E1
15:05:40.558 [TX CF9] 67 29 74 38 1D CA D3 8C
15:05:40.568 [TX CF10] 67 2A 80 E0 25 25 68 68
15:05:40.579 [TX CF11] 67 2B 0C 40 60 9D 54 72
15:05:40.590 [TX CF12] 67 2C 09 84 07 B8 7F 3E
15:05:40.602 [TX CF13] 67 2D F2 FF F5 D8 61 04
15:05:40.614 [TX CF14] 67 2E D6 14 31 02 5D DC
15:05:40.626 [TX CF15] 67 2F E9 FC 77 A3 B4 64
15:05:40.639 [TX CF0] 67 20 F1 FA 6C 06 4D F8
15:05:40.649 [TX CF1] 67 21 1F 03 A6 FD 4B 20
15:05:40.660 [TX CF2] 67 22 17 09 A4 70 90 0E
15:05:40.670 [TX CF3] 67 23 0B 1B 10 90 C8 A4
15:05:40.681 [TX CF4] 67 24 12 8A F4 09 6F 07
15:05:40.693 [TX CF5] 67 25 E2 41 84 B8 15 A0
15:05:40.705 [TX CF6] 67 26 AE 50 21 13 04 58
15:05:40.717 [TX CF7] 67 27 1D 19 45 F0 B3 96
15:05:40.728 [TX CF8] 67 28 83 19 1C E8 D0 68
15:05:40.740 [TX CF9] 67 29 56 1C 24 6B C1 A1
15:05:40.751 [TX CF10] 67 2A B4 A5 A0 80 4A 61
15:05:40.763 [TX CF11] 67 2B 9D 08 85 20 AE 87
15:05:40.775 [TX CF12] 67 2C AB F1 61 BC 43 69
15:05:40.786 [TX CF13] 67 2D 51 2B 46 4B 1B 6B
15:05:40.797 [TX CF14] 67 2E A3 46 B0 16 AA 34
15:05:40.809 [TX CF15] 67 2F 4B 11 8A A1 40 7A
15:05:40.820 [TX CF0] 67 20 4E 2C 3C 9E 73 2E
15:05:40.832 [TX CF1] 67 21 54 98 F2 1F 02 BA
15:05:40.843 [TX CF2] 67 22 1C AF C7 DB CE B5
15:05:40.854 [TX CF3] 67 23 C2 FE 4D 06 05 2F
15:05:40.865 [TX CF4] 67 24 E2 93 C1 96 43 92
15:05:40.876 [TX CF5] 67 25 D8 25 56 1F C1 D0
15:05:40.888 [TX CF6] 67 26 81 FF A4 16 BA 4C
15:05:40.900 [TX CF7] 67 27 2A 01 9A 99 44 EF
15:05:40.912 [TX CF8] 67 28 10 3A 04 4E E1 A3
15:05:40.924 [TX CF9] 67 29 91 54 90 40 46 21
15:05:40.936 [TX CF10] 67 2A 57 88 81 6F 0B 85
15:05:40.947 [TX CF11] 67 2B C2 8E 4F CA C7 4E
15:05:40.960 [TX CF12] 67 2C 80 C9 4A 39 54 7F
15:05:40.972 [TX CF13] 67 2D 53 0B E4 04 21 0C
15:05:40.982 [TX CF14] 67 2E D0 E4 84 D2 45 7C
15:05:40.993 [TX CF15] 67 2F 95 50 A2 3D 13 02
15:05:41.004 [TX CF0] 67 20 11 10 68 07 E8 66
15:05:41.016 [TX CF1] 67 21 37 4D 05 E8 FC 8D
15:05:41.029 [TX CF2] 67 22 0F 43 72 AC 95 21
15:05:41.040 [TX CF3] 67 23 C0 62 B4 18 19 05
15:05:41.051 [TX CF4] 67 24 FC 5D 94 86 EF 01
15:05:41.063 [TX CF5] 67 25 F0 20 70 87 74 10
15:05:41.074 [TX CF6] 67 26 88 4A 28 56 8E 84
15:05:41.085 [TX CF7] 67 27 48 DF 85 79 30 85
15:05:41.096 [TX CF8] 67 28 86 BC F0 42 25 D1
15:05:41.107 [TX CF9] 67 29 D0 62 60 12 88 A7
15:05:41.119 [TX CF10] 67 2A 41 B1 82 1F 09 57
15:05:41.130 [TX CF11] 67 2B 81 17 80 BB 24 2E
15:05:41.141 [TX CF12] 67 2C 08 84 10 99 22 70
15:05:41.152 [TX CF13] 67 2D A4 15 21 E0 63 3C
15:05:41.163 [TX CF14] 67 2E 17 6F 1F 9E 8C 86
15:05:41.174 [TX CF15] 67 2F 97 CF E7 3E E0 17
15:05:41.186 [TX CF0] 67 20 49 07 81 47 0F DF
15:05:41.197 [TX CF1] 67 21 DF 59 FA 90 23 01
15:05:41.209 [TX CF2] 67 22 8A F4 27 C4 80 5D
15:05:41.220 [TX CF3] 67 23 78 50 20 F0 32 50
15:05:41.231 [TX CF4] 67 24 12 14 F2 04 BC 2A
15:05:41.242 [TX CF5] 67 25 1F D9 1E 22 01 22
15:05:41.253 [TX CF6] 67 26 85 A9 01 E0 51 94
15:05:41.265 [TX CF7] 67 27 F8 41 A4 13 1A F0
15:05:41.277 [TX CF8] 67 28 23 08 DF 56 91 42
15:05:41.289 [TX CF9] 67 29 C0 6C A3 1E 09 9A
15:05:41.301 [TX CF10] 67 2A 86 18 0D E2 14 16
15:05:41.312 [TX CF11] 67 2B 86 65 7C A9 42 10
15:05:41.323 [TX CF12] 67 2C 18 41 BA 30 19 14
15:05:41.335 [TX CF13] 67 2D 5A 43 41 AF 29 12
15:05:41.347 [TX CF14] 67 2E B0 FF 7B 3E 7E 4C
15:05:41.358 [TX CF15] 67 2F 1B AF D5 98 DF 29
15:05:41.369 [TX CF0] 67 20 30 85 86 11 1A 17
15:05:41.380 [TX CF1] 67 21 4B A1 18 90 FC 7C
15:05:41.391 [TX CF2] 67 22 F2 7A 4C 26 D1 2A
15:05:41.403 [TX CF3] 67 23 91 62 AB D9 0A 14
15:05:41.414 [TX CF4] 67 24 17 B7 E0 C4 C9 29
15:05:41.425 [TX CF5] 67 25 4B AC 20 69 18 23
15:05:41.437 [TX CF6] 67 26 90 04 54 12 0F 06
15:05:41.450 [TX CF7] 67 27 05 77 84 27 1A E1
15:05:41.461 [TX CF8] 67 28 C2 0B D2 36 63 36
15:05:41.473 [TX CF9] 67 29 36 E0 31 C2 DF E7
15:05:41.484 [TX CF10] 67 2A 37 60 BE C9 38 D5
15:05:41.495 [TX CF11] 67 2B 65 3F 1C 3F A1 15
15:05:41.506 [TX CF12] 67 2C 50 DB FD FE 29 7A
15:05:41.517 [TX CF13] 67 2D EE F9 E1 AA CB D6
15:05:41.529 [TX CF14] 67 2E 1C 45 3F BD F5 A0
15:05:41.542 [TX CF15] 67 2F 3D D5 A8 72 9A 17
15:05:41.552 [TX CF0] 67 20 67 A0 B0 C1 6F 91
15:05:41.563 [TX CF1] 67 21 C1 61 B2 47 A4 06
15:05:41.574 [TX CF2] 67 22 B0 43 1C 38 7C 30
15:05:41.586 [TX CF3] 67 23 7F 9D FD 3A 60 D3
15:05:41.598 [TX CF4] 67 24 87 92 CC 86 C3 1E
15:05:41.609 [TX CF5] 67 25 C4 D0 79 30 F5 F2
15:05:41.620 [TX CF6] 67 26 12 18 06 0F 10 4A
15:05:41.632 [TX CF7] 67 27 40 7E 80 B5 09 67
15:05:41.642 [TX CF8] 67 28 EF 71 48 02 A1 AC
15:05:41.654 [TX CF9] 67 29 91 54 68 74 18 C2
15:05:41.665 [TX CF10] 67 2A A7 08 84 C1 6C 84
15:05:41.676 [TX CF11] 67 2B 0E F1 13 23 01 70
15:05:41.687 [TX CF12] 67 2C 85 BB C0 99 C7 EF
15:05:41.698 [TX CF13] 67 2D 1F D9 04 E2 81 64
15:05:41.710 [TX CF14] 67 2E 1C E1 27 9E 50 20
15:05:41.722 [TX CF15] 67 2F 94 38 E5 C1 DD 94
15:05:41.734 [TX CF0] 67 20 8E 8D EF 92 47 1E
15:05:41.746 [TX CF1] 67 21 B0 5C 1C 10 62 30
15:05:41.758 [TX CF2] 67 22 42 BC 2E 13 07 82
15:05:41.770 [TX CF3] 67 23 11 AA 1C 0A E1 48
15:05:41.782 [TX CF4] 67 24 48 43 01 E8 B9 50
15:05:41.794 [TX CF5] 67 25 A0 62 79 18 28 18
15:05:41.805 [TX CF6] 67 26 28 07 80 12 17 56
15:05:41.816 [TX CF7] 67 27 0D 14 8D D8 5F 07
15:05:41.828 [TX CF8] 67 28 70 E8 29 92 03 F0
15:05:41.840 [TX CF9] 67 29 12 5C 0B 72 19 FF
15:05:41.851 [TX CF10] 67 2A 42 43 8B A4 C7 24
15:05:41.862 [TX CF11] 67 2B 38 3B 16 2F 13 B2
15:05:41.872 [TX CF12] 67 2C C8 D0 A4 BD 2B 05
15:05:41.883 [TX CF13] 67 2D ED 93 84 23 A0 88
15:05:41.894 [TX CF14] 67 2E CA C3 73 80 48 C0
15:05:41.905 [TX CF15] 67 2F 18 41 89 60 B4 52
15:05:41.917 [TX CF0] 67 20 05 A1 41 03 42 0C
15:05:41.929 [TX CF1] 67 21 43 FA 0D 3F C0 0B
15:05:41.940 [TX CF2] 67 22 86 76 0C 8F C2 14
15:05:41.951 [TX CF3] 67 23 8E 0E 0F 96 62 BE
15:05:41.963 [TX CF4] 67 24 80 36 09 67 03 F2
15:05:41.975 [TX CF5] 67 25 44 B4 05 A8 70 13
15:05:41.986 [TX CF6] 67 26 F0 5F 3F 48 90 AE
15:05:41.998 [TX CF7] 67 27 92 3C 5F 8A F9 05
15:05:42.009 [TX CF8] 67 28 0B 0B C6 F3 A1 30
15:05:42.020 [TX CF9] 67 29 84 50 A0 1D 1C BA
15:05:42.031 [TX CF10] 67 2A 4C 0C 52 F7 0D 06
15:05:42.041 [TX CF11] 67 2B 0B C3 8A 55 A0 8F
15:05:42.052 [TX CF12] 67 2C 42 31 D2 11 21 40
15:05:42.063 [TX CF13] 67 2D 84 86 10 8E F4 41
15:05:42.074 [TX CF14] 67 2E 69 40 81 92 84 54
15:05:42.084 [TX CF15] 67 2F 18 20 13 50 2F 94
15:05:42.096 [TX CF0] 67 20 F3 A2 4C C4 9C 0E
15:05:42.107 [TX CF1] 67 21 5F A7 73 DE 89 F0
15:05:42.117 [TX CF2] 67 22 25 A5 24 FE 0B 50
15:05:42.128 [TX CF3] 67 23 EF 88 C3 69 20 1C
15:05:42.139 [TX CF4] 67 24 40 A4 87 FF FF FF
15:05:42.159 [RX SF ] 67 02 76 09 FF FF FF FF
15:05:42.160 [RX    ] 76 09
15:05:42.160 [PASS  ] TransferData block=9 | expected: 76 ... | received: 76 09
15:05:42.172 ------------------------------------------------------------------------
15:05:42.173 [STEP  ] 0x36 block=10  offset=18360/45254  (40%)
15:05:42.173 [TX TransferData block=10 len=2040] 36 0A 37 F0 4B 4A 6D FC 90 A1 20 94 C5 FA 10 29...
15:05:42.174 [TX FF ] 67 17 FA 36 0A 37 F0 4B
15:05:42.186 [TX CF1] 67 21 4A 6D FC 90 A1 20
15:05:42.198 [TX CF2] 67 22 94 C5 FA 10 29 4C
15:05:42.209 [TX CF3] 67 23 20 5E 02 E4 19 14
15:05:42.220 [TX CF4] 67 24 8B 13 5E 8E 48 B4
15:05:42.231 [TX CF5] 67 25 55 EC 04 6B 02 A0
15:05:42.242 [TX CF6] 67 26 83 B4 05 42 00 2E
15:05:42.253 [TX CF7] 67 27 07 93 D0 12 A4 D9
15:05:42.264 [TX CF8] 67 28 42 06 3B 9F 81 E7
15:05:42.276 [TX CF9] 67 29 AA 91 09 88 11 C1
15:05:42.286 [TX CF10] 67 2A F4 F6 C5 A8 44 12
15:05:42.297 [TX CF11] 67 2B C1 5D 0D 08 0F 92
15:05:42.308 [TX CF12] 67 2C CF 7E 29 89 78 70
15:05:42.320 [TX CF13] 67 2D 37 92 0E 11 3E 80
15:05:42.331 [TX CF14] 67 2E 6B 21 6A 30 88 2D
15:05:42.341 [TX CF15] 67 2F 01 D9 80 83 2A 40
15:05:42.352 [TX CF0] 67 20 88 14 46 77 47 CE
15:05:42.364 [TX CF1] 67 21 1A 0B A6 8A F7 E2
15:05:42.375 [TX CF2] 67 22 12 02 25 42 36 8A
15:05:42.386 [TX CF3] 67 23 81 21 0F A0 B3 0B
15:05:42.397 [TX CF4] 67 24 77 02 D7 53 12 F0
15:05:42.408 [TX CF5] 67 25 B0 49 04 22 87 20
15:05:42.419 [TX CF6] 67 26 42 01 7B F0 18 01
15:05:42.430 [TX CF7] 67 27 90 60 E6 A8 68 60
15:05:42.442 [TX CF8] 67 28 78 9B 1E 0C 1D 84
15:05:42.453 [TX CF9] 67 29 10 2C 38 65 4C 17
15:05:42.465 [TX CF10] 67 2A 9C 5E 80 A1 08 70
15:05:42.477 [TX CF11] 67 2B BC 12 DA 02 E4 23
15:05:42.488 [TX CF12] 67 2C 5D 10 BE 42 8C 2E
15:05:42.499 [TX CF13] 67 2D FE 70 CB 09 CC 27
15:05:42.510 [TX CF14] 67 2E 5E 76 4A 10 19 44
15:05:42.522 [TX CF15] 67 2F 0F A2 20 CB 83 FE
15:05:42.534 [TX CF0] 67 20 45 21 02 94 41 3A
15:05:42.546 [TX CF1] 67 21 01 14 06 1A 78 BC
15:05:42.557 [TX CF2] 67 22 E8 E4 3E 45 58 E7
15:05:42.568 [TX CF3] 67 23 83 F8 F4 BF B8 06
15:05:42.579 [TX CF4] 67 24 41 10 96 A1 13 04
15:05:42.590 [TX CF5] 67 25 A2 4B D0 8B 9B C1
15:05:42.602 [TX CF6] 67 26 92 48 68 05 08 24
15:05:42.613 [TX CF7] 67 27 36 1A F4 03 35 52
15:05:42.625 [TX CF8] 67 28 8D 60 86 00 76 E0
15:05:42.637 [TX CF9] 67 29 46 E0 2E 50 43 1C
15:05:42.648 [TX CF10] 67 2A 19 AC 49 1C 18 A7
15:05:42.659 [TX CF11] 67 2B 6E 4B 72 91 5F 24
15:05:42.670 [TX CF12] 67 2C 12 18 89 52 19 11
15:05:42.680 [TX CF13] 67 2D 06 09 53 F9 01 3E
15:05:42.690 [TX CF14] 67 2E 10 64 10 12 A5 EA
15:05:42.701 [TX CF15] 67 2F 1D F3 5C 14 03 62
15:05:42.712 [TX CF0] 67 20 09 9C 10 B8 17 32
15:05:42.724 [TX CF1] 67 21 C3 20 61 30 23 83
15:05:42.735 [TX CF2] 67 22 41 A0 34 53 56 85
15:05:42.747 [TX CF3] 67 23 81 46 8B 81 26 FA
15:05:42.758 [TX CF4] 67 24 50 3A 49 E8 08 84
15:05:42.770 [TX CF5] 67 25 62 01 01 84 29 E0
15:05:42.781 [TX CF6] 67 26 8E C2 2C 17 0A 3A
15:05:42.793 [TX CF7] 67 27 91 27 12 10 09 3C
15:05:42.804 [TX CF8] 67 28 02 49 27 A6 CB A0
15:05:42.815 [TX CF9] 67 29 10 89 B7 81 0E 0E
15:05:42.826 [TX CF10] 67 2A 0F F9 29 BC 16 30
15:05:42.837 [TX CF11] 67 2B 3F E0 82 40 25 81
15:05:42.848 [TX CF12] 67 2C FD 08 57 41 5C 82
15:05:42.860 [TX CF13] 67 2D 2B 0E F7 EE 63 78
15:05:42.871 [TX CF14] 67 2E 4A 21 0B 25 01 E0
15:05:42.883 [TX CF15] 67 2F 57 25 17 FC 7D 3C
15:05:42.894 [TX CF0] 67 20 EC D4 3F 3E 79 85
15:05:42.904 [TX CF1] 67 21 C0 FE 82 63 09 7D
15:05:42.916 [TX CF2] 67 22 C2 DF 80 B2 47 25
15:05:42.928 [TX CF3] 67 23 B1 D1 BA 0B 34 16
15:05:42.940 [TX CF4] 67 24 28 77 7A 6C 44 22
15:05:42.950 [TX CF5] 67 25 94 9C 02 B6 08 C0
15:05:42.962 [TX CF6] 67 26 7F 17 CC 0D 80 30
15:05:42.975 [TX CF7] 67 27 0A 9C 27 1B 58 7D
15:05:42.985 [TX CF8] 67 28 2F 09 00 8D C6 6B
15:05:42.997 [TX CF9] 67 29 98 88 75 35 4D 86
15:05:43.009 [TX CF10] 67 2A A8 59 86 2B 28 30
15:05:43.020 [TX CF11] 67 2B 03 A4 BC 42 B9 80
15:05:43.031 [TX CF12] 67 2C 98 EF 79 32 24 3A
15:05:43.043 [TX CF13] 67 2D 17 4F E3 29 08 3B
15:05:43.055 [TX CF14] 67 2E 00 36 12 0C 1C 18
15:05:43.065 [TX CF15] 67 2F 59 29 90 60 23 5C
15:05:43.077 [TX CF0] 67 20 A0 47 B0 14 1E 05
15:05:43.090 [TX CF1] 67 21 0F 81 0F 54 E3 14
15:05:43.102 [TX CF2] 67 22 52 E1 2C 89 B5 30
15:05:43.112 [TX CF3] 67 23 8F D2 45 88 40 93
15:05:43.123 [TX CF4] 67 24 20 48 23 D4 98 45
15:05:43.135 [TX CF5] 67 25 C1 9F 84 72 95 90
15:05:43.147 [TX CF6] 67 26 A1 3F 90 D6 D2 38
15:05:43.159 [TX CF7] 67 27 17 86 CA 11 96 D0
15:05:43.170 [TX CF8] 67 28 7A AA 46 01 B8 0A
15:05:43.181 [TX CF9] 67 29 2F 01 9E 0B 24 21
15:05:43.192 [TX CF10] 67 2A DD 06 1A 1A 6A 45
15:05:43.204 [TX CF11] 67 2B 06 F3 05 94 C0 7A
15:05:43.214 [TX CF12] 67 2C 10 49 4C 53 A3 C1
15:05:43.225 [TX CF13] 67 2D BC 90 B0 5D 60 0F
15:05:43.236 [TX CF14] 67 2E 42 01 E0 3E E1 41
15:05:43.247 [TX CF15] 67 2F B8 B8 70 CF D2 0B
15:05:43.258 [TX CF0] 67 20 08 38 D4 83 26 40
15:05:43.270 [TX CF1] 67 21 BD 39 78 C0 BA 21
15:05:43.280 [TX CF2] 67 22 30 21 98 6C 41 60
15:05:43.291 [TX CF3] 67 23 A4 5C 71 17 13 2E
15:05:43.302 [TX CF4] 67 24 10 AB 8B A6 0C 46
15:05:43.312 [TX CF5] 67 25 05 DF 8A 8E 1A E3
15:05:43.322 [TX CF6] 67 26 9C 08 07 51 AB 0A
15:05:43.334 [TX CF7] 67 27 AD 19 02 23 0A 9F
15:05:43.345 [TX CF8] 67 28 EE 08 A7 C1 F2 0D
15:05:43.356 [TX CF9] 67 29 3F F7 8C A7 CE 6F
15:05:43.367 [TX CF10] 67 2A 9A 15 AC 2F 68 27
15:05:43.377 [TX CF11] 67 2B 97 42 1A 17 9B CC
15:05:43.388 [TX CF12] 67 2C 0D 61 03 AC 17 1E
15:05:43.400 [TX CF13] 67 2D 0E 34 53 20 DE 6E
15:05:43.412 [TX CF14] 67 2E 37 9B E2 D5 28 0C
15:05:43.424 [TX CF15] 67 2F 02 F0 FF 07 71 79
15:05:43.436 [TX CF0] 67 20 81 9F E0 00 80 BA
15:05:43.448 [TX CF1] 67 21 80 04 02 EA 17 D6
15:05:43.459 [TX CF2] 67 22 1B 8B 8C E0 B1 03
15:05:43.471 [TX CF3] 67 23 84 1B C5 E5 BF 88
15:05:43.484 [TX CF4] 67 24 1C 16 FE 60 B0 6F
15:05:43.495 [TX CF5] 67 25 17 12 D4 1F 86 10
15:05:43.507 [TX CF6] 67 26 12 09 C5 C0 22 80
15:05:43.517 [TX CF7] 67 27 2D 08 04 9A 79 00
15:05:43.528 [TX CF8] 67 28 9E C0 2C 17 98 5C
15:05:43.539 [TX CF9] 67 29 A2 01 D9 CC 78 20
15:05:43.550 [TX CF10] 67 2A 3A 18 4D 72 93 00
15:05:43.562 [TX CF11] 67 2B C7 D1 32 30 5C 3D
15:05:43.573 [TX CF12] 67 2C F2 D9 66 AF 57 28
15:05:43.584 [TX CF13] 67 2D B3 88 CC 3B 92 25
15:05:43.595 [TX CF14] 67 2E 85 6E 84 E3 F8 1D
15:05:43.605 [TX CF15] 67 2F 49 67 87 DF F5 5A
15:05:43.617 [TX CF0] 67 20 F0 5A 31 3F A9 15
15:05:43.629 [TX CF1] 67 21 49 13 85 0A 07 D2
15:05:43.640 [TX CF2] 67 22 15 20 58 01 4B 05
15:05:43.651 [TX CF3] 67 23 DC 30 04 82 EA 82
15:05:43.663 [TX CF4] 67 24 00 3B 1D 0F F8 B2
15:05:43.675 [TX CF5] 67 25 42 08 80 04 40 87
15:05:43.686 [TX CF6] 67 26 C3 F4 0D C2 21 D0
15:05:43.698 [TX CF7] 67 27 0E E5 2E 14 80 68
15:05:43.709 [TX CF8] 67 28 04 55 87 83 F4 21
15:05:43.721 [TX CF9] 67 29 C0 48 95 62 92 D6
15:05:43.732 [TX CF10] 67 2A 83 01 B2 29 21 60
15:05:43.743 [TX CF11] 67 2B E9 09 90 AC 88 60
15:05:43.754 [TX CF12] 67 2C C0 C2 E4 15 61 38
15:05:43.765 [TX CF13] 67 2D 12 0F 05 C4 59 94
15:05:43.776 [TX CF14] 67 2E 60 5C 2F 28 57 04
15:05:43.788 [TX CF15] 67 2F 80 6A 84 2A 41 49
15:05:43.800 [TX CF0] 67 20 10 C3 4C 22 01 89
15:05:43.812 [TX CF1] 67 21 6B 63 D2 18 24 BD
15:05:43.824 [TX CF2] 67 22 80 73 97 63 F4 39
15:05:43.836 [TX CF3] 67 23 49 5D 85 DB F6 7F
15:05:43.849 [TX CF4] 67 24 48 76 94 26 41 34
15:05:43.859 [TX CF5] 67 25 13 03 32 23 C3 2E
15:05:43.871 [TX CF6] 67 26 1E 83 3F 1F 07 E6
15:05:43.883 [TX CF7] 67 27 E9 C1 E4 16 0B 8C
15:05:43.895 [TX CF8] 67 28 08 93 0A 2F 09 51
15:05:43.906 [TX CF9] 67 29 66 01 DC 32 72 6C
15:05:43.917 [TX CF10] 67 2A 33 8A 49 2C 00 26
15:05:43.929 [TX CF11] 67 2B 10 11 A0 26 34 06
15:05:43.941 [TX CF12] 67 2C 19 22 12 CD 10 A0
15:05:43.951 [TX CF13] 67 2D 94 46 7A 30 59 04
15:05:43.962 [TX CF14] 67 2E 49 3F 09 19 03 5A
15:05:43.974 [TX CF15] 67 2F 04 CC 25 F4 8A 16
15:05:43.986 [TX CF0] 67 20 23 C3 79 2A A5 77
15:05:43.997 [TX CF1] 67 21 FD 43 3C 01 64 17
15:05:44.007 [TX CF2] 67 22 C8 42 48 B0 84 D0
15:05:44.018 [TX CF3] 67 23 1B 65 03 26 47 38
15:05:44.030 [TX CF4] 67 24 58 01 28 83 74 17
15:05:44.041 [TX CF5] 67 25 A8 6B 63 8B C4 20
15:05:44.051 [TX CF6] 67 26 4A D4 3A 55 CF 39
15:05:44.062 [TX CF7] 67 27 4F 0D C5 E1 04 80
15:05:44.072 [TX CF8] 67 28 21 03 06 1B 85 D0
15:05:44.082 [TX CF9] 67 29 12 0B C5 CB 90 27
15:05:44.092 [TX CF10] 67 2A 8F 37 FB 2E 25 69
15:05:44.104 [TX CF11] 67 2B 2B 42 64 42 32 DB
15:05:44.115 [TX CF12] 67 2C 83 11 69 25 83 99
15:05:44.126 [TX CF13] 67 2D E9 1A 70 EE 79 CD
15:05:44.137 [TX CF14] 67 2E 79 3E D0 A7 7E BE
15:05:44.148 [TX CF15] 67 2F 7E 70 76 0E 0C 21
15:05:44.159 [TX CF0] 67 20 9D 10 6A 05 6C 22
15:05:44.171 [TX CF1] 67 21 E4 58 6F 27 F0 25
15:05:44.183 [TX CF2] 67 22 30 03 BC 17 20 9E
15:05:44.194 [TX CF3] 67 23 40 34 37 37 02 C2
15:05:44.205 [TX CF4] 67 24 0F FC 16 08 2C B0
15:05:44.217 [TX CF5] 67 25 86 03 20 E8 C3 25
15:05:44.228 [TX CF6] 67 26 27 74 1F 18 1A 90
15:05:44.240 [TX CF7] 67 27 3D E4 13 46 E4 BF
15:05:44.251 [TX CF8] 67 28 40 15 8D C0 21 90
15:05:44.262 [TX CF9] 67 29 4B 24 26 0F 6D 1A
15:05:44.274 [TX CF10] 67 2A A9 5C 36 B2 8A 64
15:05:44.284 [TX CF11] 67 2B A1 15 85 72 9B 28
15:05:44.295 [TX CF12] 67 2C 89 74 24 D4 8E 0D
15:05:44.307 [TX CF13] 67 2D E2 13 07 84 C3 EC
15:05:44.318 [TX CF14] 67 2E 37 17 2A 10 39 14
15:05:44.328 [TX CF15] 67 2F 0E 47 0B A0 68 EE
15:05:44.339 [TX CF0] 67 20 98 98 44 2A 81 E2
15:05:44.350 [TX CF1] 67 21 BA 40 2F 3C 18 35
15:05:44.361 [TX CF2] 67 22 25 20 05 CA 81 09
15:05:44.372 [TX CF3] 67 23 D0 5C AF F2 08 ED
15:05:44.383 [TX CF4] 67 24 26 14 68 82 81 23
15:05:44.395 [TX CF5] 67 25 BF F6 E0 31 3A 1C
15:05:44.406 [TX CF6] 67 26 2E E1 4A BC 44 28
15:05:44.418 [TX CF7] 67 27 1A 2B F9 4C 08 15
15:05:44.429 [TX CF8] 67 28 0E 94 C2 02 4D 00
15:05:44.439 [TX CF9] 67 29 92 FA 08 70 D3 BF
15:05:44.450 [TX CF10] 67 2A 60 7C 1C 08 69 AE
15:05:44.462 [TX CF11] 67 2B F2 6B BC 13 C0 9F
15:05:44.473 [TX CF12] 67 2C C0 40 87 F7 F2 29
15:05:44.485 [TX CF13] 67 2D 4A DB 1C 51 E0 BE
15:05:44.495 [TX CF14] 67 2E 43 DD D3 B8 21 40
15:05:44.507 [TX CF15] 67 2F 90 A7 F2 A0 11 21
15:05:44.518 [TX CF0] 67 20 82 F4 5D 70 3B 50
15:05:44.529 [TX CF1] 67 21 12 C1 F0 F3 E8 2E
15:05:44.540 [TX CF2] 67 22 FE E5 C4 2A 94 A6
15:05:44.551 [TX CF3] 67 23 8A A8 7D 1D 13 20
15:05:44.563 [TX CF4] 67 24 1D F5 10 3E 4F 3C
15:05:44.575 [TX CF5] 67 25 03 7F D8 89 23 20
15:05:44.587 [TX CF6] 67 26 9E 35 21 B0 2D 61
15:05:44.599 [TX CF7] 67 27 F0 3E 20 92 C6 69
15:05:44.609 [TX CF8] 67 28 D1 AA 7A BD 28 DF
15:05:44.621 [TX CF9] 67 29 ED 57 97 E6 F8 EE
15:05:44.633 [TX CF10] 67 2A 43 73 7C 03 E0 FF
15:05:44.645 [TX CF11] 67 2B 42 01 29 16 20 7A
15:05:44.655 [TX CF12] 67 2C 41 43 83 B3 04 0A
15:05:44.666 [TX CF13] 67 2D 05 DC 0B 38 42 8B
15:05:44.678 [TX CF14] 67 2E 10 4A 60 EB F0 4D
15:05:44.690 [TX CF15] 67 2F 28 80 20 6B C2 62
15:05:44.701 [TX CF0] 67 20 C0 D3 83 9D 03 CA
15:05:44.711 [TX CF1] 67 21 0A 64 26 17 03 26
15:05:44.723 [TX CF2] 67 22 0A 6C BB 7D 3F 06
15:05:44.734 [TX CF3] 67 23 F6 0E 45 03 B9 05
15:05:44.745 [TX CF4] 67 24 A5 54 6B 90 77 68
15:05:44.755 [TX CF5] 67 25 1D B6 3E 0D C4 20
15:05:44.766 [TX CF6] 67 26 94 AE 4C 02 A3 18
15:05:44.777 [TX CF7] 67 27 84 57 1D 18 4B 96
15:05:44.788 [TX CF8] 67 28 D0 AD 12 E8 70 11
15:05:44.799 [TX CF9] 67 29 18 22 D0 0A 61 57
15:05:44.810 [TX CF10] 67 2A A6 17 F0 67 81 60
15:05:44.822 [TX CF11] 67 2B B8 68 23 90 09 0C
15:05:44.833 [TX CF12] 67 2C 06 E1 E0 8E 36 50
15:05:44.844 [TX CF13] 67 2D 4C 00 DA 42 82 D8
15:05:44.855 [TX CF14] 67 2E 01 B6 18 E7 2C FF
15:05:44.866 [TX CF15] 67 2F E6 40 55 04 5D 07
15:05:44.877 [TX CF0] 67 20 13 F5 60 6F CB A0
15:05:44.887 [TX CF1] 67 21 70 C7 C6 71 81 73
15:05:44.899 [TX CF2] 67 22 80 C9 55 18 38 F2
15:05:44.910 [TX CF3] 67 23 E2 8A E1 8D B1 20
15:05:44.922 [TX CF4] 67 24 73 47 BF 74 03 1A
15:05:44.934 [TX CF5] 67 25 E8 68 2F 6B D4 23
15:05:44.946 [TX CF6] 67 26 9D 1D 01 DA 06 C8
15:05:44.957 [TX CF7] 67 27 14 3D 0D C4 FC 03
15:05:44.968 [TX CF8] 67 28 B9 2F 0D C5 D8 94
15:05:44.979 [TX CF9] 67 29 4D 59 03 B8 39 0D
15:05:44.991 [TX CF10] 67 2A C4 BC 84 16 87 65
15:05:45.002 [TX CF11] 67 2B B8 C3 BC 1A 03 1C
15:05:45.013 [TX CF12] 67 2C 0E E8 AE 1D EF 3F
15:05:45.025 [TX CF13] 67 2D 81 EF 1F 86 E1 DF
15:05:45.037 [TX CF14] 67 2E F3 AC 30 F0 3B 01
15:05:45.049 [TX CF15] 67 2F 65 21 E8 32 43 10
15:05:45.061 [TX CF0] 67 20 9A 38 F0 65 21 AA
15:05:45.073 [TX CF1] 67 21 54 03 2C 0C A1 01
15:05:45.084 [TX CF2] 67 22 84 46 20 37 86 16
15:05:45.096 [TX CF3] 67 23 0A 5C 30 00 38 01
15:05:45.108 [TX CF4] 67 24 41 B3 D0 67 65 25
15:05:45.119 [TX CF5] 67 25 01 13 C0 02 97 1F
15:05:45.131 [TX CF6] 67 26 01 12 94 C0 17 D4
15:05:45.143 [TX CF7] 67 27 60 04 50 48 B6 A6
15:05:45.154 [TX CF8] 67 28 0B 3C 22 20 88 E8
15:05:45.165 [TX CF9] 67 29 17 8A 04 7B 01 41
15:05:45.175 [TX CF10] 67 2A E0 43 DA 38 7D BC
15:05:45.186 [TX CF11] 67 2B F0 C0 E8 74 10 50
15:05:45.198 [TX CF12] 67 2C 81 8A D2 B0 08 78
15:05:45.210 [TX CF13] 67 2D A0 04 8B AA 22 A1
15:05:45.221 [TX CF14] 67 2E FF 2D E0 92 68 E9
15:05:45.232 [TX CF15] 67 2F 51 78 EC 42 01 0C
15:05:45.245 [TX CF0] 67 20 98 44 60 10 89 8C
15:05:45.255 [TX CF1] 67 21 56 01 14 9A C5 85
15:05:45.267 [TX CF2] 67 22 F8 4D A0 39 08 06
15:05:45.279 [TX CF3] 67 23 47 C3 B2 94 5A 20
15:05:45.290 [TX CF4] 67 24 17 8F FF DE 4D FF
15:05:45.301 [TX CF5] 67 25 10 E1 B6 A4 87 70
15:05:45.313 [TX CF6] 67 26 98 58 01 38 4A AD
15:05:45.325 [TX CF7] 67 27 11 3B C6 66 84 C5
15:05:45.336 [TX CF8] 67 28 43 20 37 02 50 C3
15:05:45.348 [TX CF9] 67 29 40 92 85 08 7B 04
15:05:45.358 [TX CF10] 67 2A AA 23 D0 F0 6C B2
15:05:45.370 [TX CF11] 67 2B 14 73 C2 08 DC 0C
15:05:45.382 [TX CF12] 67 2C B8 4D A3 B2 D8 EC
15:05:45.393 [TX CF13] 67 2D 03 31 80 6C 41 90
15:05:45.404 [TX CF14] 67 2E 80 91 21 1A A1 BF
15:05:45.416 [TX CF15] 67 2F 8E 10 30 00 21 D9
15:05:45.426 [TX CF0] 67 20 E9 C7 BC 1A 6A 44
15:05:45.438 [TX CF1] 67 21 26 03 40 0F 01 88
15:05:45.449 [TX CF2] 67 22 9C 60 27 38 89 84
15:05:45.460 [TX CF3] 67 23 82 11 40 61 A3 98
15:05:45.471 [TX CF4] 67 24 81 E2 08 88 40 24
15:05:45.483 [TX CF5] 67 25 58 2A F1 1F 05 4E
15:05:45.495 [TX CF6] 67 26 13 BF C4 C2 D0 3A
15:05:45.506 [TX CF7] 67 27 C0 A1 94 53 F0 36
15:05:45.517 [TX CF8] 67 28 C3 00 3D 87 AE 40
15:05:45.528 [TX CF9] 67 29 86 53 68 C4 DA 31
15:05:45.539 [TX CF10] 67 2A 14 7E 97 9E 07 B0
15:05:45.550 [TX CF11] 67 2B F8 6F 6F 34 8C AD
15:05:45.561 [TX CF12] 67 2C 26 83 61 E0 D8 68
15:05:45.573 [TX CF13] 67 2D 36 2C 0D 86 02 5C
15:05:45.584 [TX CF14] 67 2E 82 C4 2D C1 AA 84
15:05:45.595 [TX CF15] 67 2F 12 01 74 A6 E8 A0
15:05:45.605 [TX CF0] 67 20 1A E8 C5 CA D3 12
15:05:45.616 [TX CF1] 67 21 BC 64 68 47 F4 31
15:05:45.627 [TX CF2] 67 22 94 B8 94 07 35 18
15:05:45.637 [TX CF3] 67 23 F9 58 49 48 56 63
15:05:45.647 [TX CF4] 67 24 17 1B 0F 44 AB 01
15:05:45.658 [TX CF5] 67 25 EA 0E 81 61 0B 85
15:05:45.668 [TX CF6] 67 26 A4 6E 84 A6 32 98
15:05:45.678 [TX CF7] 67 27 C3 05 42 33 E1 08
15:05:45.689 [TX CF8] 67 28 B8 5C 2D 46 94 31
15:05:45.700 [TX CF9] 67 29 46 A8 F1 06 C0 37
15:05:45.710 [TX CF10] 67 2A B3 8D AC 32 00 32
15:05:45.721 [TX CF11] 67 2B 42 35 00 F1 C1 E0
15:05:45.732 [TX CF12] 67 2C 3D 58 14 8D 78 84
15:05:45.743 [TX CF13] 67 2D 06 47 A5 83 40 FA
15:05:45.755 [TX CF14] 67 2E B1 98 03 79 0A 2F
15:05:45.767 [TX CF15] 67 2F E2 63 BD F1 2E C0
15:05:45.777 [TX CF0] 67 20 EA 9D 70 A7 1D A1
15:05:45.788 [TX CF1] 67 21 6C 61 78 A5 50 20
15:05:45.800 [TX CF2] 67 22 11 08 C6 07 00 2C
15:05:45.810 [TX CF3] 67 23 48 F9 94 43 6B 01
15:05:45.822 [TX CF4] 67 24 92 5C E9 26 B0 31
15:05:45.834 [TX CF5] 67 25 31 89 0C 8B 15 80
15:05:45.845 [TX CF6] 67 26 B9 52 AA 58 8C 56
15:05:45.856 [TX CF7] 67 27 04 6F 84 8B FE B7
15:05:45.867 [TX CF8] 67 28 00 FC 81 7D 01 BE
15:05:45.879 [TX CF9] 67 29 19 3F E0 F7 08 4F
15:05:45.890 [TX CF10] 67 2A 46 D7 48 B0 C0 09
15:05:45.901 [TX CF11] 67 2B 58 60 D2 68 48 68
15:05:45.912 [TX CF12] 67 2C 55 EC 0E 21 8E 02
15:05:45.924 [TX CF13] 67 2D 17 0E 32 10 04 2C
15:05:45.935 [TX CF14] 67 2E 23 84 24 9E 03 EE
15:05:45.946 [TX CF15] 67 2F 96 23 FC 72 04 08
15:05:45.957 [TX CF0] 67 20 36 14 10 BF 3F F0
15:05:45.969 [TX CF1] 67 21 63 08 02 F8 09 23
15:05:45.981 [TX CF2] 67 22 1C 08 86 F5 09 A5
15:05:45.993 [TX CF3] 67 23 B5 0D 1C E5 10 7E
15:05:46.005 [TX CF4] 67 24 81 19 1C FF FF FF
15:05:46.024 [RX SF ] 67 02 76 0A FF FF FF FF
15:05:46.025 [RX    ] 76 0A
15:05:46.025 [PASS  ] TransferData block=10 | expected: 76 ... | received: 76 0A
15:05:46.035 ------------------------------------------------------------------------
15:05:46.035 [STEP  ] 0x36 block=11  offset=20400/45254  (45%)
15:05:46.036 [TX TransferData block=11 len=2040] 36 0B 34 71 03 30 0E 8F 32 42 96 C1 D4 85 AF F0...
15:05:46.037 [TX FF ] 67 17 FA 36 0B 34 71 03
15:05:46.047 [TX CF1] 67 21 30 0E 8F 32 42 96
15:05:46.059 [TX CF2] 67 22 C1 D4 85 AF F0 97
15:05:46.071 [TX CF3] 67 23 40 BC A3 97 0A 62
15:05:46.083 [TX CF4] 67 24 6C 1A 34 60 5D 06
15:05:46.095 [TX CF5] 67 25 C3 00 A2 CA 6B F9
15:05:46.107 [TX CF6] 67 26 98 60 53 C9 6D FF
15:05:46.119 [TX CF7] 67 27 D1 F4 24 74 44 D9
15:05:46.131 [TX CF8] 67 28 F7 94 64 7D 8F F7
15:05:46.143 [TX CF9] 67 29 5F CE A4 DA 76 A7
15:05:46.154 [TX CF10] 67 2A 0D A7 02 A3 48 82
15:05:46.165 [TX CF11] 67 2B AA 5C 4A 54 49 2A
15:05:46.176 [TX CF12] 67 2C 56 00 0A 0A D4 A6
15:05:46.188 [TX CF13] 67 2D 4A EB EA 8B 30 F5
15:05:46.200 [TX CF14] 67 2E 5F ED 92 D4 19 55
15:05:46.211 [TX CF15] 67 2F 24 F5 80 3F 03 CE
15:05:46.223 [TX CF0] 67 20 07 BC 70 47 C4 B0
15:05:46.234 [TX CF1] 67 21 1B 58 3A 42 38 56
15:05:46.245 [TX CF2] 67 22 2A 4B 4B CD E2 33
15:05:46.255 [TX CF3] 67 23 54 28 0F 4A A5 1C
15:05:46.267 [TX CF4] 67 24 85 60 B9 72 15 D2
15:05:46.278 [TX CF5] 67 25 10 DF C4 04 F3 04
15:05:46.288 [TX CF6] 67 26 03 58 B8 C0 4E 09
15:05:46.300 [TX CF7] 67 27 F1 63 E2 C6 FC 20
15:05:46.310 [TX CF8] 67 28 A3 18 03 58 40 3F
15:05:46.321 [TX CF9] 67 29 6A C0 3F EB D8 1B
15:05:46.332 [TX CF10] 67 2A 78 62 D4 20 C1 3A
15:05:46.343 [TX CF11] 67 2B 0D 20 1B 99 5D FF
15:05:46.353 [TX CF12] 67 2C E7 94 1B E9 34 90
15:05:46.364 [TX CF13] 67 2D 82 B4 C0 6F C2 B3
15:05:46.375 [TX CF14] 67 2E C3 E5 FE 70 A1 02
15:05:46.387 [TX CF15] 67 2F 69 E1 20 E5 99 E1
15:05:46.398 [TX CF0] 67 20 47 63 B4 84 D2 6A
15:05:46.409 [TX CF1] 67 21 70 0E 5C 62 37 8A
15:05:46.421 [TX CF2] 67 22 84 53 34 98 8D 18
15:05:46.432 [TX CF3] 67 23 F2 0E 90 D6 00 EE
15:05:46.444 [TX CF4] 67 24 26 90 62 1B C7 42
15:05:46.455 [TX CF5] 67 25 10 8E 0B 9A 08 08
15:05:46.467 [TX CF6] 67 26 E6 0A E0 6D 26 A2
15:05:46.479 [TX CF7] 67 27 52 C1 74 33 0D A5
15:05:46.491 [TX CF8] 67 28 A6 91 69 A4 DA A9
15:05:46.502 [TX CF9] 67 29 47 2C 22 97 88 1C
15:05:46.512 [TX CF10] 67 2A B2 0B D1 AA 62 28
15:05:46.523 [TX CF11] 67 2B B8 AB 24 6E 19 80
15:05:46.535 [TX CF12] 67 2C E2 62 69 98 08 D4
15:05:46.546 [TX CF13] 67 2D CA 13 1D 23 21 5B
15:05:46.557 [TX CF14] 67 2E 8F 7C 7A 33 07 7C
15:05:46.571 [TX CF15] 67 2F 35 FA 51 EB 2E 16
15:05:46.582 [TX CF0] 67 20 2F 15 42 82 76 A8
15:05:46.594 [TX CF1] 67 21 18 CC 0B 40 0E D0
15:05:46.605 [TX CF2] 67 22 B1 6F C6 D6 0C DA
15:05:46.617 [TX CF3] 67 23 86 2E E0 06 97 FF
15:05:46.630 [TX CF4] 67 24 99 40 2A F4 98 D4
15:05:46.640 [TX CF5] 67 25 8E A7 43 E6 C6 25
15:05:46.650 [TX CF6] 67 26 22 30 62 09 A8 20
15:05:46.662 [TX CF7] 67 27 13 00 40 34 C5 08
15:05:46.674 [TX CF8] 67 28 12 08 0C 86 03 2C
15:05:46.684 [TX CF9] 67 29 0B E1 A9 B8 95 40
15:05:46.696 [TX CF10] 67 2A 81 48 25 17 0F 8E
15:05:46.706 [TX CF11] 67 2B F7 D3 71 D4 60 25
15:05:46.717 [TX CF12] 67 2C 21 30 60 32 98 D0
15:05:46.727 [TX CF13] 67 2D B0 09 65 15 7C 04
15:05:46.738 [TX CF14] 67 2E A2 87 DD A3 52 EA
15:05:46.749 [TX CF15] 67 2F 90 08 DC 67 B9 8B
15:05:46.760 [TX CF0] 67 20 C2 50 A6 DD AA E6
15:05:46.771 [TX CF1] 67 21 33 41 42 99 F6 82
15:05:46.781 [TX CF2] 67 22 29 40 C2 50 BB 50
15:05:46.792 [TX CF3] 67 23 A0 3D A0 C4 57 31
15:05:46.803 [TX CF4] 67 24 51 28 DC 2A A5 DA
15:05:46.813 [TX CF5] 67 25 C4 E2 5A 20 54 82
15:05:46.825 [TX CF6] 67 26 A8 40 A5 32 AE 8C
15:05:46.836 [TX CF7] 67 27 0A 59 28 0B C3 26
15:05:46.848 [TX CF8] 67 28 EA D0 68 50 CD 94
15:05:46.858 [TX CF9] 67 29 DA 90 E9 C3 81 18
15:05:46.869 [TX CF10] 67 2A E1 E2 DD 88 45 FB
15:05:46.881 [TX CF11] 67 2B 54 3C 66 72 85 14
15:05:46.891 [TX CF12] 67 2C 02 01 23 F5 DC 60
15:05:46.903 [TX CF13] 67 2D 12 3D 5E 02 D2 1E
15:05:46.915 [TX CF14] 67 2E 02 42 14 C3 23 00
15:05:46.925 [TX CF15] 67 2F 97 D2 AD 78 8A 26
15:05:46.937 [TX CF0] 67 20 2A 37 1B A9 D4 B8
15:05:46.949 [TX CF1] 67 21 18 9C 94 72 A1 52
15:05:46.959 [TX CF2] 67 22 06 A9 FD FF 08 F0
15:05:46.970 [TX CF3] 67 23 E5 48 41 B8 38 B0
15:05:46.981 [TX CF4] 67 24 82 14 80 50 03 24
15:05:46.992 [TX CF5] 67 25 FD 8D B0 6C E8 0E
15:05:47.002 [TX CF6] 67 26 42 E1 FE 91 D2 23
15:05:47.013 [TX CF7] 67 27 52 1A 6D 0E 80 75
15:05:47.024 [TX CF8] 67 28 42 43 C1 B8 D1 2E
15:05:47.034 [TX CF9] 67 29 58 1B 8C 12 E5 01
15:05:47.045 [TX CF10] 67 2A B8 39 70 8E 52 70
15:05:47.055 [TX CF11] 67 2B 0E D8 2B C7 DC 23
15:05:47.066 [TX CF12] 67 2C 44 38 A3 10 29 0D
15:05:47.077 [TX CF13] 67 2D 00 89 0C 60 14 04
15:05:47.087 [TX CF14] 67 2E 8A A1 43 78 E4 3B
15:05:47.099 [TX CF15] 67 2F 5B 87 FE 08 21 0E
15:05:47.110 [TX CF0] 67 20 E8 C4 1E D0 20 01
15:05:47.121 [TX CF1] 67 21 A4 E2 E1 F4 AD 5C
15:05:47.131 [TX CF2] 67 22 03 A5 5E A9 B0 80
15:05:47.142 [TX CF3] 67 23 A1 45 7B 75 18 D6
15:05:47.153 [TX CF4] 67 24 22 85 12 ED 81 50
15:05:47.164 [TX CF5] 67 25 99 09 00 96 7E FA
15:05:47.174 [TX CF6] 67 26 2E 94 35 4C D8 60
15:05:47.185 [TX CF7] 67 27 52 2C 4D 7A 0A 31
15:05:47.196 [TX CF8] 67 28 00 A2 04 62 A5 8B
15:05:47.206 [TX CF9] 67 29 C5 94 81 81 76 F1
15:05:47.217 [TX CF10] 67 2A 25 38 7D 80 40 4A
15:05:47.228 [TX CF11] 67 2B A8 3D 12 A4 45 0B
15:05:47.239 [TX CF12] 67 2C F8 50 22 26 0C 1B
15:05:47.251 [TX CF13] 67 2D 38 40 37 F8 1D 0E
15:05:47.261 [TX CF14] 67 2E 08 9E 05 61 9A 84
15:05:47.272 [TX CF15] 67 2F 4E 31 73 A6 79 6B
15:05:47.282 [TX CF0] 67 20 90 99 14 AA 81 64
15:05:47.293 [TX CF1] 67 21 8E 78 EB 90 CB C6
15:05:47.304 [TX CF2] 67 22 50 B8 07 46 99 78
15:05:47.315 [TX CF3] 67 23 15 E1 06 E8 42 AE
15:05:47.325 [TX CF4] 67 24 14 BB 81 8B 0B B6
15:05:47.336 [TX CF5] 67 25 84 93 81 E1 0C 63
15:05:47.347 [TX CF6] 67 26 96 17 46 16 8A 55
15:05:47.358 [TX CF7] 67 27 0E 01 18 8C 1E D0
15:05:47.368 [TX CF8] 67 28 A1 47 30 71 C0 62
15:05:47.380 [TX CF9] 67 29 10 80 B4 17 88 4C
15:05:47.391 [TX CF10] 67 2A 92 19 43 82 1B 20
15:05:47.403 [TX CF11] 67 2B 90 44 2E 05 E4 23
15:05:47.415 [TX CF12] 67 2C 17 08 AF 82 09 78
15:05:47.425 [TX CF13] 67 2D FF 48 48 E0 10 90
15:05:47.435 [TX CF14] 67 2E 8D 83 00 95 93 70
15:05:47.447 [TX CF15] 67 2F 84 C1 E1 9D 58 8D
15:05:47.457 [TX CF0] 67 20 E3 FF 29 81 F4 29
15:05:47.469 [TX CF1] 67 21 31 C8 8D C2 13 06
15:05:47.479 [TX CF2] 67 22 82 F4 0E 88 7D E4
15:05:47.490 [TX CF3] 67 23 70 BA 04 0C EC 1B
15:05:47.501 [TX CF4] 67 24 BD 27 96 17 0D A1
15:05:47.512 [TX CF5] 67 25 53 0A 95 29 93 84
15:05:47.522 [TX CF6] 67 26 47 02 6C C2 B9 A3
15:05:47.533 [TX CF7] 67 27 3A 61 1D B4 4B 8F
15:05:47.543 [TX CF8] 67 28 B0 4B 82 18 5B 91
15:05:47.554 [TX CF9] 67 29 40 C0 7A 21 EC 2D
15:05:47.565 [TX CF10] 67 2A 17 04 4A 52 6A 04
15:05:47.577 [TX CF11] 67 2B 5A E1 6D BC 55 43
15:05:47.588 [TX CF12] 67 2C E0 5C 0F D8 46 E3
15:05:47.599 [TX CF13] 67 2D BD 28 E0 57 0F 57
15:05:47.609 [TX CF14] 67 2E 76 E0 FF 05 4A 85
15:05:47.620 [TX CF15] 67 2F 0E 99 20 C4 D0 23
15:05:47.631 [TX CF0] 67 20 92 06 52 1B 28 A4
15:05:47.642 [TX CF1] 67 21 A2 75 D3 5F 21 25
15:05:47.652 [TX CF2] 67 22 C0 F8 E4 DB 68 14
15:05:47.662 [TX CF3] 67 23 C1 65 84 A2 15 D1
15:05:47.674 [TX CF4] 67 24 B8 26 C1 83 F4 76
15:05:47.685 [TX CF5] 67 25 09 C8 42 18 7C 13
15:05:47.696 [TX CF6] 67 26 C0 A3 10 43 61 00
15:05:47.708 [TX CF7] 67 27 F0 03 F0 73 60 C6
15:05:47.720 [TX CF8] 67 28 43 30 0F 05 64 85
15:05:47.730 [TX CF9] 67 29 EB FF E0 BC 4C 6D
15:05:47.742 [TX CF10] 67 2A 13 3A 56 44 D6 0C
15:05:47.752 [TX CF11] 67 2B 24 20 05 0F C3 70
15:05:47.762 [TX CF12] 67 2C 92 DC 4B C8 58 2E
15:05:47.773 [TX CF13] 67 2D 31 2F 01 E5 08 0D
15:05:47.784 [TX CF14] 67 2E 01 51 85 82 F2 26
15:05:47.794 [TX CF15] 67 2F 42 19 D1 84 41 E1
15:05:47.804 [TX CF0] 67 20 5D 59 02 7E 13 F2
15:05:47.816 [TX CF1] 67 21 09 64 45 B0 41 8F
15:05:47.828 [TX CF2] 67 22 C8 7D E4 10 8A 07
15:05:47.840 [TX CF3] 67 23 81 52 1A 91 0A C7
15:05:47.851 [TX CF4] 67 24 FD 7E 83 8A 00 32
15:05:47.863 [TX CF5] 67 25 10 09 3C AF 49 20
15:05:47.874 [TX CF6] 67 26 A6 CA F4 C8 6C 05
15:05:47.886 [TX CF7] 67 27 F8 5A 6E 1A 9B 84
15:05:47.898 [TX CF8] 67 28 C2 D1 02 3D 81 2A
15:05:47.910 [TX CF9] 67 29 40 23 70 A0 DC 24
15:05:47.922 [TX CF10] 67 2A 17 83 72 1E AF EC
15:05:47.934 [TX CF11] 67 2B 0B C1 42 5E 43 F6
15:05:47.946 [TX CF12] 67 2C E8 DF E3 93 68 EF
15:05:47.957 [TX CF13] 67 2D B6 38 67 C2 03 2F
15:05:47.969 [TX CF14] 67 2E F4 77 42 A8 21 30
15:05:47.980 [TX CF15] 67 2F 31 23 23 8D 69 24
15:05:47.991 [TX CF0] 67 20 B7 8C 29 A6 1B 2D
15:05:48.003 [TX CF1] 67 21 E3 1A 02 03 A1 5B
15:05:48.015 [TX CF2] 67 22 8E 79 23 90 29 5F
15:05:48.027 [TX CF3] 67 23 D7 B7 0F F0 69 6F
15:05:48.039 [TX CF4] 67 24 19 5A 17 DF A3 0A
15:05:48.051 [TX CF5] 67 25 A4 56 60 1C 98 C5
15:05:48.062 [TX CF6] 67 26 06 30 76 42 11 70
15:05:48.073 [TX CF7] 67 27 A4 5C 31 17 0E C6
15:05:48.084 [TX CF8] 67 28 C8 73 84 73 FE 5E
15:05:48.096 [TX CF9] 67 29 48 A9 9D 24 C9 81
15:05:48.106 [TX CF10] 67 2A C7 07 8E 92 43 04
15:05:48.118 [TX CF11] 67 2B 35 A6 D2 2F 54 10
15:05:48.130 [TX CF12] 67 2C F8 41 74 94 55 6A
15:05:48.140 [TX CF13] 67 2D 11 83 BC 07 8C 21
15:05:48.152 [TX CF14] 67 2E 8B E0 2F 07 F4 30
15:05:48.163 [TX CF15] 67 2F 17 83 BE 0F EC 8D
15:05:48.174 [TX CF0] 67 20 40 54 7A 34 BA 8B
15:05:48.184 [TX CF1] 67 21 63 08 28 1B 08 04
15:05:48.195 [TX CF2] 67 22 08 C1 0C 59 B3 08
15:05:48.205 [TX CF3] 67 23 19 0B 2D 22 CB 49
15:05:48.216 [TX CF4] 67 24 A0 D8 2C AF 70 1D
15:05:48.228 [TX CF5] 67 25 20 52 1D 18 3A 70
15:05:48.239 [TX CF6] 67 26 84 48 3F BF 7F 07
15:05:48.250 [TX CF7] 67 27 F6 F1 A1 C0 48 38
15:05:48.261 [TX CF8] 67 28 04 B4 3E 1D DF FD
15:05:48.273 [TX CF9] 67 29 85 2B 05 A3 4D 0B
15:05:48.285 [TX CF10] 67 2A 98 50 D5 40 65 A4
15:05:48.297 [TX CF11] 67 2B B6 D8 05 96 C3 A5
15:05:48.307 [TX CF12] 67 2C B0 DC F4 35 DA 43
15:05:48.318 [TX CF13] 67 2D BB 0E 87 FE B9 48
15:05:48.329 [TX CF14] 67 2E 80 DA 21 D4 38 35
15:05:48.340 [TX CF15] 67 2F 82 8B 61 C2 D8 6C
15:05:48.351 [TX CF0] 67 20 76 8A D5 26 B5 4A
15:05:48.361 [TX CF1] 67 21 89 D0 21 74 3B 1D
15:05:48.372 [TX CF2] 67 22 83 4B 68 AC D2 E3
15:05:48.384 [TX CF3] 67 23 B4 0D 04 9B ED 04
15:05:48.396 [TX CF4] 67 24 97 50 F4 D6 0C 04
15:05:48.408 [TX CF5] 67 25 D2 08 99 02 C1 55
15:05:48.419 [TX CF6] 67 26 A6 D9 6C 16 E8 E3
15:05:48.430 [TX CF7] 67 27 FD 0D 74 73 CD 60
15:05:48.441 [TX CF8] 67 28 F7 C7 24 F6 1A 95
15:05:48.452 [TX CF9] 67 29 3E CF 61 A2 5A 24
15:05:48.463 [TX CF10] 67 2A 46 14 28 6E 8C 30
15:05:48.474 [TX CF11] 67 2B 36 84 0E 19 09 0C
15:05:48.485 [TX CF12] 67 2C 26 0B 19 A1 E0 5F
15:05:48.496 [TX CF13] 67 2D F0 0D 50 54 01 60
15:05:48.507 [TX CF14] 67 2E 9C C2 DD 58 24 50
15:05:48.518 [TX CF15] 67 2F 05 60 0D C3 83 60
15:05:48.529 [TX CF0] 67 20 82 D8 68 D6 1E 4C
15:05:48.540 [TX CF1] 67 21 77 02 10 80 1E 05
15:05:48.550 [TX CF2] 67 22 84 FD 84 06 C5 45
15:05:48.561 [TX CF3] 67 23 74 40 13 82 90 13
15:05:48.572 [TX CF4] 67 24 C0 B0 84 12 D1 45
15:05:48.583 [TX CF5] 67 25 A5 F8 E3 08 94 30
15:05:48.594 [TX CF6] 67 26 0F E0 20 0F EC 23
15:05:48.605 [TX CF7] 67 27 D6 00 BE 57 60 C8
15:05:48.617 [TX CF8] 67 28 74 5B DF BE 04 1A
15:05:48.628 [TX CF9] 67 29 42 7D 4E 97 50 3F
15:05:48.639 [TX CF10] 67 2A 12 59 6C 0A 7B 40
15:05:48.651 [TX CF11] 67 2B 9A D0 E3 B6 0C 1D
15:05:48.661 [TX CF12] 67 2C A6 76 01 82 33 2E
15:05:48.673 [TX CF13] 67 2D 53 01 43 95 D8 38
15:05:48.684 [TX CF14] 67 2E 76 9E DE CA 01 93
15:05:48.695 [TX CF15] 67 2F 9C 52 E0 B7 AD 6C
15:05:48.706 [TX CF0] 67 20 02 BB 19 9B D3 B5
15:05:48.717 [TX CF1] 67 21 A2 30 77 F2 7D F5
15:05:48.728 [TX CF2] 67 22 0F 69 46 80 67 A6
15:05:48.740 [TX CF3] 67 23 F4 0B 35 1A 6F 43
15:05:48.751 [TX CF4] 67 24 97 D8 32 0F 28 20
15:05:48.761 [TX CF5] 67 25 22 7C 26 34 E8 3D
15:05:48.771 [TX CF6] 67 26 EA 7F 01 F7 54 60
15:05:48.783 [TX CF7] 67 27 D7 A9 B4 04 51 94
15:05:48.793 [TX CF8] 67 28 32 4E 2C C8 4D 84
15:05:48.805 [TX CF9] 67 29 B4 5D 0C AE 9D 2C
15:05:48.817 [TX CF10] 67 2A A7 F9 23 3A CA 8C
15:05:48.830 [TX CF11] 67 2B 12 F5 24 80 C7 23
15:05:48.843 [TX CF12] 67 2C 32 AA 6D 84 70 1C
15:05:48.853 [TX CF13] 67 2D 6E 33 28 A6 51 71
15:05:48.864 [TX CF14] 67 2E 56 D8 44 76 A3 A0
15:05:48.876 [TX CF15] 67 2F 91 95 20 67 E1 20
15:05:48.888 [TX CF0] 67 20 98 54 A3 DA 93 A0
15:05:48.899 [TX CF1] 67 21 12 18 7D 22 05 68
15:05:48.909 [TX CF2] 67 22 85 50 DD 38 60 A1
15:05:48.920 [TX CF3] 67 23 B4 3B 44 4E 87 43
15:05:48.931 [TX CF4] 67 24 B0 43 69 10 3B 40
15:05:48.943 [TX CF5] 67 25 29 00 62 14 12 14
15:05:48.954 [TX CF6] 67 26 34 2B 03 15 08 8D
15:05:48.966 [TX CF7] 67 27 24 C7 83 5D 07 28
15:05:48.978 [TX CF8] 67 28 10 87 06 0D 88 60
15:05:48.989 [TX CF9] 67 29 10 88 02 08 05 B6
15:05:49.000 [TX CF10] 67 2A 1B 18 0B 63 09 32
15:05:49.011 [TX CF11] 67 2B B5 02 6E 10 08 89
15:05:49.021 [TX CF12] 67 2C 43 19 01 47 19 89
15:05:49.032 [TX CF13] 67 2D 4B 02 7A 04 E4 3F
15:05:49.042 [TX CF14] 67 2E DF FF 67 FF F0 A5
15:05:49.053 [TX CF15] 67 2F 03 C1 06 88 13 40
15:05:49.064 [TX CF0] 67 20 86 15 E0 2A 20 58
15:05:49.075 [TX CF1] 67 21 87 11 C1 27 41 C4
15:05:49.086 [TX CF2] 67 22 6A A0 B3 00 A3 04
15:05:49.098 [TX CF3] 67 23 03 FF 07 FF FF F1
15:05:49.109 [TX CF4] 67 24 05 78 60 1A 0A 15
15:05:49.120 [TX CF5] 67 25 02 20 5C 86 01 22
15:05:49.131 [TX CF6] 67 26 98 48 20 91 26 2E
15:05:49.142 [TX CF7] 67 27 16 0B 0D 54 9A 81
15:05:49.153 [TX CF8] 67 28 8A 18 61 92 15 8E
15:05:49.164 [TX CF9] 67 29 06 5C 5C 98 15 30
15:05:49.176 [TX CF10] 67 2A 33 4B F4 15 80 9E
15:05:49.187 [TX CF11] 67 2B 83 A8 D6 87 E1 13
15:05:49.200 [TX CF12] 67 2C FC 50 09 18 51 CD
15:05:49.211 [TX CF13] 67 2D A8 1C D0 82 F5 2B
15:05:49.223 [TX CF14] 67 2E FD 03 62 10 B3 68
15:05:49.234 [TX CF15] 67 2F 26 BC 0D B8 1A F2
15:05:49.245 [TX CF0] 67 20 82 FE 0E 39 40 E8
15:05:49.258 [TX CF1] 67 21 CF B4 3C DD 43 0A
15:05:49.268 [TX CF2] 67 22 10 38 56 2E 85 0B
15:05:49.281 [TX CF3] 67 23 E9 40 E1 27 7C 23
15:05:49.291 [TX CF4] 67 24 3D 2A 1C 20 F2 84
15:05:49.303 [TX CF5] 67 25 BB A5 41 8D 40 3A
15:05:49.313 [TX CF6] 67 26 50 1A 35 4A 83 10
15:05:49.325 [TX CF7] 67 27 A3 38 70 FF C8 A1
15:05:49.337 [TX CF8] 67 28 30 29 FF 42 25 06
15:05:49.348 [TX CF9] 67 29 3B E1 05 E9 C4 A2
15:05:49.360 [TX CF10] 67 2A 47 F4 10 18 40 50
15:05:49.372 [TX CF11] 67 2B 31 9E 33 4C 41 E0
15:05:49.383 [TX CF12] 67 2C 84 C2 B8 67 90 50
15:05:49.394 [TX CF13] 67 2D 68 72 E0 3C 08 D1
15:05:49.405 [TX CF14] 67 2E F5 0C 1A 1E 3C 5A
15:05:49.415 [TX CF15] 67 2F 24 3A 1A 2A 3A 5A
15:05:49.426 [TX CF0] 67 20 30 33 C6 48 34 21
15:05:49.437 [TX CF1] 67 21 68 90 F8 67 A8 51
15:05:49.448 [TX CF2] 67 22 08 C0 11 29 A4 E3
15:05:49.459 [TX CF3] 67 23 C5 A5 43 3D 24 8E
15:05:49.471 [TX CF4] 67 24 45 2A 1E 20 E6 07
15:05:49.482 [TX CF5] 67 25 4E 80 92 87 9E 7C
15:05:49.493 [TX CF6] 67 26 84 FB 94 23 6B C0
15:05:49.505 [TX CF7] 67 27 A3 28 30 84 6F 67
15:05:49.517 [TX CF8] 67 28 EA A0 02 B0 F2 EF
15:05:49.527 [TX CF9] 67 29 1F F9 5B 29 08 1D
15:05:49.538 [TX CF10] 67 2A 02 79 2B 44 21 FF
15:05:49.550 [TX CF11] 67 2B 91 F2 EE 00 DC 08
15:05:49.561 [TX CF12] 67 2C 08 7D 3A 29 FC 22
15:05:49.573 [TX CF13] 67 2D 1B 5A CD 32 C1 78
15:05:49.585 [TX CF14] 67 2E E0 41 E1 BD 55 FA
15:05:49.597 [TX CF15] 67 2F 1B BF F2 AB 0F F0
15:05:49.608 [TX CF0] 67 20 30 0A 05 86 E0 6C
15:05:49.619 [TX CF1] 67 21 43 93 FA 56 21 BC
15:05:49.630 [TX CF2] 67 22 FF 2B 10 D0 2C 41
15:05:49.641 [TX CF3] 67 23 D9 7F 22 1B DB 86
15:05:49.653 [TX CF4] 67 24 D6 04 61 02 46 D5
15:05:49.666 [TX CF5] 67 25 42 79 2A 80 F4 65
15:05:49.676 [TX CF6] 67 26 12 0B 86 F6 1D 00
15:05:49.687 [TX CF7] 67 27 BE CA A0 7D 10 5C
15:05:49.698 [TX CF8] 67 28 0A F4 36 BF A5 BA
15:05:49.710 [TX CF9] 67 29 1F F9 26 46 0D 89
15:05:49.721 [TX CF10] 67 2A 87 4F 25 30 8E 90
15:05:49.733 [TX CF11] 67 2B 4F 0E 6B 36 18 1F
15:05:49.744 [TX CF12] 67 2C 42 03 23 84 DE 72
15:05:49.755 [TX CF13] 67 2D 29 C8 3A 31 C2 E8
15:05:49.767 [TX CF14] 67 2E 12 C8 FF 42 81 4D
15:05:49.779 [TX CF15] 67 2F 96 5C 28 14 8F 0C
15:05:49.791 [TX CF0] 67 20 02 85 18 88 2A C0
15:05:49.801 [TX CF1] 67 21 83 46 FA A5 38 0A
15:05:49.813 [TX CF2] 67 22 50 54 AD 19 0A 3C
15:05:49.824 [TX CF3] 67 23 E6 93 4A BC 65 28
15:05:49.836 [TX CF4] 67 24 50 FE 8E FF FF FF
15:05:49.859 [RX SF ] 67 02 76 0B FF FF FF FF
15:05:49.860 [RX    ] 76 0B
15:05:49.860 [PASS  ] TransferData block=11 | expected: 76 ... | received: 76 0B
15:05:49.871 ------------------------------------------------------------------------
15:05:49.871 [STEP  ] 0x36 block=12  offset=22440/45254  (49%)
15:05:49.872 [TX TransferData block=12 len=2040] 36 0C 26 F1 CA 84 40 E0 F1 B8 7E 6A 85 09 4F 41...
15:05:49.873 [TX FF ] 67 17 FA 36 0C 26 F1 CA
15:05:49.883 [TX CF1] 67 21 84 40 E0 F1 B8 7E
15:05:49.896 [TX CF2] 67 22 6A 85 09 4F 41 23
15:05:49.906 [TX CF3] 67 23 A4 C1 E9 30 FC 5D
15:05:49.918 [TX CF4] 67 24 03 63 5C B6 5E 34
15:05:49.929 [TX CF5] 67 25 90 78 17 54 EB 86
15:05:49.940 [TX CF6] 67 26 CE A8 B7 43 33 43
15:05:49.950 [TX CF7] 67 27 85 C0 3F 5E 76 2E
15:05:49.961 [TX CF8] 67 28 0D 34 30 1B 59 E4
15:05:49.972 [TX CF9] 67 29 A2 19 D1 84 5E 0D
15:05:49.983 [TX CF10] 67 2A 58 41 7A 32 A7 54
15:05:49.995 [TX CF11] 67 2B 17 88 0C 88 90 8D
15:05:50.007 [TX CF12] 67 2C C2 03 BD 26 C0 B9
15:05:50.018 [TX CF13] 67 2D C3 8B FA 6D E1 25
15:05:50.029 [TX CF14] 67 2E 21 01 78 2C C1 25
15:05:50.041 [TX CF15] 67 2F A5 F4 A0 19 A8 C3
15:05:50.053 [TX CF0] 67 20 21 26 EE 0A 9C 2F
15:05:50.064 [TX CF1] 67 21 B2 88 17 45 73 86
15:05:50.075 [TX CF2] 67 22 7F F4 B3 42 3D 4A
15:05:50.085 [TX CF3] 67 23 6A A1 1C A5 D6 EF
15:05:50.097 [TX CF4] 67 24 19 85 F8 1D 1A 9D
15:05:50.108 [TX CF5] 67 25 E3 FB 24 8E 50 1A
15:05:50.119 [TX CF6] 67 26 60 28 32 59 A0 D6
15:05:50.130 [TX CF7] 67 27 42 2E C9 86 05 23
15:05:50.141 [TX CF8] 67 28 22 61 4B 75 46 E2
15:05:50.153 [TX CF9] 67 29 42 25 48 80 35 60
15:05:50.165 [TX CF10] 67 2A A3 C0 A5 10 3E 91
15:05:50.176 [TX CF11] 67 2B 27 0E 01 90 0A E1
15:05:50.188 [TX CF12] 67 2C 31 15 B8 0F 20 53
15:05:50.199 [TX CF13] 67 2D 98 2A 51 DA 1F B0
15:05:50.211 [TX CF14] 67 2E 85 52 FB 97 8C 63
15:05:50.222 [TX CF15] 67 2F 04 1E D5 C2 39 79
15:05:50.234 [TX CF0] 67 20 7C E5 1A B8 F6 A3
15:05:50.245 [TX CF1] 67 21 91 1A A4 43 78 F1
15:05:50.257 [TX CF2] 67 22 D3 FF 21 81 39 80
15:05:50.269 [TX CF3] 67 23 8C 70 6E 04 C4 8A
15:05:50.280 [TX CF4] 67 24 10 16 F0 80 C4 CB
15:05:50.291 [TX CF5] 67 25 78 76 3E 06 4C 15
15:05:50.303 [TX CF6] 67 26 38 4B 69 92 0B EE
15:05:50.314 [TX CF7] 67 27 06 0F 08 EA FF 55
15:05:50.326 [TX CF8] 67 28 C0 C8 6E BE 0B 49
15:05:50.337 [TX CF9] 67 29 AB 08 17 43 00 F5
15:05:50.348 [TX CF10] 67 2A 07 C1 61 72 A0 06
15:05:50.359 [TX CF11] 67 2B 42 18 76 C1 BF 0D
15:05:50.370 [TX CF12] 67 2C 06 55 06 E9 39 F0
15:05:50.382 [TX CF13] 67 2D 85 AF E0 80 12 C0
15:05:50.393 [TX CF14] 67 2E FE FD E6 7F B8 37
15:05:50.405 [TX CF15] 67 2F 82 29 20 CC 5C 23
15:05:50.417 [TX CF0] 67 20 17 8A C5 C2 FF 20
15:05:50.429 [TX CF1] 67 21 26 01 03 74 C0 F1
15:05:50.440 [TX CF2] 67 22 01 5C 00 5C 09 0E
15:05:50.451 [TX CF3] 67 23 06 E7 C8 90 D2 60
15:05:50.462 [TX CF4] 67 24 1C 1C 17 12 E6 EB
15:05:50.474 [TX CF5] 67 25 C3 8A C4 C2 41 16
15:05:50.485 [TX CF6] 67 26 A4 C2 03 40 2B B0
15:05:50.497 [TX CF7] 67 27 A3 C5 29 38 AB DC
15:05:50.508 [TX CF8] 67 28 0A 54 FA 40 3D 91
15:05:50.519 [TX CF9] 67 29 27 08 55 F2 FC B8
15:05:50.530 [TX CF10] 67 2A 80 23 03 E2 0B 9D
15:05:50.541 [TX CF11] 67 2B 00 2F 85 CD EE 84
15:05:50.553 [TX CF12] 67 2C 30 46 18 2D 05 1A
15:05:50.565 [TX CF13] 67 2D 02 54 04 C9 42 29
15:05:50.575 [TX CF14] 67 2E 04 14 30 37 4E 0D
15:05:50.587 [TX CF15] 67 2F F3 FC DA 82 81 C2
15:05:50.599 [TX CF0] 67 20 BA 40 6F BF D1 6C
15:05:50.609 [TX CF1] 67 21 30 2B A8 61 0E 0D
15:05:50.620 [TX CF2] 67 22 87 83 81 0C 60 1B
15:05:50.631 [TX CF3] 67 23 42 03 83 0F A1 74
15:05:50.643 [TX CF4] 67 24 02 43 00 89 01 30
15:05:50.654 [TX CF5] 67 25 FC 6D 56 48 69 BF
15:05:50.666 [TX CF6] 67 26 BF FF BE 6F FF AB
15:05:50.677 [TX CF7] 67 27 A7 EE 2F 70 49 42
15:05:50.689 [TX CF8] 67 28 D9 01 BE 1C 2F FC
15:05:50.702 [TX CF9] 67 29 F1 2F 84 B2 15 D0
15:05:50.712 [TX CF10] 67 2A B2 47 B4 1B 26 C2
15:05:50.724 [TX CF11] 67 2B 53 8C 1C 06 40 EF
15:05:50.735 [TX CF12] 67 2C 4E 41 B8 BA 4F 30
15:05:50.746 [TX CF13] 67 2D 7F 8C 50 F9 01 E6
15:05:50.757 [TX CF14] 67 2E 1B 9B DC 06 53 01
15:05:50.769 [TX CF15] 67 2F 52 80 6F 03 A3 40
15:05:50.781 [TX CF0] 67 20 8F 7E 30 50 08 20
15:05:50.792 [TX CF1] 67 21 E9 2D 37 FE 71 7D
15:05:50.804 [TX CF2] 67 22 E0 C1 ED 5D 55 6E
15:05:50.815 [TX CF3] 67 23 53 9B AD E2 F3 F0
15:05:50.827 [TX CF4] 67 24 90 C2 28 51 4E 8C
15:05:50.839 [TX CF5] 67 25 0A 0F 12 87 D7 BA
15:05:50.852 [TX CF6] 67 26 10 79 55 73 A5 FA
15:05:50.862 [TX CF7] 67 27 B9 CE 2F 33 8B A6
15:05:50.874 [TX CF8] 67 28 E6 3B B7 A4 04 B0
15:05:50.884 [TX CF9] 67 29 D8 FE 96 A8 0F D0
15:05:50.896 [TX CF10] 67 2A 81 10 60 B9 FE 2F
15:05:50.906 [TX CF11] 67 2B 82 BC 20 34 3F CD
15:05:50.918 [TX CF12] 67 2C D2 9D E0 F8 48 D4
15:05:50.929 [TX CF13] 67 2D A8 44 25 71 97 20
15:05:50.941 [TX CF14] 67 2E 10 78 04 37 73 79
15:05:50.952 [TX CF15] 67 2F A0 00 60 8F CE A5
15:05:50.963 [TX CF0] 67 20 34 1E 97 E2 E7 05
15:05:50.974 [TX CF1] 67 21 2A 81 70 28 E5 05
15:05:50.987 [TX CF2] 67 22 91 7E 63 BA 82 9C
15:05:50.998 [TX CF3] 67 23 39 36 EC 05 60 2E
15:05:51.009 [TX CF4] 67 24 05 64 39 12 0A 04
15:05:51.021 [TX CF5] 67 25 00 8E 89 54 19 87
15:05:51.031 [TX CF6] 67 26 83 76 44 82 57 2B
15:05:51.041 [TX CF7] 67 27 E8 82 50 90 4A 65
15:05:51.053 [TX CF8] 67 28 1D 19 CD F2 74 C0
15:05:51.065 [TX CF9] 67 29 86 49 D1 DC DE 21
15:05:51.076 [TX CF10] 67 2A F2 28 7C 92 09 40
15:05:51.088 [TX CF11] 67 2B D0 D0 A3 DD 19 E5
15:05:51.100 [TX CF12] 67 2C E3 F7 7B D2 C7 73
15:05:51.110 [TX CF13] 67 2D B4 28 3F 6A 0D 25
15:05:51.120 [TX CF14] 67 2E 53 E0 2F C3 75 70
15:05:51.131 [TX CF15] 67 2F 0D 25 F9 C1 42 3C
15:05:51.141 [TX CF0] 67 20 03 0C 27 25 58 24
15:05:51.153 [TX CF1] 67 21 3B 9B 9F E4 AE 03
15:05:51.164 [TX CF2] 67 22 6A 1F D5 D2 3B 1B
15:05:51.176 [TX CF3] 67 23 F5 6C 8A 58 63 A9
15:05:51.186 [TX CF4] 67 24 71 88 C9 8B 0A F7
15:05:51.198 [TX CF5] 67 25 EA C1 19 2F E1 01
15:05:51.209 [TX CF6] 67 26 F0 0D F0 9C 7F D6
15:05:51.221 [TX CF7] 67 27 28 46 FF A5 6C 09
15:05:51.232 [TX CF8] 67 28 48 40 3A 9F 7F 02
15:05:51.243 [TX CF9] 67 29 B7 22 C2 05 4C 4A
15:05:51.255 [TX CF10] 67 2A D0 58 47 58 74 BF
15:05:51.267 [TX CF11] 67 2B C6 B4 30 34 25 26
15:05:51.279 [TX CF12] 67 2C 17 F9 48 A3 0B F4
15:05:51.291 [TX CF13] 67 2D A6 01 D0 DF 9F E1
15:05:51.303 [TX CF14] 67 2E E4 7F AF 17 4B EB
15:05:51.313 [TX CF15] 67 2F C4 1D 93 DA 0E 8E
15:05:51.325 [TX CF0] 67 20 03 C1 B7 47 41 D0
15:05:51.337 [TX CF1] 67 21 D7 78 3F 17 B8 32
15:05:51.348 [TX CF2] 67 22 40 1D 87 80 7F 90
15:05:51.359 [TX CF3] 67 23 0C 1E 8E AC ED 04
15:05:51.370 [TX CF4] 67 24 92 E9 4D 51 21 69
15:05:51.381 [TX CF5] 67 25 50 C1 70 D7 29 00
15:05:51.392 [TX CF6] 67 26 97 41 3A 36 48 E5
15:05:51.404 [TX CF7] 67 27 B6 39 04 96 7E 3A
15:05:51.415 [TX CF8] 67 28 74 8F 05 B8 30 04
15:05:51.426 [TX CF9] 67 29 B2 34 5B 02 5D 30
15:05:51.437 [TX CF10] 67 2A E8 25 D0 84 DE 26
15:05:51.449 [TX CF11] 67 2B 22 E0 2F 16 BA 34
15:05:51.460 [TX CF12] 67 2C 6E F1 13 A0 66 58
15:05:51.470 [TX CF13] 67 2D 20 E3 FC 10 29 64
15:05:51.482 [TX CF14] 67 2E D1 3B 0C 89 3D 2D
15:05:51.493 [TX CF15] 67 2F 0A F2 A0 E3 03 E0
15:05:51.505 [TX CF0] 67 20 8B A5 60 97 7B 94
15:05:51.516 [TX CF1] 67 21 B2 E0 94 13 DD 57
15:05:51.526 [TX CF2] 67 22 F0 4B 3B 3D 15 2E
15:05:51.537 [TX CF3] 67 23 90 25 3C F6 A2 2C
15:05:51.547 [TX CF4] 67 24 12 CE D1 1A 06 C0
15:05:51.558 [TX CF5] 67 25 11 9E 0E CA 05 29
15:05:51.570 [TX CF6] 67 26 B1 F4 B8 1B 23 FE
15:05:51.581 [TX CF7] 67 27 16 EF F1 0D 02 7E
15:05:51.593 [TX CF8] 67 28 16 84 A0 17 89 85
15:05:51.605 [TX CF9] 67 29 01 AD 85 67 A5 B4
15:05:51.617 [TX CF10] 67 2A F3 AA D0 F6 F4 3C
15:05:51.628 [TX CF11] 67 2B 3E 74 06 19 2F E2
15:05:51.639 [TX CF12] 67 2C 57 0A 45 3A 6B 00
15:05:51.651 [TX CF13] 67 2D D4 A6 20 94 90 F0
15:05:51.662 [TX CF14] 67 2E B8 2D E1 85 40 04
15:05:51.674 [TX CF15] 67 2F 88 2E 72 AE 7F A0
15:05:51.686 [TX CF0] 67 20 5E 06 36 56 AF F2
15:05:51.697 [TX CF1] 67 21 67 4F 6F 4D 81 86
15:05:51.707 [TX CF2] 67 22 13 F9 38 14 01 28
15:05:51.718 [TX CF3] 67 23 9C 84 60 42 C3 2E
15:05:51.730 [TX CF4] 67 24 48 87 33 35 81 49
15:05:51.740 [TX CF5] 67 25 E4 31 40 81 62 9B
15:05:51.752 [TX CF6] 67 26 E0 50 E6 E0 B0 6F
15:05:51.764 [TX CF7] 67 27 54 AC 85 0A 53 D1
15:05:51.775 [TX CF8] 67 28 A4 5E 5A 58 42 AF
15:05:51.786 [TX CF9] 67 29 2D 3C 21 CD 48 6E
15:05:51.797 [TX CF10] 67 2A ED 58 64 03 F0 2F
15:05:51.809 [TX CF11] 67 2B 8E D4 20 12 A8 7F
15:05:51.821 [TX CF12] 67 2C 46 6F 22 A5 5C 01
15:05:51.832 [TX CF13] 67 2D D0 62 AE 10 E9 17
15:05:51.844 [TX CF14] 67 2E 29 BC 16 01 9B 84
15:05:51.855 [TX CF15] 67 2F 49 9D 1C 1A 40 13
15:05:51.866 [TX CF0] 67 20 C0 68 93 85 01 E6
15:05:51.877 [TX CF1] 67 21 05 5C 1C 58 0D 60
15:05:51.888 [TX CF2] 67 22 BC 17 C0 F0 7E AF
15:05:51.899 [TX CF3] 67 23 75 28 F7 4B 65 67
15:05:51.911 [TX CF4] 67 24 0D 61 F0 89 FF 19
15:05:51.922 [TX CF5] 67 25 88 4F 19 A0 5F 78
15:05:51.934 [TX CF6] 67 26 10 78 E7 52 70 44
15:05:51.946 [TX CF7] 67 27 82 51 11 14 81 28
15:05:51.958 [TX CF8] 67 28 8B BF 20 6B 61 7B
15:05:51.970 [TX CF9] 67 29 C0 9F C0 BC 50 42
15:05:51.981 [TX CF10] 67 2A C0 06 22 1B 01 73
15:05:51.992 [TX CF11] 67 2B 3B 62 64 9E 13 E0
15:05:52.004 [TX CF12] 67 2C 89 0A E0 BC 50 26
15:05:52.017 [TX CF13] 67 2D 23 24 1E 28 1F F0
15:05:52.028 [TX CF14] 67 2E 91 FF 8F E9 4F 97
15:05:52.040 [TX CF15] 67 2F 60 21 61 75 E1 1F
15:05:52.051 [TX CF0] 67 20 FE 7C 77 B5 2A 40
15:05:52.062 [TX CF1] 67 21 B3 F1 88 F8 23 C8
15:05:52.072 [TX CF2] 67 22 12 A2 2A 1F A9 0F
15:05:52.083 [TX CF3] 67 23 26 00 33 4A 00 0A
15:05:52.095 [TX CF4] 67 24 C0 6B 0C 43 6B 04
15:05:52.106 [TX CF5] 67 25 80 10 12 A2 52 30
15:05:52.118 [TX CF6] 67 26 80 28 25 88 9C 01
15:05:52.130 [TX CF7] 67 27 19 40 0E D0 82 70
15:05:52.141 [TX CF8] 67 28 0E 21 3F A4 60 2F
15:05:52.152 [TX CF9] 67 29 83 3C 3A BE 7B 86
15:05:52.163 [TX CF10] 67 2A D6 7B 4D D4 DE C8
15:05:52.174 [TX CF11] 67 2B B8 4D FA 3E EB DC
15:05:52.185 [TX CF12] 67 2C A6 F1 B1 A1 4C FA
15:05:52.197 [TX CF13] 67 2D 40 CC 2D 17 C9 05
15:05:52.208 [TX CF14] 67 2E C3 FF 22 82 C8 7C
15:05:52.219 [TX CF15] 67 2F 11 C7 5E 15 BF E4
15:05:52.230 [TX CF0] 67 20 A1 B8 03 86 0E 8C
15:05:52.241 [TX CF1] 67 21 CA 01 34 A4 94 10
15:05:52.252 [TX CF2] 67 22 81 F4 A6 05 B8 21
15:05:52.263 [TX CF3] 67 23 F6 0B 84 6B C1 10
15:05:52.275 [TX CF4] 67 24 90 08 90 D3 5C 0C
15:05:52.286 [TX CF5] 67 25 28 07 10 3E A1 0D
15:05:52.298 [TX CF6] 67 26 FC 99 B0 D4 09 20
15:05:52.310 [TX CF7] 67 27 93 44 BC 00 BC 04
15:05:52.321 [TX CF8] 67 28 78 30 D0 84 C1 E1
15:05:52.331 [TX CF9] 67 29 30 F8 45 0C 47 80
15:05:52.342 [TX CF10] 67 2A 77 09 B4 6B E3 B2
15:05:52.355 [TX CF11] 67 2B 83 A2 A0 E9 C1 A4
15:05:52.366 [TX CF12] 67 2C DF 2D 94 92 93 09
15:05:52.377 [TX CF13] 67 2D 8C 68 04 B0 FD BF
15:05:52.389 [TX CF14] 67 2E 16 E3 00 01 AC 37
15:05:52.400 [TX CF15] 67 2F A2 6C 06 68 47 9F
15:05:52.411 [TX CF0] 67 20 20 D0 AF 18 98 C2
15:05:52.423 [TX CF1] 67 21 B7 0A 94 73 05 70
15:05:52.435 [TX CF2] 67 22 E1 DE F9 5B 2C D5
15:05:52.446 [TX CF3] 67 23 0A 0D D3 82 48 B0
15:05:52.457 [TX CF4] 67 24 57 38 15 F6 05 23
15:05:52.469 [TX CF5] 67 25 89 D0 E0 77 56 42
15:05:52.479 [TX CF6] 67 26 1C 89 15 4A 01 C2
15:05:52.491 [TX CF7] 67 27 C1 3E 90 0A 20 0C
15:05:52.502 [TX CF8] 67 28 42 03 00 88 D2 30
15:05:52.513 [TX CF9] 67 29 57 B8 5D E2 FD 2B
15:05:52.524 [TX CF10] 67 2A 83 29 20 04 03 04
15:05:52.535 [TX CF11] 67 2B 95 07 B0 81 DF 7B
15:05:52.547 [TX CF12] 67 2C 70 78 7F 50 8B 84
15:05:52.557 [TX CF13] 67 2D 06 49 1C A1 C1 00
15:05:52.569 [TX CF14] 67 2E 90 08 20 58 40 44
15:05:52.579 [TX CF15] 67 2F 08 75 0B 81 01 F6
15:05:52.591 [TX CF0] 67 20 10 89 14 02 3A 31
15:05:52.603 [TX CF1] 67 21 43 79 F8 09 60 11
15:05:52.615 [TX CF2] 67 22 03 FF 7F 27 E3 FF
15:05:52.625 [TX CF3] 67 23 05 81 01 05 C2 E4
15:05:52.638 [TX CF4] 67 24 48 16 96 25 F2 05
15:05:52.649 [TX CF5] 67 25 A3 01 22 C9 40 CF
15:05:52.661 [TX CF6] 67 26 38 40 85 78 51 E7
15:05:52.672 [TX CF7] 67 27 1B 5C 35 24 49 85
15:05:52.684 [TX CF8] 67 28 2A C0 79 46 C1 04
15:05:52.695 [TX CF9] 67 29 90 E1 29 51 3B 44
15:05:52.706 [TX CF10] 67 2A 2E 81 FC E8 C1 60
15:05:52.718 [TX CF11] 67 2B 18 3A 67 2A 03 29
15:05:52.729 [TX CF12] 67 2C B4 15 00 75 61 05
15:05:52.740 [TX CF13] 67 2D FF 50 24 45 FD 3A
15:05:52.752 [TX CF14] 67 2E 1F D9 8E F4 B1 85
15:05:52.763 [TX CF15] 67 2F E8 B3 3D E6 93 0A
15:05:52.774 [TX CF0] 67 20 B4 54 A0 FF CE A1
15:05:52.785 [TX CF1] 67 21 79 0B BD 32 95 0D
15:05:52.797 [TX CF2] 67 22 31 29 EE FE DA AD
15:05:52.809 [TX CF3] 67 23 06 B5 3B C6 40 E0
15:05:52.820 [TX CF4] 67 24 38 98 04 A6 75 D0
15:05:52.831 [TX CF5] 67 25 B6 97 21 80 CA E6
15:05:52.842 [TX CF6] 67 26 DD 08 04 8F 87 72
15:05:52.852 [TX CF7] 67 27 C1 DE A0 96 8B 65
15:05:52.862 [TX CF8] 67 28 34 E6 84 2F A3 AC
15:05:52.873 [TX CF9] 67 29 A1 4B 7A 78 98 15
15:05:52.885 [TX CF10] 67 2A 86 31 6A A5 64 68
15:05:52.896 [TX CF11] 67 2B 52 8E 96 84 4F 87
15:05:52.908 [TX CF12] 67 2C 45 17 86 DF FE 64
15:05:52.920 [TX CF13] 67 2D 40 EF 84 87 A6 09
15:05:52.932 [TX CF14] 67 2E 40 F2 85 90 2C 05
15:05:52.944 [TX CF15] 67 2F 0A 39 D2 B0 C1 E9
15:05:52.955 [TX CF0] 67 20 30 F8 CF 46 05 2B
15:05:52.968 [TX CF1] 67 21 81 1F 01 E0 1F 41
15:05:52.979 [TX CF2] 67 22 82 20 C1 31 A1 16
15:05:52.990 [TX CF3] 67 23 FC 21 30 81 CA E1
15:05:53.002 [TX CF4] 67 24 A5 E0 24 35 12 D4
15:05:53.012 [TX CF5] 67 25 12 18 89 6E 1A A9
15:05:53.023 [TX CF6] 67 26 72 52 AE 15 44 E4
15:05:53.035 [TX CF7] 67 27 1F 0E B1 BE 17 AA
15:05:53.047 [TX CF8] 67 28 18 1B 94 08 0A 05
15:05:53.058 [TX CF9] 67 29 C9 09 84 70 19 0E
15:05:53.070 [TX CF10] 67 2A 8A F4 DC 42 C9 D0
15:05:53.082 [TX CF11] 67 2B A5 95 61 2F C1 60
15:05:53.093 [TX CF12] 67 2C E8 48 71 34 98 F2
15:05:53.105 [TX CF13] 67 2D 40 00 3E 10 6E 85
15:05:53.116 [TX CF14] 67 2E 57 A7 03 95 4D 3A
15:05:53.127 [TX CF15] 67 2F 11 31 D0 12 A9 1F
15:05:53.139 [TX CF0] 67 20 42 9F E0 07 20 1A
15:05:53.151 [TX CF1] 67 21 02 81 07 A0 43 E0
15:05:53.162 [TX CF2] 67 22 72 89 87 46 13 04
15:05:53.172 [TX CF3] 67 23 4D 21 20 2B 00 09
15:05:53.184 [TX CF4] 67 24 06 81 18 11 C0 54
15:05:53.194 [TX CF5] 67 25 01 92 85 A3 FF 13
15:05:53.205 [TX CF6] 67 26 DE CE D3 A3 C7 D3
15:05:53.216 [TX CF7] 67 27 F0 A6 F0 50 61 08
15:05:53.228 [TX CF8] 67 28 98 28 B0 B0 2A 61
15:05:53.241 [TX CF9] 67 29 55 40 A3 4A DC A4
15:05:53.252 [TX CF10] 67 2A 84 9A 84 86 D0 BC
15:05:53.263 [TX CF11] 67 2B 47 E1 36 FC 07 90
15:05:53.275 [TX CF12] 67 2C 86 74 4A A0 2C 30
15:05:53.287 [TX CF13] 67 2D 87 AA 45 56 E1 2B
15:05:53.298 [TX CF14] 67 2E 2E 43 5B 83 D6 D3
15:05:53.309 [TX CF15] 67 2F D0 4A C9 38 39 90
15:05:53.320 [TX CF0] 67 20 F0 5C 9F B8 46 3C
15:05:53.331 [TX CF1] 67 21 0A 84 20 68 D0 17
15:05:53.342 [TX CF2] 67 22 11 8A 10 57 61 08
15:05:53.352 [TX CF3] 67 23 98 C8 6C 08 8C 28
15:05:53.362 [TX CF4] 67 24 28 98 60 36 08 82
15:05:53.373 [TX CF5] 67 25 76 13 4A 0B D4 23
15:05:53.384 [TX CF6] 67 26 E8 E0 6D 9F D5 6E
15:05:53.394 [TX CF7] 67 27 0B 94 24 18 14 86
15:05:53.404 [TX CF8] 67 28 1E 1B 96 82 E4 B4
15:05:53.415 [TX CF9] 67 29 C2 30 A5 85 DD 84
15:05:53.427 [TX CF10] 67 2A 04 87 00 CC 0A 3A
15:05:53.438 [TX CF11] 67 2B ED 02 C2 51 8A 6C
15:05:53.450 [TX CF12] 67 2C 66 99 2C B0 30 D0
15:05:53.460 [TX CF13] 67 2D B1 FF 58 F8 25 50
15:05:53.471 [TX CF14] 67 2E 66 A1 C8 83 C0 7A
15:05:53.482 [TX CF15] 67 2F AE 64 26 5B DC 44
15:05:53.493 [TX CF0] 67 20 1F 81 0F 68 E1 14
15:05:53.504 [TX CF1] 67 21 4E 83 FF 90 AE 90
15:05:53.516 [TX CF2] 67 22 80 D0 38 12 28 94
15:05:53.527 [TX CF3] 67 23 10 F4 84 0F A6 40
15:05:53.538 [TX CF4] 67 24 C3 05 20 E0 41 45
15:05:53.550 [TX CF5] 67 25 68 42 29 38 8A 14
15:05:53.561 [TX CF6] 67 26 13 A7 0D 6D 43 80
15:05:53.571 [TX CF7] 67 27 A0 B4 B0 05 22 CB
15:05:53.583 [TX CF8] 67 28 06 11 E1 86 3D D0
15:05:53.594 [TX CF9] 67 29 6F C3 D0 F1 B7 F1
15:05:53.605 [TX CF10] 67 2A E8 38 71 71 21 41
15:05:53.617 [TX CF11] 67 2B 6A E0 E3 C2 49 03
15:05:53.627 [TX CF12] 67 2C 46 20 40 C2 01 CE
15:05:53.640 [TX CF13] 67 2D 84 40 9C B8 43 1C
15:05:53.651 [TX CF14] 67 2E F0 A8 80 72 61 80
15:05:53.662 [TX CF15] 67 2F DA FF FC EF 0C 23
15:05:53.674 [TX CF0] 67 20 34 98 45 82 11 20
15:05:53.685 [TX CF1] 67 21 0E 61 DE FF C0 49
15:05:53.696 [TX CF2] 67 22 F0 C0 E0 11 08 04
15:05:53.707 [TX CF3] 67 23 29 C6 87 44 28 87
15:05:53.718 [TX CF4] 67 24 C3 69 1B FF FF FF
15:05:53.739 [RX SF ] 67 02 76 0C FF FF FF FF
15:05:53.739 [RX    ] 76 0C
15:05:53.740 [PASS  ] TransferData block=12 | expected: 76 ... | received: 76 0C
15:05:53.752 ------------------------------------------------------------------------
15:05:53.752 [STEP  ] 0x36 block=13  offset=24480/45254  (54%)
15:05:53.753 [TX TransferData block=13 len=2040] 36 0D D1 43 E4 91 6D 2C 7A F1 46 A0 4C 19 38 50...
15:05:53.754 [TX FF ] 67 17 FA 36 0D D1 43 E4
15:05:53.765 [TX CF1] 67 21 91 6D 2C 7A F1 46
15:05:53.776 [TX CF2] 67 22 A0 4C 19 38 50 25
15:05:53.786 [TX CF3] 67 23 F5 C9 84 26 21 5C
15:05:53.797 [TX CF4] 67 24 BC 50 2B 71 C4 BA
15:05:53.808 [TX CF5] 67 25 1F 4E 8F C3 78 CB
15:05:53.819 [TX CF6] 67 26 42 31 B4 86 52 C8
15:05:53.829 [TX CF7] 67 27 F8 D8 21 74 C8 E5
15:05:53.841 [TX CF8] 67 28 85 F8 84 03 29 00
15:05:53.852 [TX CF9] 67 29 CE 48 B0 0F 04 20
15:05:53.863 [TX CF10] 67 2A 9D 08 15 E2 35 72
15:05:53.875 [TX CF11] 67 2B A0 3E 01 FD 74 7B
15:05:53.887 [TX CF12] 67 2C 05 60 36 51 27 CC
15:05:53.898 [TX CF13] 67 2D 20 AC 61 14 47 30
15:05:53.910 [TX CF14] 67 2E 52 62 08 00 5C 24
15:05:53.922 [TX CF15] 67 2F 2E FC 1F F0 01 E1
15:05:53.933 [TX CF0] 67 20 80 57 B7 9E 2B 0C
15:05:53.945 [TX CF1] 67 21 FF BB 83 E1 67 2F
15:05:53.956 [TX CF2] 67 22 D2 0D 1F F6 3F 41
15:05:53.968 [TX CF3] 67 23 80 67 64 7B EA 37
15:05:53.979 [TX CF4] 67 24 6E CB F8 C6 44 75
15:05:53.991 [TX CF5] 67 25 F3 2E 55 5F D3 74
15:05:54.002 [TX CF6] 67 26 D2 51 AA 51 E8 42
15:05:54.013 [TX CF7] 67 27 66 0B C4 31 EE 83
15:05:54.023 [TX CF8] 67 28 E0 08 E6 8E 85 F7
15:05:54.035 [TX CF9] 67 29 E8 46 23 76 4A 33
15:05:54.047 [TX CF10] 67 2A 77 20 BA 4E A4 1D
15:05:54.058 [TX CF11] 67 2B A8 71 44 D0 4A 21
15:05:54.069 [TX CF12] 67 2C 3D 0F DF DE 1E 51
15:05:54.079 [TX CF13] 67 2D 82 51 05 E8 7E 7E
15:05:54.090 [TX CF14] 67 2E F7 CF DD 02 3C DC
15:05:54.101 [TX CF15] 67 2F C6 86 D2 C2 04 EE
15:05:54.112 [TX CF0] 67 20 86 21 B4 C4 0F 80
15:05:54.123 [TX CF1] 67 21 80 E0 23 10 3B 44
15:05:54.134 [TX CF2] 67 22 C2 95 1A A0 42 24
15:05:54.145 [TX CF3] 67 23 7C BA F4 0A 49 0C
15:05:54.156 [TX CF4] 67 24 AF 92 10 C5 DE 64
15:05:54.167 [TX CF5] 67 25 74 39 63 F2 0A 04
15:05:54.179 [TX CF6] 67 26 50 91 05 82 87 68
15:05:54.190 [TX CF7] 67 27 5A A0 25 41 51 00
15:05:54.201 [TX CF8] 67 28 99 0E 65 E4 4F 84
15:05:54.213 [TX CF9] 67 29 26 F1 21 A1 EE A4
15:05:54.225 [TX CF10] 67 2A 75 B8 03 9F 01 E2
15:05:54.237 [TX CF11] 67 2B 14 36 04 0F 98 4A
15:05:54.248 [TX CF12] 67 2C C8 08 D2 85 5E 28
15:05:54.258 [TX CF13] 67 2D 56 0A 4D E1 80 83
15:05:54.270 [TX CF14] 67 2E E7 09 05 28 47 84
15:05:54.281 [TX CF15] 67 2F 08 D1 0B 43 06 4E
15:05:54.292 [TX CF0] 67 20 50 0B 54 22 E0 CA
15:05:54.304 [TX CF1] 67 21 CA 36 37 BB 00 3B
15:05:54.316 [TX CF2] 67 22 C9 DE 82 F1 02 4A
15:05:54.326 [TX CF3] 67 23 0F 0C 84 48 44 A9
15:05:54.338 [TX CF4] 67 24 91 B8 CC 72 D1 A4
15:05:54.350 [TX CF5] 67 25 83 C1 7A A1 44 23
15:05:54.361 [TX CF6] 67 26 96 30 A6 59 0A 17
15:05:54.373 [TX CF7] 67 27 DB A6 32 48 84 D4
15:05:54.384 [TX CF8] 67 28 24 8B 46 20 90 96
15:05:54.395 [TX CF9] 67 29 24 93 3E 03 99 FF
15:05:54.407 [TX CF10] 67 2A FF DF E6 60 68 31
15:05:54.419 [TX CF11] 67 2B 7F E2 AE 11 08 89
15:05:54.430 [TX CF12] 67 2C 5B 09 86 D2 15 4B
15:05:54.441 [TX CF13] 67 2D C0 40 23 71 82 32
15:05:54.453 [TX CF14] 67 2E 10 9A 6C A1 EA 0C
15:05:54.464 [TX CF15] 67 2F 61 D9 05 20 B9 94
15:05:54.475 [TX CF0] 67 20 FE 41 10 A1 E1 1B
15:05:54.487 [TX CF1] 67 21 40 50 24 14 38 2D
15:05:54.499 [TX CF2] 67 22 02 3B 60 2F 61 30
15:05:54.511 [TX CF3] 67 23 25 83 04 C0 50 A8
15:05:54.523 [TX CF4] 67 24 17 FF FF EF FF 40
15:05:54.535 [TX CF5] 67 25 32 C2 22 58 70 84
15:05:54.547 [TX CF6] 67 26 06 47 9A A1 C0 AC
15:05:54.558 [TX CF7] 67 27 02 44 22 22 C0 4E
15:05:54.570 [TX CF8] 67 28 88 0B 50 C6 12 00
15:05:54.580 [TX CF9] 67 29 15 40 6D 04 5C 84
15:05:54.590 [TX CF10] 67 2A 36 97 23 18 83 03
15:05:54.600 [TX CF11] 67 2B B0 50 AD 17 E3 50
15:05:54.611 [TX CF12] 67 2C 22 84 05 B9 DE 85
15:05:54.622 [TX CF13] 67 2D E8 1C B0 18 7F 78
15:05:54.634 [TX CF14] 67 2E C1 0D 65 F3 E6 3F
15:05:54.644 [TX CF15] 67 2F BF F8 C5 9E 05 00
15:05:54.655 [TX CF0] 67 20 0C E0 E6 40 82 84
15:05:54.666 [TX CF1] 67 21 02 53 02 E8 25 70
15:05:54.678 [TX CF2] 67 22 81 74 57 08 06 90
15:05:54.690 [TX CF3] 67 23 A5 7E C4 28 ED 70
15:05:54.701 [TX CF4] 67 24 BB 02 12 08 04 72
15:05:54.712 [TX CF5] 67 25 30 1C 92 43 08 16
15:05:54.724 [TX CF6] 67 26 45 1F 84 0F 23 6A
15:05:54.735 [TX CF7] 67 27 A3 44 6E 90 09 5A
15:05:54.746 [TX CF8] 67 28 05 19 58 77 08 5F
15:05:54.756 [TX CF9] 67 29 81 06 84 DB F7 69
15:05:54.767 [TX CF10] 67 2A A3 21 90 82 78 10
15:05:54.777 [TX CF11] 67 2B 59 4C 11 C0 A3 F2
15:05:54.789 [TX CF12] 67 2C 89 7F 20 BB 08 02
15:05:54.800 [TX CF13] 67 2D 12 09 44 1F A1 50
15:05:54.812 [TX CF14] 67 2E 90 C0 37 EF 84 10
15:05:54.824 [TX CF15] 67 2F 18 7E FA 21 F4 16
15:05:54.835 [TX CF0] 67 20 48 7D C9 B0 B2 30
15:05:54.847 [TX CF1] 67 21 83 74 60 94 8C 14
15:05:54.858 [TX CF2] 67 22 35 01 84 05 70 00
15:05:54.869 [TX CF3] 67 23 DA 18 15 84 08 96
15:05:54.880 [TX CF4] 67 24 42 65 0A A0 1F D0
15:05:54.890 [TX CF5] 67 25 0E A0 9C 41 91 9F
15:05:54.901 [TX CF6] 67 26 C3 5D FC 77 20 A0
15:05:54.911 [TX CF7] 67 27 49 02 8A 68 04 5C
15:05:54.922 [TX CF8] 67 28 1B D4 B2 18 9A 0F
15:05:54.933 [TX CF9] 67 29 26 87 C9 87 A3 B2
15:05:54.945 [TX CF10] 67 2A 53 AD 03 90 7F 7E
15:05:54.956 [TX CF11] 67 2B FC BF D2 9B 03 FE
15:05:54.967 [TX CF12] 67 2C 11 5A 44 26 53 25
15:05:54.979 [TX CF13] 67 2D EC 40 74 55 2A E6
15:05:54.991 [TX CF14] 67 2E 5E 88 95 C2 15 10
15:05:55.002 [TX CF15] 67 2F 8B 47 24 52 89 74
15:05:55.013 [TX CF0] 67 20 D2 75 40 88 52 28
15:05:55.024 [TX CF1] 67 21 18 B2 6E 10 EA 46
15:05:55.035 [TX CF2] 67 22 01 6B 0C 35 6A 06
15:05:55.047 [TX CF3] 67 23 21 6E 84 2E 91 C0
15:05:55.058 [TX CF4] 67 24 5C 43 0A 6A 01 89
15:05:55.070 [TX CF5] 67 25 6F 62 B6 81 74 0C
15:05:55.081 [TX CF6] 67 26 1D 79 02 EE 18 2A
15:05:55.091 [TX CF7] 67 27 E6 05 F4 29 AC 28
15:05:55.103 [TX CF8] 67 28 0C 00 60 4B B0 31
15:05:55.114 [TX CF9] 67 29 49 E4 8A F8 08 70
15:05:55.126 [TX CF10] 67 2A 86 44 E4 08 68 36
15:05:55.137 [TX CF11] 67 2B B0 B0 3A 10 0A C5
15:05:55.148 [TX CF12] 67 2C 0E A5 08 50 63 D4
15:05:55.160 [TX CF13] 67 2D 34 61 00 F0 60 23
15:05:55.171 [TX CF14] 67 2E 5F FF BD 4B F3 01
15:05:55.183 [TX CF15] 67 2F D9 36 B1 E8 70 22
15:05:55.193 [TX CF0] 67 20 FC 11 04 10 3A 4C
15:05:55.203 [TX CF1] 67 21 31 B3 82 4F 16 34
15:05:55.214 [TX CF2] 67 22 B4 A2 06 11 86 5A
15:05:55.224 [TX CF3] 67 23 14 4F CB 69 28 07
15:05:55.234 [TX CF4] 67 24 65 91 00 0D 06 82
15:05:55.245 [TX CF5] 67 25 11 0D AC 11 FB 04
15:05:55.256 [TX CF6] 67 26 A6 07 D0 69 E1 38
15:05:55.267 [TX CF7] 67 27 FC E8 1A B0 90 C0
15:05:55.277 [TX CF8] 67 28 6B 61 10 DE B1 12
15:05:55.288 [TX CF9] 67 29 2C A1 0E A5 60 A3
15:05:55.299 [TX CF10] 67 2A 11 4B 41 C1 22 3E
15:05:55.310 [TX CF11] 67 2B 10 DA 6C 94 C4 05
15:05:55.323 [TX CF12] 67 2C 0F 53 23 8D C1 A5
15:05:55.334 [TX CF13] 67 2D 74 38 9D 80 45 B4
15:05:55.346 [TX CF14] 67 2E 20 4A 0D 2E D1 E0
15:05:55.358 [TX CF15] 67 2F 92 79 20 82 9D 0F
15:05:55.370 [TX CF0] 67 20 78 D8 4C 69 42 19
15:05:55.381 [TX CF1] 67 21 10 40 3F 8D D4 48
15:05:55.393 [TX CF2] 67 22 48 95 70 78 21 F8
15:05:55.405 [TX CF3] 67 23 3F A0 C2 47 E1 6E
15:05:55.417 [TX CF4] 67 24 51 C2 4C 02 23 09
15:05:55.429 [TX CF5] 67 25 A1 E9 7F DB 54 DC
15:05:55.439 [TX CF6] 67 26 11 41 10 12 88 87
15:05:55.451 [TX CF7] 67 27 42 29 28 98 F4 23
15:05:55.463 [TX CF8] 67 28 32 8A 47 41 66 81
15:05:55.474 [TX CF9] 67 29 0F 0E 37 82 46 FA
15:05:55.485 [TX CF10] 67 2A 06 07 E2 98 BE E1
15:05:55.497 [TX CF11] 67 2B 87 78 B6 8F D0 66
15:05:55.509 [TX CF12] 67 2C 9E 29 C7 8A 03 2C
15:05:55.521 [TX CF13] 67 2D 80 74 36 BE 09 45
15:05:55.533 [TX CF14] 67 2E E3 89 09 A0 41 A8
15:05:55.544 [TX CF15] 67 2F 10 E5 2E 08 C4 20
15:05:55.556 [TX CF0] 67 20 1D 2D 7F 82 06 A1
15:05:55.567 [TX CF1] 67 21 06 13 D3 D5 F8 1B
15:05:55.578 [TX CF2] 67 22 38 41 FF 90 09 62
15:05:55.591 [TX CF3] 67 23 2D 00 3E 12 5F D4
15:05:55.602 [TX CF4] 67 24 97 C4 A9 42 2D E2
15:05:55.612 [TX CF5] 67 25 04 60 D9 43 9A F2
15:05:55.623 [TX CF6] 67 26 06 6F FC 8E F8 B9
15:05:55.635 [TX CF7] 67 27 94 80 4E 11 E5 6C
15:05:55.645 [TX CF8] 67 28 12 08 5F 8A 06 00
15:05:55.655 [TX CF9] 67 29 87 25 E0 B4 DE 00
15:05:55.666 [TX CF10] 67 2A 38 7F E5 10 8E 8F
15:05:55.676 [TX CF11] 67 2B FE 52 9A 43 54 14
15:05:55.688 [TX CF12] 67 2C 02 55 03 E8 FF BE
15:05:55.700 [TX CF13] 67 2D F3 D7 76 12 0F DF
15:05:55.711 [TX CF14] 67 2E 84 2C 80 5F 0A B0
15:05:55.722 [TX CF15] 67 2F 62 05 08 21 8C 3E
15:05:55.733 [TX CF0] 67 20 9E 19 8A B2 0F 08
15:05:55.744 [TX CF1] 67 21 07 0A 3C 1A FF 0E
15:05:55.756 [TX CF2] 67 22 84 C8 38 14 68 32
15:05:55.767 [TX CF3] 67 23 18 09 7D 65 39 04
15:05:55.779 [TX CF4] 67 24 BE 51 D0 85 4B EE
15:05:55.791 [TX CF5] 67 25 5D 10 02 16 EE 8C
15:05:55.802 [TX CF6] 67 26 2A 41 28 B8 5B AE
15:05:55.813 [TX CF7] 67 27 10 29 34 02 49 6B
15:05:55.824 [TX CF8] 67 28 A3 40 35 55 28 E4
15:05:55.835 [TX CF9] 67 29 03 52 52 C3 C1 B2
15:05:55.847 [TX CF10] 67 2A 0D 21 5F FF DA 28
15:05:55.858 [TX CF11] 67 2B D8 0B C6 A2 AA 2B
15:05:55.870 [TX CF12] 67 2C C2 81 78 B4 C7 31
15:05:55.881 [TX CF13] 67 2D 02 D0 60 17 8D 48
15:05:55.892 [TX CF14] 67 2E BA 11 52 54 7F FE
15:05:55.904 [TX CF15] 67 2F A6 33 C8 B8 4D A3
15:05:55.915 [TX CF0] 67 20 BF 6D 95 90 54 0C
15:05:55.927 [TX CF1] 67 21 0A 51 E1 ED CC 12
15:05:55.938 [TX CF2] 67 22 B8 78 60 52 CA 3F
15:05:55.950 [TX CF3] 67 23 46 D1 78 99 40 20
15:05:55.962 [TX CF4] 67 24 54 04 8E 02 5C A5
15:05:55.973 [TX CF5] 67 25 E3 98 04 E0 49 50
15:05:55.983 [TX CF6] 67 26 E8 7A 06 30 CB BF
15:05:55.995 [TX CF7] 67 27 F0 41 08 19 88 25
15:05:56.007 [TX CF8] 67 28 0A 2D D0 13 F0 3D
15:05:56.018 [TX CF9] 67 29 CA 58 2B 8F 70 2D
15:05:56.029 [TX CF10] 67 2A 0C E9 00 BB 4D C9
15:05:56.041 [TX CF11] 67 2B 20 1D C4 67 88 33
15:05:56.053 [TX CF12] 67 2C 8E DA 43 84 6B 87
15:05:56.064 [TX CF13] 67 2D 77 B7 CE F3 C0 24
15:05:56.076 [TX CF14] 67 2E E3 7C 22 E3 88 66
15:05:56.088 [TX CF15] 67 2F 90 08 21 B2 09 01
15:05:56.099 [TX CF0] 67 20 11 08 2F FE 40 D5
15:05:56.110 [TX CF1] 67 21 81 43 04 9C 16 80
15:05:56.122 [TX CF2] 67 22 AB 0F FF F8 A7 95
15:05:56.134 [TX CF3] 67 23 FE 38 55 40 75 96
15:05:56.145 [TX CF4] 67 24 A2 E0 1C 43 D0 3B
15:05:56.156 [TX CF5] 67 25 82 E3 05 90 5D 7C
15:05:56.167 [TX CF6] 67 26 2C 58 2F DE 18 94
15:05:56.179 [TX CF7] 67 27 82 F8 37 87 F3 D1
15:05:56.190 [TX CF8] 67 28 0F 20 39 80 26 85
15:05:56.202 [TX CF9] 67 29 02 30 A7 02 81 1A
15:05:56.213 [TX CF10] 67 2A 7D 21 99 65 41 38
15:05:56.223 [TX CF11] 67 2B 98 74 3C 12 1C 4C
15:05:56.234 [TX CF12] 67 2C 00 C4 81 37 08 07
15:05:56.245 [TX CF13] 67 2D 63 0D E0 A0 47 CC
15:05:56.256 [TX CF14] 67 2E 58 60 CC F0 A8 70
15:05:56.267 [TX CF15] 67 2F 33 61 7F F0 40 23
15:05:56.278 [TX CF0] 67 20 F6 AE 85 62 70 FD
15:05:56.290 [TX CF1] 67 21 42 35 E1 C0 1A 01
15:05:56.302 [TX CF2] 67 22 ED F8 22 86 C8 77
15:05:56.313 [TX CF3] 67 23 C6 78 12 D0 74 7D
15:05:56.324 [TX CF4] 67 24 67 08 FB BE 0E 01
15:05:56.336 [TX CF5] 67 25 C4 1F 61 9E 3F 81
15:05:56.348 [TX CF6] 67 26 C2 3F A1 CE 3D 9F
15:05:56.359 [TX CF7] 67 27 82 A1 38 A0 F4 34
15:05:56.370 [TX CF8] 67 28 A6 20 FE 66 B0 3C
15:05:56.382 [TX CF9] 67 29 22 F4 52 B0 48 A0
15:05:56.393 [TX CF10] 67 2A DC 0F 8C 93 59 70
15:05:56.405 [TX CF11] 67 2B 62 E0 5A C2 0F 22
15:05:56.416 [TX CF12] 67 2C 48 A1 28 8E A3 50
15:05:56.428 [TX CF13] 67 2D A9 FF 3D 97 29 51
15:05:56.440 [TX CF14] 67 2E 62 0B 9A 05 38 04
15:05:56.452 [TX CF15] 67 2F 36 60 82 C2 95 FC
15:05:56.462 [TX CF0] 67 20 96 5D 65 72 0B 45
15:05:56.474 [TX CF1] 67 21 D5 0A A4 59 0E 0D
15:05:56.484 [TX CF2] 67 22 07 F9 6C BB CB A4
15:05:56.494 [TX CF3] 67 23 1A 8B B8 E9 0F 45
15:05:56.507 [TX CF4] 67 24 DD 13 A4 81 17 0C
15:05:56.518 [TX CF5] 67 25 DB F8 8F 52 4E 91
15:05:56.529 [TX CF6] 67 26 05 28 02 35 09 65
15:05:56.540 [TX CF7] 67 27 53 19 20 97 C8 6D
15:05:56.551 [TX CF8] 67 28 15 48 22 4A 39 82
15:05:56.561 [TX CF9] 67 29 50 19 2F F2 69 20
15:05:56.571 [TX CF10] 67 2A FB 81 60 91 42 60
15:05:56.583 [TX CF11] 67 2B 5A 88 E2 67 08 F7
15:05:56.595 [TX CF12] 67 2C F1 37 86 0A 93 68
15:05:56.606 [TX CF13] 67 2D 41 43 19 FE 42 24
15:05:56.618 [TX CF14] 67 2E 07 1C 20 E9 70 28
15:05:56.629 [TX CF15] 67 2F DF BF BD 87 FE 8E
15:05:56.640 [TX CF0] 67 20 40 B3 82 05 2F 42
15:05:56.650 [TX CF1] 67 21 74 18 62 48 58 52
15:05:56.661 [TX CF2] 67 22 66 18 37 F2 23 20
15:05:56.671 [TX CF3] 67 23 EC 28 65 A7 7F D4
15:05:56.682 [TX CF4] 67 24 99 27 32 FD FE C3
15:05:56.692 [TX CF5] 67 25 F8 73 7C 07 D6 92
15:05:56.704 [TX CF6] 67 26 C8 20 30 4B E6 82
15:05:56.715 [TX CF7] 67 27 87 D9 FB 96 5C B4
15:05:56.726 [TX CF8] 67 28 08 90 2E 50 89 15
15:05:56.737 [TX CF9] 67 29 A2 92 A8 53 C7 FB
15:05:56.748 [TX CF10] 67 2A D6 5D 35 48 E8 2E
15:05:56.758 [TX CF11] 67 2B 8B 8C 2C AB 98 62
15:05:56.768 [TX CF12] 67 2C 8B A8 7B 4B 70 2E
15:05:56.780 [TX CF13] 67 2D FA B4 48 17 75 C6
15:05:56.791 [TX CF14] 67 2E 1F F3 28 06 64 63
15:05:56.802 [TX CF15] 67 2F CB F0 7A 1F B9 32
15:05:56.814 [TX CF0] 67 20 56 1D 74 82 4E 97
15:05:56.826 [TX CF1] 67 21 04 74 8A 5C 15 EA
15:05:56.838 [TX CF2] 67 22 15 A5 F0 32 96 20
15:05:56.849 [TX CF3] 67 23 3C 2F DB 25 0A C3
15:05:56.861 [TX CF4] 67 24 28 19 8B 2C 1D E7
15:05:56.871 [TX CF5] 67 25 EE 73 20 C7 78 19
15:05:56.883 [TX CF6] 67 26 88 54 69 2A E4 B6
15:05:56.894 [TX CF7] 67 27 BF B1 2A 18 7F 02
15:05:56.907 [TX CF8] 67 28 8F 26 82 14 EA 4A
15:05:56.917 [TX CF9] 67 29 97 2D 63 30 1A 6A
15:05:56.928 [TX CF10] 67 2A F8 18 5B 38 1D 37
15:05:56.939 [TX CF11] 67 2B EC B9 85 E3 C0 F4
15:05:56.950 [TX CF12] 67 2C 4B 8B 33 80 C0 0F
15:05:56.961 [TX CF13] 67 2D AB 2D 32 68 A5 97
15:05:56.973 [TX CF14] 67 2E FD C1 A4 16 95 84
15:05:56.984 [TX CF15] 67 2F EB 8C 1B FA 63 1A
15:05:56.995 [TX CF0] 67 20 50 D7 9A 00 F0 24
15:05:57.006 [TX CF1] 67 21 2E 5C B0 AE 70 6A
15:05:57.018 [TX CF2] 67 22 EE 80 79 0E 90 EF
15:05:57.030 [TX CF3] 67 23 CE A8 6A 0D 00 66
15:05:57.042 [TX CF4] 67 24 6D 10 EE EE E0 69
15:05:57.053 [TX CF5] 67 25 2E B8 58 49 3C 12
15:05:57.064 [TX CF6] 67 26 B7 BC 61 A0 F8 1B
15:05:57.075 [TX CF7] 67 27 98 68 26 3A 9B 85
15:05:57.087 [TX CF8] 67 28 02 38 4C C2 5B 28
15:05:57.098 [TX CF9] 67 29 FC 74 E5 F2 09 C0
15:05:57.110 [TX CF10] 67 2A 1E 19 77 E9 48 84
15:05:57.122 [TX CF11] 67 2B 0E 41 33 F0 07 50
15:05:57.133 [TX CF12] 67 2C 9E 3D A0 12 C2 2E
15:05:57.145 [TX CF13] 67 2D 42 85 1C 85 3E 01
15:05:57.156 [TX CF14] 67 2E 21 21 4A 7C 02 29
15:05:57.167 [TX CF15] 67 2F C2 47 28 FB 74 E4
15:05:57.179 [TX CF0] 67 20 72 09 1F 82 0A 12
15:05:57.190 [TX CF1] 67 21 07 55 E6 94 5E 65
15:05:57.201 [TX CF2] 67 22 37 88 0C A6 3F D1
15:05:57.212 [TX CF3] 67 23 09 A0 9C 40 33 86
15:05:57.223 [TX CF4] 67 24 26 31 1A A5 62 63
15:05:57.234 [TX CF5] 67 25 51 3E 80 2D 28 27
15:05:57.246 [TX CF6] 67 26 42 32 0D 06 0F 29
15:05:57.256 [TX CF7] 67 27 86 76 62 1E 08 C5
15:05:57.267 [TX CF8] 67 28 32 41 00 FE FD F1
15:05:57.278 [TX CF9] 67 29 DF F9 14 A2 25 D0
15:05:57.290 [TX CF10] 67 2A 08 A5 82 29 C0 14
15:05:57.301 [TX CF11] 67 2B 07 19 FF 5A 23 20
15:05:57.313 [TX CF12] 67 2C 7D A1 14 FC 42 5F
15:05:57.324 [TX CF13] 67 2D B0 C1 4C 98 40 15
15:05:57.335 [TX CF14] 67 2E 08 40 3E 12 CF D4
15:05:57.347 [TX CF15] 67 2F 09 B6 00 5E 18 97
15:05:57.359 [TX CF0] 67 20 E2 07 B0 F8 6F 64
15:05:57.371 [TX CF1] 67 21 1E D0 D8 10 28 58
15:05:57.383 [TX CF2] 67 22 7F 08 46 02 07 00
15:05:57.394 [TX CF3] 67 23 8C 08 61 84 27 80
15:05:57.405 [TX CF4] 67 24 80 44 04 30 C8 04
15:05:57.416 [TX CF5] 67 25 50 C1 A0 42 0C 2A
15:05:57.428 [TX CF6] 67 26 C6 80 20 1A 5E D8
15:05:57.439 [TX CF7] 67 27 9F 0A E3 78 01 20
15:05:57.451 [TX CF8] 67 28 1B 49 35 26 11 68
15:05:57.462 [TX CF9] 67 29 A1 41 EA 50 F2 DE
15:05:57.473 [TX CF10] 67 2A 10 8B 04 92 90 DD
15:05:57.485 [TX CF11] 67 2B 02 07 6C 91 D3 34
15:05:57.495 [TX CF12] 67 2C 74 28 17 42 4E 2E
15:05:57.506 [TX CF13] 67 2D 06 00 63 82 D3 00
15:05:57.518 [TX CF14] 67 2E 82 A1 A0 85 58 22
15:05:57.529 [TX CF15] 67 2F 1B CB 85 1E 61 B4
15:05:57.540 [TX CF0] 67 20 8D 8A C9 8C D2 20
15:05:57.551 [TX CF1] 67 21 62 E8 24 11 CB 64
15:05:57.561 [TX CF2] 67 22 62 9B AC 18 03 1B
15:05:57.572 [TX CF3] 67 23 A5 C6 C6 30 E6 ED
15:05:57.583 [TX CF4] 67 24 31 B8 5C FF FF FF
15:05:57.604 [RX SF ] 67 02 76 0D FF FF FF FF
15:05:57.604 [RX    ] 76 0D
15:05:57.604 [PASS  ] TransferData block=13 | expected: 76 ... | received: 76 0D
15:05:57.615 ------------------------------------------------------------------------
15:05:57.615 [STEP  ] 0x36 block=14  offset=26520/45254  (58%)
15:05:57.616 [TX TransferData block=14 len=2040] 36 0E 62 80 01 40 67 84 C0 69 0C E3 6B 0C 80 3E...
15:05:57.617 [TX FF ] 67 17 FA 36 0E 62 80 01
15:05:57.627 [TX CF1] 67 21 40 67 84 C0 69 0C
15:05:57.640 [TX CF2] 67 22 E3 6B 0C 80 3E D0
15:05:57.650 [TX CF3] 67 23 F2 7F C6 60 10 90
15:05:57.661 [TX CF4] 67 24 E5 FF DE D8 C2 A0
15:05:57.672 [TX CF5] 67 25 52 D8 4F 6E 08 21
15:05:57.684 [TX CF6] 67 26 01 95 04 00 A5 85
15:05:57.695 [TX CF7] 67 27 6F FC DC C0 22 81
15:05:57.707 [TX CF8] 67 28 21 0A BF F8 8E 84
15:05:57.719 [TX CF9] 67 29 CB 7B 88 91 D6 E0
15:05:57.731 [TX CF10] 67 2A 3C 08 C4 0A 47 13
15:05:57.742 [TX CF11] 67 2B A1 D0 EC 10 1B 14
15:05:57.753 [TX CF12] 67 2C 06 43 01 B0 0D 30
15:05:57.764 [TX CF13] 67 2D 80 44 C7 E0 69 09
15:05:57.775 [TX CF14] 67 2E 30 48 3F DC A2 9A
15:05:57.787 [TX CF15] 67 2F 10 DA 59 35 08 0C
15:05:57.799 [TX CF0] 67 20 8E 07 60 81 58 B8
15:05:57.809 [TX CF1] 67 21 36 12 86 22 20 20
15:05:57.821 [TX CF2] 67 22 1C 4A 09 05 02 36
15:05:57.832 [TX CF3] 67 23 11 D2 10 3F 1F FC
15:05:57.843 [TX CF4] 67 24 C5 FD 0E 22 43 49
15:05:57.854 [TX CF5] 67 25 28 21 50 88 6F 62
15:05:57.865 [TX CF6] 67 26 05 98 62 62 00 29
15:05:57.877 [TX CF7] 67 27 45 AC 3D FF FF 9F
15:05:57.888 [TX CF8] 67 28 9E 09 11 0D 80 44
15:05:57.899 [TX CF9] 67 29 86 01 70 2F 83 15
15:05:57.910 [TX CF10] 67 2A 80 53 A0 84 3C 36
15:05:57.921 [TX CF11] 67 2B 9F FC 04 8B 25 00
15:05:57.931 [TX CF12] 67 2C D4 EC B2 34 28 4F
15:05:57.942 [TX CF13] 67 2D 46 29 49 B0 C6 21
15:05:57.952 [TX CF14] 67 2E 56 82 AA 02 60 38
15:05:57.963 [TX CF15] 67 2F 10 EC 1D 03 35 43
15:05:57.975 [TX CF0] 67 20 1F E1 70 DE D4 20
15:05:57.987 [TX CF1] 67 21 1A DD 96 14 57 87
15:05:57.999 [TX CF2] 67 22 46 1B 48 90 46 38
15:05:58.010 [TX CF3] 67 23 36 B8 0C 8B E7 0E
15:05:58.021 [TX CF4] 67 24 CD 50 32 34 3E 0D
15:05:58.032 [TX CF5] 67 25 8C DC 84 24 E2 0C
15:05:58.044 [TX CF6] 67 26 A4 D6 05 82 D3 68
15:05:58.056 [TX CF7] 67 27 A0 D8 26 3B D2 7E
15:05:58.067 [TX CF8] 67 28 98 89 15 4A 03 80
15:05:58.079 [TX CF9] 67 29 8C 41 A4 54 22 78
15:05:58.090 [TX CF10] 67 2A 3F 5F 38 9F 0E A1
15:05:58.102 [TX CF11] 67 2B 8A 19 81 FA 2D A0
15:05:58.113 [TX CF12] 67 2C 8F 02 0E 10 39 2C
15:05:58.125 [TX CF13] 67 2D A2 85 11 E8 CA 68
15:05:58.136 [TX CF14] 67 2E 50 FE 8C 12 55 0D
15:05:58.147 [TX CF15] 67 2F E9 8D 90 84 C7 63
15:05:58.158 [TX CF0] 67 20 16 08 DC 76 25 1F
15:05:58.169 [TX CF1] 67 21 42 21 F8 E9 20 50
15:05:58.181 [TX CF2] 67 22 82 78 1B 50 59 23
15:05:58.192 [TX CF3] 67 23 91 8B 85 6C 03 04
15:05:58.204 [TX CF4] 67 24 7A 00 88 03 A2 40
15:05:58.215 [TX CF5] 67 25 4B F1 B5 C4 52 31
15:05:58.226 [TX CF6] 67 26 14 9C 4D 2A A2 34
15:05:58.238 [TX CF7] 67 27 02 C1 88 48 13 87
15:05:58.250 [TX CF8] 67 28 49 92 A0 C1 D3 86
15:05:58.260 [TX CF9] 67 29 27 F5 85 A6 41 64
15:05:58.271 [TX CF10] 67 2A B0 19 34 3D 8D 82
15:05:58.282 [TX CF11] 67 2B 04 07 EE 16 85 16
15:05:58.293 [TX CF12] 67 2C 18 EF EC 86 3A 9B
15:05:58.304 [TX CF13] 67 2D CA 71 FE 5C 81 7F
15:05:58.316 [TX CF14] 67 2E A4 44 0A A0 5A 2F
15:05:58.327 [TX CF15] 67 2F D4 B8 5D 00 AB 86
15:05:58.338 [TX CF0] 67 20 22 41 40 80 A8 10
15:05:58.349 [TX CF1] 67 21 C3 58 24 36 93 B6
15:05:58.360 [TX CF2] 67 22 07 70 2F 54 9A 8C
15:05:58.371 [TX CF3] 67 23 62 17 68 DD D0 E0
15:05:58.382 [TX CF4] 67 24 10 78 04 3E 31 43
15:05:58.393 [TX CF5] 67 25 1C 21 20 BF 06 A0
15:05:58.404 [TX CF6] 67 26 06 E1 76 50 07 31
15:05:58.415 [TX CF7] 67 27 A1 97 60 8E 4D 2D
15:05:58.426 [TX CF8] 67 28 B1 EE AF 47 69 04
15:05:58.437 [TX CF9] 67 29 B9 53 49 30 E4 20
15:05:58.448 [TX CF10] 67 2A 06 B8 24 4E 34 19
15:05:58.459 [TX CF11] 67 2B A8 27 10 EA 7F 5C
15:05:58.470 [TX CF12] 67 2C 78 06 92 59 E1 C2
15:05:58.482 [TX CF13] 67 2D 5A 41 96 58 F1 C8
15:05:58.493 [TX CF14] 67 2E FE 9C 90 5A A9 B6
15:05:58.505 [TX CF15] 67 2F FE D9 96 16 EE 96
15:05:58.517 [TX CF0] 67 20 93 EA 16 E5 EB 97
15:05:58.528 [TX CF1] 67 21 53 E7 3F B5 A5 ED
15:05:58.539 [TX CF2] 67 22 BA 06 0C E9 CC 18
15:05:58.552 [TX CF3] 67 23 8D 65 18 F3 E0 BF
15:05:58.562 [TX CF4] 67 24 B4 E6 55 B8 66 74
15:05:58.574 [TX CF5] 67 25 F7 4F ED 21 AF 6D
15:05:58.584 [TX CF6] 67 26 E1 B7 3D 9B FB 42
15:05:58.596 [TX CF7] 67 27 A4 41 64 30 2B 44
15:05:58.606 [TX CF8] 67 28 E2 99 12 8C C5 2D
15:05:58.618 [TX CF9] 67 29 13 4A 1C 52 C1 28
15:05:58.628 [TX CF10] 67 2A 98 52 63 DF 6E 8A
15:05:58.640 [TX CF11] 67 2B C3 1F 84 77 F0 E0
15:05:58.652 [TX CF12] 67 2C C1 FD 83 AD 08 CB
15:05:58.663 [TX CF13] 67 2D B0 18 13 B4 18 AB
15:05:58.673 [TX CF14] 67 2E B8 11 CE 0E F4 22
15:05:58.685 [TX CF15] 67 2F 2F 00 42 E8 3C 50
15:05:58.695 [TX CF0] 67 20 86 BC 81 1B E0 F3
15:05:58.707 [TX CF1] 67 21 42 12 F4 06 0C F5
15:05:58.718 [TX CF2] 67 22 06 0A F6 06 0E F7
15:05:58.729 [TX CF3] 67 23 06 03 F8 F8 97 A1
15:05:58.739 [TX CF4] 67 24 96 52 B0 65 80 23
15:05:58.751 [TX CF5] 67 25 1C 08 04 52 30 47
15:05:58.761 [TX CF6] 67 26 42 07 D1 91 DE 7C
15:05:58.772 [TX CF7] 67 27 56 8D 0D A2 4E 32
15:05:58.783 [TX CF8] 67 28 01 BE 04 0B 02 83
15:05:58.796 [TX CF9] 67 29 83 A6 AA 42 41 28
15:05:58.806 [TX CF10] 67 2A 7F 20 9D C2 49 49
15:05:58.817 [TX CF11] 67 2B A0 D6 06 38 3E 10
15:05:58.828 [TX CF12] 67 2C 91 5E 53 B9 41 FF
15:05:58.839 [TX CF13] 67 2D AF EC 2C 56 95 26
15:05:58.850 [TX CF14] 67 2E 11 34 4C 16 88 ED
15:05:58.861 [TX CF15] 67 2F 2B 01 58 A0 D0 CC
15:05:58.872 [TX CF0] 67 20 E8 74 A0 38 98 C7
15:05:58.884 [TX CF1] 67 21 26 17 22 01 81 2A
15:05:58.895 [TX CF2] 67 22 80 F4 28 31 AA 4C
15:05:58.907 [TX CF3] 67 23 70 0D A7 CB F8 08
15:05:58.918 [TX CF4] 67 24 C1 C0 90 1D 29 07
15:05:58.929 [TX CF5] 67 25 F4 BC 80 7F 03 1C
15:05:58.939 [TX CF6] 67 26 32 61 2E 10 0D 8A
15:05:58.951 [TX CF7] 67 27 AB 0C 35 02 01 48
15:05:58.961 [TX CF8] 67 28 84 06 80 C4 06 71
15:05:58.971 [TX CF9] 67 29 84 61 C3 60 21 60
15:05:58.982 [TX CF10] 67 2A A0 4E 38 62 9C 20
15:05:58.994 [TX CF11] 67 2B 85 84 20 17 F2 D4
15:05:59.006 [TX CF12] 67 2C 1F F3 12 52 41 0C
15:05:59.017 [TX CF13] 67 2D 25 28 03 78 D0 03
15:05:59.028 [TX CF14] 67 2E 58 E0 03 78 C0 03
15:05:59.039 [TX CF15] 67 2F 98 D8 03 B8 71 03
15:05:59.051 [TX CF0] 67 20 D0 C2 03 F0 DC B6
15:05:59.061 [TX CF1] 67 21 D0 41 B0 16 08 20
15:05:59.071 [TX CF2] 67 22 C4 02 80 30 30 28
15:05:59.083 [TX CF3] 67 23 05 08 9D 68 08 10
15:05:59.093 [TX CF4] 67 24 00 81 03 50 E0 63
15:05:59.103 [TX CF5] 67 25 87 C8 59 42 14 17
15:05:59.114 [TX CF6] 67 26 03 A3 13 90 57 3C
15:05:59.126 [TX CF7] 67 27 10 3B C4 6A 0F 12
15:05:59.137 [TX CF8] 67 28 87 C1 7A 10 29 54
15:05:59.148 [TX CF9] 67 29 7B A1 09 E9 C0 E5
15:05:59.159 [TX CF10] 67 2A 53 7E 85 47 C1 3F
15:05:59.170 [TX CF11] 67 2B 91 11 30 F8 1D 70
15:05:59.181 [TX CF12] 67 2C 0D 81 F0 AB FE 0F
15:05:59.193 [TX CF13] 67 2D 08 41 65 28 3C 28
15:05:59.204 [TX CF14] 67 2E 37 8A AC A6 19 D1
15:05:59.215 [TX CF15] 67 2F C0 DE 35 52 93 4A
15:05:59.226 [TX CF0] 67 20 1C 1B C5 6A 53 06
15:05:59.237 [TX CF1] 67 21 75 41 79 D2 80 E1
15:05:59.248 [TX CF2] 67 22 8C 42 47 78 56 87
15:05:59.260 [TX CF3] 67 23 90 8C F0 9B F8 3E
15:05:59.271 [TX CF4] 67 24 12 28 D5 00 1E 84
15:05:59.282 [TX CF5] 67 25 CB A3 06 94 C4 FA
15:05:59.292 [TX CF6] 67 26 34 4B C4 02 59 10
15:05:59.303 [TX CF7] 67 27 E8 2C A0 A0 21 20
15:05:59.314 [TX CF8] 67 28 E9 10 50 85 80 60
15:05:59.326 [TX CF9] 67 29 26 C1 43 A0 DE 61
15:05:59.338 [TX CF10] 67 2A 30 28 2D E6 53 43
15:05:59.349 [TX CF11] 67 2B 84 C1 23 34 34 BE
15:05:59.360 [TX CF12] 67 2C 1B 4F C0 C0 08 BF
15:05:59.370 [TX CF13] 67 2D 80 8C 84 6C 8E 2C
15:05:59.382 [TX CF14] 67 2E 58 92 0C 4B A7 FB
15:05:59.393 [TX CF15] 67 2F 98 F2 B6 54 18 EE
15:05:59.405 [TX CF0] 67 20 0E F1 1B 81 12 90
15:05:59.416 [TX CF1] 67 21 91 D0 E0 97 99 24
15:05:59.427 [TX CF2] 67 22 0B 81 78 82 50 E4
15:05:59.439 [TX CF3] 67 23 01 F4 0A 40 E6 DD
15:05:59.451 [TX CF4] 67 24 80 48 3F DF 7C 1F
15:05:59.462 [TX CF5] 67 25 F4 8B 90 17 08 91
15:05:59.474 [TX CF6] 67 26 80 16 DA 07 84 04
15:05:59.486 [TX CF7] 67 27 60 45 45 81 C5 45
15:05:59.498 [TX CF8] 67 28 B0 FF BC F8 0D A8
15:05:59.509 [TX CF9] 67 29 61 07 EE 12 09 5C
15:05:59.520 [TX CF10] 67 2A 2D 1A 00 3E 0E 94
15:05:59.531 [TX CF11] 67 2B 52 41 08 F0 4C 24
15:05:59.542 [TX CF12] 67 2C 50 FA 4A 5F 0B EF
15:05:59.555 [TX CF13] 67 2D E2 60 60 06 CA BA
15:05:59.565 [TX CF14] 67 2E 83 7A 62 CA D4 70
15:05:59.576 [TX CF15] 67 2F 04 D0 82 AB 08 29
15:05:59.588 [TX CF0] 67 20 24 03 2C 70 63 38
15:05:59.600 [TX CF1] 67 21 67 44 0D E8 53 9C
15:05:59.611 [TX CF2] 67 22 50 1B C1 A8 9C 01
15:05:59.624 [TX CF3] 67 23 11 62 30 96 69 C6
15:05:59.635 [TX CF4] 67 24 13 21 95 9E 8E 90
15:05:59.646 [TX CF5] 67 25 15 20 F9 48 45 8F
15:05:59.657 [TX CF6] 67 26 C2 10 F8 00 8E 82
15:05:59.668 [TX CF7] 67 27 08 0D FA 0D 1F 84
15:05:59.679 [TX CF8] 67 28 29 06 06 FB FA 68
15:05:59.691 [TX CF9] 67 29 05 04 84 B7 F0 15
15:05:59.702 [TX CF10] 67 2A 42 53 FB 43 61 2F
15:05:59.714 [TX CF11] 67 2B FC 1E 91 F8 58 90
15:05:59.725 [TX CF12] 67 2C 40 EA 3F 06 34 36
15:05:59.736 [TX CF13] 67 2D 9F AF FF DE 01 FE
15:05:59.748 [TX CF14] 67 2E 46 A1 B6 FC 7E BE
15:05:59.760 [TX CF15] 67 2F F6 CF E8 1F 08 17
15:05:59.771 [TX CF0] 67 20 E7 F1 F7 87 7F 11
15:05:59.783 [TX CF1] 67 21 48 5E 3F 28 34 60
15:05:59.795 [TX CF2] 67 22 0F AC 20 F4 9B CD
15:05:59.806 [TX CF3] 67 23 12 31 31 83 53 2F
15:05:59.818 [TX CF4] 67 24 94 48 B4 D2 09 E0
15:05:59.829 [TX CF5] 67 25 84 47 61 56 80 6E
15:05:59.840 [TX CF6] 67 26 18 8A 39 FB 0D 0D
15:05:59.851 [TX CF7] 67 27 0B F1 D1 0B 21 24
15:05:59.861 [TX CF8] 67 28 82 8A 70 A0 27 21
15:05:59.871 [TX CF9] 67 29 34 C1 01 15 82 2E
15:05:59.882 [TX CF10] 67 2A 42 10 30 84 D0 84
15:05:59.893 [TX CF11] 67 2B 3E 90 6D 40 5B 84
15:05:59.905 [TX CF12] 67 2C 3E 95 02 51 81 48
15:05:59.918 [TX CF13] 67 2D 51 60 A3 C2 11 20
15:05:59.929 [TX CF14] 67 2E 36 E1 6C FC 43 69
15:05:59.941 [TX CF15] 67 2F 0A CC 3B 12 2A 94
15:05:59.952 [TX CF0] 67 20 16 19 4B 50 61 13
15:05:59.963 [TX CF1] 67 21 A1 C0 EC 10 BA 4A
15:05:59.975 [TX CF2] 67 22 A5 08 CD 81 4F 84
15:05:59.987 [TX CF3] 67 23 2D 53 0C 6A 86 A5
15:05:59.998 [TX CF4] 67 24 42 15 48 55 A0 2B
15:06:00.009 [TX CF5] 67 25 41 13 8C 20 35 80
15:06:00.021 [TX CF6] 67 26 61 20 BA 47 34 16
15:06:00.033 [TX CF7] 67 27 38 60 20 2A 0C 11
15:06:00.045 [TX CF8] 67 28 C0 7F E0 14 35 94
15:06:00.057 [TX CF9] 67 29 1C 98 04 45 69 87
15:06:00.067 [TX CF10] 67 2A F5 6D 0D 8D 6F 14
15:06:00.078 [TX CF11] 67 2B C5 69 82 51 08 95
15:06:00.090 [TX CF12] 67 2C 30 15 84 0E 43 88
15:06:00.100 [TX CF13] 67 2D 2E C1 60 88 52 22
15:06:00.112 [TX CF14] 67 2E 29 F0 62 26 58 3E
15:06:00.123 [TX CF15] 67 2F 15 EF CD 82 D1 30
15:06:00.134 [TX CF0] 67 20 5F 03 10 76 41 43
15:06:00.145 [TX CF1] 67 21 B0 D8 18 48 43 69
15:06:00.156 [TX CF2] 67 22 30 1A 05 82 1B 08
15:06:00.167 [TX CF3] 67 23 A1 B1 40 75 65 B1
15:06:00.178 [TX CF4] 67 24 FC E8 2D 7A 18 6B
15:06:00.188 [TX CF5] 67 25 11 0D 0D 8C 01 8C
15:06:00.199 [TX CF6] 67 26 05 29 82 63 08 15
15:06:00.210 [TX CF7] 67 27 03 F9 D0 0B 22 B5
15:06:00.222 [TX CF8] 67 28 84 F8 8C AA 20 A0
15:06:00.234 [TX CF9] 67 29 86 18 7D 87 FF F0
15:06:00.246 [TX CF10] 67 2A 10 63 02 56 E1 30
15:06:00.257 [TX CF11] 67 2B DA 40 B3 95 BA 6E
15:06:00.267 [TX CF12] 67 2C 01 68 84 62 15 43
15:06:00.279 [TX CF13] 67 2D 55 21 80 90 D2 5C
15:06:00.291 [TX CF14] 67 2E B8 50 0A 38 56 29
15:06:00.302 [TX CF15] 67 2F 4D 7C 14 A8 2B 30
15:06:00.314 [TX CF0] 67 20 06 61 12 82 C5 1A
15:06:00.326 [TX CF1] 67 21 40 16 E0 B0 4C 37
15:06:00.337 [TX CF2] 67 22 89 FC 23 9B 5A 9D
15:06:00.348 [TX CF3] 67 23 22 A6 A2 86 A6 A3
15:06:00.360 [TX CF4] 67 24 85 C1 82 93 40 92
15:06:00.370 [TX CF5] 67 25 1E EF FE 02 49 24
15:06:00.381 [TX CF6] 67 26 34 60 62 03 21 23
15:06:00.392 [TX CF7] 67 27 11 80 14 06 65 20
15:06:00.404 [TX CF8] 67 28 47 21 D4 5B 60 E7
15:06:00.417 [TX CF9] 67 29 9E 66 EA 07 98 EB
15:06:00.429 [TX CF10] 67 2A 26 54 EE 07 88 EF
15:06:00.440 [TX CF11] 67 2B 26 56 F2 07 78 EB
15:06:00.451 [TX CF12] 67 2C 26 6A F6 07 68 F7
15:06:00.462 [TX CF13] 67 2D 26 6C FA 07 59 FF
15:06:00.472 [TX CF14] 67 2E 99 52 27 14 9E 0D
15:06:00.484 [TX CF15] 67 2F 87 85 69 E1 58 70
15:06:00.496 [TX CF0] 67 20 32 28 15 8A 05 61
15:06:00.507 [TX CF1] 67 21 A1 58 60 56 68 0D
15:06:00.519 [TX CF2] 67 22 9E 03 6F 02 21 82
15:06:00.529 [TX CF3] 67 23 B0 60 AC F8 89 0F
15:06:00.541 [TX CF4] 67 24 06 C5 01 B1 E1 8C
15:06:00.552 [TX CF5] 67 25 C0 59 28 36 49 7D
15:06:00.563 [TX CF6] 67 26 27 83 65 E0 DB 41
15:06:00.574 [TX CF7] 67 27 48 4B 8C E0 59 A8
15:06:00.585 [TX CF8] 67 28 36 E0 62 12 DA 5E
15:06:00.596 [TX CF9] 67 29 0E CD 81 B7 60 6C
15:06:00.608 [TX CF10] 67 2A DC 3B 37 06 DD C1
15:06:00.620 [TX CF11] 67 2B B3 63 64 38 1B 1F
15:06:00.631 [TX CF12] 67 2C 06 C7 84 90 D0 6C
15:06:00.642 [TX CF13] 67 2D F8 B0 38 16 09 3D
15:06:00.652 [TX CF14] 67 2E 25 F9 84 2A CD 4A
15:06:00.663 [TX CF15] 67 2F B3 72 AC 7C AB 2D
15:06:00.673 [TX CF0] 67 20 2A C1 8A B0 72 83
15:06:00.684 [TX CF1] 67 21 00 58 E1 56 1A 55
15:06:00.695 [TX CF2] 67 22 87 15 61 85 59 29
15:06:00.708 [TX CF3] 67 23 56 48 50 5C 0B 0C
15:06:00.719 [TX CF4] 67 24 0E CB 03 B6 87 50
15:06:00.730 [TX CF5] 67 25 8F 52 F8 76 4C 19
15:06:00.740 [TX CF6] 67 26 6D 0B 2E 0E C9 89
15:06:00.752 [TX CF7] 67 27 92 61 2C B4 4B 1F
15:06:00.764 [TX CF8] 67 28 0E CF 0B 0C 01 23
15:06:00.775 [TX CF9] 67 29 C5 D9 A3 34 BE 5D
15:06:00.786 [TX CF10] 67 2A 9B 97 6E 12 A1 82
15:06:00.798 [TX CF11] 67 2B 91 AA B0 8B D2 D8
15:06:00.809 [TX CF12] 67 2C F0 50 ED 02 84 21
15:06:00.821 [TX CF13] 67 2D 41 78 2C 78 20 18
15:06:00.831 [TX CF14] 67 2E 16 2C 15 8A 27 48
15:06:00.843 [TX CF15] 67 2F 8A 31 80 B0 0B 30
15:06:00.854 [TX CF0] 67 20 6E 61 D2 80 C2 AC
15:06:00.865 [TX CF1] 67 21 11 37 14 16 51 62
15:06:00.876 [TX CF2] 67 22 10 81 84 1B D8 26
15:06:00.887 [TX CF3] 67 23 02 85 40 C0 C0 20
15:06:00.898 [TX CF4] 67 24 89 3C 21 10 A5 91
15:06:00.909 [TX CF5] 67 25 23 4C 06 68 43 20
15:06:00.921 [TX CF6] 67 26 18 71 C4 38 D1 C4
15:06:00.932 [TX CF7] 67 27 38 31 D4 38 41 94
15:06:00.942 [TX CF8] 67 28 23 B4 20 50 0C 50
15:06:00.954 [TX CF9] 67 29 EA 1C 10 FA 1C 04
15:06:00.965 [TX CF10] 67 2A 48 69 82 CD 18 86
15:06:00.976 [TX CF11] 67 2B 02 64 37 C3 A3 0B
15:06:00.988 [TX CF12] 67 2C 80 7D 2F FE 13 F6
15:06:00.998 [TX CF13] 67 2D 12 7A 44 A1 45 09
15:06:01.009 [TX CF14] 67 2E 17 06 6A 11 28 11
15:06:01.021 [TX CF15] 67 2F 02 0E 04 8E 37 06
15:06:01.032 [TX CF0] 67 20 6C 20 23 41 FA 86
15:06:01.044 [TX CF1] 67 21 06 C1 07 33 03 23
15:06:01.057 [TX CF2] 67 22 52 41 78 A4 C7 20
15:06:01.067 [TX CF3] 67 23 37 06 FE 0E A4 3D
15:06:01.078 [TX CF4] 67 24 5F FB 12 3B 09 3C
15:06:01.090 [TX CF5] 67 25 10 B8 84 96 3B 4E
15:06:01.102 [TX CF6] 67 26 86 78 1C A8 6E 92
15:06:01.113 [TX CF7] 67 27 20 C1 11 10 4A 20
15:06:01.125 [TX CF8] 67 28 DD 03 FA 17 0B C4
15:06:01.135 [TX CF9] 67 29 C6 F1 88 A1 40 0D
15:06:01.145 [TX CF10] 67 2A 50 6F CA 08 15 B4
15:06:01.156 [TX CF11] 67 2B F7 74 28 11 C2 74
15:06:01.167 [TX CF12] 67 2C 09 14 35 7F A2 CE
15:06:01.177 [TX CF13] 67 2D 1C 08 3C 0B AA 5C
15:06:01.189 [TX CF14] 67 2E C3 67 FA F8 F9 CB
15:06:01.201 [TX CF15] 67 2F E8 75 8B B0 CA 28
15:06:01.213 [TX CF0] 67 20 50 2E 81 83 0E BF
15:06:01.225 [TX CF1] 67 21 EB D3 E7 90 18 A3
15:06:01.235 [TX CF2] 67 22 EC 7E BC 9E 79 C2
15:06:01.247 [TX CF3] 67 23 D4 09 47 87 A3 C0
15:06:01.258 [TX CF4] 67 24 A3 1A 30 EF 79 E0
15:06:01.269 [TX CF5] 67 25 AA 78 09 B2 A4 F1
15:06:01.279 [TX CF6] 67 26 F0 40 3C 19 FC 31
15:06:01.290 [TX CF7] 67 27 13 09 07 B4 DB 84
15:06:01.302 [TX CF8] 67 28 EA 29 20 90 5C 36
15:06:01.314 [TX CF9] 67 29 A3 3C 27 2A 78 67
15:06:01.325 [TX CF10] 67 2A 2D B0 28 0E 2C 0E
15:06:01.336 [TX CF11] 67 2B 48 40 2D 10 0B 63
15:06:01.348 [TX CF12] 67 2C FF 02 D6 10 1E 82
15:06:01.359 [TX CF13] 67 2D 2D 0B DF E2 6E 72
15:06:01.369 [TX CF14] 67 2E 86 92 54 C3 AB 31
15:06:01.381 [TX CF15] 67 2F A4 E2 AD 30 19 1E
15:06:01.393 [TX CF0] 67 20 6A 87 63 BF 77 60
15:06:01.405 [TX CF1] 67 21 FE D8 7C 56 87 8D
15:06:01.417 [TX CF2] 67 22 B0 F2 AD 30 33 E0
15:06:01.428 [TX CF3] 67 23 32 09 1F 8E B9 9B
15:06:01.440 [TX CF4] 67 24 83 E6 E1 FF FF FF
15:06:01.461 [RX SF ] 67 02 76 0E FF FF FF FF
15:06:01.461 [RX    ] 76 0E
15:06:01.462 [PASS  ] TransferData block=14 | expected: 76 ... | received: 76 0E
15:06:01.472 ------------------------------------------------------------------------
15:06:01.472 [STEP  ] 0x36 block=15  offset=28560/45254  (63%)
15:06:01.473 [TX TransferData block=15 len=2040] 36 0F ED 84 39 76 19 6D 2A 27 68 82 C9 62 B6 0B...
15:06:01.474 [TX FF ] 67 17 FA 36 0F ED 84 39
15:06:01.484 [TX CF1] 67 21 76 19 6D 2A 27 68
15:06:01.495 [TX CF2] 67 22 82 C9 62 B6 0B 2D
15:06:01.506 [TX CF3] 67 23 AA 5D 68 87 58 A5
15:06:01.517 [TX CF4] 67 24 B1 D9 6D A2 9B 62
15:06:01.527 [TX CF5] 67 25 AD C1 EB 68 28 2C
15:06:01.538 [TX CF6] 67 26 1C BB 4C 9E 95 1A
15:06:01.549 [TX CF7] 67 27 A0 78 ED 31 B8 17
15:06:01.561 [TX CF8] 67 28 FA 4B ED 80 C7 68
15:06:01.571 [TX CF9] 67 29 07 E4 39 B6 1C 5D
15:06:01.583 [TX CF10] 67 2A A6 46 8B 06 47 68
15:06:01.594 [TX CF11] 67 2B 8D C1 2C B6 89 6C
15:06:01.606 [TX CF12] 67 2C 0F E1 26 9B 40 A5
15:06:01.618 [TX CF13] 67 2D D4 08 F5 0F 46 91
15:06:01.629 [TX CF14] 67 2E 02 05 F0 92 CB 51
15:06:01.640 [TX CF15] 67 2F B0 CD 68 7E 3B 44
15:06:01.652 [TX CF0] 67 20 AE 87 25 B4 C7 4F
15:06:01.663 [TX CF1] 67 21 90 5A 53 08 49 2F
15:06:01.673 [TX CF2] 67 22 D1 CA 1C 62 97 23
15:06:01.683 [TX CF3] 67 23 55 03 8B 0D 81 68
15:06:01.694 [TX CF4] 67 24 C1 C3 49 39 50 61
15:06:01.705 [TX CF5] 67 25 B0 2B 41 0B 06 72
15:06:01.716 [TX CF6] 67 26 17 0D EC 48 ED 05
15:06:01.726 [TX CF7] 67 27 81 97 86 01 A3 03
15:06:01.737 [TX CF8] 67 28 34 58 75 21 40 86
15:06:01.747 [TX CF9] 67 29 02 47 5B 81 12 70
15:06:01.757 [TX CF10] 67 2A 13 A1 10 90 33 54
15:06:01.768 [TX CF11] 67 2B 36 25 08 5A C3 FF
15:06:01.779 [TX CF12] 67 2C 5B 23 A4 64 21 20
15:06:01.789 [TX CF13] 67 2D FF 72 95 E8 35 12
15:06:01.800 [TX CF14] 67 2E 80 44 E8 0A D0 30
15:06:01.812 [TX CF15] 67 2F 0A DC 07 48 34 E0
15:06:01.824 [TX CF0] 67 20 B9 7F E1 E3 38 15
15:06:01.834 [TX CF1] 67 21 90 C4 A9 11 36 68
15:06:01.845 [TX CF2] 67 22 56 0A 55 A2 84 19
15:06:01.857 [TX CF3] 67 23 02 D0 05 C3 95 68
15:06:01.868 [TX CF4] 67 24 E1 0A 60 B4 80 B0
15:06:01.880 [TX CF5] 67 25 A5 5A 40 68 1E D0
15:06:01.890 [TX CF6] 67 26 15 60 7F 40 02 84
15:06:01.901 [TX CF7] 67 27 2A D4 02 42 95 6A
15:06:01.912 [TX CF8] 67 28 15 A1 8A B5 0A F0
15:06:01.924 [TX CF9] 67 29 E5 5A B8 56 28 55
15:06:01.935 [TX CF10] 67 2A AE 05 63 A5 5A E8
15:06:01.946 [TX CF11] 67 2B 56 3C 55 AF 05 63
15:06:01.958 [TX CF12] 67 2C E4 DA C2 48 40 C5
15:06:01.968 [TX CF13] 67 2D A0 59 0D 88 EF F7
15:06:01.979 [TX CF14] 67 2E 91 13 86 03 58 38
15:06:01.989 [TX CF15] 67 2F 94 15 7A 50 0D F7
15:06:02.000 [TX CF0] 67 20 F7 CF 80 DA C1 CE
15:06:02.011 [TX CF1] 67 21 A0 F0 36 50 52 AC
15:06:02.023 [TX CF2] 67 22 1D 1F F7 DE 0B FE
15:06:02.034 [TX CF3] 67 23 2A A1 01 E8 B3 12
15:06:02.045 [TX CF4] 67 24 80 EF 5A 49 0D 60
15:06:02.057 [TX CF5] 67 25 A8 40 15 98 5C 36
15:06:02.067 [TX CF6] 67 26 90 19 08 55 08 9F
15:06:02.077 [TX CF7] 67 27 82 06 75 82 3B 0B
15:06:02.088 [TX CF8] 67 28 31 43 4D A3 7A E3
15:06:02.099 [TX CF9] 67 29 15 B8 F4 6A C1 1B
15:06:02.110 [TX CF10] 67 2A 8E C9 23 F0 49 67
15:06:02.121 [TX CF11] 67 2B EB A5 1D 80 69 A0
15:06:02.132 [TX CF12] 67 2C F0 1E AC 6B 01 AD
15:06:02.144 [TX CF13] 67 2D 8E 43 16 20 74 25
15:06:02.155 [TX CF14] 67 2E 57 08 23 62 18 04
15:06:02.167 [TX CF15] 67 2F B3 CF D1 B8 6F 09
15:06:02.179 [TX CF0] 67 20 D8 71 55 B8 7F F6
15:06:02.190 [TX CF1] 67 21 91 36 52 2A E8 55
15:06:02.202 [TX CF2] 67 22 78 35 30 9D E1 16
15:06:02.214 [TX CF3] 67 23 58 0F F0 6A 60 3F
15:06:02.224 [TX CF4] 67 24 41 D7 12 BB 0F 20
15:06:02.236 [TX CF5] 67 25 F6 08 1C 0E 03 F7
15:06:02.247 [TX CF6] 67 26 5A 81 67 76 21 11
15:06:02.257 [TX CF7] 67 27 A8 7F 60 10 39 A3
15:06:02.267 [TX CF8] 67 28 B2 1D 04 02 0B 03
15:06:02.277 [TX CF9] 67 29 82 41 7F F0 68 3B
15:06:02.288 [TX CF10] 67 2A C3 08 64 08 82 8C
15:06:02.298 [TX CF11] 67 2B 04 7B 83 25 38 0F
15:06:02.310 [TX CF12] 67 2C E1 DB 04 22 13 00
15:06:02.322 [TX CF13] 67 2D FE C0 5F 38 3D 60
15:06:02.334 [TX CF14] 67 2E 77 21 00 F4 3E F0
15:06:02.345 [TX CF15] 67 2F 82 BA A1 72 C2 FE
15:06:02.355 [TX CF0] 67 20 FC 06 78 1D F0 5D
15:06:02.366 [TX CF1] 67 21 E0 FF C2 87 86 1F
15:06:02.378 [TX CF2] 67 22 0E 5E 20 FC 4A 78
15:06:02.389 [TX CF3] 67 23 A5 F1 6D E3 1F C6
15:06:02.401 [TX CF4] 67 24 C7 8E 9F 1F 5E 42
15:06:02.412 [TX CF5] 67 25 FC 8E 79 2D F2 7D
15:06:02.422 [TX CF6] 67 26 E5 3F CB 07 97 1F
15:06:02.434 [TX CF7] 67 27 30 5E 64 FC D2 79
15:06:02.445 [TX CF8] 67 28 B5 F3 8D E7 5F CF
15:06:02.456 [TX CF9] 67 29 47 9F 9F 41 5E 86
15:06:02.467 [TX CF10] 67 2A FD 16 7A 3D F4 9D
15:06:02.479 [TX CF11] 67 2B E9 7F D3 87 A8 1F
15:06:02.491 [TX CF12] 67 2C 52 5E A8 FD 5A 7A
15:06:02.503 [TX CF13] 67 2D C5 F5 AD EB 9F D7
15:06:02.514 [TX CF14] 67 2E C7 B0 9F 63 5E CA
15:06:02.525 [TX CF15] 67 2F FD 9E 7B 4D F6 BD
15:06:02.536 [TX CF0] 67 20 ED BF DC 07 B9 1F
15:06:02.548 [TX CF1] 67 21 74 5E EC FD E2 7B
15:06:02.559 [TX CF2] 67 22 D5 F7 CD EF DF C0
15:06:02.570 [TX CF3] 67 23 47 81 9F 05 5E 0E
15:06:02.581 [TX CF4] 67 24 FC 26 78 5D F0 DD
15:06:02.592 [TX CF5] 67 25 E1 FF C4 87 8A 1F
15:06:02.603 [TX CF6] 67 26 16 5E 30 FC 6A 78
15:06:02.615 [TX CF7] 67 27 E5 F1 ED E4 1F C8
15:06:02.627 [TX CF8] 67 28 C7 92 9F 27 5E 52
15:06:02.638 [TX CF9] 67 29 FC AE 79 6D F2 FD
15:06:02.649 [TX CF10] 67 2A E6 3F CD 07 9B 1F
15:06:02.660 [TX CF11] 67 2B 38 5E 74 FC F2 79
15:06:02.671 [TX CF12] 67 2C F5 F4 0D E8 5F D1
15:06:02.683 [TX CF13] 67 2D 47 A3 9F 49 5E 96
15:06:02.694 [TX CF14] 67 2E FD 36 7A 7D F5 1D
15:06:02.705 [TX CF15] 67 2F EA 7F D5 87 AC 1F
15:06:02.717 [TX CF0] 67 20 5A 5E B8 FD 7A 7B
15:06:02.728 [TX CF1] 67 21 05 F6 2D EC 9F D9
15:06:02.740 [TX CF2] 67 22 C7 B4 9F 6B 5E DA
15:06:02.751 [TX CF3] 67 23 FD BE 7B 8D F7 3D
15:06:02.762 [TX CF4] 67 24 EE BF DE 07 BD 1F
15:06:02.774 [TX CF5] 67 25 7C 5E FC FC 02 78
15:06:02.785 [TX CF6] 67 26 15 F0 4D E0 DF C2
15:06:02.796 [TX CF7] 67 27 47 85 9F 0D 5E 1E
15:06:02.808 [TX CF8] 67 28 FC 46 78 9D F1 5D
15:06:02.820 [TX CF9] 67 29 E2 FF C6 87 8E 1F
15:06:02.831 [TX CF10] 67 2A 1E 5E 40 FC 8A 79
15:06:02.843 [TX CF11] 67 2B 25 F2 6D E5 1F CA
15:06:02.855 [TX CF12] 67 2C C7 96 9F 2F 5E 62
15:06:02.865 [TX CF13] 67 2D FC CE 79 AD F3 7D
15:06:02.877 [TX CF14] 67 2E E7 3F CF 07 9F 1F
15:06:02.888 [TX CF15] 67 2F 40 5E 84 FD 12 7A
15:06:02.899 [TX CF0] 67 20 35 F4 8D E9 5F D3
15:06:02.911 [TX CF1] 67 21 47 A7 9F 51 5E A6
15:06:02.923 [TX CF2] 67 22 FD 56 7A BD F5 9D
15:06:02.935 [TX CF3] 67 23 EB 7F D7 87 B0 1F
15:06:02.947 [TX CF4] 67 24 62 5E C8 FD 9A 7B
15:06:02.958 [TX CF5] 67 25 45 F6 AD ED 9F DB
15:06:02.970 [TX CF6] 67 26 C7 B8 9F 73 5E EA
15:06:02.982 [TX CF7] 67 27 FD DE 7B CD F7 BD
15:06:02.993 [TX CF8] 67 28 EF BF DF FF 81 1F
15:06:03.005 [TX CF9] 67 29 04 5E 0C FC 22 78
15:06:03.016 [TX CF10] 67 2A 55 F0 CD E1 DF C4
15:06:03.027 [TX CF11] 67 2B 47 89 9F 15 5E 2E
15:06:03.038 [TX CF12] 67 2C FC 66 78 DD F1 DD
15:06:03.050 [TX CF13] 67 2D E3 FF C8 87 92 1F
15:06:03.061 [TX CF14] 67 2E 26 5E 50 FC AA 79
15:06:03.072 [TX CF15] 67 2F 65 F2 ED E6 1F CC
15:06:03.083 [TX CF0] 67 20 C7 9A 9F 37 5E 72
15:06:03.094 [TX CF1] 67 21 FC EE 79 ED F3 FD
15:06:03.105 [TX CF2] 67 22 E8 3F D1 07 A3 1F
15:06:03.117 [TX CF3] 67 23 48 5E 94 FD 32 7A
15:06:03.129 [TX CF4] 67 24 75 F5 0D EA 5F D5
15:06:03.140 [TX CF5] 67 25 47 AB 9F 59 5E B6
15:06:03.152 [TX CF6] 67 26 FD 76 7A FD F6 1D
15:06:03.162 [TX CF7] 67 27 EC 7F D9 87 B4 1F
15:06:03.174 [TX CF8] 67 28 6A 5E D8 FD BA 7B
15:06:03.185 [TX CF9] 67 29 85 F7 2D EE 9F DD
15:06:03.195 [TX CF10] 67 2A C7 BC 9F 7B 5E FA
15:06:03.206 [TX CF11] 67 2B FD FE 78 0D F0 3D
15:06:03.218 [TX CF12] 67 2C E0 BF C2 07 85 1F
15:06:03.228 [TX CF13] 67 2D 0C 5E 1C FC 42 78
15:06:03.239 [TX CF14] 67 2E 95 F1 4D E2 DF C6
15:06:03.251 [TX CF15] 67 2F 47 8D 9F 1D 5E 3E
15:06:03.262 [TX CF0] 67 20 FC 86 79 1D F2 5D
15:06:03.274 [TX CF1] 67 21 E4 FF CA 87 96 1F
15:06:03.284 [TX CF2] 67 22 2E 5E 60 FC CA 79
15:06:03.294 [TX CF3] 67 23 A5 F3 6D E7 1F CE
15:06:03.306 [TX CF4] 67 24 C7 9E 9F 3F 5E 82
15:06:03.318 [TX CF5] 67 25 FD 0E 7A 2D F4 7D
15:06:03.328 [TX CF6] 67 26 E9 3F D3 07 A7 1F
15:06:03.339 [TX CF7] 67 27 50 5E A4 FD 52 7A
15:06:03.351 [TX CF8] 67 28 B5 F5 8D EB 5F D7
15:06:03.362 [TX CF9] 67 29 47 AF 9F 61 5E C6
15:06:03.373 [TX CF10] 67 2A FD 96 7B 3D F6 9D
15:06:03.384 [TX CF11] 67 2B ED 7F DB 87 B8 1F
15:06:03.395 [TX CF12] 67 2C 72 5E E8 FD DA 7B
15:06:03.405 [TX CF13] 67 2D C5 F7 AD EF 9F DF
15:06:03.417 [TX CF14] 67 2E C7 80 9F 03 5E 0A
15:06:03.427 [TX CF15] 67 2F FC 1E 78 4D F0 BD
15:06:03.439 [TX CF0] 67 20 E1 BF C4 07 89 1F
15:06:03.451 [TX CF1] 67 21 14 5E 2C FC 62 78
15:06:03.461 [TX CF2] 67 22 D5 F1 CD E3 DF C8
15:06:03.471 [TX CF3] 67 23 47 91 9F 25 5E 4E
15:06:03.483 [TX CF4] 67 24 FC A6 79 5D F2 DD
15:06:03.493 [TX CF5] 67 25 E5 FF CC 87 9A 1F
15:06:03.505 [TX CF6] 67 26 36 5E 70 FC EA 79
15:06:03.517 [TX CF7] 67 27 E5 F3 ED E8 1F D0
15:06:03.528 [TX CF8] 67 28 C7 A2 9F 47 5E 92
15:06:03.539 [TX CF9] 67 29 FD 2E 7A 6D F4 FD
15:06:03.551 [TX CF10] 67 2A EA 3F D5 07 AB 1F
15:06:03.563 [TX CF11] 67 2B 58 5E B4 FD 72 7A
15:06:03.574 [TX CF12] 67 2C F5 F6 0D EC 5F D9
15:06:03.584 [TX CF13] 67 2D 47 B3 9F 69 5E D6
15:06:03.595 [TX CF14] 67 2E FD B6 7B 7D F7 1D
15:06:03.606 [TX CF15] 67 2F EE 7F DD 87 BC 1F
15:06:03.618 [TX CF0] 67 20 7A 5E F8 FD FA 78
15:06:03.629 [TX CF1] 67 21 05 F0 2D E0 9F C1
15:06:03.640 [TX CF2] 67 22 C7 84 9F 0B 5E 1A
15:06:03.652 [TX CF3] 67 23 FC 3E 78 8D F1 3D
15:06:03.662 [TX CF4] 67 24 E2 BF C6 07 8D 1F
15:06:03.673 [TX CF5] 67 25 1C 5E 3C FC 82 79
15:06:03.685 [TX CF6] 67 26 15 F2 4D E4 DF CA
15:06:03.696 [TX CF7] 67 27 47 95 9F 2D 5E 5E
15:06:03.707 [TX CF8] 67 28 FC C6 79 9D F3 5D
15:06:03.719 [TX CF9] 67 29 E6 FF CE 87 9E 1F
15:06:03.731 [TX CF10] 67 2A 3E 5E 80 FD 0A 7A
15:06:03.742 [TX CF11] 67 2B 25 F4 6D E9 1F D2
15:06:03.753 [TX CF12] 67 2C C7 A6 9F 4F 5E A2
15:06:03.763 [TX CF13] 67 2D FD 4E 7A AD F5 7D
15:06:03.773 [TX CF14] 67 2E EB 3F D7 07 AF 1F
15:06:03.783 [TX CF15] 67 2F 60 5E C4 FD 92 7B
15:06:03.793 [TX CF0] 67 20 35 F6 8D ED 5F DB
15:06:03.806 [TX CF1] 67 21 47 B7 9F 71 5E E6
15:06:03.817 [TX CF2] 67 22 FD D6 7B BD F7 9D
15:06:03.828 [TX CF3] 67 23 EF 7F DF 87 80 1F
15:06:03.841 [TX CF4] 67 24 02 5E 08 FC 1A 78
15:06:03.851 [TX CF5] 67 25 45 F0 AD E1 9F C3
15:06:03.861 [TX CF6] 67 26 C7 88 9F 13 5E 2A
15:06:03.872 [TX CF7] 67 27 FC 5E 78 CD F1 BD
15:06:03.883 [TX CF8] 67 28 E3 BF C8 07 91 1F
15:06:03.894 [TX CF9] 67 29 24 5E 4C FC A2 79
15:06:03.905 [TX CF10] 67 2A 55 F2 CD E5 DF CC
15:06:03.917 [TX CF11] 67 2B 47 99 9F 35 5E 6E
15:06:03.928 [TX CF12] 67 2C FC E6 79 DD F3 DD
15:06:03.939 [TX CF13] 67 2D E7 FF D0 87 A2 1F
15:06:03.951 [TX CF14] 67 2E 46 5E 90 FD 2A 7A
15:06:03.961 [TX CF15] 67 2F 65 F4 ED EA 1F D4
15:06:03.973 [TX CF0] 67 20 C7 AA 9F 57 5E B2
15:06:03.984 [TX CF1] 67 21 FD 6E 7A ED F5 FD
15:06:03.995 [TX CF2] 67 22 EC 3F D9 07 B3 1F
15:06:04.006 [TX CF3] 67 23 68 5E D4 FD B2 7B
15:06:04.017 [TX CF4] 67 24 75 F7 0D EE 5F DD
15:06:04.029 [TX CF5] 67 25 47 BB 9F 79 5E F6
15:06:04.040 [TX CF6] 67 26 FD F6 7B FD F0 1D
15:06:04.052 [TX CF7] 67 27 E0 7F C1 87 84 1F
15:06:04.062 [TX CF8] 67 28 0A 5E 18 FC 3A 78
15:06:04.072 [TX CF9] 67 29 85 F1 2D E2 9F C5
15:06:04.083 [TX CF10] 67 2A C7 8C 9F 1B 5E 3A
15:06:04.094 [TX CF11] 67 2B FC 7E 79 0D F2 3D
15:06:04.106 [TX CF12] 67 2C E4 BF CA 07 95 1F
15:06:04.117 [TX CF13] 67 2D 2C 5E 5C FC C2 79
15:06:04.127 [TX CF14] 67 2E 95 F3 4D E6 DF CE
15:06:04.138 [TX CF15] 67 2F 47 9D 9F 3D 5E 7E
15:06:04.149 [TX CF0] 67 20 FD 06 7A 1D F4 5D
15:06:04.161 [TX CF1] 67 21 E8 FF D2 87 A6 1F
15:06:04.172 [TX CF2] 67 22 4E 5E A0 FD 4A 7A
15:06:04.184 [TX CF3] 67 23 A5 F5 6D EB 1F D6
15:06:04.197 [TX CF4] 67 24 C7 AE 9F 5F 5E C2
15:06:04.207 [TX CF5] 67 25 FD 8E 7B 2D F6 7D
15:06:04.218 [TX CF6] 67 26 ED 3F DB 07 B7 1F
15:06:04.230 [TX CF7] 67 27 70 5E E4 FD D2 7B
15:06:04.241 [TX CF8] 67 28 B5 F7 8D EF 5F DF
15:06:04.253 [TX CF9] 67 29 47 BF 9F 01 5E 06
15:06:04.265 [TX CF10] 67 2A FC 16 78 3D F0 9D
15:06:04.276 [TX CF11] 67 2B E1 7F C3 87 88 1F
15:06:04.288 [TX CF12] 67 2C 12 5E 28 FC 5A 78
15:06:04.299 [TX CF13] 67 2D C5 F1 AD E3 9F C7
15:06:04.309 [TX CF14] 67 2E C7 90 9F 23 5E 4A
15:06:04.319 [TX CF15] 67 2F FC 9E 79 4D F2 BD
15:06:04.330 [TX CF0] 67 20 E5 BF CC 07 99 1F
15:06:04.341 [TX CF1] 67 21 34 5E 6C FC E2 79
15:06:04.351 [TX CF2] 67 22 D5 F3 CD E7 DF D0
15:06:04.361 [TX CF3] 67 23 47 A1 9F 45 5E 8E
15:06:04.372 [TX CF4] 67 24 FD 26 7A 5D F4 DD
15:06:04.383 [TX CF5] 67 25 E9 FF D4 87 AA 1F
15:06:04.394 [TX CF6] 67 26 56 5E B0 FD 6A 7A
15:06:04.404 [TX CF7] 67 27 E5 F5 ED EC 1F D8
15:06:04.415 [TX CF8] 67 28 C7 B2 9F 67 5E D2
15:06:04.426 [TX CF9] 67 29 FD AE 7B 6D F6 FD
15:06:04.436 [TX CF10] 67 2A EE 3F DD 07 BB 1F
15:06:04.448 [TX CF11] 67 2B 78 5E F4 FD F2 7B
15:06:04.460 [TX CF12] 67 2C F5 F0 0D E0 5F C1
15:06:04.471 [TX CF13] 67 2D 47 83 9F 09 5E 16
15:06:04.483 [TX CF14] 67 2E FC 36 78 7D F1 1D
15:06:04.494 [TX CF15] 67 2F E2 7F C5 87 8C 1F
15:06:04.506 [TX CF0] 67 20 1A 5E 38 FC 7A 79
15:06:04.518 [TX CF1] 67 21 05 F2 2D E4 9F C9
15:06:04.529 [TX CF2] 67 22 C7 94 9F 2B 5E 5A
15:06:04.540 [TX CF3] 67 23 FC BE 79 8D F3 3D
15:06:04.551 [TX CF4] 67 24 E6 BF CE 07 9D 1F
15:06:04.563 [TX CF5] 67 25 3C 5E 7C FD 02 7A
15:06:04.574 [TX CF6] 67 26 15 F4 4D E8 DF D2
15:06:04.584 [TX CF7] 67 27 47 A5 9F 4D 5E 9E
15:06:04.595 [TX CF8] 67 28 FD 46 7A 9D F5 5D
15:06:04.606 [TX CF9] 67 29 EA FF D6 87 AE 1F
15:06:04.618 [TX CF10] 67 2A 5E 5E C0 FD 8A 7B
15:06:04.628 [TX CF11] 67 2B 25 F6 6D ED 1F DA
15:06:04.639 [TX CF12] 67 2C C7 B6 9F 6F 5E E2
15:06:04.651 [TX CF13] 67 2D FD CE 7B AD F7 7D
15:06:04.662 [TX CF14] 67 2E EF 3F DF 07 BF 1F
15:06:04.672 [TX CF15] 67 2F 00 5E 04 FC 12 78
15:06:04.684 [TX CF0] 67 20 35 F0 8D E1 5F C3
15:06:04.694 [TX CF1] 67 21 47 87 9F 11 5E 26
15:06:04.706 [TX CF2] 67 22 FC 56 78 BD F1 9D
15:06:04.718 [TX CF3] 67 23 E3 7F C7 87 90 1F
15:06:04.730 [TX CF4] 67 24 22 5E 48 FC 9A 79
15:06:04.740 [TX CF5] 67 25 45 F2 AD E5 9F CB
15:06:04.751 [TX CF6] 67 26 C7 98 9F 33 5E 6A
15:06:04.762 [TX CF7] 67 27 FC DE 79 CD F3 BD
15:06:04.773 [TX CF8] 67 28 E7 BF D0 07 A1 1F
15:06:04.784 [TX CF9] 67 29 44 5E 8C FD 22 7A
15:06:04.795 [TX CF10] 67 2A 55 F4 CD E9 DF D4
15:06:04.806 [TX CF11] 67 2B 47 A9 9F 55 5E AE
15:06:04.817 [TX CF12] 67 2C FD 66 7A DD F5 DD
15:06:04.828 [TX CF13] 67 2D EB FF D8 87 B2 1F
15:06:04.839 [TX CF14] 67 2E 66 5E D0 FD AA 7B
15:06:04.851 [TX CF15] 67 2F 65 F6 ED EE 1F DC
15:06:04.863 [TX CF0] 67 20 C7 BA 9F 77 5E F2
15:06:04.874 [TX CF1] 67 21 FD EE 7B ED F7 FD
15:06:04.884 [TX CF2] 67 22 E0 3F C1 07 83 1F
15:06:04.895 [TX CF3] 67 23 08 5E 14 FC 32 78
15:06:04.906 [TX CF4] 67 24 75 F1 0D E2 5F C5
15:06:04.917 [TX CF5] 67 25 47 8B 9F 19 5E 36
15:06:04.928 [TX CF6] 67 26 FC 76 78 FD F2 1D
15:06:04.939 [TX CF7] 67 27 E4 7F C9 87 94 1F
15:06:04.950 [TX CF8] 67 28 2A 5E 58 FC BA 79
15:06:04.962 [TX CF9] 67 29 85 F3 2D E6 9F CD
15:06:04.973 [TX CF10] 67 2A C7 9C 9F 3B 5E 7A
15:06:04.984 [TX CF11] 67 2B FC FE 7A 0D F4 3D
15:06:04.996 [TX CF12] 67 2C E8 BF D2 07 A5 1F
15:06:05.008 [TX CF13] 67 2D 4C 5E 9C FD 42 7A
15:06:05.020 [TX CF14] 67 2E 95 F5 4D EA DF D6
15:06:05.031 [TX CF15] 67 2F 47 AD 9F 5D 5E BE
15:06:05.041 [TX CF0] 67 20 FD 86 7B 1D F6 5D
15:06:05.053 [TX CF1] 67 21 EC FF DA 87 B6 1F
15:06:05.064 [TX CF2] 67 22 6E 5E E0 FD CA 7B
15:06:05.075 [TX CF3] 67 23 A5 F7 6D EF 1F DE
15:06:05.086 [TX CF4] 67 24 C7 BE 9F 7F 5E 02
15:06:05.096 [TX CF5] 67 25 FC 0E 78 2D F0 7D
15:06:05.108 [TX CF6] 67 26 E1 3F C3 07 87 1F
15:06:05.120 [TX CF7] 67 27 10 5E 24 FC 52 78
15:06:05.132 [TX CF8] 67 28 B5 F1 8D E3 5F C7
15:06:05.143 [TX CF9] 67 29 47 8F 9F 21 5E 46
15:06:05.154 [TX CF10] 67 2A FC 96 79 3D F2 9D
15:06:05.166 [TX CF11] 67 2B E5 7F CB 87 98 1F
15:06:05.177 [TX CF12] 67 2C 32 5E 68 FC DA 79
15:06:05.189 [TX CF13] 67 2D C5 F3 AD E7 9F CF
15:06:05.200 [TX CF14] 67 2E C7 A0 9F 43 5E 8A
15:06:05.211 [TX CF15] 67 2F FD 1E 7A 4D F4 BD
15:06:05.223 [TX CF0] 67 20 E9 BF D4 07 A9 1F
15:06:05.234 [TX CF1] 67 21 54 5E AC FD 62 7A
15:06:05.244 [TX CF2] 67 22 D5 F5 CD EB DF D8
15:06:05.257 [TX CF3] 67 23 47 B1 9F 65 5E CE
15:06:05.268 [TX CF4] 67 24 FD A6 7B FF FF FF
15:06:05.289 [RX SF ] 67 02 76 0F FF FF FF FF
15:06:05.290 [RX    ] 76 0F
15:06:05.290 [PASS  ] TransferData block=15 | expected: 76 ... | received: 76 0F
15:06:05.301 ------------------------------------------------------------------------
15:06:05.301 [STEP  ] 0x36 block=16  offset=30600/45254  (67%)
15:06:05.301 [TX TransferData block=16 len=2040] 36 10 5D F6 DD ED FF DC 87 BA 1F 76 5E F0 FD EA...
15:06:05.302 [TX FF ] 67 17 FA 36 10 5D F6 DD
15:06:05.314 [TX CF1] 67 21 ED FF DC 87 BA 1F
15:06:05.326 [TX CF2] 67 22 76 5E F0 FD EA 7B
15:06:05.338 [TX CF3] 67 23 E5 F7 ED E0 1F C0
15:06:05.349 [TX CF4] 67 24 C7 82 9F 07 5E 12
15:06:05.360 [TX CF5] 67 25 FC 2E 78 6D F0 FD
15:06:05.370 [TX CF6] 67 26 E2 3F C5 07 8B 1F
15:06:05.382 [TX CF7] 67 27 18 5E 34 FC 72 78
15:06:05.392 [TX CF8] 67 28 F5 F2 0D E4 5F C9
15:06:05.403 [TX CF9] 67 29 47 93 9F 29 5E 56
15:06:05.414 [TX CF10] 67 2A FC B6 79 7D F3 1D
15:06:05.426 [TX CF11] 67 2B E6 7F CD 87 9C 1F
15:06:05.438 [TX CF12] 67 2C 3A 5E 78 FC FA 7A
15:06:05.450 [TX CF13] 67 2D 05 F4 2D E8 9F D1
15:06:05.461 [TX CF14] 67 2E C7 A4 9F 4B 5E 9A
15:06:05.471 [TX CF15] 67 2F FD 3E 7A 8D F5 3D
15:06:05.482 [TX CF0] 67 20 EA BF D6 07 AD 1F
15:06:05.494 [TX CF1] 67 21 5C 5E BC FD 82 7B
15:06:05.506 [TX CF2] 67 22 15 F6 4D EC DF DA
15:06:05.518 [TX CF3] 67 23 47 B5 9F 6D 5E DE
15:06:05.529 [TX CF4] 67 24 FD C6 7B 9D F7 5D
15:06:05.540 [TX CF5] 67 25 EE FF DE 87 BE 1F
15:06:05.552 [TX CF6] 67 26 7E 5E 00 FC 0A 78
15:06:05.564 [TX CF7] 67 27 25 F0 6D E1 1F C2
15:06:05.575 [TX CF8] 67 28 C7 86 9F 0F 5E 22
15:06:05.586 [TX CF9] 67 29 FC 4E 78 AD F1 7D
15:06:05.597 [TX CF10] 67 2A E3 3F C7 07 8F 1F
15:06:05.608 [TX CF11] 67 2B 20 5E 44 FC 92 79
15:06:05.620 [TX CF12] 67 2C 35 F2 8D E5 5F CB
15:06:05.631 [TX CF13] 67 2D 47 97 9F 31 5E 66
15:06:05.641 [TX CF14] 67 2E FC D6 79 BD F3 9D
15:06:05.652 [TX CF15] 67 2F E7 7F CF 87 A0 1F
15:06:05.663 [TX CF0] 67 20 42 5E 88 FD 1A 7A
15:06:05.674 [TX CF1] 67 21 45 F4 AD E9 9F D3
15:06:05.685 [TX CF2] 67 22 C7 A8 9F 53 5E AA
15:06:05.695 [TX CF3] 67 23 FD 5E 7A CD F5 BD
15:06:05.706 [TX CF4] 67 24 EB BF D8 07 B1 1F
15:06:05.717 [TX CF5] 67 25 64 5E CC FD A2 7B
15:06:05.728 [TX CF6] 67 26 55 F6 CD ED DF DC
15:06:05.740 [TX CF7] 67 27 47 B9 9F 75 5E EE
15:06:05.752 [TX CF8] 67 28 FD E6 7B DD F7 DD
15:06:05.763 [TX CF9] 67 29 FF F7 FF E0 47 C1
15:06:05.774 [TX CF10] 67 2A 17 83 3F 08 9E 15
15:06:05.785 [TX CF11] 67 2B 7C 33 78 77 F1 11
15:06:05.797 [TX CF12] 67 2C E2 67 C5 57 8B BF
15:06:05.808 [TX CF13] 67 2D 19 9E 37 7C 77 78
15:06:05.820 [TX CF14] 67 2E FF F2 21 E4 87 C9
15:06:05.830 [TX CF15] 67 2F 97 94 3F 2A 9E 59
15:06:05.842 [TX CF0] 67 20 7C BB 79 87 F3 31
15:06:05.853 [TX CF1] 67 21 E6 A7 CD D7 9C BF
15:06:05.863 [TX CF2] 67 22 3B 9E 7B 7C FF 7A
15:06:05.874 [TX CF3] 67 23 0F F4 41 E8 C7 D2
15:06:05.886 [TX CF4] 67 24 17 A5 3F 4C 9E 9D
15:06:05.897 [TX CF5] 67 25 7D 43 7A 97 F5 51
15:06:05.909 [TX CF6] 67 26 EA E7 D6 57 AD BF
15:06:05.920 [TX CF7] 67 27 5D 9E BF 7D 87 7B
15:06:05.931 [TX CF8] 67 28 1F F6 61 ED 07 DA
15:06:05.943 [TX CF9] 67 29 97 B6 3F 6E 9E E1
15:06:05.955 [TX CF10] 67 2A 7D CB 7B A7 F7 71
15:06:05.966 [TX CF11] 67 2B EF 27 DE D7 BE BF
15:06:05.977 [TX CF12] 67 2C 7F 9E 03 7C 0F 78
15:06:05.988 [TX CF13] 67 2D 2F F0 81 E1 47 C3
15:06:06.000 [TX CF14] 67 2E 17 87 3F 10 9E 25
15:06:06.011 [TX CF15] 67 2F 7C 53 78 B7 F1 91
15:06:06.022 [TX CF0] 67 20 E3 67 C7 57 8F BF
15:06:06.033 [TX CF1] 67 21 21 9E 47 7C 97 79
15:06:06.044 [TX CF2] 67 22 3F F2 A1 E5 87 CB
15:06:06.054 [TX CF3] 67 23 97 98 3F 32 9E 69
15:06:06.065 [TX CF4] 67 24 7C DB 79 C7 F3 B1
15:06:06.076 [TX CF5] 67 25 E7 A7 CF D7 A0 BF
15:06:06.088 [TX CF6] 67 26 43 9E 8B 7D 1F 7A
15:06:06.098 [TX CF7] 67 27 4F F4 C1 E9 C7 D4
15:06:06.108 [TX CF8] 67 28 17 A9 3F 54 9E AD
15:06:06.120 [TX CF9] 67 29 7D 63 7A D7 F5 D1
15:06:06.132 [TX CF10] 67 2A EB E7 D8 57 B1 BF
15:06:06.145 [TX CF11] 67 2B 65 9E CF 7D A7 7B
15:06:06.155 [TX CF12] 67 2C 5F F6 E1 EE 07 DC
15:06:06.166 [TX CF13] 67 2D 97 BA 3F 76 9E F1
15:06:06.177 [TX CF14] 67 2E 7D EB 7B E7 F7 F1
15:06:06.188 [TX CF15] 67 2F E0 27 C0 D7 82 BF
15:06:06.200 [TX CF0] 67 20 07 9E 13 7C 2F 78
15:06:06.212 [TX CF1] 67 21 6F F1 01 E2 47 C5
15:06:06.222 [TX CF2] 67 22 17 8B 3F 18 9E 35
15:06:06.233 [TX CF3] 67 23 7C 73 78 F7 F2 11
15:06:06.245 [TX CF4] 67 24 E4 67 C9 57 93 BF
15:06:06.256 [TX CF5] 67 25 29 9E 57 7C B7 79
15:06:06.268 [TX CF6] 67 26 7F F3 21 E6 87 CD
15:06:06.279 [TX CF7] 67 27 97 9C 3F 3A 9E 79
15:06:06.291 [TX CF8] 67 28 7C FB 7A 07 F4 31
15:06:06.302 [TX CF9] 67 29 E8 A7 D1 D7 A4 BF
15:06:06.314 [TX CF10] 67 2A 4B 9E 9B 7D 3F 7A
15:06:06.326 [TX CF11] 67 2B 8F F5 41 EA C7 D6
15:06:06.338 [TX CF12] 67 2C 17 AD 3F 5C 9E BD
15:06:06.350 [TX CF13] 67 2D 7D 83 7B 17 F6 51
15:06:06.361 [TX CF14] 67 2E EC E7 DA 57 B5 BF
15:06:06.373 [TX CF15] 67 2F 6D 9E DF 7D C7 7B
15:06:06.385 [TX CF0] 67 20 9F F7 61 EF 07 DE
15:06:06.395 [TX CF1] 67 21 97 BE 3F 7E 9E 01
15:06:06.407 [TX CF2] 67 22 7C 0B 78 27 F0 71
15:06:06.418 [TX CF3] 67 23 E1 27 C2 D7 86 BF
15:06:06.429 [TX CF4] 67 24 0F 9E 23 7C 4F 78
15:06:06.440 [TX CF5] 67 25 AF F1 81 E3 47 C7
15:06:06.451 [TX CF6] 67 26 17 8F 3F 20 9E 45
15:06:06.463 [TX CF7] 67 27 7C 93 79 37 F2 91
15:06:06.474 [TX CF8] 67 28 E5 67 CB 57 97 BF
15:06:06.485 [TX CF9] 67 29 31 9E 67 7C D7 79
15:06:06.495 [TX CF10] 67 2A BF F3 A1 E7 87 CF
15:06:06.505 [TX CF11] 67 2B 97 A0 3F 42 9E 89
15:06:06.517 [TX CF12] 67 2C 7D 1B 7A 47 F4 B1
15:06:06.528 [TX CF13] 67 2D E9 A7 D3 D7 A8 BF
15:06:06.540 [TX CF14] 67 2E 53 9E AB 7D 5F 7A
15:06:06.551 [TX CF15] 67 2F CF F5 C1 EB C7 D8
15:06:06.562 [TX CF0] 67 20 17 B1 3F 64 9E CD
15:06:06.573 [TX CF1] 67 21 7D A3 7B 57 F6 D1
15:06:06.585 [TX CF2] 67 22 ED E7 DC 57 B9 BF
15:06:06.596 [TX CF3] 67 23 75 9E EF 7D E7 7B
15:06:06.608 [TX CF4] 67 24 DF F7 E1 E0 07 C0
15:06:06.621 [TX CF5] 67 25 97 82 3F 06 9E 11
15:06:06.632 [TX CF6] 67 26 7C 2B 78 67 F0 F1
15:06:06.644 [TX CF7] 67 27 E2 27 C4 D7 8A BF
15:06:06.655 [TX CF8] 67 28 17 9E 33 7C 6F 78
15:06:06.667 [TX CF9] 67 29 EF F2 01 E4 47 C9
15:06:06.678 [TX CF10] 67 2A 17 93 3F 28 9E 55
15:06:06.689 [TX CF11] 67 2B 7C B3 79 77 F3 11
15:06:06.701 [TX CF12] 67 2C E6 67 CD 57 9B BF
15:06:06.712 [TX CF13] 67 2D 39 9E 77 7C F7 79
15:06:06.724 [TX CF14] 67 2E FF F4 21 E8 87 D1
15:06:06.736 [TX CF15] 67 2F 97 A4 3F 4A 9E 99
15:06:06.747 [TX CF0] 67 20 7D 3B 7A 87 F5 31
15:06:06.759 [TX CF1] 67 21 EA A7 D5 D7 AC BF
15:06:06.769 [TX CF2] 67 22 5B 9E BB 7D 7F 7B
15:06:06.779 [TX CF3] 67 23 0F F6 41 EC C7 DA
15:06:06.791 [TX CF4] 67 24 17 B5 3F 6C 9E DD
15:06:06.802 [TX CF5] 67 25 7D C3 7B 97 F7 51
15:06:06.813 [TX CF6] 67 26 EE E7 DE 57 BD BF
15:06:06.824 [TX CF7] 67 27 7D 9E FF 7C 07 78
15:06:06.836 [TX CF8] 67 28 1F F0 61 E1 07 C2
15:06:06.846 [TX CF9] 67 29 97 86 3F 0E 9E 21
15:06:06.859 [TX CF10] 67 2A 7C 4B 78 A7 F1 71
15:06:06.869 [TX CF11] 67 2B E3 27 C6 D7 8E BF
15:06:06.880 [TX CF12] 67 2C 1F 9E 43 7C 8F 79
15:06:06.891 [TX CF13] 67 2D 2F F2 81 E5 47 CB
15:06:06.903 [TX CF14] 67 2E 17 97 3F 30 9E 65
15:06:06.915 [TX CF15] 67 2F 7C D3 79 B7 F3 91
15:06:06.927 [TX CF0] 67 20 E7 67 CF 57 9F BF
15:06:06.939 [TX CF1] 67 21 41 9E 87 7D 17 7A
15:06:06.950 [TX CF2] 67 22 3F F4 A1 E9 87 D3
15:06:06.961 [TX CF3] 67 23 97 A8 3F 52 9E A9
15:06:06.972 [TX CF4] 67 24 7D 5B 7A C7 F5 B1
15:06:06.984 [TX CF5] 67 25 EB A7 D7 D7 B0 BF
15:06:06.995 [TX CF6] 67 26 63 9E CB 7D 9F 7B
15:06:07.006 [TX CF7] 67 27 4F F6 C1 ED C7 DC
15:06:07.018 [TX CF8] 67 28 17 B9 3F 74 9E ED
15:06:07.030 [TX CF9] 67 29 7D E3 7B D7 F7 D1
15:06:07.041 [TX CF10] 67 2A EF E7 C0 57 81 BF
15:06:07.052 [TX CF11] 67 2B 05 9E 0F 7C 27 78
15:06:07.064 [TX CF12] 67 2C 5F F0 E1 E2 07 C4
15:06:07.074 [TX CF13] 67 2D 97 8A 3F 16 9E 31
15:06:07.085 [TX CF14] 67 2E 7C 6B 78 E7 F1 F1
15:06:07.096 [TX CF15] 67 2F E4 27 C8 D7 92 BF
15:06:07.107 [TX CF0] 67 20 27 9E 53 7C AF 79
15:06:07.118 [TX CF1] 67 21 6F F3 01 E6 47 CD
15:06:07.129 [TX CF2] 67 22 17 9B 3F 38 9E 75
15:06:07.140 [TX CF3] 67 23 7C F3 79 F7 F4 11
15:06:07.152 [TX CF4] 67 24 E8 67 D1 57 A3 BF
15:06:07.164 [TX CF5] 67 25 49 9E 97 7D 37 7A
15:06:07.175 [TX CF6] 67 26 7F F5 21 EA 87 D5
15:06:07.187 [TX CF7] 67 27 97 AC 3F 5A 9E B9
15:06:07.199 [TX CF8] 67 28 7D 7B 7B 07 F6 31
15:06:07.210 [TX CF9] 67 29 EC A7 D9 D7 B4 BF
15:06:07.221 [TX CF10] 67 2A 6B 9E DB 7D BF 7B
15:06:07.233 [TX CF11] 67 2B 8F F7 41 EE C7 DE
15:06:07.245 [TX CF12] 67 2C 17 BD 3F 7C 9E FD
15:06:07.256 [TX CF13] 67 2D 7C 03 78 17 F0 51
15:06:07.268 [TX CF14] 67 2E E0 E7 C2 57 85 BF
15:06:07.280 [TX CF15] 67 2F 0D 9E 1F 7C 47 78
15:06:07.292 [TX CF0] 67 20 9F F1 61 E3 07 C6
15:06:07.303 [TX CF1] 67 21 97 8E 3F 1E 9E 41
15:06:07.314 [TX CF2] 67 22 7C 8B 79 27 F2 71
15:06:07.325 [TX CF3] 67 23 E5 27 CA D7 96 BF
15:06:07.337 [TX CF4] 67 24 2F 9E 63 7C CF 79
15:06:07.348 [TX CF5] 67 25 AF F3 81 E7 47 CF
15:06:07.359 [TX CF6] 67 26 17 9F 3F 40 9E 85
15:06:07.370 [TX CF7] 67 27 7D 13 7A 37 F4 91
15:06:07.381 [TX CF8] 67 28 E9 67 D3 57 A7 BF
15:06:07.393 [TX CF9] 67 29 51 9E A7 7D 57 7A
15:06:07.405 [TX CF10] 67 2A BF F5 A1 EB 87 D7
15:06:07.416 [TX CF11] 67 2B 97 B0 3F 62 9E C9
15:06:07.428 [TX CF12] 67 2C 7D 9B 7B 47 F6 B1
15:06:07.440 [TX CF13] 67 2D ED A7 DB D7 B8 BF
15:06:07.452 [TX CF14] 67 2E 73 9E EB 7D DF 7B
15:06:07.462 [TX CF15] 67 2F CF F7 C1 EF C7 C0
15:06:07.472 [TX CF0] 67 20 17 81 3F 04 9E 0D
15:06:07.483 [TX CF1] 67 21 7C 23 78 57 F0 D1
15:06:07.494 [TX CF2] 67 22 E1 E7 C4 57 89 BF
15:06:07.507 [TX CF3] 67 23 15 9E 2F 7C 67 78
15:06:07.518 [TX CF4] 67 24 DF F1 E1 E4 07 C8
15:06:07.529 [TX CF5] 67 25 97 92 3F 26 9E 51
15:06:07.540 [TX CF6] 67 26 7C AB 79 67 F2 F1
15:06:07.551 [TX CF7] 67 27 E6 27 CC D7 9A BF
15:06:07.563 [TX CF8] 67 28 37 9E 73 7C EF 79
15:06:07.574 [TX CF9] 67 29 EF F4 01 E8 47 D1
15:06:07.586 [TX CF10] 67 2A 17 A3 3F 48 9E 95
15:06:07.597 [TX CF11] 67 2B 7D 33 7A 77 F5 11
15:06:07.609 [TX CF12] 67 2C EA 67 D5 57 AB BF
15:06:07.620 [TX CF13] 67 2D 59 9E B7 7D 77 7A
15:06:07.633 [TX CF14] 67 2E FF F6 21 EC 87 D9
15:06:07.645 [TX CF15] 67 2F 97 B4 3F 6A 9E D9
15:06:07.655 [TX CF0] 67 20 7D BB 7B 87 F7 31
15:06:07.667 [TX CF1] 67 21 EE A7 DD D7 BC BF
15:06:07.678 [TX CF2] 67 22 7B 9E FB 7D FF 78
15:06:07.689 [TX CF3] 67 23 0F F0 41 E0 C7 C2
15:06:07.700 [TX CF4] 67 24 17 85 3F 0C 9E 1D
15:06:07.711 [TX CF5] 67 25 7C 43 78 97 F1 51
15:06:07.721 [TX CF6] 67 26 E2 E7 C6 57 8D BF
15:06:07.733 [TX CF7] 67 27 1D 9E 3F 7C 87 79
15:06:07.744 [TX CF8] 67 28 1F F2 61 E5 07 CA
15:06:07.755 [TX CF9] 67 29 97 96 3F 2E 9E 61
15:06:07.766 [TX CF10] 67 2A 7C CB 79 A7 F3 71
15:06:07.777 [TX CF11] 67 2B E7 27 CE D7 9E BF
15:06:07.787 [TX CF12] 67 2C 3F 9E 83 7D 0F 7A
15:06:07.799 [TX CF13] 67 2D 2F F4 81 E9 47 D3
15:06:07.811 [TX CF14] 67 2E 17 A7 3F 50 9E A5
15:06:07.822 [TX CF15] 67 2F 7D 53 7A B7 F5 91
15:06:07.834 [TX CF0] 67 20 EB 67 D7 57 AF BF
15:06:07.846 [TX CF1] 67 21 61 9E C7 7D 97 7B
15:06:07.856 [TX CF2] 67 22 3F F6 A1 ED 87 DB
15:06:07.868 [TX CF3] 67 23 97 B8 3F 72 9E E9
15:06:07.878 [TX CF4] 67 24 7D DB 7B C7 F7 B1
15:06:07.889 [TX CF5] 67 25 EF A7 DF D7 80 BF
15:06:07.900 [TX CF6] 67 26 03 9E 0B 7C 1F 78
15:06:07.912 [TX CF7] 67 27 4F F0 C1 E1 C7 C4
15:06:07.923 [TX CF8] 67 28 17 89 3F 14 9E 2D
15:06:07.935 [TX CF9] 67 29 7C 63 78 D7 F1 D1
15:06:07.945 [TX CF10] 67 2A E3 E7 C8 57 91 BF
15:06:07.956 [TX CF11] 67 2B 25 9E 4F 7C A7 79
15:06:07.968 [TX CF12] 67 2C 5F F2 E1 E6 07 CC
15:06:07.979 [TX CF13] 67 2D 97 9A 3F 36 9E 71
15:06:07.990 [TX CF14] 67 2E 7C EB 79 E7 F3 F1
15:06:08.001 [TX CF15] 67 2F E8 27 D0 D7 A2 BF
15:06:08.013 [TX CF0] 67 20 47 9E 93 7D 2F 7A
15:06:08.025 [TX CF1] 67 21 6F F5 01 EA 47 D5
15:06:08.036 [TX CF2] 67 22 17 AB 3F 58 9E B5
15:06:08.048 [TX CF3] 67 23 7D 73 7A F7 F6 11
15:06:08.060 [TX CF4] 67 24 EC 67 D9 57 B3 BF
15:06:08.071 [TX CF5] 67 25 69 9E D7 7D B7 7B
15:06:08.083 [TX CF6] 67 26 7F F7 21 EE 87 DD
15:06:08.093 [TX CF7] 67 27 97 BC 3F 7A 9E F9
15:06:08.104 [TX CF8] 67 28 7D FB 78 07 F0 31
15:06:08.116 [TX CF9] 67 29 E0 A7 C1 D7 84 BF
15:06:08.128 [TX CF10] 67 2A 0B 9E 1B 7C 3F 78
15:06:08.140 [TX CF11] 67 2B 8F F1 41 E2 C7 C6
15:06:08.152 [TX CF12] 67 2C 17 8D 3F 1C 9E 3D
15:06:08.163 [TX CF13] 67 2D 7C 83 79 17 F2 51
15:06:08.174 [TX CF14] 67 2E E4 E7 CA 57 95 BF
15:06:08.185 [TX CF15] 67 2F 2D 9E 5F 7C C7 79
15:06:08.196 [TX CF0] 67 20 9F F3 61 E7 07 CE
15:06:08.207 [TX CF1] 67 21 97 9E 3F 3E 9E 81
15:06:08.218 [TX CF2] 67 22 7D 0B 7A 27 F4 71
15:06:08.228 [TX CF3] 67 23 E9 27 D2 D7 A6 BF
15:06:08.238 [TX CF4] 67 24 4F 9E A3 7D 4F 7A
15:06:08.249 [TX CF5] 67 25 AF F5 81 EB 47 D7
15:06:08.260 [TX CF6] 67 26 17 AF 3F 60 9E C5
15:06:08.273 [TX CF7] 67 27 7D 93 7B 37 F6 91
15:06:08.284 [TX CF8] 67 28 ED 67 DB 57 B7 BF
15:06:08.294 [TX CF9] 67 29 71 9E E7 7D D7 7B
15:06:08.305 [TX CF10] 67 2A BF F7 A1 EF 87 DF
15:06:08.317 [TX CF11] 67 2B 97 80 3F 02 9E 09
15:06:08.329 [TX CF12] 67 2C 7C 1B 78 47 F0 B1
15:06:08.341 [TX CF13] 67 2D E1 A7 C3 D7 88 BF
15:06:08.352 [TX CF14] 67 2E 13 9E 2B 7C 5F 78
15:06:08.363 [TX CF15] 67 2F CF F1 C1 E3 C7 C8
15:06:08.374 [TX CF0] 67 20 17 91 3F 24 9E 4D
15:06:08.386 [TX CF1] 67 21 7C A3 79 57 F2 D1
15:06:08.398 [TX CF2] 67 22 E5 E7 CC 57 99 BF
15:06:08.409 [TX CF3] 67 23 35 9E 6F 7C E7 79
15:06:08.421 [TX CF4] 67 24 DF F3 E1 E8 07 D0
15:06:08.432 [TX CF5] 67 25 97 A2 3F 46 9E 91
15:06:08.443 [TX CF6] 67 26 7D 2B 7A 67 F4 F1
15:06:08.454 [TX CF7] 67 27 EA 27 D4 D7 AA BF
15:06:08.465 [TX CF8] 67 28 57 9E B3 7D 6F 7A
15:06:08.476 [TX CF9] 67 29 EF F6 01 EC 47 D9
15:06:08.487 [TX CF10] 67 2A 17 B3 3F 68 9E D5
15:06:08.500 [TX CF11] 67 2B 7D B3 7B 77 F7 11
15:06:08.511 [TX CF12] 67 2C EE 67 DD 57 BB BF
15:06:08.522 [TX CF13] 67 2D 79 9E F7 7D F7 7F
15:06:08.534 [TX CF14] 67 2E FD FF F8 11 F0 45
15:06:08.546 [TX CF15] 67 2F E0 CF C2 27 85 5F
15:06:08.558 [TX CF0] 67 20 0C DE 1D FC 44 78
15:06:08.569 [TX CF1] 67 21 99 F1 55 E2 EF C6
15:06:08.579 [TX CF2] 67 22 67 8D DF 1D DE 3F
15:06:08.591 [TX CF3] 67 23 FC 88 79 21 F2 65
15:06:08.603 [TX CF4] 67 24 E5 0F CA A7 96 5F
15:06:08.615 [TX CF5] 67 25 2E DE 61 FC CC 79
15:06:08.626 [TX CF6] 67 26 A9 F3 75 E7 2F CE
15:06:08.637 [TX CF7] 67 27 E7 9E DF 3F DE 83
15:06:08.649 [TX CF8] 67 28 FD 10 7A 31 F4 85
15:06:08.659 [TX CF9] 67 29 E9 4F D3 27 A7 5F
15:06:08.671 [TX CF10] 67 2A 50 DE A5 FD 54 7A
15:06:08.683 [TX CF11] 67 2B B9 F5 95 EB 6F D7
15:06:08.694 [TX CF12] 67 2C 67 AF DF 61 DE C7
15:06:08.704 [TX CF13] 67 2D FD 98 7B 41 F6 A5
15:06:08.714 [TX CF14] 67 2E ED 8F DB A7 B8 5F
15:06:08.726 [TX CF15] 67 2F 72 DE E9 FD DC 7B
15:06:08.738 [TX CF0] 67 20 C9 F7 B5 EF AF DF
15:06:08.750 [TX CF1] 67 21 E7 80 DF 03 DE 0B
15:06:08.762 [TX CF2] 67 22 FC 20 78 51 F0 C5
15:06:08.773 [TX CF3] 67 23 E1 CF C4 27 89 5F
15:06:08.785 [TX CF4] 67 24 14 DE 2D FC 64 78
15:06:08.796 [TX CF5] 67 25 D9 F1 D5 E3 EF C8
15:06:08.806 [TX CF6] 67 26 67 91 DF 25 DE 4F
15:06:08.817 [TX CF7] 67 27 FC A8 79 61 F2 E5
15:06:08.829 [TX CF8] 67 28 E6 0F CC A7 9A 5F
15:06:08.841 [TX CF9] 67 29 36 DE 71 FC EC 79
15:06:08.853 [TX CF10] 67 2A E9 F3 F5 E8 2F D0
15:06:08.863 [TX CF11] 67 2B E7 A2 DF 47 DE 93
15:06:08.874 [TX CF12] 67 2C FD 30 7A 71 F5 05
15:06:08.885 [TX CF13] 67 2D EA 4F D5 27 AB 5F
15:06:08.897 [TX CF14] 67 2E 58 DE B5 FD 74 7A
15:06:08.909 [TX CF15] 67 2F F9 F6 15 EC 6F D9
15:06:08.919 [TX CF0] 67 20 67 B3 DF 69 DE D7
15:06:08.931 [TX CF1] 67 21 FD B8 7B 81 F7 25
15:06:08.942 [TX CF2] 67 22 EE 8F DD A7 BC 5F
15:06:08.953 [TX CF3] 67 23 7A DE F9 FD FC 78
15:06:08.964 [TX CF4] 67 24 09 F0 35 E0 AF C1
15:06:08.974 [TX CF5] 67 25 E7 84 DF 0B DE 1B
15:06:08.986 [TX CF6] 67 26 FC 40 78 91 F1 45
15:06:08.996 [TX CF7] 67 27 E2 CF C6 27 8D 5F
15:06:09.007 [TX CF8] 67 28 1C DE 3D FC 84 79
15:06:09.018 [TX CF9] 67 29 19 F2 55 E4 EF CA
15:06:09.030 [TX CF10] 67 2A 67 95 DF 2D DE 5F
15:06:09.041 [TX CF11] 67 2B FC C8 79 A1 F3 65
15:06:09.051 [TX CF12] 67 2C E7 0F CE A7 9E 5F
15:06:09.062 [TX CF13] 67 2D 3E DE 81 FD 0C 7A
15:06:09.072 [TX CF14] 67 2E 29 F4 75 E9 2F D2
15:06:09.083 [TX CF15] 67 2F E7 A6 DF 4F DE A3
15:06:09.093 [TX CF0] 67 20 FD 50 7A B1 F5 85
15:06:09.105 [TX CF1] 67 21 EB 4F D7 27 AF 5F
15:06:09.117 [TX CF2] 67 22 60 DE C5 FD 94 7B
15:06:09.128 [TX CF3] 67 23 39 F6 95 ED 6F DB
15:06:09.138 [TX CF4] 67 24 67 B7 DF FF FF FF
15:06:09.160 [RX SF ] 67 02 76 10 FF FF FF FF
15:06:09.161 [RX    ] 76 10
15:06:09.161 [PASS  ] TransferData block=16 | expected: 76 ... | received: 76 10
15:06:09.172 ------------------------------------------------------------------------
15:06:09.172 [STEP  ] 0x36 block=17  offset=32640/45254  (72%)
15:06:09.173 [TX TransferData block=17 len=2040] 36 11 71 DE E7 FD D8 7B C1 F7 A5 EF 8F DF A7 80...
15:06:09.174 [TX FF ] 67 17 FA 36 11 71 DE E7
15:06:09.186 [TX CF1] 67 21 FD D8 7B C1 F7 A5
15:06:09.198 [TX CF2] 67 22 EF 8F DF A7 80 5F
15:06:09.210 [TX CF3] 67 23 02 DE 09 FC 1C 78
15:06:09.220 [TX CF4] 67 24 49 F0 B5 E1 AF C3
15:06:09.231 [TX CF5] 67 25 E7 88 DF 13 DE 2B
15:06:09.241 [TX CF6] 67 26 FC 60 78 D1 F1 C5
15:06:09.252 [TX CF7] 67 27 E3 CF C8 27 91 5F
15:06:09.264 [TX CF8] 67 28 24 DE 4D FC A4 79
15:06:09.275 [TX CF9] 67 29 59 F2 D5 E5 EF CC
15:06:09.287 [TX CF10] 67 2A 67 99 DF 35 DE 6F
15:06:09.298 [TX CF11] 67 2B FC E8 79 E1 F3 E5
15:06:09.310 [TX CF12] 67 2C E8 0F D0 A7 A2 5F
15:06:09.322 [TX CF13] 67 2D 46 DE 91 FD 2C 7A
15:06:09.334 [TX CF14] 67 2E 69 F4 F5 EA 2F D4
15:06:09.346 [TX CF15] 67 2F E7 AA DF 57 DE B3
15:06:09.358 [TX CF0] 67 20 FD 70 7A F1 F6 05
15:06:09.370 [TX CF1] 67 21 EC 4F D9 27 B3 5F
15:06:09.381 [TX CF2] 67 22 68 DE D5 FD B4 7B
15:06:09.392 [TX CF3] 67 23 79 F7 15 EE 6F DD
15:06:09.404 [TX CF4] 67 24 67 BB DF 79 DE F7
15:06:09.415 [TX CF5] 67 25 FD F8 78 01 F0 25
15:06:09.426 [TX CF6] 67 26 E0 8F C1 A7 84 5F
15:06:09.438 [TX CF7] 67 27 0A DE 19 FC 3C 78
15:06:09.450 [TX CF8] 67 28 89 F1 35 E2 AF C5
15:06:09.460 [TX CF9] 67 29 E7 8C DF 1B DE 3B
15:06:09.470 [TX CF10] 67 2A FC 80 79 11 F2 45
15:06:09.481 [TX CF11] 67 2B E4 CF CA 27 95 5F
15:06:09.492 [TX CF12] 67 2C 2C DE 5D FC C4 79
15:06:09.504 [TX CF13] 67 2D 99 F3 55 E6 EF CE
15:06:09.516 [TX CF14] 67 2E 67 9D DF 3D DE 7F
15:06:09.526 [TX CF15] 67 2F FD 08 7A 21 F4 65
15:06:09.537 [TX CF0] 67 20 E9 0F D2 A7 A6 5F
15:06:09.547 [TX CF1] 67 21 4E DE A1 FD 4C 7A
15:06:09.558 [TX CF2] 67 22 A9 F5 75 EB 2F D6
15:06:09.569 [TX CF3] 67 23 E7 AE DF 5F DE C3
15:06:09.581 [TX CF4] 67 24 FD 90 7B 31 F6 85
15:06:09.593 [TX CF5] 67 25 ED 4F DB 27 B7 5F
15:06:09.605 [TX CF6] 67 26 70 DE E5 FD D4 7B
15:06:09.617 [TX CF7] 67 27 B9 F7 95 EF 6F DF
15:06:09.628 [TX CF8] 67 28 67 BF DF 01 DE 07
15:06:09.639 [TX CF9] 67 29 FC 18 78 41 F0 A5
15:06:09.650 [TX CF10] 67 2A E1 8F C3 A7 88 5F
15:06:09.662 [TX CF11] 67 2B 12 DE 29 FC 5C 78
15:06:09.674 [TX CF12] 67 2C C9 F1 B5 E3 AF C7
15:06:09.686 [TX CF13] 67 2D E7 90 DF 23 DE 4B
15:06:09.696 [TX CF14] 67 2E FC A0 79 51 F2 C5
15:06:09.707 [TX CF15] 67 2F E5 CF CC 27 99 5F
15:06:09.717 [TX CF0] 67 20 34 DE 6D FC E4 79
15:06:09.727 [TX CF1] 67 21 D9 F3 D5 E7 EF D0
15:06:09.738 [TX CF2] 67 22 67 A1 DF 45 DE 8F
15:06:09.750 [TX CF3] 67 23 FD 28 7A 61 F4 E5
15:06:09.760 [TX CF4] 67 24 EA 0F D4 A7 AA 5F
15:06:09.772 [TX CF5] 67 25 56 DE B1 FD 6C 7A
15:06:09.783 [TX CF6] 67 26 E9 F5 F5 EC 2F D8
15:06:09.793 [TX CF7] 67 27 E7 B2 DF 67 DE D3
15:06:09.803 [TX CF8] 67 28 FD B0 7B 71 F7 05
15:06:09.813 [TX CF9] 67 29 EE 4F DD 27 BB 5F
15:06:09.823 [TX CF10] 67 2A 78 DE F5 FD F4 7B
15:06:09.834 [TX CF11] 67 2B F9 F0 15 E0 6F C1
15:06:09.845 [TX CF12] 67 2C 67 83 DF 09 DE 17
15:06:09.855 [TX CF13] 67 2D FC 38 78 81 F1 25
15:06:09.867 [TX CF14] 67 2E E2 8F C5 A7 8C 5F
15:06:09.878 [TX CF15] 67 2F 1A DE 39 FC 7C 79
15:06:09.889 [TX CF0] 67 20 09 F2 35 E4 AF C9
15:06:09.900 [TX CF1] 67 21 E7 94 DF 2B DE 5B
15:06:09.911 [TX CF2] 67 22 FC C0 79 91 F3 45
15:06:09.922 [TX CF3] 67 23 E6 CF CE 27 9D 5F
15:06:09.933 [TX CF4] 67 24 3C DE 7D FD 04 7A
15:06:09.945 [TX CF5] 67 25 19 F4 55 E8 EF D2
15:06:09.956 [TX CF6] 67 26 67 A5 DF 4D DE 9F
15:06:09.967 [TX CF7] 67 27 FD 48 7A A1 F5 65
15:06:09.977 [TX CF8] 67 28 EB 0F D6 A7 AE 5F
15:06:09.988 [TX CF9] 67 29 5E DE C1 FD 8C 7B
15:06:09.999 [TX CF10] 67 2A 29 F6 75 ED 2F DA
15:06:10.011 [TX CF11] 67 2B E7 B6 DF 6F DE E3
15:06:10.022 [TX CF12] 67 2C FD D0 7B B1 F7 85
15:06:10.034 [TX CF13] 67 2D EF 4F DF 27 BF 5F
15:06:10.045 [TX CF14] 67 2E 00 DE 05 FC 14 78
15:06:10.056 [TX CF15] 67 2F 39 F0 95 E1 6F C3
15:06:10.067 [TX CF0] 67 20 67 87 DF 11 DE 27
15:06:10.077 [TX CF1] 67 21 FC 58 78 C1 F1 A5
15:06:10.088 [TX CF2] 67 22 E3 8F C7 A7 90 5F
15:06:10.099 [TX CF3] 67 23 22 DE 49 FC 9C 79
15:06:10.111 [TX CF4] 67 24 49 F2 B5 E5 AF CB
15:06:10.122 [TX CF5] 67 25 E7 98 DF 33 DE 6B
15:06:10.134 [TX CF6] 67 26 FC E0 79 D1 F3 C5
15:06:10.145 [TX CF7] 67 27 E7 CF D0 27 A1 5F
15:06:10.157 [TX CF8] 67 28 44 DE 8D FD 24 7A
15:06:10.168 [TX CF9] 67 29 59 F4 D5 E9 EF D4
15:06:10.178 [TX CF10] 67 2A 67 A9 DF 55 DE AF
15:06:10.189 [TX CF11] 67 2B FD 68 7A E1 F5 E5
15:06:10.200 [TX CF12] 67 2C EC 0F D8 A7 B2 5F
15:06:10.211 [TX CF13] 67 2D 66 DE D1 FD AC 7B
15:06:10.222 [TX CF14] 67 2E 69 F6 F5 EE 2F DC
15:06:10.234 [TX CF15] 67 2F E7 BA DF 77 DE F3
15:06:10.244 [TX CF0] 67 20 FD F0 7B F1 F0 05
15:06:10.255 [TX CF1] 67 21 E0 4F C1 27 83 5F
15:06:10.267 [TX CF2] 67 22 08 DE 15 FC 34 78
15:06:10.279 [TX CF3] 67 23 79 F1 15 E2 6F C5
15:06:10.291 [TX CF4] 67 24 67 8B DF 19 DE 37
15:06:10.301 [TX CF5] 67 25 FC 78 79 01 F2 25
15:06:10.313 [TX CF6] 67 26 E4 8F C9 A7 94 5F
15:06:10.323 [TX CF7] 67 27 2A DE 59 FC BC 79
15:06:10.335 [TX CF8] 67 28 89 F3 35 E6 AF CD
15:06:10.347 [TX CF9] 67 29 E7 9C DF 3B DE 7B
15:06:10.358 [TX CF10] 67 2A FD 00 7A 11 F4 45
15:06:10.369 [TX CF11] 67 2B E8 CF D2 27 A5 5F
15:06:10.380 [TX CF12] 67 2C 4C DE 9D FD 44 7A
15:06:10.390 [TX CF13] 67 2D 99 F5 55 EA EF D6
15:06:10.401 [TX CF14] 67 2E 67 AD DF 5D DE BF
15:06:10.412 [TX CF15] 67 2F FD 88 7B 21 F6 65
15:06:10.423 [TX CF0] 67 20 ED 0F DA A7 B6 5F
15:06:10.434 [TX CF1] 67 21 6E DE E1 FD CC 7B
15:06:10.444 [TX CF2] 67 22 A9 F7 75 EF 2F DE
15:06:10.455 [TX CF3] 67 23 E7 BE DF 7F DE 03
15:06:10.467 [TX CF4] 67 24 FC 10 78 31 F0 85
15:06:10.478 [TX CF5] 67 25 E1 4F C3 27 87 5F
15:06:10.488 [TX CF6] 67 26 10 DE 25 FC 54 78
15:06:10.499 [TX CF7] 67 27 B9 F1 95 E3 6F C7
15:06:10.511 [TX CF8] 67 28 67 8F DF 21 DE 47
15:06:10.522 [TX CF9] 67 29 FC 98 79 41 F2 A5
15:06:10.534 [TX CF10] 67 2A E5 8F CB A7 98 5F
15:06:10.546 [TX CF11] 67 2B 32 DE 69 FC DC 79
15:06:10.558 [TX CF12] 67 2C C9 F3 B5 E7 AF CF
15:06:10.569 [TX CF13] 67 2D E7 A0 DF 43 DE 8B
15:06:10.581 [TX CF14] 67 2E FD 20 7A 51 F4 C5
15:06:10.593 [TX CF15] 67 2F E9 CF D4 27 A9 5F
15:06:10.604 [TX CF0] 67 20 54 DE AD FD 64 7A
15:06:10.614 [TX CF1] 67 21 D9 F5 D5 EB EF D8
15:06:10.624 [TX CF2] 67 22 67 B1 DF 65 DE CF
15:06:10.636 [TX CF3] 67 23 FD A8 7B 61 F6 E5
15:06:10.648 [TX CF4] 67 24 EE 0F DC A7 BA 5F
15:06:10.659 [TX CF5] 67 25 76 DE F1 FD EC 7B
15:06:10.671 [TX CF6] 67 26 E9 F7 F5 E0 2F C0
15:06:10.682 [TX CF7] 67 27 E7 82 DF 07 DE 13
15:06:10.692 [TX CF8] 67 28 FC 30 78 71 F1 05
15:06:10.703 [TX CF9] 67 29 E2 4F C5 27 8B 5F
15:06:10.715 [TX CF10] 67 2A 18 DE 35 FC 74 78
15:06:10.727 [TX CF11] 67 2B F9 F2 15 E4 6F C9
15:06:10.737 [TX CF12] 67 2C 67 93 DF 29 DE 57
15:06:10.749 [TX CF13] 67 2D FC B8 79 81 F3 25
15:06:10.761 [TX CF14] 67 2E E6 8F CD A7 9C 5F
15:06:10.771 [TX CF15] 67 2F 3A DE 79 FC FC 7A
15:06:10.782 [TX CF0] 67 20 09 F4 35 E8 AF D1
15:06:10.792 [TX CF1] 67 21 E7 A4 DF 4B DE 9B
15:06:10.804 [TX CF2] 67 22 FD 40 7A 91 F5 45
15:06:10.817 [TX CF3] 67 23 EA CF D6 27 AD 5F
15:06:10.828 [TX CF4] 67 24 5C DE BD FD 84 7B
15:06:10.839 [TX CF5] 67 25 19 F6 55 EC EF DA
15:06:10.851 [TX CF6] 67 26 67 B5 DF 6D DE DF
15:06:10.862 [TX CF7] 67 27 FD C8 7B A1 F7 65
15:06:10.872 [TX CF8] 67 28 EF 0F DE A7 BE 5F
15:06:10.883 [TX CF9] 67 29 7E DE 01 FC 0C 78
15:06:10.895 [TX CF10] 67 2A 29 F0 75 E1 2F C2
15:06:10.906 [TX CF11] 67 2B E7 86 DF 0F DE 23
15:06:10.917 [TX CF12] 67 2C FC 50 78 B1 F1 85
15:06:10.929 [TX CF13] 67 2D E3 4F C7 27 8F 5F
15:06:10.939 [TX CF14] 67 2E 20 DE 45 FC 94 79
15:06:10.951 [TX CF15] 67 2F 39 F2 95 E5 6F CB
15:06:10.961 [TX CF0] 67 20 67 97 DF 31 DE 67
15:06:10.972 [TX CF1] 67 21 FC D8 79 C1 F3 A5
15:06:10.984 [TX CF2] 67 22 E7 8F CF A7 A0 5F
15:06:10.996 [TX CF3] 67 23 42 DE 89 FD 1C 7A
15:06:11.008 [TX CF4] 67 24 49 F4 B5 E9 AF D3
15:06:11.019 [TX CF5] 67 25 E7 A8 DF 53 DE AB
15:06:11.031 [TX CF6] 67 26 FD 60 7A D1 F5 C5
15:06:11.043 [TX CF7] 67 27 EB CF D8 27 B1 5F
15:06:11.055 [TX CF8] 67 28 64 DE CD FD A4 7B
15:06:11.067 [TX CF9] 67 29 59 F6 D5 ED EF DC
15:06:11.078 [TX CF10] 67 2A 67 B9 DF 75 DE EF
15:06:11.089 [TX CF11] 67 2B FD E8 7B E1 F7 E5
15:06:11.100 [TX CF12] 67 2C E0 0F C0 A7 82 5F
15:06:11.112 [TX CF13] 67 2D 06 DE 11 FC 2C 78
15:06:11.122 [TX CF14] 67 2E 69 F0 F5 E2 2F C4
15:06:11.134 [TX CF15] 67 2F E7 8A DF 17 DE 33
15:06:11.145 [TX CF0] 67 20 FC 70 78 F1 F2 05
15:06:11.156 [TX CF1] 67 21 E4 4F C9 27 93 5F
15:06:11.167 [TX CF2] 67 22 28 DE 55 FC B4 79
15:06:11.177 [TX CF3] 67 23 79 F3 15 E6 6F CD
15:06:11.189 [TX CF4] 67 24 67 9B DF 39 DE 77
15:06:11.201 [TX CF5] 67 25 FC F8 7A 01 F4 25
15:06:11.212 [TX CF6] 67 26 E8 8F D1 A7 A4 5F
15:06:11.223 [TX CF7] 67 27 4A DE 99 FD 3C 7A
15:06:11.234 [TX CF8] 67 28 89 F5 35 EA AF D5
15:06:11.246 [TX CF9] 67 29 E7 AC DF 5B DE BB
15:06:11.257 [TX CF10] 67 2A FD 80 7B 11 F6 45
15:06:11.269 [TX CF11] 67 2B EC CF DA 27 B5 5F
15:06:11.280 [TX CF12] 67 2C 6C DE DD FD C4 7B
15:06:11.290 [TX CF13] 67 2D 99 F7 55 EE EF DE
15:06:11.301 [TX CF14] 67 2E 67 BD DF 7D DF FF
15:06:11.313 [TX CF15] 67 2F 7F FE 04 7C 11 78
15:06:11.323 [TX CF0] 67 20 33 F0 89 E1 57 C3
15:06:11.335 [TX CF1] 67 21 37 87 7F 11 1E 26
15:06:11.346 [TX CF2] 67 22 7C 55 78 BB F1 99
15:06:11.358 [TX CF3] 67 23 E3 77 C7 77 8F FF
15:06:11.370 [TX CF4] 67 24 22 1E 48 7C 99 79
15:06:11.381 [TX CF5] 67 25 43 F2 A9 E5 97 CB
15:06:11.393 [TX CF6] 67 26 B7 98 7F 33 1E 6A
15:06:11.403 [TX CF7] 67 27 7C DD 79 CB F3 B9
15:06:11.415 [TX CF8] 67 28 E7 B7 CF F7 A0 FF
15:06:11.427 [TX CF9] 67 29 44 1E 8C 7D 21 7A
15:06:11.438 [TX CF10] 67 2A 53 F4 C9 E9 D7 D4
15:06:11.449 [TX CF11] 67 2B 37 A9 7F 55 1E AE
15:06:11.460 [TX CF12] 67 2C 7D 65 7A DB F5 D9
15:06:11.470 [TX CF13] 67 2D EB F7 D8 77 B1 FF
15:06:11.481 [TX CF14] 67 2E 66 1E D0 7D A9 7B
15:06:11.491 [TX CF15] 67 2F 63 F6 E9 EE 17 DC
15:06:11.501 [TX CF0] 67 20 B7 BA 7F 77 1E F2
15:06:11.512 [TX CF1] 67 21 7D ED 7B EB F7 F9
15:06:11.523 [TX CF2] 67 22 E0 37 C0 F7 82 FF
15:06:11.535 [TX CF3] 67 23 08 1E 14 7C 31 78
15:06:11.547 [TX CF4] 67 24 73 F1 09 E2 57 C5
15:06:11.559 [TX CF5] 67 25 37 8B 7F 19 1E 36
15:06:11.570 [TX CF6] 67 26 7C 75 78 FB F2 19
15:06:11.581 [TX CF7] 67 27 E4 77 C9 77 93 FF
15:06:11.592 [TX CF8] 67 28 2A 1E 58 7C B9 79
15:06:11.603 [TX CF9] 67 29 83 F3 29 E6 97 CD
15:06:11.614 [TX CF10] 67 2A B7 9C 7F 3B 1E 7A
15:06:11.625 [TX CF11] 67 2B 7C FD 7A 0B F4 39
15:06:11.637 [TX CF12] 67 2C E8 B7 D1 F7 A4 FF
15:06:11.648 [TX CF13] 67 2D 4C 1E 9C 7D 41 7A
15:06:11.658 [TX CF14] 67 2E 93 F5 49 EA D7 D6
15:06:11.669 [TX CF15] 67 2F 37 AD 7F 5D 1E BE
15:06:11.680 [TX CF0] 67 20 7D 85 7B 1B F6 59
15:06:11.691 [TX CF1] 67 21 EC F7 DA 77 B5 FF
15:06:11.702 [TX CF2] 67 22 6E 1E E0 7D C9 7B
15:06:11.714 [TX CF3] 67 23 A3 F7 69 EF 17 DE
15:06:11.725 [TX CF4] 67 24 B7 BE 7F 7F 1E 02
15:06:11.737 [TX CF5] 67 25 7C 0D 78 2B F0 79
15:06:11.748 [TX CF6] 67 26 E1 37 C2 F7 86 FF
15:06:11.760 [TX CF7] 67 27 10 1E 24 7C 51 78
15:06:11.770 [TX CF8] 67 28 B3 F1 89 E3 57 C7
15:06:11.781 [TX CF9] 67 29 37 8F 7F 21 1E 46
15:06:11.793 [TX CF10] 67 2A 7C 95 79 3B F2 99
15:06:11.805 [TX CF11] 67 2B E5 77 CB 77 97 FF
15:06:11.817 [TX CF12] 67 2C 32 1E 68 7C D9 79
15:06:11.828 [TX CF13] 67 2D C3 F3 A9 E7 97 CF
15:06:11.840 [TX CF14] 67 2E B7 A0 7F 43 1E 8A
15:06:11.852 [TX CF15] 67 2F 7D 1D 7A 4B F4 B9
15:06:11.864 [TX CF0] 67 20 E9 B7 D3 F7 A8 FF
15:06:11.874 [TX CF1] 67 21 54 1E AC 7D 61 7A
15:06:11.885 [TX CF2] 67 22 D3 F5 C9 EB D7 D8
15:06:11.895 [TX CF3] 67 23 37 B1 7F 65 1E CE
15:06:11.908 [TX CF4] 67 24 7D A5 7B 5B F6 D9
15:06:11.919 [TX CF5] 67 25 ED F7 DC 77 B9 FF
15:06:11.931 [TX CF6] 67 26 76 1E F0 7D E9 7B
15:06:11.942 [TX CF7] 67 27 E3 F7 E9 E0 17 C0
15:06:11.954 [TX CF8] 67 28 B7 82 7F 07 1E 12
15:06:11.965 [TX CF9] 67 29 7C 2D 78 6B F0 F9
15:06:11.976 [TX CF10] 67 2A E2 37 C4 F7 8A FF
15:06:11.986 [TX CF11] 67 2B 18 1E 34 7C 71 78
15:06:11.998 [TX CF12] 67 2C F3 F2 09 E4 57 C9
15:06:12.010 [TX CF13] 67 2D 37 93 7F 29 1E 56
15:06:12.021 [TX CF14] 67 2E 7C B5 79 7B F3 19
15:06:12.033 [TX CF15] 67 2F E6 77 CD 77 9B FF
15:06:12.045 [TX CF0] 67 20 3A 1E 78 7C F9 7A
15:06:12.056 [TX CF1] 67 21 03 F4 29 E8 97 D1
15:06:12.068 [TX CF2] 67 22 B7 A4 7F 4B 1E 9A
15:06:12.078 [TX CF3] 67 23 7D 3D 7A 8B F5 39
15:06:12.089 [TX CF4] 67 24 EA B7 D5 F7 AC FF
15:06:12.101 [TX CF5] 67 25 5C 1E BC 7D 81 7B
15:06:12.112 [TX CF6] 67 26 13 F6 49 EC D7 DA
15:06:12.122 [TX CF7] 67 27 37 B5 7F 6D 1E DE
15:06:12.133 [TX CF8] 67 28 7D C5 7B 9B F7 59
15:06:12.145 [TX CF9] 67 29 EE F7 DE 77 BD FF
15:06:12.157 [TX CF10] 67 2A 7E 1E 00 7C 09 78
15:06:12.169 [TX CF11] 67 2B 23 F0 69 E1 17 C2
15:06:12.180 [TX CF12] 67 2C B7 86 7F 0F 1E 22
15:06:12.192 [TX CF13] 67 2D 7C 4D 78 AB F1 79
15:06:12.204 [TX CF14] 67 2E E3 37 C6 F7 8E FF
15:06:12.215 [TX CF15] 67 2F 20 1E 44 7C 91 79
15:06:12.227 [TX CF0] 67 20 33 F2 89 E5 57 CB
15:06:12.240 [TX CF1] 67 21 37 97 7F 31 1E 66
15:06:12.251 [TX CF2] 67 22 7C D5 79 BB F3 99
15:06:12.262 [TX CF3] 67 23 E7 77 CF 77 9F FF
15:06:12.274 [TX CF4] 67 24 42 1E 88 7D 19 7A
15:06:12.286 [TX CF5] 67 25 43 F4 A9 E9 97 D3
15:06:12.297 [TX CF6] 67 26 B7 A8 7F 53 1E AA
15:06:12.308 [TX CF7] 67 27 7D 5D 7A CB F5 B9
15:06:12.320 [TX CF8] 67 28 EB B7 D7 F7 B0 FF
15:06:12.331 [TX CF9] 67 29 64 1E CC 7D A1 7B
15:06:12.343 [TX CF10] 67 2A 53 F6 C9 ED D7 DC
15:06:12.355 [TX CF11] 67 2B 37 B9 7F 75 1E EE
15:06:12.366 [TX CF12] 67 2C 7D E5 7B DB F7 D9
15:06:12.377 [TX CF13] 67 2D EF F7 C0 77 81 FF
15:06:12.388 [TX CF14] 67 2E 06 1E 10 7C 29 78
15:06:12.398 [TX CF15] 67 2F 63 F0 E9 E2 17 C4
15:06:12.408 [TX CF0] 67 20 B7 8A 7F 17 1E 32
15:06:12.420 [TX CF1] 67 21 7C 6D 78 EB F1 F9
15:06:12.432 [TX CF2] 67 22 E4 37 C8 F7 92 FF
15:06:12.443 [TX CF3] 67 23 28 1E 54 7C B1 79
15:06:12.453 [TX CF4] 67 24 73 F3 09 E6 57 CD
15:06:12.464 [TX CF5] 67 25 37 9B 7F 39 1E 76
15:06:12.475 [TX CF6] 67 26 7C F5 79 FB F4 19
15:06:12.487 [TX CF7] 67 27 E8 77 D1 77 A3 FF
15:06:12.499 [TX CF8] 67 28 4A 1E 98 7D 39 7A
15:06:12.511 [TX CF9] 67 29 83 F5 29 EA 97 D5
15:06:12.522 [TX CF10] 67 2A B7 AC 7F 5B 1E BA
15:06:12.533 [TX CF11] 67 2B 7D 7D 7B 0B F6 39
15:06:12.545 [TX CF12] 67 2C EC B7 D9 F7 B4 FF
15:06:12.556 [TX CF13] 67 2D 6C 1E DC 7D C1 7B
15:06:12.567 [TX CF14] 67 2E 93 F7 49 EE D7 DE
15:06:12.578 [TX CF15] 67 2F 37 BD 7F 7D 1E FE
15:06:12.590 [TX CF0] 67 20 7C 05 78 1B F0 59
15:06:12.600 [TX CF1] 67 21 E0 F7 C2 77 85 FF
15:06:12.612 [TX CF2] 67 22 0E 1E 20 7C 49 78
15:06:12.622 [TX CF3] 67 23 A3 F1 69 E3 17 C6
15:06:12.634 [TX CF4] 67 24 B7 8E 7F 1F 1E 42
15:06:12.644 [TX CF5] 67 25 7C 8D 79 2B F2 79
15:06:12.654 [TX CF6] 67 26 E5 37 CA F7 96 FF
15:06:12.664 [TX CF7] 67 27 30 1E 64 7C D1 79
15:06:12.675 [TX CF8] 67 28 B3 F3 89 E7 57 CF
15:06:12.686 [TX CF9] 67 29 37 9F 7F 41 1E 86
15:06:12.698 [TX CF10] 67 2A 7D 15 7A 3B F4 99
15:06:12.709 [TX CF11] 67 2B E9 77 D3 77 A7 FF
15:06:12.720 [TX CF12] 67 2C 52 1E A8 7D 59 7A
15:06:12.731 [TX CF13] 67 2D C3 F5 A9 EB 97 D7
15:06:12.742 [TX CF14] 67 2E B7 B0 7F 63 1E CA
15:06:12.753 [TX CF15] 67 2F 7D 9D 7B 4B F6 B9
15:06:12.764 [TX CF0] 67 20 ED B7 DB F7 B8 FF
15:06:12.775 [TX CF1] 67 21 74 1E EC 7D E1 7B
15:06:12.787 [TX CF2] 67 22 D3 F7 C9 EF D7 C0
15:06:12.798 [TX CF3] 67 23 37 81 7F 05 1E 0E
15:06:12.810 [TX CF4] 67 24 7C 25 78 5B F0 D9
15:06:12.822 [TX CF5] 67 25 E1 F7 C4 77 89 FF
15:06:12.833 [TX CF6] 67 26 16 1E 30 7C 69 78
15:06:12.845 [TX CF7] 67 27 E3 F1 E9 E4 17 C8
15:06:12.855 [TX CF8] 67 28 B7 92 7F 27 1E 52
15:06:12.866 [TX CF9] 67 29 7C AD 79 6B F2 F9
15:06:12.877 [TX CF10] 67 2A E6 37 CC F7 9A FF
15:06:12.889 [TX CF11] 67 2B 38 1E 74 7C F1 79
15:06:12.899 [TX CF12] 67 2C F3 F4 09 E8 57 D1
15:06:12.911 [TX CF13] 67 2D 37 A3 7F 49 1E 96
15:06:12.922 [TX CF14] 67 2E 7D 35 7A 7B F5 19
15:06:12.933 [TX CF15] 67 2F EA 77 D5 77 AB FF
15:06:12.944 [TX CF0] 67 20 5A 1E B8 7D 79 7B
15:06:12.954 [TX CF1] 67 21 03 F6 29 EC 97 D9
15:06:12.965 [TX CF2] 67 22 B7 B4 7F 6B 1E DA
15:06:12.975 [TX CF3] 67 23 7D BD 7B 8B F7 39
15:06:12.987 [TX CF4] 67 24 EE B7 DD FF FF FF
15:06:13.007 [RX SF ] 67 02 76 11 FF FF FF FF
15:06:13.008 [RX    ] 76 11
15:06:13.008 [PASS  ] TransferData block=17 | expected: 76 ... | received: 76 11
15:06:13.019 ------------------------------------------------------------------------
15:06:13.019 [STEP  ] 0x36 block=18  offset=34680/45254  (76%)
15:06:13.020 [TX TransferData block=18 len=2040] 36 12 F7 BC FF 7C 1E FC 7C 01 78 13 F0 49 E0 D7...
15:06:13.020 [TX FF ] 67 17 FA 36 12 F7 BC FF
15:06:13.031 [TX CF1] 67 21 7C 1E FC 7C 01 78
15:06:13.043 [TX CF2] 67 22 13 F0 49 E0 D7 C2
15:06:13.054 [TX CF3] 67 23 37 85 7F 0D 1E 1E
15:06:13.065 [TX CF4] 67 24 7C 45 78 9B F1 59
15:06:13.076 [TX CF5] 67 25 E2 F7 C6 77 8D FF
15:06:13.087 [TX CF6] 67 26 1E 1E 40 7C 89 79
15:06:13.100 [TX CF7] 67 27 23 F2 69 E5 17 CA
15:06:13.110 [TX CF8] 67 28 B7 96 7F 2F 1E 62
15:06:13.122 [TX CF9] 67 29 7C CD 79 AB F3 79
15:06:13.134 [TX CF10] 67 2A E7 37 CE F7 9E FF
15:06:13.145 [TX CF11] 67 2B 40 1E 84 7D 11 7A
15:06:13.156 [TX CF12] 67 2C 33 F4 89 E9 57 D3
15:06:13.168 [TX CF13] 67 2D 37 A7 7F 51 1E A6
15:06:13.180 [TX CF14] 67 2E 7D 55 7A BB F5 99
15:06:13.190 [TX CF15] 67 2F EB 77 D7 77 AF FF
15:06:13.200 [TX CF0] 67 20 62 1E C8 7D 99 7B
15:06:13.211 [TX CF1] 67 21 43 F6 A9 ED 97 DB
15:06:13.224 [TX CF2] 67 22 B7 B8 7F 73 1E EA
15:06:13.234 [TX CF3] 67 23 7D DD 7B CB F7 B9
15:06:13.246 [TX CF4] 67 24 EF B7 DF F7 80 FF
15:06:13.257 [TX CF5] 67 25 04 1E 0C 7C 21 78
15:06:13.268 [TX CF6] 67 26 53 F0 C9 E1 D7 C4
15:06:13.279 [TX CF7] 67 27 37 89 7F 15 1E 2E
15:06:13.291 [TX CF8] 67 28 7C 65 78 DB F1 D9
15:06:13.303 [TX CF9] 67 29 E3 F7 C8 77 91 FF
15:06:13.314 [TX CF10] 67 2A 26 1E 50 7C A9 79
15:06:13.324 [TX CF11] 67 2B 63 F2 E9 E6 17 CC
15:06:13.334 [TX CF12] 67 2C B7 9A 7F 37 1E 72
15:06:13.345 [TX CF13] 67 2D 7C ED 79 EB F3 F9
15:06:13.356 [TX CF14] 67 2E E8 37 D0 F7 A2 FF
15:06:13.366 [TX CF15] 67 2F 48 1E 94 7D 31 7A
15:06:13.377 [TX CF0] 67 20 73 F5 09 EA 57 D5
15:06:13.388 [TX CF1] 67 21 37 AB 7F 59 1E B6
15:06:13.398 [TX CF2] 67 22 7D 75 7A FB F6 19
15:06:13.409 [TX CF3] 67 23 EC 77 D9 77 B3 FF
15:06:13.420 [TX CF4] 67 24 6A 1E D8 7D B9 7B
15:06:13.430 [TX CF5] 67 25 83 F7 29 EE 97 DD
15:06:13.442 [TX CF6] 67 26 B7 BC 7F 7B 1E FA
15:06:13.453 [TX CF7] 67 27 7D FD 78 0B F0 39
15:06:13.464 [TX CF8] 67 28 E0 B7 C1 F7 84 FF
15:06:13.474 [TX CF9] 67 29 0C 1E 1C 7C 41 78
15:06:13.485 [TX CF10] 67 2A 93 F1 49 E2 D7 C6
15:06:13.496 [TX CF11] 67 2B 37 8D 7F 1D 1E 3E
15:06:13.506 [TX CF12] 67 2C 7C 85 79 1B F2 59
15:06:13.518 [TX CF13] 67 2D E4 F7 CA 77 95 FF
15:06:13.530 [TX CF14] 67 2E 2E 1E 60 7C C9 79
15:06:13.540 [TX CF15] 67 2F A3 F3 69 E7 17 CE
15:06:13.552 [TX CF0] 67 20 B7 9E 7F 3F 1E 82
15:06:13.562 [TX CF1] 67 21 7D 0D 7A 2B F4 79
15:06:13.572 [TX CF2] 67 22 E9 37 D2 F7 A6 FF
15:06:13.583 [TX CF3] 67 23 50 1E A4 7D 51 7A
15:06:13.594 [TX CF4] 67 24 B3 F5 89 EB 57 D7
15:06:13.606 [TX CF5] 67 25 37 AF 7F 61 1E C6
15:06:13.618 [TX CF6] 67 26 7D 95 7B 3B F6 99
15:06:13.629 [TX CF7] 67 27 ED 77 DB 77 B7 FF
15:06:13.641 [TX CF8] 67 28 72 1E E8 7D D9 7B
15:06:13.652 [TX CF9] 67 29 C3 F7 A9 EF 97 DF
15:06:13.664 [TX CF10] 67 2A B7 80 7F 03 1E 0A
15:06:13.674 [TX CF11] 67 2B 7C 1D 78 4B F0 B9
15:06:13.686 [TX CF12] 67 2C E1 B7 C3 F7 88 FF
15:06:13.697 [TX CF13] 67 2D 14 1E 2C 7C 61 78
15:06:13.707 [TX CF14] 67 2E D3 F1 C9 E3 D7 C8
15:06:13.719 [TX CF15] 67 2F 37 91 7F 25 1E 4E
15:06:13.731 [TX CF0] 67 20 7C A5 79 5B F2 D9
15:06:13.743 [TX CF1] 67 21 E5 F7 CC 77 99 FF
15:06:13.755 [TX CF2] 67 22 36 1E 70 7C E9 79
15:06:13.767 [TX CF3] 67 23 E3 F3 E9 E8 17 D0
15:06:13.778 [TX CF4] 67 24 B7 A2 7F 47 1E 92
15:06:13.791 [TX CF5] 67 25 7D 2D 7A 6B F4 F9
15:06:13.802 [TX CF6] 67 26 EA 37 D4 F7 AA FF
15:06:13.814 [TX CF7] 67 27 58 1E B4 7D 71 7A
15:06:13.824 [TX CF8] 67 28 F3 F6 09 EC 57 D9
15:06:13.836 [TX CF9] 67 29 37 B3 7F 69 1E D6
15:06:13.847 [TX CF10] 67 2A 7D B5 7B 7B F7 19
15:06:13.859 [TX CF11] 67 2B EE 77 DD 77 BB FF
15:06:13.869 [TX CF12] 67 2C 7A 1E F8 7D F9 78
15:06:13.879 [TX CF13] 67 2D 03 F0 29 E0 97 C1
15:06:13.890 [TX CF14] 67 2E B7 84 7F 0B 1E 1A
15:06:13.902 [TX CF15] 67 2F 7C 3D 78 8B F1 39
15:06:13.912 [TX CF0] 67 20 E2 B7 C5 F7 8C FF
15:06:13.923 [TX CF1] 67 21 1C 1E 3C 7C 81 79
15:06:13.933 [TX CF2] 67 22 13 F2 49 E4 D7 CA
15:06:13.945 [TX CF3] 67 23 37 95 7F 2D 1E 5E
15:06:13.957 [TX CF4] 67 24 7C C5 79 9B F3 59
15:06:13.968 [TX CF5] 67 25 E6 F7 CE 77 9D FF
15:06:13.979 [TX CF6] 67 26 3E 1E 80 7D 09 7A
15:06:13.990 [TX CF7] 67 27 23 F4 69 E9 17 D2
15:06:14.001 [TX CF8] 67 28 B7 A6 7F 4F 1E A2
15:06:14.012 [TX CF9] 67 29 7D 4D 7A AB F5 79
15:06:14.023 [TX CF10] 67 2A EB 37 D6 F7 AE FF
15:06:14.034 [TX CF11] 67 2B 60 1E C4 7D 91 7B
15:06:14.046 [TX CF12] 67 2C 33 F6 89 ED 57 DB
15:06:14.057 [TX CF13] 67 2D 37 B7 7F 71 1E E6
15:06:14.068 [TX CF14] 67 2E 7D D5 7B BB F7 99
15:06:14.080 [TX CF15] 67 2F EF 77 DF 77 FF DF
15:06:14.090 [TX CF0] 67 20 FF 81 1F 04 5E 0C
15:06:14.100 [TX CF1] 67 21 FC 22 78 55 F0 CD
15:06:14.112 [TX CF2] 67 22 E1 DF C4 47 89 9F
15:06:14.124 [TX CF3] 67 23 15 5E 2E FC 66 78
15:06:14.135 [TX CF4] 67 24 DD F1 DD E3 FF C8
15:06:14.146 [TX CF5] 67 25 87 92 1F 26 5E 50
15:06:14.157 [TX CF6] 67 26 FC AA 79 65 F2 ED
15:06:14.169 [TX CF7] 67 27 E6 1F CC C7 9A 9F
15:06:14.180 [TX CF8] 67 28 37 5E 72 FC EE 79
15:06:14.191 [TX CF9] 67 29 ED F3 FD E8 3F D1
15:06:14.203 [TX CF10] 67 2A 07 A3 1F 48 5E 94
15:06:14.213 [TX CF11] 67 2B FD 32 7A 75 F5 0D
15:06:14.224 [TX CF12] 67 2C EA 5F D5 47 AB 9F
15:06:14.235 [TX CF13] 67 2D 59 5E B6 FD 76 7A
15:06:14.246 [TX CF14] 67 2E FD F6 1D EC 7F D9
15:06:14.258 [TX CF15] 67 2F 87 B4 1F 6A 5E D8
15:06:14.270 [TX CF0] 67 20 FD BA 7B 85 F7 2D
15:06:14.281 [TX CF1] 67 21 EE 9F DD C7 BC 9F
15:06:14.292 [TX CF2] 67 22 7B 5E FA FD FE 78
15:06:14.303 [TX CF3] 67 23 0D F0 3D E0 BF C2
15:06:14.313 [TX CF4] 67 24 07 85 1F 0C 5E 1C
15:06:14.324 [TX CF5] 67 25 FC 42 78 95 F1 4D
15:06:14.334 [TX CF6] 67 26 E2 DF C6 47 8D 9F
15:06:14.346 [TX CF7] 67 27 1D 5E 3E FC 86 79
15:06:14.358 [TX CF8] 67 28 1D F2 5D E4 FF CA
15:06:14.369 [TX CF9] 67 29 87 96 1F 2E 5E 60
15:06:14.379 [TX CF10] 67 2A FC CA 79 A5 F3 6D
15:06:14.391 [TX CF11] 67 2B E7 1F CE C7 9E 9F
15:06:14.401 [TX CF12] 67 2C 3F 5E 82 FD 0E 7A
15:06:14.413 [TX CF13] 67 2D 2D F4 7D E9 3F D3
15:06:14.425 [TX CF14] 67 2E 07 A7 1F 50 5E A4
15:06:14.436 [TX CF15] 67 2F FD 52 7A B5 F5 8D
15:06:14.447 [TX CF0] 67 20 EB 5F D7 47 AF 9F
15:06:14.457 [TX CF1] 67 21 61 5E C6 FD 96 7B
15:06:14.468 [TX CF2] 67 22 3D F6 9D ED 7F DB
15:06:14.478 [TX CF3] 67 23 87 B8 1F 72 5E E8
15:06:14.488 [TX CF4] 67 24 FD DA 7B C5 F7 AD
15:06:14.500 [TX CF5] 67 25 EF 9F DF C7 80 9F
15:06:14.512 [TX CF6] 67 26 03 5E 0A FC 1E 78
15:06:14.523 [TX CF7] 67 27 4D F0 BD E1 BF C4
15:06:14.535 [TX CF8] 67 28 07 89 1F 14 5E 2C
15:06:14.545 [TX CF9] 67 29 FC 62 78 D5 F1 CD
15:06:14.555 [TX CF10] 67 2A E3 DF C8 47 91 9F
15:06:14.566 [TX CF11] 67 2B 25 5E 4E FC A6 79
15:06:14.576 [TX CF12] 67 2C 5D F2 DD E5 FF CC
15:06:14.586 [TX CF13] 67 2D 87 9A 1F 36 5E 70
15:06:14.596 [TX CF14] 67 2E FC EA 79 E5 F3 ED
15:06:14.606 [TX CF15] 67 2F E8 1F D0 C7 A2 9F
15:06:14.619 [TX CF0] 67 20 47 5E 92 FD 2E 7A
15:06:14.629 [TX CF1] 67 21 6D F4 FD EA 3F D5
15:06:14.641 [TX CF2] 67 22 07 AB 1F 58 5E B4
15:06:14.653 [TX CF3] 67 23 FD 72 7A F5 F6 0D
15:06:14.665 [TX CF4] 67 24 EC 5F D9 47 B3 9F
15:06:14.676 [TX CF5] 67 25 69 5E D6 FD B6 7B
15:06:14.688 [TX CF6] 67 26 7D F7 1D EE 7F DD
15:06:14.700 [TX CF7] 67 27 87 BC 1F 7A 5E F8
15:06:14.710 [TX CF8] 67 28 FD FA 78 05 F0 2D
15:06:14.720 [TX CF9] 67 29 E0 9F C1 C7 84 9F
15:06:14.730 [TX CF10] 67 2A 0B 5E 1A FC 3E 78
15:06:14.741 [TX CF11] 67 2B 8D F1 3D E2 BF C6
15:06:14.753 [TX CF12] 67 2C 07 8D 1F 1C 5E 3C
15:06:14.765 [TX CF13] 67 2D FC 82 79 15 F2 4D
15:06:14.776 [TX CF14] 67 2E E4 DF CA 47 95 9F
15:06:14.787 [TX CF15] 67 2F 2D 5E 5E FC C6 79
15:06:14.798 [TX CF0] 67 20 9D F3 5D E6 FF CE
15:06:14.809 [TX CF1] 67 21 87 9E 1F 3E 5E 80
15:06:14.821 [TX CF2] 67 22 FD 0A 7A 25 F4 6D
15:06:14.833 [TX CF3] 67 23 E9 1F D2 C7 A6 9F
15:06:14.843 [TX CF4] 67 24 4F 5E A2 FD 4E 7A
15:06:14.855 [TX CF5] 67 25 AD F5 7D EB 3F D7
15:06:14.867 [TX CF6] 67 26 07 AF 1F 60 5E C4
15:06:14.878 [TX CF7] 67 27 FD 92 7B 35 F6 8D
15:06:14.889 [TX CF8] 67 28 ED 5F DB 47 B7 9F
15:06:14.901 [TX CF9] 67 29 71 5E E6 FD D6 7B
15:06:14.913 [TX CF10] 67 2A BD F7 9D EF 7F DF
15:06:14.925 [TX CF11] 67 2B 87 80 1F 02 5E 08
15:06:14.937 [TX CF12] 67 2C FC 1A 78 45 F0 AD
15:06:14.947 [TX CF13] 67 2D E1 9F C3 C7 88 9F
15:06:14.958 [TX CF14] 67 2E 13 5E 2A FC 5E 78
15:06:14.970 [TX CF15] 67 2F CD F1 BD E3 BF C8
15:06:14.981 [TX CF0] 67 20 07 91 1F 24 5E 4C
15:06:14.992 [TX CF1] 67 21 FC A2 79 55 F2 CD
15:06:15.004 [TX CF2] 67 22 E5 DF CC 47 99 9F
15:06:15.015 [TX CF3] 67 23 35 5E 6E FC E6 79
15:06:15.027 [TX CF4] 67 24 DD F3 DD E7 FF D0
15:06:15.039 [TX CF5] 67 25 87 A2 1F 46 5E 90
15:06:15.050 [TX CF6] 67 26 FD 2A 7A 65 F4 ED
15:06:15.062 [TX CF7] 67 27 EA 1F D4 C7 AA 9F
15:06:15.072 [TX CF8] 67 28 57 5E B2 FD 6E 7A
15:06:15.083 [TX CF9] 67 29 ED F5 FD EC 3F D9
15:06:15.095 [TX CF10] 67 2A 07 B3 1F 68 5E D4
15:06:15.105 [TX CF11] 67 2B FD B2 7B 75 F7 0D
15:06:15.117 [TX CF12] 67 2C EE 5F DD 47 BB 9F
15:06:15.129 [TX CF13] 67 2D 79 5E F6 FD F6 7B
15:06:15.141 [TX CF14] 67 2E FD F0 1D E0 7F C1
15:06:15.152 [TX CF15] 67 2F 87 84 1F 0A 5E 18
15:06:15.164 [TX CF0] 67 20 FC 3A 78 85 F1 2D
15:06:15.174 [TX CF1] 67 21 E2 9F C5 C7 8C 9F
15:06:15.184 [TX CF2] 67 22 1B 5E 3A FC 7E 79
15:06:15.194 [TX CF3] 67 23 0D F2 3D E4 BF CA
15:06:15.204 [TX CF4] 67 24 07 95 1F 2C 5E 5C
15:06:15.214 [TX CF5] 67 25 FC C2 79 95 F3 4D
15:06:15.225 [TX CF6] 67 26 E6 DF CE 47 9D 9F
15:06:15.236 [TX CF7] 67 27 3D 5E 7E FD 06 7A
15:06:15.246 [TX CF8] 67 28 1D F4 5D E8 FF D2
15:06:15.256 [TX CF9] 67 29 87 A6 1F 4E 5E A0
15:06:15.268 [TX CF10] 67 2A FD 4A 7A A5 F5 6D
15:06:15.279 [TX CF11] 67 2B EB 1F D6 C7 AE 9F
15:06:15.291 [TX CF12] 67 2C 5F 5E C2 FD 8E 7B
15:06:15.302 [TX CF13] 67 2D 2D F6 7D ED 3F DB
15:06:15.312 [TX CF14] 67 2E 07 B7 1F 70 5E E4
15:06:15.324 [TX CF15] 67 2F FD D2 7B B5 F7 8D
15:06:15.336 [TX CF0] 67 20 EF 5F DF 47 BF 9F
15:06:15.347 [TX CF1] 67 21 01 5E 06 FC 16 78
15:06:15.359 [TX CF2] 67 22 3D F0 9D E1 7F C3
15:06:15.371 [TX CF3] 67 23 87 88 1F 12 5E 28
15:06:15.382 [TX CF4] 67 24 FC 5A 78 C5 F1 AD
15:06:15.392 [TX CF5] 67 25 E3 9F C7 C7 90 9F
15:06:15.404 [TX CF6] 67 26 23 5E 4A FC 9E 79
15:06:15.415 [TX CF7] 67 27 4D F2 BD E5 BF CC
15:06:15.426 [TX CF8] 67 28 07 99 1F 34 5E 6C
15:06:15.438 [TX CF9] 67 29 FC E2 79 D5 F3 CD
15:06:15.449 [TX CF10] 67 2A E7 DF D0 47 A1 9F
15:06:15.459 [TX CF11] 67 2B 45 5E 8E FD 26 7A
15:06:15.470 [TX CF12] 67 2C 5D F4 DD E9 FF D4
15:06:15.480 [TX CF13] 67 2D 87 AA 1F 56 5E B0
15:06:15.492 [TX CF14] 67 2E FD 6A 7A E5 F5 ED
15:06:15.504 [TX CF15] 67 2F EC 1F D8 C7 B2 9F
15:06:15.515 [TX CF0] 67 20 67 5E D2 FD AE 7B
15:06:15.527 [TX CF1] 67 21 6D F6 FD EE 3F DD
15:06:15.537 [TX CF2] 67 22 07 BB 1F 78 5E F4
15:06:15.549 [TX CF3] 67 23 FD F2 7B F5 F0 0D
15:06:15.561 [TX CF4] 67 24 E0 5F C1 47 83 9F
15:06:15.572 [TX CF5] 67 25 09 5E 16 FC 36 78
15:06:15.583 [TX CF6] 67 26 7D F1 1D E2 7F C5
15:06:15.595 [TX CF7] 67 27 87 8C 1F 1A 5E 38
15:06:15.607 [TX CF8] 67 28 FC 7A 79 05 F2 2D
15:06:15.619 [TX CF9] 67 29 E4 9F C9 C7 94 9F
15:06:15.629 [TX CF10] 67 2A 2B 5E 5A FC BE 79
15:06:15.639 [TX CF11] 67 2B 8D F3 3D E6 BF CE
15:06:15.651 [TX CF12] 67 2C 07 9D 1F 3C 5E 7C
15:06:15.663 [TX CF13] 67 2D FD 02 7A 15 F4 4D
15:06:15.674 [TX CF14] 67 2E E8 DF D2 47 A5 9F
15:06:15.684 [TX CF15] 67 2F 4D 5E 9E FD 46 7A
15:06:15.694 [TX CF0] 67 20 9D F5 5D EA FF D6
15:06:15.706 [TX CF1] 67 21 87 AE 1F 5E 5E C0
15:06:15.718 [TX CF2] 67 22 FD 8A 7B 25 F6 6D
15:06:15.728 [TX CF3] 67 23 ED 1F DA C7 B6 9F
15:06:15.738 [TX CF4] 67 24 6F 5E E2 FD CE 7B
15:06:15.749 [TX CF5] 67 25 AD F7 7D EF 3F DF
15:06:15.761 [TX CF6] 67 26 07 BF 1F 00 5E 04
15:06:15.772 [TX CF7] 67 27 FC 12 78 35 F0 8D
15:06:15.783 [TX CF8] 67 28 E1 5F C3 47 87 9F
15:06:15.795 [TX CF9] 67 29 11 5E 26 FC 56 78
15:06:15.807 [TX CF10] 67 2A BD F1 9D E3 7F C7
15:06:15.819 [TX CF11] 67 2B 87 90 1F 22 5E 48
15:06:15.829 [TX CF12] 67 2C FC 9A 79 45 F2 AD
15:06:15.840 [TX CF13] 67 2D E5 9F CB C7 98 9F
15:06:15.851 [TX CF14] 67 2E 33 5E 6A FC DE 79
15:06:15.863 [TX CF15] 67 2F CD F3 BD E7 BF D0
15:06:15.873 [TX CF0] 67 20 07 A1 1F 44 5E 8C
15:06:15.884 [TX CF1] 67 21 FD 22 7A 55 F4 CD
15:06:15.894 [TX CF2] 67 22 E9 DF D4 47 A9 9F
15:06:15.904 [TX CF3] 67 23 55 5E AE FD 66 7A
15:06:15.914 [TX CF4] 67 24 DD F5 DD EB FF D8
15:06:15.926 [TX CF5] 67 25 87 B2 1F 66 5E D0
15:06:15.938 [TX CF6] 67 26 FD AA 7B 65 F6 ED
15:06:15.950 [TX CF7] 67 27 EE 1F DC C7 BA 9F
15:06:15.961 [TX CF8] 67 28 77 5E F2 FD EE 7B
15:06:15.973 [TX CF9] 67 29 ED F7 FD E0 3F C1
15:06:15.983 [TX CF10] 67 2A 07 83 1F 08 5E 14
15:06:15.995 [TX CF11] 67 2B FC 32 78 75 F1 0D
15:06:16.005 [TX CF12] 67 2C E2 5F C5 47 8B 9F
15:06:16.017 [TX CF13] 67 2D 19 5E 36 FC 76 78
15:06:16.029 [TX CF14] 67 2E FD F2 1D E4 7F C9
15:06:16.040 [TX CF15] 67 2F 87 94 1F 2A 5E 58
15:06:16.051 [TX CF0] 67 20 FC BA 79 85 F3 2D
15:06:16.062 [TX CF1] 67 21 E6 9F CD C7 9C 9F
15:06:16.073 [TX CF2] 67 22 3B 5E 7A FC FE 7A
15:06:16.084 [TX CF3] 67 23 0D F4 3D E8 BF D2
15:06:16.095 [TX CF4] 67 24 07 A5 1F 4C 5E 9C
15:06:16.105 [TX CF5] 67 25 FD 42 7A 95 F5 4D
15:06:16.116 [TX CF6] 67 26 EA DF D6 47 AD 9F
15:06:16.128 [TX CF7] 67 27 5D 5E BE FD 86 7B
15:06:16.138 [TX CF8] 67 28 1D F6 5D EC FF DA
15:06:16.150 [TX CF9] 67 29 87 B6 1F 6E 5E E0
15:06:16.162 [TX CF10] 67 2A FD CA 7B A5 F7 6D
15:06:16.174 [TX CF11] 67 2B EF 1F DE C7 BE 9F
15:06:16.185 [TX CF12] 67 2C 7F 5E 02 FC 0E 78
15:06:16.196 [TX CF13] 67 2D 2D F0 7D E1 3F C3
15:06:16.207 [TX CF14] 67 2E 07 87 1F 10 5E 24
15:06:16.217 [TX CF15] 67 2F FC 52 78 B5 F1 8D
15:06:16.229 [TX CF0] 67 20 E3 5F C7 47 8F 9F
15:06:16.240 [TX CF1] 67 21 21 5E 46 FC 96 79
15:06:16.251 [TX CF2] 67 22 3D F2 9D E5 7F CB
15:06:16.263 [TX CF3] 67 23 87 98 1F 32 5E 68
15:06:16.274 [TX CF4] 67 24 FC DA 79 C5 F3 AD
15:06:16.284 [TX CF5] 67 25 E7 9F CF C7 A0 9F
15:06:16.294 [TX CF6] 67 26 43 5E 8A FD 1E 7A
15:06:16.307 [TX CF7] 67 27 4D F4 BD E9 BF D4
15:06:16.317 [TX CF8] 67 28 07 A9 1F 54 5E AC
15:06:16.328 [TX CF9] 67 29 FD 62 7A D5 F5 CD
15:06:16.340 [TX CF10] 67 2A EB DF D8 47 B1 9F
15:06:16.351 [TX CF11] 67 2B 65 5E CE FD A6 7B
15:06:16.363 [TX CF12] 67 2C 5D F6 DD ED FF DC
15:06:16.375 [TX CF13] 67 2D 87 BA 1F 76 5E F0
15:06:16.388 [TX CF14] 67 2E FD EA 7B E5 F7 ED
15:06:16.398 [TX CF15] 67 2F E0 1F C0 C7 82 9F
15:06:16.409 [TX CF0] 67 20 07 5E 12 FC 2E 78
15:06:16.420 [TX CF1] 67 21 6D F0 FD E2 3F C5
15:06:16.432 [TX CF2] 67 22 07 8B 1F 18 5E 34
15:06:16.443 [TX CF3] 67 23 FC 72 78 F5 F2 0D
15:06:16.456 [TX CF4] 67 24 E4 5F C9 47 93 9F
15:06:16.468 [TX CF5] 67 25 29 5E 56 FC B6 79
15:06:16.478 [TX CF6] 67 26 7D F3 1D E6 7F CD
15:06:16.488 [TX CF7] 67 27 87 9C 1F 3A 5E 78
15:06:16.499 [TX CF8] 67 28 FC FA 7A 05 F4 2D
15:06:16.511 [TX CF9] 67 29 E8 9F D1 C7 A4 9F
15:06:16.523 [TX CF10] 67 2A 4B 5E 9A FD 3E 7A
15:06:16.535 [TX CF11] 67 2B 8D F5 3D EA BF D6
15:06:16.545 [TX CF12] 67 2C 07 AD 1F 5C 5E BC
15:06:16.557 [TX CF13] 67 2D FD 82 7B 15 F6 4D
15:06:16.568 [TX CF14] 67 2E EC DF DA 47 B5 9F
15:06:16.578 [TX CF15] 67 2F 6D 5E DE FD C6 7B
15:06:16.589 [TX CF0] 67 20 9D F7 5D EE FF DE
15:06:16.600 [TX CF1] 67 21 87 BE 1F 7E 5E 00
15:06:16.612 [TX CF2] 67 22 FC 0A 78 25 F0 6D
15:06:16.623 [TX CF3] 67 23 E1 1F C2 C7 86 9F
15:06:16.634 [TX CF4] 67 24 0F 5E 22 FC 4E 78
15:06:16.645 [TX CF5] 67 25 AD F1 7D E3 3F C7
15:06:16.657 [TX CF6] 67 26 07 8F 1F 20 5E 44
15:06:16.669 [TX CF7] 67 27 FC 92 79 35 F2 8D
15:06:16.679 [TX CF8] 67 28 E5 5F CB 47 97 9F
15:06:16.690 [TX CF9] 67 29 31 5E 66 FC D6 79
15:06:16.702 [TX CF10] 67 2A BD F3 9D E7 7F CF
15:06:16.714 [TX CF11] 67 2B 87 A0 1F 42 5E 88
15:06:16.724 [TX CF12] 67 2C FD 1A 7A 45 F4 AD
15:06:16.735 [TX CF13] 67 2D E9 9F D3 C7 A8 9F
15:06:16.746 [TX CF14] 67 2E 53 5E AA FD 5E 7A
15:06:16.758 [TX CF15] 67 2F CD F5 BD EB BF D8
15:06:16.770 [TX CF0] 67 20 07 B1 1F 64 5E CC
15:06:16.780 [TX CF1] 67 21 FD A2 7B 55 F6 CD
15:06:16.792 [TX CF2] 67 22 ED DF DC 47 B9 9F
15:06:16.804 [TX CF3] 67 23 75 5E EE FD E6 7B
15:06:16.815 [TX CF4] 67 24 DD F7 DD FF FF FF
15:06:16.835 [RX SF ] 67 02 76 12 FF FF FF FF
15:06:16.835 [RX    ] 76 12
15:06:16.836 [PASS  ] TransferData block=18 | expected: 76 ... | received: 76 12
15:06:16.847 ------------------------------------------------------------------------
15:06:16.847 [STEP  ] 0x36 block=19  offset=36720/45254  (81%)
15:06:16.847 [TX TransferData block=19 len=2040] 36 13 FF F7 FF E0 47 C1 17 83 3F 08 9E 15 7C 33...
15:06:16.848 [TX FF ] 67 17 FA 36 13 FF F7 FF
15:06:16.858 [TX CF1] 67 21 E0 47 C1 17 83 3F
15:06:16.869 [TX CF2] 67 22 08 9E 15 7C 33 78
15:06:16.880 [TX CF3] 67 23 77 F1 11 E2 67 C5
15:06:16.892 [TX CF4] 67 24 57 8B BF 19 9E 37
15:06:16.903 [TX CF5] 67 25 7C 77 78 FF F2 21
15:06:16.916 [TX CF6] 67 26 E4 87 C9 97 94 3F
15:06:16.926 [TX CF7] 67 27 2A 9E 59 7C BB 79
15:06:16.937 [TX CF8] 67 28 87 F3 31 E6 A7 CD
15:06:16.949 [TX CF9] 67 29 D7 9C BF 3B 9E 7B
15:06:16.960 [TX CF10] 67 2A 7C FF 7A 0F F4 41
15:06:16.972 [TX CF11] 67 2B E8 C7 D2 17 A5 3F
15:06:16.983 [TX CF12] 67 2C 4C 9E 9D 7D 43 7A
15:06:16.993 [TX CF13] 67 2D 97 F5 51 EA E7 D6
15:06:17.003 [TX CF14] 67 2E 57 AD BF 5D 9E BF
15:06:17.015 [TX CF15] 67 2F 7D 87 7B 1F F6 61
15:06:17.026 [TX CF0] 67 20 ED 07 DA 97 B6 3F
15:06:17.037 [TX CF1] 67 21 6E 9E E1 7D CB 7B
15:06:17.049 [TX CF2] 67 22 A7 F7 71 EF 27 DE
15:06:17.061 [TX CF3] 67 23 D7 BE BF 7F 9E 03
15:06:17.072 [TX CF4] 67 24 7C 0F 78 2F F0 81
15:06:17.084 [TX CF5] 67 25 E1 47 C3 17 87 3F
15:06:17.095 [TX CF6] 67 26 10 9E 25 7C 53 78
15:06:17.105 [TX CF7] 67 27 B7 F1 91 E3 67 C7
15:06:17.115 [TX CF8] 67 28 57 8F BF 21 9E 47
15:06:17.125 [TX CF9] 67 29 7C 97 79 3F F2 A1
15:06:17.136 [TX CF10] 67 2A E5 87 CB 97 98 3F
15:06:17.148 [TX CF11] 67 2B 32 9E 69 7C DB 79
15:06:17.158 [TX CF12] 67 2C C7 F3 B1 E7 A7 CF
15:06:17.168 [TX CF13] 67 2D D7 A0 BF 43 9E 8B
15:06:17.179 [TX CF14] 67 2E 7D 1F 7A 4F F4 C1
15:06:17.189 [TX CF15] 67 2F E9 C7 D4 17 A9 3F
15:06:17.200 [TX CF0] 67 20 54 9E AD 7D 63 7A
15:06:17.211 [TX CF1] 67 21 D7 F5 D1 EB E7 D8
15:06:17.221 [TX CF2] 67 22 57 B1 BF 65 9E CF
15:06:17.232 [TX CF3] 67 23 7D A7 7B 5F F6 E1
15:06:17.242 [TX CF4] 67 24 EE 07 DC 97 BA 3F
15:06:17.254 [TX CF5] 67 25 76 9E F1 7D EB 7B
15:06:17.265 [TX CF6] 67 26 E7 F7 F1 E0 27 C0
15:06:17.276 [TX CF7] 67 27 D7 82 BF 07 9E 13
15:06:17.287 [TX CF8] 67 28 7C 2F 78 6F F1 01
15:06:17.299 [TX CF9] 67 29 E2 47 C5 17 8B 3F
15:06:17.311 [TX CF10] 67 2A 18 9E 35 7C 73 78
15:06:17.323 [TX CF11] 67 2B F7 F2 11 E4 67 C9
15:06:17.333 [TX CF12] 67 2C 57 93 BF 29 9E 57
15:06:17.344 [TX CF13] 67 2D 7C B7 79 7F F3 21
15:06:17.354 [TX CF14] 67 2E E6 87 CD 97 9C 3F
15:06:17.365 [TX CF15] 67 2F 3A 9E 79 7C FB 7A
15:06:17.376 [TX CF0] 67 20 07 F4 31 E8 A7 D1
15:06:17.386 [TX CF1] 67 21 D7 A4 BF 4B 9E 9B
15:06:17.397 [TX CF2] 67 22 7D 3F 7A 8F F5 41
15:06:17.409 [TX CF3] 67 23 EA C7 D6 17 AD 3F
15:06:17.421 [TX CF4] 67 24 5C 9E BD 7D 83 7B
15:06:17.432 [TX CF5] 67 25 17 F6 51 EC E7 DA
15:06:17.443 [TX CF6] 67 26 57 B5 BF 6D 9E DF
15:06:17.454 [TX CF7] 67 27 7D C7 7B 9F F7 61
15:06:17.465 [TX CF8] 67 28 EF 07 DE 97 BE 3F
15:06:17.477 [TX CF9] 67 29 7E 9E 01 7C 0B 78
15:06:17.487 [TX CF10] 67 2A 27 F0 71 E1 27 C2
15:06:17.498 [TX CF11] 67 2B D7 86 BF 0F 9E 23
15:06:17.509 [TX CF12] 67 2C 7C 4F 78 AF F1 81
15:06:17.520 [TX CF13] 67 2D E3 47 C7 17 8F 3F
15:06:17.530 [TX CF14] 67 2E 20 9E 45 7C 93 79
15:06:17.542 [TX CF15] 67 2F 37 F2 91 E5 67 CB
15:06:17.554 [TX CF0] 67 20 57 97 BF 31 9E 67
15:06:17.565 [TX CF1] 67 21 7C D7 79 BF F3 A1
15:06:17.576 [TX CF2] 67 22 E7 87 CF 97 A0 3F
15:06:17.587 [TX CF3] 67 23 42 9E 89 7D 1B 7A
15:06:17.599 [TX CF4] 67 24 47 F4 B1 E9 A7 D3
15:06:17.609 [TX CF5] 67 25 D7 A8 BF 53 9E AB
15:06:17.621 [TX CF6] 67 26 7D 5F 7A CF F5 C1
15:06:17.633 [TX CF7] 67 27 EB C7 D8 17 B1 3F
15:06:17.645 [TX CF8] 67 28 64 9E CD 7D A3 7B
15:06:17.656 [TX CF9] 67 29 57 F6 D1 ED E7 DC
15:06:17.667 [TX CF10] 67 2A 57 B9 BF 75 9E EF
15:06:17.679 [TX CF11] 67 2B 7D E7 7B DF F7 E1
15:06:17.691 [TX CF12] 67 2C E0 07 C0 97 82 3F
15:06:17.702 [TX CF13] 67 2D 06 9E 11 7C 2B 78
15:06:17.713 [TX CF14] 67 2E 67 F0 F1 E2 27 C4
15:06:17.725 [TX CF15] 67 2F D7 8A BF 17 9E 33
15:06:17.737 [TX CF0] 67 20 7C 6F 78 EF F2 01
15:06:17.748 [TX CF1] 67 21 E4 47 C9 17 93 3F
15:06:17.760 [TX CF2] 67 22 28 9E 55 7C B3 79
15:06:17.771 [TX CF3] 67 23 77 F3 11 E6 67 CD
15:06:17.781 [TX CF4] 67 24 57 9B BF 39 9E 77
15:06:17.793 [TX CF5] 67 25 7C F7 79 FF F4 21
15:06:17.804 [TX CF6] 67 26 E8 87 D1 97 A4 3F
15:06:17.815 [TX CF7] 67 27 4A 9E 99 7D 3B 7A
15:06:17.827 [TX CF8] 67 28 87 F5 31 EA A7 D5
15:06:17.838 [TX CF9] 67 29 D7 AC BF 5B 9E BB
15:06:17.849 [TX CF10] 67 2A 7D 7F 7B 0F F6 41
15:06:17.860 [TX CF11] 67 2B EC C7 DA 17 B5 3F
15:06:17.870 [TX CF12] 67 2C 6C 9E DD 7D C3 7B
15:06:17.881 [TX CF13] 67 2D 97 F7 51 EE E7 DE
15:06:17.892 [TX CF14] 67 2E 57 BD BF 7D 9E FF
15:06:17.903 [TX CF15] 67 2F 7C 07 78 1F F0 61
15:06:17.913 [TX CF0] 67 20 E1 07 C2 97 86 3F
15:06:17.923 [TX CF1] 67 21 0E 9E 21 7C 4B 78
15:06:17.935 [TX CF2] 67 22 A7 F1 71 E3 27 C6
15:06:17.945 [TX CF3] 67 23 D7 8E BF 1F 9E 43
15:06:17.956 [TX CF4] 67 24 7C 8F 79 2F F2 81
15:06:17.968 [TX CF5] 67 25 E5 47 CB 17 97 3F
15:06:17.978 [TX CF6] 67 26 30 9E 65 7C D3 79
15:06:17.989 [TX CF7] 67 27 B7 F3 91 E7 67 CF
15:06:18.000 [TX CF8] 67 28 57 9F BF 41 9E 87
15:06:18.010 [TX CF9] 67 29 7D 17 7A 3F F4 A1
15:06:18.020 [TX CF10] 67 2A E9 87 D3 97 A8 3F
15:06:18.032 [TX CF11] 67 2B 52 9E A9 7D 5B 7A
15:06:18.042 [TX CF12] 67 2C C7 F5 B1 EB A7 D7
15:06:18.052 [TX CF13] 67 2D D7 B0 BF 63 9E CB
15:06:18.063 [TX CF14] 67 2E 7D 9F 7B 4F F6 C1
15:06:18.074 [TX CF15] 67 2F ED C7 DC 17 B9 3F
15:06:18.084 [TX CF0] 67 20 74 9E ED 7D E3 7B
15:06:18.096 [TX CF1] 67 21 D7 F7 D1 EF E7 C0
15:06:18.108 [TX CF2] 67 22 57 81 BF 05 9E 0F
15:06:18.120 [TX CF3] 67 23 7C 27 78 5F F0 E1
15:06:18.131 [TX CF4] 67 24 E2 07 C4 97 8A 3F
15:06:18.141 [TX CF5] 67 25 16 9E 31 7C 6B 78
15:06:18.151 [TX CF6] 67 26 E7 F1 F1 E4 27 C8
15:06:18.163 [TX CF7] 67 27 D7 92 BF 27 9E 53
15:06:18.175 [TX CF8] 67 28 7C AF 79 6F F3 01
15:06:18.186 [TX CF9] 67 29 E6 47 CD 17 9B 3F
15:06:18.198 [TX CF10] 67 2A 38 9E 75 7C F3 79
15:06:18.209 [TX CF11] 67 2B F7 F4 11 E8 67 D1
15:06:18.221 [TX CF12] 67 2C 57 A3 BF 49 9E 97
15:06:18.232 [TX CF13] 67 2D 7D 37 7A 7F F5 21
15:06:18.244 [TX CF14] 67 2E EA 87 D5 97 AC 3F
15:06:18.256 [TX CF15] 67 2F 5A 9E B9 7D 7B 7B
15:06:18.268 [TX CF0] 67 20 07 F6 31 EC A7 D9
15:06:18.279 [TX CF1] 67 21 D7 B4 BF 6B 9E DB
15:06:18.291 [TX CF2] 67 22 7D BF 7B 8F F7 41
15:06:18.303 [TX CF3] 67 23 EE C7 DE 17 BD 3F
15:06:18.314 [TX CF4] 67 24 7C 9E FD 7C 03 78
15:06:18.324 [TX CF5] 67 25 17 F0 51 E0 E7 C2
15:06:18.336 [TX CF6] 67 26 57 85 BF 0D 9E 1F
15:06:18.348 [TX CF7] 67 27 7C 47 78 9F F1 61
15:06:18.360 [TX CF8] 67 28 E3 07 C6 97 8E 3F
15:06:18.371 [TX CF9] 67 29 1E 9E 41 7C 8B 79
15:06:18.382 [TX CF10] 67 2A 27 F2 71 E5 27 CA
15:06:18.394 [TX CF11] 67 2B D7 96 BF 2F 9E 63
15:06:18.406 [TX CF12] 67 2C 7C CF 79 AF F3 81
15:06:18.418 [TX CF13] 67 2D E7 47 CF 17 9F 3F
15:06:18.429 [TX CF14] 67 2E 40 9E 85 7D 13 7A
15:06:18.440 [TX CF15] 67 2F 37 F4 91 E9 67 D3
15:06:18.451 [TX CF0] 67 20 57 A7 BF 51 9E A7
15:06:18.462 [TX CF1] 67 21 7D 57 7A BF F5 A1
15:06:18.474 [TX CF2] 67 22 EB 87 D7 97 B0 3F
15:06:18.485 [TX CF3] 67 23 62 9E C9 7D 9B 7B
15:06:18.496 [TX CF4] 67 24 47 F6 B1 ED A7 DB
15:06:18.508 [TX CF5] 67 25 D7 B8 BF 73 9E EB
15:06:18.518 [TX CF6] 67 26 7D DF 7B CF F7 C1
15:06:18.529 [TX CF7] 67 27 EF C7 C0 17 81 3F
15:06:18.540 [TX CF8] 67 28 04 9E 0D 7C 23 78
15:06:18.552 [TX CF9] 67 29 57 F0 D1 E1 E7 C4
15:06:18.564 [TX CF10] 67 2A 57 89 BF 15 9E 2F
15:06:18.575 [TX CF11] 67 2B 7C 67 78 DF F1 E1
15:06:18.586 [TX CF12] 67 2C E4 07 C8 97 92 3F
15:06:18.598 [TX CF13] 67 2D 26 9E 51 7C AB 79
15:06:18.609 [TX CF14] 67 2E 67 F2 F1 E6 27 CC
15:06:18.620 [TX CF15] 67 2F D7 9A BF 37 9E 73
15:06:18.631 [TX CF0] 67 20 7C EF 79 EF F4 01
15:06:18.642 [TX CF1] 67 21 E8 47 D1 17 A3 3F
15:06:18.654 [TX CF2] 67 22 48 9E 95 7D 33 7A
15:06:18.666 [TX CF3] 67 23 77 F5 11 EA 67 D5
15:06:18.676 [TX CF4] 67 24 57 AB BF 59 9E B7
15:06:18.687 [TX CF5] 67 25 7D 77 7A FF F6 21
15:06:18.698 [TX CF6] 67 26 EC 87 D9 97 B4 3F
15:06:18.708 [TX CF7] 67 27 6A 9E D9 7D BB 7B
15:06:18.720 [TX CF8] 67 28 87 F7 31 EE A7 DD
15:06:18.733 [TX CF9] 67 29 D7 BC BF 7B 9E FB
15:06:18.745 [TX CF10] 67 2A 7D FF 78 0F F0 41
15:06:18.758 [TX CF11] 67 2B E0 C7 C2 17 85 3F
15:06:18.768 [TX CF12] 67 2C 0C 9E 1D 7C 43 78
15:06:18.778 [TX CF13] 67 2D 97 F1 51 E2 E7 C6
15:06:18.788 [TX CF14] 67 2E 57 8D BF 1D 9E 3F
15:06:18.799 [TX CF15] 67 2F 7C 87 79 1F F2 61
15:06:18.810 [TX CF0] 67 20 E5 07 CA 97 96 3F
15:06:18.822 [TX CF1] 67 21 2E 9E 61 7C CB 79
15:06:18.834 [TX CF2] 67 22 A7 F3 71 E7 27 CE
15:06:18.845 [TX CF3] 67 23 D7 9E BF 3F 9E 83
15:06:18.857 [TX CF4] 67 24 7D 0F 7A 2F F4 81
15:06:18.867 [TX CF5] 67 25 E9 47 D3 17 A7 3F
15:06:18.879 [TX CF6] 67 26 50 9E A5 7D 53 7A
15:06:18.890 [TX CF7] 67 27 B7 F5 91 EB 67 D7
15:06:18.900 [TX CF8] 67 28 57 AF BF 61 9E C7
15:06:18.911 [TX CF9] 67 29 7D 97 7B 3F F6 A1
15:06:18.923 [TX CF10] 67 2A ED 87 DB 97 B8 3F
15:06:18.935 [TX CF11] 67 2B 72 9E E9 7D DB 7B
15:06:18.947 [TX CF12] 67 2C C7 F7 B1 EF A7 DF
15:06:18.957 [TX CF13] 67 2D D7 80 BF 03 9E 0B
15:06:18.968 [TX CF14] 67 2E 7C 1F 78 4F F0 C1
15:06:18.979 [TX CF15] 67 2F E1 C7 C4 17 89 3F
15:06:18.989 [TX CF0] 67 20 14 9E 2D 7C 63 78
15:06:19.000 [TX CF1] 67 21 D7 F1 D1 E3 E7 C8
15:06:19.010 [TX CF2] 67 22 57 91 BF 25 9E 4F
15:06:19.020 [TX CF3] 67 23 7C A7 79 5F F2 E1
15:06:19.030 [TX CF4] 67 24 E6 07 CC 97 9A 3F
15:06:19.042 [TX CF5] 67 25 36 9E 71 7C EB 79
15:06:19.052 [TX CF6] 67 26 E7 F3 F1 E8 27 D0
15:06:19.063 [TX CF7] 67 27 D7 A2 BF 47 9E 93
15:06:19.073 [TX CF8] 67 28 7D 2F 7A 6F F5 01
15:06:19.085 [TX CF9] 67 29 EA 47 D5 17 AB 3F
15:06:19.096 [TX CF10] 67 2A 58 9E B5 7D 73 7A
15:06:19.106 [TX CF11] 67 2B F7 F6 11 EC 67 D9
15:06:19.118 [TX CF12] 67 2C 57 B3 BF 69 9E D7
15:06:19.129 [TX CF13] 67 2D 7D B7 7B 7F F7 21
15:06:19.140 [TX CF14] 67 2E EE 87 DD 97 BC 3F
15:06:19.152 [TX CF15] 67 2F 7A 9E F9 7D FB 78
15:06:19.163 [TX CF0] 67 20 07 F0 31 E0 A7 C1
15:06:19.175 [TX CF1] 67 21 D7 84 BF 0B 9E 1B
15:06:19.186 [TX CF2] 67 22 7C 3F 78 8F F1 41
15:06:19.197 [TX CF3] 67 23 E2 C7 C6 17 8D 3F
15:06:19.209 [TX CF4] 67 24 1C 9E 3D 7C 83 79
15:06:19.221 [TX CF5] 67 25 17 F2 51 E4 E7 CA
15:06:19.233 [TX CF6] 67 26 57 95 BF 2D 9E 5F
15:06:19.245 [TX CF7] 67 27 7C C7 79 9F F3 61
15:06:19.257 [TX CF8] 67 28 E7 07 CE 97 9E 3F
15:06:19.269 [TX CF9] 67 29 3E 9E 81 7D 0B 7A
15:06:19.280 [TX CF10] 67 2A 27 F4 71 E9 27 D2
15:06:19.292 [TX CF11] 67 2B D7 A6 BF 4F 9E A3
15:06:19.304 [TX CF12] 67 2C 7D 4F 7A AF F5 81
15:06:19.316 [TX CF13] 67 2D EB 47 D7 17 AF 3F
15:06:19.327 [TX CF14] 67 2E 60 9E C5 7D 93 7B
15:06:19.339 [TX CF15] 67 2F 37 F6 91 ED 67 DB
15:06:19.350 [TX CF0] 67 20 57 B7 BF 71 9E E7
15:06:19.362 [TX CF1] 67 21 7D D7 7B BF F7 A1
15:06:19.372 [TX CF2] 67 22 EF 87 DF 97 80 3F
15:06:19.383 [TX CF3] 67 23 02 9E 09 7C 1B 78
15:06:19.394 [TX CF4] 67 24 47 F0 B1 E1 A7 C3
15:06:19.406 [TX CF5] 67 25 D7 88 BF 13 9E 2B
15:06:19.418 [TX CF6] 67 26 7C 5F 78 CF F1 C1
15:06:19.429 [TX CF7] 67 27 E3 C7 C8 17 91 3F
15:06:19.439 [TX CF8] 67 28 24 9E 4D 7C A3 79
15:06:19.451 [TX CF9] 67 29 57 F2 D1 E5 E7 CC
15:06:19.462 [TX CF10] 67 2A 57 99 BF 35 9E 6F
15:06:19.473 [TX CF11] 67 2B 7C E7 79 DF F3 E1
15:06:19.483 [TX CF12] 67 2C E8 07 D0 97 A2 3F
15:06:19.495 [TX CF13] 67 2D 46 9E 91 7D 2B 7A
15:06:19.505 [TX CF14] 67 2E 67 F4 F1 EA 27 D4
15:06:19.515 [TX CF15] 67 2F D7 AA BF 57 9E B3
15:06:19.527 [TX CF0] 67 20 7D 6F 7A EF F6 01
15:06:19.540 [TX CF1] 67 21 EC 47 D9 17 B3 3F
15:06:19.550 [TX CF2] 67 22 68 9E D5 7D B3 7B
15:06:19.561 [TX CF3] 67 23 77 F7 11 EE 67 DD
15:06:19.573 [TX CF4] 67 24 57 BB BF 79 9E F7
15:06:19.584 [TX CF5] 67 25 7D F7 7F FD FF F8
15:06:19.596 [TX CF6] 67 26 11 F0 45 E0 CF C2
15:06:19.608 [TX CF7] 67 27 27 85 5F 0C DE 1D
15:06:19.620 [TX CF8] 67 28 FC 44 78 99 F1 55
15:06:19.630 [TX CF9] 67 29 E2 EF C6 67 8D DF
15:06:19.641 [TX CF10] 67 2A 1D DE 3F FC 88 79
15:06:19.652 [TX CF11] 67 2B 21 F2 65 E5 0F CA
15:06:19.664 [TX CF12] 67 2C A7 96 5F 2E DE 61
15:06:19.676 [TX CF13] 67 2D FC CC 79 A9 F3 75
15:06:19.686 [TX CF14] 67 2E E7 2F CE E7 9E DF
15:06:19.696 [TX CF15] 67 2F 3F DE 83 FD 10 7A
15:06:19.707 [TX CF0] 67 20 31 F4 85 E9 4F D3
15:06:19.719 [TX CF1] 67 21 27 A7 5F 50 DE A5
15:06:19.731 [TX CF2] 67 22 FD 54 7A B9 F5 95
15:06:19.742 [TX CF3] 67 23 EB 6F D7 67 AF DF
15:06:19.753 [TX CF4] 67 24 61 DE C7 FD 98 7B
15:06:19.765 [TX CF5] 67 25 41 F6 A5 ED 8F DB
15:06:19.777 [TX CF6] 67 26 A7 B8 5F 72 DE E9
15:06:19.788 [TX CF7] 67 27 FD DC 7B C9 F7 B5
15:06:19.800 [TX CF8] 67 28 EF AF DF E7 80 DF
15:06:19.811 [TX CF9] 67 29 03 DE 0B FC 20 78
15:06:19.823 [TX CF10] 67 2A 51 F0 C5 E1 CF C4
15:06:19.834 [TX CF11] 67 2B 27 89 5F 14 DE 2D
15:06:19.845 [TX CF12] 67 2C FC 64 78 D9 F1 D5
15:06:19.857 [TX CF13] 67 2D E3 EF C8 67 91 DF
15:06:19.869 [TX CF14] 67 2E 25 DE 4F FC A8 79
15:06:19.880 [TX CF15] 67 2F 61 F2 E5 E6 0F CC
15:06:19.892 [TX CF0] 67 20 A7 9A 5F 36 DE 71
15:06:19.902 [TX CF1] 67 21 FC EC 79 E9 F3 F5
15:06:19.913 [TX CF2] 67 22 E8 2F D0 E7 A2 DF
15:06:19.924 [TX CF3] 67 23 47 DE 93 FD 30 7A
15:06:19.936 [TX CF4] 67 24 71 F5 05 EA 4F D5
15:06:19.947 [TX CF5] 67 25 27 AB 5F 58 DE B5
15:06:19.959 [TX CF6] 67 26 FD 74 7A F9 F6 15
15:06:19.971 [TX CF7] 67 27 EC 6F D9 67 B3 DF
15:06:19.982 [TX CF8] 67 28 69 DE D7 FD B8 7B
15:06:19.993 [TX CF9] 67 29 81 F7 25 EE 8F DD
15:06:20.004 [TX CF10] 67 2A A7 BC 5F 7A DE F9
15:06:20.015 [TX CF11] 67 2B FD FC 78 09 F0 35
15:06:20.027 [TX CF12] 67 2C E0 AF C1 E7 84 DF
15:06:20.039 [TX CF13] 67 2D 0B DE 1B FC 40 78
15:06:20.050 [TX CF14] 67 2E 91 F1 45 E2 CF C6
15:06:20.061 [TX CF15] 67 2F 27 8D 5F 1C DE 3D
15:06:20.072 [TX CF0] 67 20 FC 84 79 19 F2 55
15:06:20.083 [TX CF1] 67 21 E4 EF CA 67 95 DF
15:06:20.094 [TX CF2] 67 22 2D DE 5F FC C8 79
15:06:20.105 [TX CF3] 67 23 A1 F3 65 E7 0F CE
15:06:20.117 [TX CF4] 67 24 A7 9E 5F 3E DE 81
15:06:20.128 [TX CF5] 67 25 FD 0C 7A 29 F4 75
15:06:20.140 [TX CF6] 67 26 E9 2F D2 E7 A6 DF
15:06:20.151 [TX CF7] 67 27 4F DE A3 FD 50 7A
15:06:20.162 [TX CF8] 67 28 B1 F5 85 EB 4F D7
15:06:20.173 [TX CF9] 67 29 27 AF 5F 60 DE C5
15:06:20.185 [TX CF10] 67 2A FD 94 7B 39 F6 95
15:06:20.197 [TX CF11] 67 2B ED 6F DB 67 B7 DF
15:06:20.208 [TX CF12] 67 2C 71 DE E7 FD D8 7B
15:06:20.220 [TX CF13] 67 2D C1 F7 A5 EF 8F DF
15:06:20.230 [TX CF14] 67 2E A7 80 5F 02 DE 09
15:06:20.241 [TX CF15] 67 2F FC 1C 78 49 F0 B5
15:06:20.253 [TX CF0] 67 20 E1 AF C3 E7 88 DF
15:06:20.264 [TX CF1] 67 21 13 DE 2B FC 60 78
15:06:20.276 [TX CF2] 67 22 D1 F1 C5 E3 CF C8
15:06:20.286 [TX CF3] 67 23 27 91 5F 24 DE 4D
15:06:20.296 [TX CF4] 67 24 FC A4 79 59 F2 D5
15:06:20.307 [TX CF5] 67 25 E5 EF CC 67 99 DF
15:06:20.319 [TX CF6] 67 26 35 DE 6F FC E8 79
15:06:20.330 [TX CF7] 67 27 E1 F3 E5 E8 0F D0
15:06:20.341 [TX CF8] 67 28 A7 A2 5F 46 DE 91
15:06:20.353 [TX CF9] 67 29 FD 2C 7A 69 F4 F5
15:06:20.363 [TX CF10] 67 2A EA 2F D4 E7 AA DF
15:06:20.375 [TX CF11] 67 2B 57 DE B3 FD 70 7A
15:06:20.385 [TX CF12] 67 2C F1 F6 05 EC 4F D9
15:06:20.397 [TX CF13] 67 2D 27 B3 5F 68 DE D5
15:06:20.408 [TX CF14] 67 2E FD B4 7B 79 F7 15
15:06:20.420 [TX CF15] 67 2F EE 6F DD 67 BB DF
15:06:20.432 [TX CF0] 67 20 79 DE F7 FD F8 78
15:06:20.443 [TX CF1] 67 21 01 F0 25 E0 8F C1
15:06:20.454 [TX CF2] 67 22 A7 84 5F 0A DE 19
15:06:20.465 [TX CF3] 67 23 FC 3C 78 89 F1 35
15:06:20.477 [TX CF4] 67 24 E2 AF C5 E7 8C DF
15:06:20.487 [TX CF5] 67 25 1B DE 3B FC 80 79
15:06:20.497 [TX CF6] 67 26 11 F2 45 E4 CF CA
15:06:20.509 [TX CF7] 67 27 27 95 5F 2C DE 5D
15:06:20.519 [TX CF8] 67 28 FC C4 79 99 F3 55
15:06:20.530 [TX CF9] 67 29 E6 EF CE 67 9D DF
15:06:20.542 [TX CF10] 67 2A 3D DE 7F FD 08 7A
15:06:20.554 [TX CF11] 67 2B 21 F4 65 E9 0F D2
15:06:20.565 [TX CF12] 67 2C A7 A6 5F 4E DE A1
15:06:20.576 [TX CF13] 67 2D FD 4C 7A A9 F5 75
15:06:20.587 [TX CF14] 67 2E EB 2F D6 E7 AE DF
15:06:20.599 [TX CF15] 67 2F 5F DE C3 FD 90 7B
15:06:20.610 [TX CF0] 67 20 31 F6 85 ED 4F DB
15:06:20.622 [TX CF1] 67 21 27 B7 5F 70 DE E5
15:06:20.634 [TX CF2] 67 22 FD D4 7B B9 F7 95
15:06:20.645 [TX CF3] 67 23 EF 6F DF 67 BF DF
15:06:20.658 [TX CF4] 67 24 01 DE 07 FF FF FF
15:06:20.678 [RX SF ] 67 02 76 13 FF FF FF FF
15:06:20.678 [RX    ] 76 13
15:06:20.679 [PASS  ] TransferData block=19 | expected: 76 ... | received: 76 13
15:06:20.689 ------------------------------------------------------------------------
15:06:20.690 [STEP  ] 0x36 block=20  offset=38760/45254  (85%)
15:06:20.690 [TX TransferData block=20 len=2040] 36 14 FC 18 78 41 F0 A5 E1 8F C3 A7 88 5F 12 DE...
15:06:20.691 [TX FF ] 67 17 FA 36 14 FC 18 78
15:06:20.702 [TX CF1] 67 21 41 F0 A5 E1 8F C3
15:06:20.714 [TX CF2] 67 22 A7 88 5F 12 DE 29
15:06:20.724 [TX CF3] 67 23 FC 5C 78 C9 F1 B5
15:06:20.736 [TX CF4] 67 24 E3 AF C7 E7 90 DF
15:06:20.747 [TX CF5] 67 25 23 DE 4B FC A0 79
15:06:20.758 [TX CF6] 67 26 51 F2 C5 E5 CF CC
15:06:20.770 [TX CF7] 67 27 27 99 5F 34 DE 6D
15:06:20.781 [TX CF8] 67 28 FC E4 79 D9 F3 D5
15:06:20.793 [TX CF9] 67 29 E7 EF D0 67 A1 DF
15:06:20.804 [TX CF10] 67 2A 45 DE 8F FD 28 7A
15:06:20.815 [TX CF11] 67 2B 61 F4 E5 EA 0F D4
15:06:20.826 [TX CF12] 67 2C A7 AA 5F 56 DE B1
15:06:20.837 [TX CF13] 67 2D FD 6C 7A E9 F5 F5
15:06:20.849 [TX CF14] 67 2E EC 2F D8 E7 B2 DF
15:06:20.860 [TX CF15] 67 2F 67 DE D3 FD B0 7B
15:06:20.872 [TX CF0] 67 20 71 F7 05 EE 4F DD
15:06:20.883 [TX CF1] 67 21 27 BB 5F 78 DE F5
15:06:20.894 [TX CF2] 67 22 FD F4 7B F9 F0 15
15:06:20.906 [TX CF3] 67 23 E0 6F C1 67 83 DF
15:06:20.918 [TX CF4] 67 24 09 DE 17 FC 38 78
15:06:20.930 [TX CF5] 67 25 81 F1 25 E2 8F C5
15:06:20.942 [TX CF6] 67 26 A7 8C 5F 1A DE 39
15:06:20.953 [TX CF7] 67 27 FC 7C 79 09 F2 35
15:06:20.963 [TX CF8] 67 28 E4 AF C9 E7 94 DF
15:06:20.974 [TX CF9] 67 29 2B DE 5B FC C0 79
15:06:20.984 [TX CF10] 67 2A 91 F3 45 E6 CF CE
15:06:20.995 [TX CF11] 67 2B 27 9D 5F 3C DE 7D
15:06:21.007 [TX CF12] 67 2C FD 04 7A 19 F4 55
15:06:21.018 [TX CF13] 67 2D E8 EF D2 67 A5 DF
15:06:21.029 [TX CF14] 67 2E 4D DE 9F FD 48 7A
15:06:21.041 [TX CF15] 67 2F A1 F5 65 EB 0F D6
15:06:21.053 [TX CF0] 67 20 A7 AE 5F 5E DE C1
15:06:21.064 [TX CF1] 67 21 FD 8C 7B 29 F6 75
15:06:21.075 [TX CF2] 67 22 ED 2F DA E7 B6 DF
15:06:21.086 [TX CF3] 67 23 6F DE E3 FD D0 7B
15:06:21.098 [TX CF4] 67 24 B1 F7 85 EF 4F DF
15:06:21.109 [TX CF5] 67 25 27 BF 5F 00 DE 05
15:06:21.121 [TX CF6] 67 26 FC 14 78 39 F0 95
15:06:21.132 [TX CF7] 67 27 E1 6F C3 67 87 DF
15:06:21.143 [TX CF8] 67 28 11 DE 27 FC 58 78
15:06:21.154 [TX CF9] 67 29 C1 F1 A5 E3 8F C7
15:06:21.167 [TX CF10] 67 2A A7 90 5F 22 DE 49
15:06:21.177 [TX CF11] 67 2B FC 9C 79 49 F2 B5
15:06:21.188 [TX CF12] 67 2C E5 AF CB E7 98 DF
15:06:21.199 [TX CF13] 67 2D 33 DE 6B FC E0 79
15:06:21.210 [TX CF14] 67 2E D1 F3 C5 E7 CF D0
15:06:21.221 [TX CF15] 67 2F 27 A1 5F 44 DE 8D
15:06:21.233 [TX CF0] 67 20 FD 24 7A 59 F4 D5
15:06:21.244 [TX CF1] 67 21 E9 EF D4 67 A9 DF
15:06:21.256 [TX CF2] 67 22 55 DE AF FD 68 7A
15:06:21.266 [TX CF3] 67 23 E1 F5 E5 EC 0F D8
15:06:21.278 [TX CF4] 67 24 A7 B2 5F 66 DE D1
15:06:21.288 [TX CF5] 67 25 FD AC 7B 69 F6 F5
15:06:21.300 [TX CF6] 67 26 EE 2F DC E7 BA DF
15:06:21.310 [TX CF7] 67 27 77 DE F3 FD F0 7B
15:06:21.323 [TX CF8] 67 28 F1 F0 05 E0 4F C1
15:06:21.334 [TX CF9] 67 29 27 83 5F 08 DE 15
15:06:21.344 [TX CF10] 67 2A FC 34 78 79 F1 15
15:06:21.355 [TX CF11] 67 2B E2 6F C5 67 8B DF
15:06:21.367 [TX CF12] 67 2C 19 DE 37 FC 78 79
15:06:21.379 [TX CF13] 67 2D 01 F2 25 E4 8F C9
15:06:21.389 [TX CF14] 67 2E A7 94 5F 2A DE 59
15:06:21.400 [TX CF15] 67 2F FC BC 79 89 F3 35
15:06:21.412 [TX CF0] 67 20 E6 AF CD E7 9C DF
15:06:21.424 [TX CF1] 67 21 3B DE 7B FD 00 7A
15:06:21.435 [TX CF2] 67 22 11 F4 45 E8 CF D2
15:06:21.446 [TX CF3] 67 23 27 A5 5F 4C DE 9D
15:06:21.456 [TX CF4] 67 24 FD 44 7A 99 F5 55
15:06:21.468 [TX CF5] 67 25 EA EF D6 67 AD DF
15:06:21.480 [TX CF6] 67 26 5D DE BF FD 88 7B
15:06:21.491 [TX CF7] 67 27 21 F6 65 ED 0F DA
15:06:21.503 [TX CF8] 67 28 A7 B6 5F 6E DE E1
15:06:21.514 [TX CF9] 67 29 FD CC 7B A9 F7 75
15:06:21.526 [TX CF10] 67 2A EF 2F DE E7 BE DF
15:06:21.537 [TX CF11] 67 2B 7F DE 03 FC 10 78
15:06:21.549 [TX CF12] 67 2C 31 F0 85 E1 4F C3
15:06:21.561 [TX CF13] 67 2D 27 87 5F 10 DE 25
15:06:21.571 [TX CF14] 67 2E FC 54 78 B9 F1 95
15:06:21.581 [TX CF15] 67 2F E3 6F C7 67 8F DF
15:06:21.591 [TX CF0] 67 20 21 DE 47 FC 98 79
15:06:21.601 [TX CF1] 67 21 41 F2 A5 E5 8F CB
15:06:21.611 [TX CF2] 67 22 A7 98 5F 32 DE 69
15:06:21.623 [TX CF3] 67 23 FC DC 79 C9 F3 B5
15:06:21.635 [TX CF4] 67 24 E7 AF CF E7 A0 DF
15:06:21.646 [TX CF5] 67 25 43 DE 8B FD 20 7A
15:06:21.657 [TX CF6] 67 26 51 F4 C5 E9 CF D4
15:06:21.669 [TX CF7] 67 27 27 A9 5F 54 DE AD
15:06:21.679 [TX CF8] 67 28 FD 64 7A D9 F5 D5
15:06:21.690 [TX CF9] 67 29 EB EF D8 67 B1 DF
15:06:21.702 [TX CF10] 67 2A 65 DE CF FD A8 7B
15:06:21.713 [TX CF11] 67 2B 61 F6 E5 EE 0F DC
15:06:21.725 [TX CF12] 67 2C A7 BA 5F 76 DE F1
15:06:21.737 [TX CF13] 67 2D FD EC 7B E9 F7 F5
15:06:21.747 [TX CF14] 67 2E E0 2F C0 E7 82 DF
15:06:21.757 [TX CF15] 67 2F 07 DE 13 FC 30 78
15:06:21.769 [TX CF0] 67 20 71 F1 05 E2 4F C5
15:06:21.779 [TX CF1] 67 21 27 8B 5F 18 DE 35
15:06:21.789 [TX CF2] 67 22 FC 74 78 F9 F2 15
15:06:21.800 [TX CF3] 67 23 E4 6F C9 67 93 DF
15:06:21.810 [TX CF4] 67 24 29 DE 57 FC B8 79
15:06:21.820 [TX CF5] 67 25 81 F3 25 E6 8F CD
15:06:21.832 [TX CF6] 67 26 A7 9C 5F 3A DE 79
15:06:21.842 [TX CF7] 67 27 FC FC 7A 09 F4 35
15:06:21.854 [TX CF8] 67 28 E8 AF D1 E7 A4 DF
15:06:21.865 [TX CF9] 67 29 4B DE 9B FD 40 7A
15:06:21.875 [TX CF10] 67 2A 91 F5 45 EA CF D6
15:06:21.885 [TX CF11] 67 2B 27 AD 5F 5C DE BD
15:06:21.896 [TX CF12] 67 2C FD 84 7B 19 F6 55
15:06:21.908 [TX CF13] 67 2D EC EF DA 67 B5 DF
15:06:21.919 [TX CF14] 67 2E 6D DE DF FD C8 7B
15:06:21.930 [TX CF15] 67 2F A1 F7 65 EF 0F DE
15:06:21.940 [TX CF0] 67 20 A7 BE 5F 7E DE 01
15:06:21.952 [TX CF1] 67 21 FC 0C 78 29 F0 75
15:06:21.964 [TX CF2] 67 22 E1 2F C2 E7 86 DF
15:06:21.974 [TX CF3] 67 23 0F DE 23 FC 50 78
15:06:21.985 [TX CF4] 67 24 B1 F1 85 E3 4F C7
15:06:21.997 [TX CF5] 67 25 27 8F 5F 20 DE 45
15:06:22.009 [TX CF6] 67 26 FC 94 79 39 F2 95
15:06:22.021 [TX CF7] 67 27 E5 6F CB 67 97 DF
15:06:22.033 [TX CF8] 67 28 31 DE 67 FC D8 79
15:06:22.045 [TX CF9] 67 29 C1 F3 A5 E7 8F CF
15:06:22.056 [TX CF10] 67 2A A7 A0 5F 42 DE 89
15:06:22.068 [TX CF11] 67 2B FD 1C 7A 49 F4 B5
15:06:22.078 [TX CF12] 67 2C E9 AF D3 E7 A8 DF
15:06:22.089 [TX CF13] 67 2D 53 DE AB FD 60 7A
15:06:22.099 [TX CF14] 67 2E D1 F5 C5 EB CF D8
15:06:22.110 [TX CF15] 67 2F 27 B1 5F 64 DE CD
15:06:22.121 [TX CF0] 67 20 FD A4 7B 59 F6 D5
15:06:22.132 [TX CF1] 67 21 ED EF DC 67 B9 DF
15:06:22.143 [TX CF2] 67 22 75 DE EF FD E8 7B
15:06:22.155 [TX CF3] 67 23 E1 F7 E5 E0 0F C0
15:06:22.167 [TX CF4] 67 24 A7 82 5F 06 DE 11
15:06:22.177 [TX CF5] 67 25 FC 2C 78 69 F0 F5
15:06:22.188 [TX CF6] 67 26 E2 2F C4 E7 8A DF
15:06:22.200 [TX CF7] 67 27 17 DE 33 FC 70 78
15:06:22.210 [TX CF8] 67 28 F1 F2 05 E4 4F C9
15:06:22.222 [TX CF9] 67 29 27 93 5F 28 DE 55
15:06:22.234 [TX CF10] 67 2A FC B4 79 79 F3 15
15:06:22.245 [TX CF11] 67 2B E6 6F CD 67 9B DF
15:06:22.257 [TX CF12] 67 2C 39 DE 77 FC F8 7A
15:06:22.269 [TX CF13] 67 2D 01 F4 25 E8 8F D1
15:06:22.280 [TX CF14] 67 2E A7 A4 5F 4A DE 99
15:06:22.291 [TX CF15] 67 2F FD 3C 7A 89 F5 35
15:06:22.301 [TX CF0] 67 20 EA AF D5 E7 AC DF
15:06:22.312 [TX CF1] 67 21 5B DE BB FD 80 7B
15:06:22.323 [TX CF2] 67 22 11 F6 45 EC CF DA
15:06:22.335 [TX CF3] 67 23 27 B5 5F 6C DE DD
15:06:22.346 [TX CF4] 67 24 FD C4 7B 99 F7 55
15:06:22.356 [TX CF5] 67 25 EE EF DE 67 BD DF
15:06:22.368 [TX CF6] 67 26 7D DF FF 7F FE 04
15:06:22.380 [TX CF7] 67 27 7C 11 78 33 F0 89
15:06:22.390 [TX CF8] 67 28 E1 57 C3 37 87 7F
15:06:22.402 [TX CF9] 67 29 11 1E 26 7C 55 78
15:06:22.414 [TX CF10] 67 2A BB F1 99 E3 77 C7
15:06:22.424 [TX CF11] 67 2B 77 8F FF 22 1E 48
15:06:22.435 [TX CF12] 67 2C 7C 99 79 43 F2 A9
15:06:22.446 [TX CF13] 67 2D E5 97 CB B7 98 7F
15:06:22.456 [TX CF14] 67 2E 33 1E 6A 7C DD 79
15:06:22.468 [TX CF15] 67 2F CB F3 B9 E7 B7 CF
15:06:22.479 [TX CF0] 67 20 F7 A0 FF 44 1E 8C
15:06:22.490 [TX CF1] 67 21 7D 21 7A 53 F4 C9
15:06:22.500 [TX CF2] 67 22 E9 D7 D4 37 A9 7F
15:06:22.511 [TX CF3] 67 23 55 1E AE 7D 65 7A
15:06:22.521 [TX CF4] 67 24 DB F5 D9 EB F7 D8
15:06:22.533 [TX CF5] 67 25 77 B1 FF 66 1E D0
15:06:22.544 [TX CF6] 67 26 7D A9 7B 63 F6 E9
15:06:22.556 [TX CF7] 67 27 EE 17 DC B7 BA 7F
15:06:22.568 [TX CF8] 67 28 77 1E F2 7D ED 7B
15:06:22.578 [TX CF9] 67 29 EB F7 F9 E0 37 C0
15:06:22.589 [TX CF10] 67 2A F7 82 FF 08 1E 14
15:06:22.601 [TX CF11] 67 2B 7C 31 78 73 F1 09
15:06:22.613 [TX CF12] 67 2C E2 57 C5 37 8B 7F
15:06:22.624 [TX CF13] 67 2D 19 1E 36 7C 75 78
15:06:22.635 [TX CF14] 67 2E FB F2 19 E4 77 C9
15:06:22.647 [TX CF15] 67 2F 77 93 FF 2A 1E 58
15:06:22.658 [TX CF0] 67 20 7C B9 79 83 F3 29
15:06:22.668 [TX CF1] 67 21 E6 97 CD B7 9C 7F
15:06:22.680 [TX CF2] 67 22 3B 1E 7A 7C FD 7A
15:06:22.691 [TX CF3] 67 23 0B F4 39 E8 B7 D1
15:06:22.702 [TX CF4] 67 24 F7 A4 FF 4C 1E 9C
15:06:22.714 [TX CF5] 67 25 7D 41 7A 93 F5 49
15:06:22.726 [TX CF6] 67 26 EA D7 D6 37 AD 7F
15:06:22.738 [TX CF7] 67 27 5D 1E BE 7D 85 7B
15:06:22.750 [TX CF8] 67 28 1B F6 59 EC F7 DA
15:06:22.761 [TX CF9] 67 29 77 B5 FF 6E 1E E0
15:06:22.772 [TX CF10] 67 2A 7D C9 7B A3 F7 69
15:06:22.783 [TX CF11] 67 2B EF 17 DE B7 BE 7F
15:06:22.795 [TX CF12] 67 2C 7F 1E 02 7C 0D 78
15:06:22.806 [TX CF13] 67 2D 2B F0 79 E1 37 C2
15:06:22.818 [TX CF14] 67 2E F7 86 FF 10 1E 24
15:06:22.830 [TX CF15] 67 2F 7C 51 78 B3 F1 89
15:06:22.841 [TX CF0] 67 20 E3 57 C7 37 8F 7F
15:06:22.853 [TX CF1] 67 21 21 1E 46 7C 95 79
15:06:22.863 [TX CF2] 67 22 3B F2 99 E5 77 CB
15:06:22.874 [TX CF3] 67 23 77 97 FF 32 1E 68
15:06:22.885 [TX CF4] 67 24 7C D9 79 C3 F3 A9
15:06:22.897 [TX CF5] 67 25 E7 97 CF B7 A0 7F
15:06:22.909 [TX CF6] 67 26 43 1E 8A 7D 1D 7A
15:06:22.921 [TX CF7] 67 27 4B F4 B9 E9 B7 D3
15:06:22.932 [TX CF8] 67 28 F7 A8 FF 54 1E AC
15:06:22.942 [TX CF9] 67 29 7D 61 7A D3 F5 C9
15:06:22.953 [TX CF10] 67 2A EB D7 D8 37 B1 7F
15:06:22.966 [TX CF11] 67 2B 65 1E CE 7D A5 7B
15:06:22.976 [TX CF12] 67 2C 5B F6 D9 ED F7 DC
15:06:22.988 [TX CF13] 67 2D 77 B9 FF 76 1E F0
15:06:22.998 [TX CF14] 67 2E 7D E9 7B E3 F7 E9
15:06:23.010 [TX CF15] 67 2F E0 17 C0 B7 82 7F
15:06:23.021 [TX CF0] 67 20 07 1E 12 7C 2D 78
15:06:23.033 [TX CF1] 67 21 6B F0 F9 E2 37 C4
15:06:23.043 [TX CF2] 67 22 F7 8A FF 18 1E 34
15:06:23.055 [TX CF3] 67 23 7C 71 78 F3 F2 09
15:06:23.066 [TX CF4] 67 24 E4 57 C9 37 93 7F
15:06:23.078 [TX CF5] 67 25 29 1E 56 7C B5 79
15:06:23.088 [TX CF6] 67 26 7B F3 19 E6 77 CD
15:06:23.100 [TX CF7] 67 27 77 9B FF 3A 1E 78
15:06:23.111 [TX CF8] 67 28 7C F9 7A 03 F4 29
15:06:23.122 [TX CF9] 67 29 E8 97 D1 B7 A4 7F
15:06:23.134 [TX CF10] 67 2A 4B 1E 9A 7D 3D 7A
15:06:23.145 [TX CF11] 67 2B 8B F5 39 EA B7 D5
15:06:23.157 [TX CF12] 67 2C F7 AC FF 5C 1E BC
15:06:23.168 [TX CF13] 67 2D 7D 81 7B 13 F6 49
15:06:23.180 [TX CF14] 67 2E EC D7 DA 37 B5 7F
15:06:23.191 [TX CF15] 67 2F 6D 1E DE 7D C5 7B
15:06:23.201 [TX CF0] 67 20 9B F7 59 EE F7 DE
15:06:23.213 [TX CF1] 67 21 77 BD FF 7E 1E 00
15:06:23.224 [TX CF2] 67 22 7C 09 78 23 F0 69
15:06:23.236 [TX CF3] 67 23 E1 17 C2 B7 86 7F
15:06:23.248 [TX CF4] 67 24 0F 1E 22 7C 4D 78
15:06:23.260 [TX CF5] 67 25 AB F1 79 E3 37 C6
15:06:23.272 [TX CF6] 67 26 F7 8E FF 20 1E 44
15:06:23.283 [TX CF7] 67 27 7C 91 79 33 F2 89
15:06:23.295 [TX CF8] 67 28 E5 57 CB 37 97 7F
15:06:23.307 [TX CF9] 67 29 31 1E 66 7C D5 79
15:06:23.319 [TX CF10] 67 2A BB F3 99 E7 77 CF
15:06:23.331 [TX CF11] 67 2B 77 9F FF 42 1E 88
15:06:23.341 [TX CF12] 67 2C 7D 19 7A 43 F4 A9
15:06:23.353 [TX CF13] 67 2D E9 97 D3 B7 A8 7F
15:06:23.364 [TX CF14] 67 2E 53 1E AA 7D 5D 7A
15:06:23.375 [TX CF15] 67 2F CB F5 B9 EB B7 D7
15:06:23.386 [TX CF0] 67 20 F7 B0 FF 64 1E CC
15:06:23.398 [TX CF1] 67 21 7D A1 7B 53 F6 C9
15:06:23.409 [TX CF2] 67 22 ED D7 DC 37 B9 7F
15:06:23.421 [TX CF3] 67 23 75 1E EE 7D E5 7B
15:06:23.433 [TX CF4] 67 24 DB F7 D9 EF F7 C0
15:06:23.445 [TX CF5] 67 25 77 81 FF 06 1E 10
15:06:23.457 [TX CF6] 67 26 7C 29 78 63 F0 E9
15:06:23.469 [TX CF7] 67 27 E2 17 C4 B7 8A 7F
15:06:23.481 [TX CF8] 67 28 17 1E 32 7C 6D 78
15:06:23.491 [TX CF9] 67 29 EB F1 F9 E4 37 C8
15:06:23.503 [TX CF10] 67 2A F7 92 FF 28 1E 54
15:06:23.514 [TX CF11] 67 2B 7C B1 79 73 F3 09
15:06:23.525 [TX CF12] 67 2C E6 57 CD 37 9B 7F
15:06:23.536 [TX CF13] 67 2D 39 1E 76 7C F5 79
15:06:23.547 [TX CF14] 67 2E FB F4 19 E8 77 D1
15:06:23.558 [TX CF15] 67 2F 77 A3 FF 4A 1E 98
15:06:23.570 [TX CF0] 67 20 7D 39 7A 83 F5 29
15:06:23.580 [TX CF1] 67 21 EA 97 D5 B7 AC 7F
15:06:23.591 [TX CF2] 67 22 5B 1E BA 7D 7D 7B
15:06:23.603 [TX CF3] 67 23 0B F6 39 EC B7 D9
15:06:23.615 [TX CF4] 67 24 F7 B4 FF 6C 1E DC
15:06:23.626 [TX CF5] 67 25 7D C1 7B 93 F7 49
15:06:23.637 [TX CF6] 67 26 EE D7 DE 37 BD 7F
15:06:23.649 [TX CF7] 67 27 7D 1E FE 7C 05 78
15:06:23.660 [TX CF8] 67 28 1B F0 59 E0 F7 C2
15:06:23.671 [TX CF9] 67 29 77 85 FF 0E 1E 20
15:06:23.682 [TX CF10] 67 2A 7C 49 78 A3 F1 69
15:06:23.693 [TX CF11] 67 2B E3 17 C6 B7 8E 7F
15:06:23.704 [TX CF12] 67 2C 1F 1E 42 7C 8D 79
15:06:23.716 [TX CF13] 67 2D 2B F2 79 E5 37 CA
15:06:23.727 [TX CF14] 67 2E F7 96 FF 30 1E 64
15:06:23.737 [TX CF15] 67 2F 7C D1 79 B3 F3 89
15:06:23.748 [TX CF0] 67 20 E7 57 CF 37 9F 7F
15:06:23.759 [TX CF1] 67 21 41 1E 86 7D 15 7A
15:06:23.770 [TX CF2] 67 22 3B F4 99 E9 77 D3
15:06:23.780 [TX CF3] 67 23 77 A7 FF 52 1E A8
15:06:23.791 [TX CF4] 67 24 7D 59 7A C3 F5 A9
15:06:23.803 [TX CF5] 67 25 EB 97 D7 B7 B0 7F
15:06:23.814 [TX CF6] 67 26 63 1E CA 7D 9D 7B
15:06:23.825 [TX CF7] 67 27 4B F6 B9 ED B7 DB
15:06:23.836 [TX CF8] 67 28 F7 B8 FF 74 1E EC
15:06:23.847 [TX CF9] 67 29 7D E1 7B D3 F7 C9
15:06:23.859 [TX CF10] 67 2A EF D7 C0 37 81 7F
15:06:23.870 [TX CF11] 67 2B 05 1E 0E 7C 25 78
15:06:23.881 [TX CF12] 67 2C 5B F0 D9 E1 F7 C4
15:06:23.892 [TX CF13] 67 2D 77 89 FF 16 1E 30
15:06:23.903 [TX CF14] 67 2E 7C 69 78 E3 F1 E9
15:06:23.914 [TX CF15] 67 2F E4 17 C8 B7 92 7F
15:06:23.925 [TX CF0] 67 20 27 1E 52 7C AD 79
15:06:23.936 [TX CF1] 67 21 6B F2 F9 E6 37 CC
15:06:23.947 [TX CF2] 67 22 F7 9A FF 38 1E 74
15:06:23.959 [TX CF3] 67 23 7C F1 79 F3 F4 09
15:06:23.971 [TX CF4] 67 24 E8 57 D1 37 A3 7F
15:06:23.981 [TX CF5] 67 25 49 1E 96 7D 35 7A
15:06:23.992 [TX CF6] 67 26 7B F5 19 EA 77 D5
15:06:24.003 [TX CF7] 67 27 77 AB FF 5A 1E B8
15:06:24.013 [TX CF8] 67 28 7D 79 7B 03 F6 29
15:06:24.024 [TX CF9] 67 29 EC 97 D9 B7 B4 7F
15:06:24.034 [TX CF10] 67 2A 6B 1E DA 7D BD 7B
15:06:24.045 [TX CF11] 67 2B 8B F7 39 EE B7 DD
15:06:24.056 [TX CF12] 67 2C F7 BC FF 7C 1E FC
15:06:24.068 [TX CF13] 67 2D 7C 01 78 13 F0 49
15:06:24.079 [TX CF14] 67 2E E0 D7 C2 37 85 7F
15:06:24.089 [TX CF15] 67 2F 0D 1E 1E 7C 45 78
15:06:24.100 [TX CF0] 67 20 9B F1 59 E2 F7 C6
15:06:24.110 [TX CF1] 67 21 77 8D FF 1E 1E 40
15:06:24.121 [TX CF2] 67 22 7C 89 79 23 F2 69
15:06:24.133 [TX CF3] 67 23 E5 17 CA B7 96 7F
15:06:24.144 [TX CF4] 67 24 2F 1E 62 7C CD 79
15:06:24.156 [TX CF5] 67 25 AB F3 79 E7 37 CE
15:06:24.167 [TX CF6] 67 26 F7 9E FF 40 1E 84
15:06:24.178 [TX CF7] 67 27 7D 11 7A 33 F4 89
15:06:24.188 [TX CF8] 67 28 E9 57 D3 37 A7 7F
15:06:24.200 [TX CF9] 67 29 51 1E A6 7D 55 7A
15:06:24.210 [TX CF10] 67 2A BB F5 99 EB 77 D7
15:06:24.222 [TX CF11] 67 2B 77 AF FF 62 1E C8
15:06:24.234 [TX CF12] 67 2C 7D 99 7B 43 F6 A9
15:06:24.245 [TX CF13] 67 2D ED 97 DB B7 B8 7F
15:06:24.255 [TX CF14] 67 2E 73 1E EA 7D DD 7B
15:06:24.266 [TX CF15] 67 2F CB F7 B9 EF B7 DF
15:06:24.277 [TX CF0] 67 20 F7 80 FF 04 1E 0C
15:06:24.288 [TX CF1] 67 21 7C 21 78 53 F0 C9
15:06:24.299 [TX CF2] 67 22 E1 D7 C4 37 89 7F
15:06:24.309 [TX CF3] 67 23 15 1E 2E 7C 65 78
15:06:24.320 [TX CF4] 67 24 DB F1 D9 E3 F7 C8
15:06:24.331 [TX CF5] 67 25 77 91 FF 26 1E 50
15:06:24.341 [TX CF6] 67 26 7C A9 79 63 F2 E9
15:06:24.352 [TX CF7] 67 27 E6 17 CC B7 9A 7F
15:06:24.364 [TX CF8] 67 28 37 1E 72 7C ED 79
15:06:24.376 [TX CF9] 67 29 EB F3 F9 E8 37 D0
15:06:24.387 [TX CF10] 67 2A F7 A2 FF 48 1E 94
15:06:24.399 [TX CF11] 67 2B 7D 31 7A 73 F5 09
15:06:24.410 [TX CF12] 67 2C EA 57 D5 37 AB 7F
15:06:24.423 [TX CF13] 67 2D 59 1E B6 7D 75 7A
15:06:24.434 [TX CF14] 67 2E FB F6 19 EC 77 D9
15:06:24.444 [TX CF15] 67 2F 77 B3 FF 6A 1E D8
15:06:24.455 [TX CF0] 67 20 7D B9 7B 83 F7 29
15:06:24.467 [TX CF1] 67 21 EE 97 DD B7 BC 7F
15:06:24.478 [TX CF2] 67 22 7B 1E FA 7D FD 78
15:06:24.489 [TX CF3] 67 23 0B F0 39 E0 B7 C1
15:06:24.500 [TX CF4] 67 24 F7 84 FF FF FF FF
15:06:24.520 [RX SF ] 67 02 76 14 FF FF FF FF
15:06:24.521 [RX    ] 76 14
15:06:24.521 [PASS  ] TransferData block=20 | expected: 76 ... | received: 76 14
15:06:24.532 ------------------------------------------------------------------------
15:06:24.532 [STEP  ] 0x36 block=21  offset=40800/45254  (90%)
15:06:24.532 [TX TransferData block=21 len=2040] 36 15 0C 1E 1C 7C 41 78 93 F1 49 E2 D7 C6 37 8D...
15:06:24.534 [TX FF ] 67 17 FA 36 15 0C 1E 1C
15:06:24.544 [TX CF1] 67 21 7C 41 78 93 F1 49
15:06:24.557 [TX CF2] 67 22 E2 D7 C6 37 8D 7F
15:06:24.568 [TX CF3] 67 23 1D 1E 3E 7C 85 79
15:06:24.579 [TX CF4] 67 24 1B F2 59 E4 F7 CA
15:06:24.589 [TX CF5] 67 25 77 95 FF 2E 1E 60
15:06:24.601 [TX CF6] 67 26 7C C9 79 A3 F3 69
15:06:24.612 [TX CF7] 67 27 E7 17 CE B7 9E 7F
15:06:24.622 [TX CF8] 67 28 3F 1E 82 7D 0D 7A
15:06:24.634 [TX CF9] 67 29 2B F4 79 E9 37 D2
15:06:24.645 [TX CF10] 67 2A F7 A6 FF 50 1E A4
15:06:24.656 [TX CF11] 67 2B 7D 51 7A B3 F5 89
15:06:24.668 [TX CF12] 67 2C EB 57 D7 37 AF 7F
15:06:24.679 [TX CF13] 67 2D 61 1E C6 7D 95 7B
15:06:24.691 [TX CF14] 67 2E 3B F6 99 ED 77 DB
15:06:24.702 [TX CF15] 67 2F 77 B7 FF 72 1E E8
15:06:24.713 [TX CF0] 67 20 7D D9 7B C3 F7 A9
15:06:24.724 [TX CF1] 67 21 EF 97 DF B7 80 7F
15:06:24.735 [TX CF2] 67 22 03 1E 0A 7C 1D 78
15:06:24.745 [TX CF3] 67 23 4B F0 B9 E1 B7 C3
15:06:24.756 [TX CF4] 67 24 F7 88 FF 14 1E 2C
15:06:24.768 [TX CF5] 67 25 7C 61 78 D3 F1 C9
15:06:24.779 [TX CF6] 67 26 E3 D7 C8 37 91 7F
15:06:24.791 [TX CF7] 67 27 25 1E 4E 7C A5 79
15:06:24.801 [TX CF8] 67 28 5B F2 D9 E5 F7 CC
15:06:24.812 [TX CF9] 67 29 77 99 FF 36 1E 70
15:06:24.824 [TX CF10] 67 2A 7C E9 79 E3 F3 E9
15:06:24.835 [TX CF11] 67 2B E8 17 D0 B7 A2 7F
15:06:24.845 [TX CF12] 67 2C 47 1E 92 7D 2D 7A
15:06:24.856 [TX CF13] 67 2D 6B F4 F9 EA 37 D4
15:06:24.867 [TX CF14] 67 2E F7 AA FF 58 1E B4
15:06:24.878 [TX CF15] 67 2F 7D 71 7A F3 F6 09
15:06:24.889 [TX CF0] 67 20 EC 57 D9 37 B3 7F
15:06:24.901 [TX CF1] 67 21 69 1E D6 7D B5 7B
15:06:24.912 [TX CF2] 67 22 7B F7 19 EE 77 DD
15:06:24.924 [TX CF3] 67 23 77 BB FF 7A 1E F8
15:06:24.935 [TX CF4] 67 24 7D F9 78 03 F0 29
15:06:24.945 [TX CF5] 67 25 E0 97 C1 B7 84 7F
15:06:24.956 [TX CF6] 67 26 0B 1E 1A 7C 3D 78
15:06:24.968 [TX CF7] 67 27 8B F1 39 E2 B7 C5
15:06:24.979 [TX CF8] 67 28 F7 8C FF 1C 1E 3C
15:06:24.990 [TX CF9] 67 29 7C 81 79 13 F2 49
15:06:25.001 [TX CF10] 67 2A E4 D7 CA 37 95 7F
15:06:25.012 [TX CF11] 67 2B 2D 1E 5E 7C C5 79
15:06:25.024 [TX CF12] 67 2C 9B F3 59 E6 F7 CE
15:06:25.034 [TX CF13] 67 2D 77 9D FF 3E 1E 80
15:06:25.046 [TX CF14] 67 2E 7D 09 7A 23 F4 69
15:06:25.057 [TX CF15] 67 2F E9 17 D2 B7 A6 7F
15:06:25.069 [TX CF0] 67 20 4F 1E A2 7D 4D 7A
15:06:25.080 [TX CF1] 67 21 AB F5 79 EB 37 D6
15:06:25.091 [TX CF2] 67 22 F7 AE FF 60 1E C4
15:06:25.103 [TX CF3] 67 23 7D 91 7B 33 F6 89
15:06:25.114 [TX CF4] 67 24 ED 57 DB 37 B7 7F
15:06:25.125 [TX CF5] 67 25 71 1E E6 7D D5 7B
15:06:25.137 [TX CF6] 67 26 BB F7 99 EF 77 DF
15:06:25.149 [TX CF7] 67 27 77 FF DF FF 81 1F
15:06:25.160 [TX CF8] 67 28 04 5E 0C FC 22 78
15:06:25.171 [TX CF9] 67 29 55 F0 CD E1 DF C4
15:06:25.182 [TX CF10] 67 2A 47 89 9F 15 5E 2E
15:06:25.192 [TX CF11] 67 2B FC 66 78 DD F1 DD
15:06:25.202 [TX CF12] 67 2C E3 FF C8 87 92 1F
15:06:25.212 [TX CF13] 67 2D 26 5E 50 FC AA 79
15:06:25.222 [TX CF14] 67 2E 65 F2 ED E6 1F CC
15:06:25.234 [TX CF15] 67 2F C7 9A 9F 37 5E 72
15:06:25.244 [TX CF0] 67 20 FC EE 79 ED F3 FD
15:06:25.255 [TX CF1] 67 21 E8 3F D1 07 A3 1F
15:06:25.266 [TX CF2] 67 22 48 5E 94 FD 32 7A
15:06:25.278 [TX CF3] 67 23 75 F5 0D EA 5F D5
15:06:25.291 [TX CF4] 67 24 47 AB 9F 59 5E B6
15:06:25.301 [TX CF5] 67 25 FD 76 7A FD F6 1D
15:06:25.311 [TX CF6] 67 26 EC 7F D9 87 B4 1F
15:06:25.323 [TX CF7] 67 27 6A 5E D8 FD BA 7B
15:06:25.334 [TX CF8] 67 28 85 F7 2D EE 9F DD
15:06:25.345 [TX CF9] 67 29 C7 BC 9F 7B 5E FA
15:06:25.357 [TX CF10] 67 2A FD FE 78 0D F0 3D
15:06:25.369 [TX CF11] 67 2B E0 BF C2 07 85 1F
15:06:25.381 [TX CF12] 67 2C 0C 5E 1C FC 42 78
15:06:25.393 [TX CF13] 67 2D 95 F1 4D E2 DF C6
15:06:25.405 [TX CF14] 67 2E 47 8D 9F 1D 5E 3E
15:06:25.417 [TX CF15] 67 2F FC 86 79 1D F2 5D
15:06:25.428 [TX CF0] 67 20 E4 FF CA 87 96 1F
15:06:25.440 [TX CF1] 67 21 2E 5E 60 FC CA 79
15:06:25.452 [TX CF2] 67 22 A5 F3 6D E7 1F CE
15:06:25.464 [TX CF3] 67 23 C7 9E 9F 3F 5E 82
15:06:25.475 [TX CF4] 67 24 FD 0E 7A 2D F4 7D
15:06:25.486 [TX CF5] 67 25 E9 3F D3 07 A7 1F
15:06:25.498 [TX CF6] 67 26 50 5E A4 FD 52 7A
15:06:25.509 [TX CF7] 67 27 B5 F5 8D EB 5F D7
15:06:25.520 [TX CF8] 67 28 47 AF 9F 61 5E C6
15:06:25.531 [TX CF9] 67 29 FD 96 7B 3D F6 9D
15:06:25.543 [TX CF10] 67 2A ED 7F DB 87 B8 1F
15:06:25.555 [TX CF11] 67 2B 72 5E E8 FD DA 7B
15:06:25.567 [TX CF12] 67 2C C5 F7 AD EF 9F DF
15:06:25.578 [TX CF13] 67 2D C7 80 9F 03 5E 0A
15:06:25.588 [TX CF14] 67 2E FC 1E 78 4D F0 BD
15:06:25.601 [TX CF15] 67 2F E1 BF C4 07 89 1F
15:06:25.611 [TX CF0] 67 20 14 5E 2C FC 62 78
15:06:25.621 [TX CF1] 67 21 D5 F1 CD E3 DF C8
15:06:25.632 [TX CF2] 67 22 47 91 9F 25 5E 4E
15:06:25.643 [TX CF3] 67 23 FC A6 79 5D F2 DD
15:06:25.655 [TX CF4] 67 24 E5 FF CC 87 9A 1F
15:06:25.667 [TX CF5] 67 25 36 5E 70 FC EA 79
15:06:25.678 [TX CF6] 67 26 E5 F3 ED E8 1F D0
15:06:25.689 [TX CF7] 67 27 C7 A2 9F 47 5E 92
15:06:25.700 [TX CF8] 67 28 FD 2E 7A 6D F4 FD
15:06:25.711 [TX CF9] 67 29 EA 3F D5 07 AB 1F
15:06:25.723 [TX CF10] 67 2A 58 5E B4 FD 72 7A
15:06:25.734 [TX CF11] 67 2B F5 F6 0D EC 5F D9
15:06:25.745 [TX CF12] 67 2C 47 B3 9F 69 5E D6
15:06:25.757 [TX CF13] 67 2D FD B6 7B 7D F7 1D
15:06:25.768 [TX CF14] 67 2E EE 7F DD 87 BC 1F
15:06:25.779 [TX CF15] 67 2F 7A 5E F8 FD FA 78
15:06:25.790 [TX CF0] 67 20 05 F0 2D E0 9F C1
15:06:25.801 [TX CF1] 67 21 C7 84 9F 0B 5E 1A
15:06:25.812 [TX CF2] 67 22 FC 3E 78 8D F1 3D
15:06:25.823 [TX CF3] 67 23 E2 BF C6 07 8D 1F
15:06:25.834 [TX CF4] 67 24 1C 5E 3C FC 82 79
15:06:25.845 [TX CF5] 67 25 15 F2 4D E4 DF CA
15:06:25.856 [TX CF6] 67 26 47 95 9F 2D 5E 5E
15:06:25.867 [TX CF7] 67 27 FC C6 79 9D F3 5D
15:06:25.879 [TX CF8] 67 28 E6 FF CE 87 9E 1F
15:06:25.890 [TX CF9] 67 29 3E 5E 80 FD 0A 7A
15:06:25.902 [TX CF10] 67 2A 25 F4 6D E9 1F D2
15:06:25.913 [TX CF11] 67 2B C7 A6 9F 4F 5E A2
15:06:25.925 [TX CF12] 67 2C FD 4E 7A AD F5 7D
15:06:25.937 [TX CF13] 67 2D EB 3F D7 07 AF 1F
15:06:25.949 [TX CF14] 67 2E 60 5E C4 FD 92 7B
15:06:25.960 [TX CF15] 67 2F 35 F6 8D ED 5F DB
15:06:25.971 [TX CF0] 67 20 47 B7 9F 71 5E E6
15:06:25.982 [TX CF1] 67 21 FD D6 7B BD F7 9D
15:06:25.992 [TX CF2] 67 22 EF 7F DF 87 80 1F
15:06:26.004 [TX CF3] 67 23 02 5E 08 FC 1A 78
15:06:26.016 [TX CF4] 67 24 45 F0 AD E1 9F C3
15:06:26.027 [TX CF5] 67 25 C7 88 9F 13 5E 2A
15:06:26.038 [TX CF6] 67 26 FC 5E 78 CD F1 BD
15:06:26.050 [TX CF7] 67 27 E3 BF C8 07 91 1F
15:06:26.062 [TX CF8] 67 28 24 5E 4C FC A2 79
15:06:26.073 [TX CF9] 67 29 55 F2 CD E5 DF CC
15:06:26.084 [TX CF10] 67 2A 47 99 9F 35 5E 6E
15:06:26.094 [TX CF11] 67 2B FC E6 79 DD F3 DD
15:06:26.105 [TX CF12] 67 2C E7 FF D0 87 A2 1F
15:06:26.116 [TX CF13] 67 2D 46 5E 90 FD 2A 7A
15:06:26.127 [TX CF14] 67 2E 65 F4 ED EA 1F D4
15:06:26.138 [TX CF15] 67 2F C7 AA 9F 57 5E B2
15:06:26.149 [TX CF0] 67 20 FD 6E 7A ED F5 FD
15:06:26.160 [TX CF1] 67 21 EC 3F D9 07 B3 1F
15:06:26.171 [TX CF2] 67 22 68 5E D4 FD B2 7B
15:06:26.182 [TX CF3] 67 23 75 F7 0D EE 5F DD
15:06:26.193 [TX CF4] 67 24 47 BB 9F 79 5E F6
15:06:26.203 [TX CF5] 67 25 FD F6 7B FD F0 1D
15:06:26.214 [TX CF6] 67 26 E0 7F C1 87 84 1F
15:06:26.225 [TX CF7] 67 27 0A 5E 18 FC 3A 78
15:06:26.237 [TX CF8] 67 28 85 F1 2D E2 9F C5
15:06:26.248 [TX CF9] 67 29 C7 8C 9F 1B 5E 3A
15:06:26.260 [TX CF10] 67 2A FC 7E 79 0D F2 3D
15:06:26.272 [TX CF11] 67 2B E4 BF CA 07 95 1F
15:06:26.285 [TX CF12] 67 2C 2C 5E 5C FC C2 79
15:06:26.295 [TX CF13] 67 2D 95 F3 4D E6 DF CE
15:06:26.307 [TX CF14] 67 2E 47 9D 9F 3D 5E 7E
15:06:26.319 [TX CF15] 67 2F FD 06 7A 1D F4 5D
15:06:26.330 [TX CF0] 67 20 E8 FF D2 87 A6 1F
15:06:26.342 [TX CF1] 67 21 4E 5E A0 FD 4A 7A
15:06:26.353 [TX CF2] 67 22 A5 F5 6D EB 1F D6
15:06:26.365 [TX CF3] 67 23 C7 AE 9F 5F 5E C2
15:06:26.376 [TX CF4] 67 24 FD 8E 7B 2D F6 7D
15:06:26.388 [TX CF5] 67 25 ED 3F DB 07 B7 1F
15:06:26.401 [TX CF6] 67 26 70 5E E4 FD D2 7B
15:06:26.412 [TX CF7] 67 27 B5 F7 8D EF 5F DF
15:06:26.423 [TX CF8] 67 28 47 BF 9F 01 5E 06
15:06:26.435 [TX CF9] 67 29 FC 16 78 3D F0 9D
15:06:26.446 [TX CF10] 67 2A E1 7F C3 87 88 1F
15:06:26.456 [TX CF11] 67 2B 12 5E 28 FC 5A 78
15:06:26.467 [TX CF12] 67 2C C5 F1 AD E3 9F C7
15:06:26.477 [TX CF13] 67 2D C7 90 9F 23 5E 4A
15:06:26.488 [TX CF14] 67 2E FC 9E 79 4D F2 BD
15:06:26.500 [TX CF15] 67 2F E5 BF CC 07 99 1F
15:06:26.511 [TX CF0] 67 20 34 5E 6C FC E2 79
15:06:26.523 [TX CF1] 67 21 D5 F3 CD E7 DF D0
15:06:26.535 [TX CF2] 67 22 47 A1 9F 45 5E 8E
15:06:26.547 [TX CF3] 67 23 FD 26 7A 5D F4 DD
15:06:26.559 [TX CF4] 67 24 E9 FF D4 87 AA 1F
15:06:26.570 [TX CF5] 67 25 56 5E B0 FD 6A 7A
15:06:26.581 [TX CF6] 67 26 E5 F5 ED EC 1F D8
15:06:26.592 [TX CF7] 67 27 C7 B2 9F 67 5E D2
15:06:26.604 [TX CF8] 67 28 FD AE 7B 6D F6 FD
15:06:26.615 [TX CF9] 67 29 EE 3F DD 07 BB 1F
15:06:26.625 [TX CF10] 67 2A 78 5E F4 FD F2 7B
15:06:26.637 [TX CF11] 67 2B F5 F0 0D E0 5F C1
15:06:26.648 [TX CF12] 67 2C 47 83 9F 09 5E 16
15:06:26.659 [TX CF13] 67 2D FC 36 78 7D F1 1D
15:06:26.671 [TX CF14] 67 2E E2 7F C5 87 8C 1F
15:06:26.682 [TX CF15] 67 2F 1A 5E 38 FC 7A 79
15:06:26.692 [TX CF0] 67 20 05 F2 2D E4 9F C9
15:06:26.703 [TX CF1] 67 21 C7 94 9F 2B 5E 5A
15:06:26.713 [TX CF2] 67 22 FC BE 79 8D F3 3D
15:06:26.724 [TX CF3] 67 23 E6 BF CE 07 9D 1F
15:06:26.735 [TX CF4] 67 24 3C 5E 7C FD 02 7A
15:06:26.745 [TX CF5] 67 25 15 F4 4D E8 DF D2
15:06:26.755 [TX CF6] 67 26 47 A5 9F 4D 5E 9E
15:06:26.767 [TX CF7] 67 27 FD 46 7A 9D F5 5D
15:06:26.779 [TX CF8] 67 28 EA FF D6 87 AE 1F
15:06:26.789 [TX CF9] 67 29 5E 5E C0 FD 8A 7B
15:06:26.801 [TX CF10] 67 2A 25 F6 6D ED 1F DA
15:06:26.813 [TX CF11] 67 2B C7 B6 9F 6F 5E E2
15:06:26.825 [TX CF12] 67 2C FD CE 7B AD F7 7D
15:06:26.836 [TX CF13] 67 2D EF 3F DF 07 BF 1F
15:06:26.847 [TX CF14] 67 2E 00 5E 04 FC 12 78
15:06:26.857 [TX CF15] 67 2F 35 F0 8D E1 5F C3
15:06:26.869 [TX CF0] 67 20 47 87 9F 11 5E 26
15:06:26.880 [TX CF1] 67 21 FC 56 78 BD F1 9D
15:06:26.890 [TX CF2] 67 22 E3 7F C7 87 90 1F
15:06:26.901 [TX CF3] 67 23 22 5E 48 FC 9A 79
15:06:26.912 [TX CF4] 67 24 45 F2 AD E5 9F CB
15:06:26.923 [TX CF5] 67 25 C7 98 9F 33 5E 6A
15:06:26.934 [TX CF6] 67 26 FC DE 79 CD F3 BD
15:06:26.944 [TX CF7] 67 27 E7 BF D0 07 A1 1F
15:06:26.954 [TX CF8] 67 28 44 5E 8C FD 22 7A
15:06:26.966 [TX CF9] 67 29 55 F4 CD E9 DF D4
15:06:26.977 [TX CF10] 67 2A 47 A9 9F 55 5E AE
15:06:26.987 [TX CF11] 67 2B FD 66 7A DD F5 DD
15:06:26.999 [TX CF12] 67 2C EB FF D8 87 B2 1F
15:06:27.010 [TX CF13] 67 2D 66 5E D0 FD AA 7B
15:06:27.021 [TX CF14] 67 2E 65 F6 ED EE 1F DC
15:06:27.033 [TX CF15] 67 2F C7 BA 9F 77 5E F2
15:06:27.045 [TX CF0] 67 20 FD EE 7B ED F7 FD
15:06:27.057 [TX CF1] 67 21 E0 3F C1 07 83 1F
15:06:27.068 [TX CF2] 67 22 08 5E 14 FC 32 78
15:06:27.080 [TX CF3] 67 23 75 F1 0D E2 5F C5
15:06:27.092 [TX CF4] 67 24 47 8B 9F 19 5E 36
15:06:27.103 [TX CF5] 67 25 FC 76 78 FD F2 1D
15:06:27.115 [TX CF6] 67 26 E4 7F C9 87 94 1F
15:06:27.126 [TX CF7] 67 27 2A 5E 58 FC BA 79
15:06:27.138 [TX CF8] 67 28 85 F3 2D E6 9F CD
15:06:27.149 [TX CF9] 67 29 C7 9C 9F 3B 5E 7A
15:06:27.161 [TX CF10] 67 2A FC FE 7A 0D F4 3D
15:06:27.174 [TX CF11] 67 2B E8 BF D2 07 A5 1F
15:06:27.186 [TX CF12] 67 2C 4C 5E 9C FD 42 7A
15:06:27.196 [TX CF13] 67 2D 95 F5 4D EA DF D6
15:06:27.207 [TX CF14] 67 2E 47 AD 9F 5D 5E BE
15:06:27.219 [TX CF15] 67 2F FD 86 7B 1D F6 5D
15:06:27.230 [TX CF0] 67 20 EC FF DA 87 B6 1F
15:06:27.240 [TX CF1] 67 21 6E 5E E0 FD CA 7B
15:06:27.251 [TX CF2] 67 22 A5 F7 6D EF 1F DE
15:06:27.264 [TX CF3] 67 23 C7 BE 9F 7F 5E 02
15:06:27.275 [TX CF4] 67 24 FC 0E 78 2D F0 7D
15:06:27.286 [TX CF5] 67 25 E1 3F C3 07 87 1F
15:06:27.296 [TX CF6] 67 26 10 5E 24 FC 52 78
15:06:27.308 [TX CF7] 67 27 B5 F1 8D E3 5F C7
15:06:27.320 [TX CF8] 67 28 47 8F 9F 21 5E 46
15:06:27.331 [TX CF9] 67 29 FC 96 79 3D F2 9D
15:06:27.343 [TX CF10] 67 2A E5 7F CB 87 98 1F
15:06:27.354 [TX CF11] 67 2B 32 5E 68 FC DA 79
15:06:27.365 [TX CF12] 67 2C C5 F3 AD E7 9F CF
15:06:27.377 [TX CF13] 67 2D C7 A0 9F 43 5E 8A
15:06:27.388 [TX CF14] 67 2E FD 1E 7A 4D F4 BD
15:06:27.400 [TX CF15] 67 2F E9 BF D4 07 A9 1F
15:06:27.411 [TX CF0] 67 20 54 5E AC FD 62 7A
15:06:27.423 [TX CF1] 67 21 D5 F5 CD EB DF D8
15:06:27.435 [TX CF2] 67 22 47 B1 9F 65 5E CE
15:06:27.445 [TX CF3] 67 23 FD A6 7B 5D F6 DD
15:06:27.456 [TX CF4] 67 24 ED FF DC 87 BA 1F
15:06:27.468 [TX CF5] 67 25 76 5E F0 FD EA 7B
15:06:27.480 [TX CF6] 67 26 E5 F7 ED E0 1F C0
15:06:27.491 [TX CF7] 67 27 C7 82 9F 07 5E 12
15:06:27.503 [TX CF8] 67 28 FC 2E 78 6D F0 FD
15:06:27.514 [TX CF9] 67 29 E2 3F C5 07 8B 1F
15:06:27.525 [TX CF10] 67 2A 18 5E 34 FC 72 78
15:06:27.536 [TX CF11] 67 2B F5 F2 0D E4 5F C9
15:06:27.548 [TX CF12] 67 2C 47 93 9F 29 5E 56
15:06:27.558 [TX CF13] 67 2D FC B6 79 7D F3 1D
15:06:27.570 [TX CF14] 67 2E E6 7F CD 87 9C 1F
15:06:27.582 [TX CF15] 67 2F 3A 5E 78 FC FA 7A
15:06:27.593 [TX CF0] 67 20 05 F4 2D E8 9F D1
15:06:27.603 [TX CF1] 67 21 C7 A4 9F 4B 5E 9A
15:06:27.613 [TX CF2] 67 22 FD 3E 7A 8D F5 3D
15:06:27.623 [TX CF3] 67 23 EA BF D6 07 AD 1F
15:06:27.634 [TX CF4] 67 24 5C 5E BC FD 82 7B
15:06:27.645 [TX CF5] 67 25 15 F6 4D EC DF DA
15:06:27.656 [TX CF6] 67 26 47 B5 9F 6D 5E DE
15:06:27.668 [TX CF7] 67 27 FD C6 7B 9D F7 5D
15:06:27.679 [TX CF8] 67 28 EE FF DE 87 BE 1F
15:06:27.690 [TX CF9] 67 29 7E 5E 00 FC 0A 78
15:06:27.702 [TX CF10] 67 2A 25 F0 6D E1 1F C2
15:06:27.712 [TX CF11] 67 2B C7 86 9F 0F 5E 22
15:06:27.724 [TX CF12] 67 2C FC 4E 78 AD F1 7D
15:06:27.735 [TX CF13] 67 2D E3 3F C7 07 8F 1F
15:06:27.746 [TX CF14] 67 2E 20 5E 44 FC 92 79
15:06:27.757 [TX CF15] 67 2F 35 F2 8D E5 5F CB
15:06:27.769 [TX CF0] 67 20 47 97 9F 31 5E 66
15:06:27.780 [TX CF1] 67 21 FC D6 79 BD F3 9D
15:06:27.791 [TX CF2] 67 22 E7 7F CF 87 A0 1F
15:06:27.803 [TX CF3] 67 23 42 5E 88 FD 1A 7A
15:06:27.813 [TX CF4] 67 24 45 F4 AD E9 9F D3
15:06:27.823 [TX CF5] 67 25 C7 A8 9F 53 5E AA
15:06:27.834 [TX CF6] 67 26 FD 5E 7A CD F5 BD
15:06:27.845 [TX CF7] 67 27 EB BF D8 07 B1 1F
15:06:27.856 [TX CF8] 67 28 64 5E CC FD A2 7B
15:06:27.867 [TX CF9] 67 29 55 F6 CD ED DF DC
15:06:27.879 [TX CF10] 67 2A 47 B9 9F 75 5E EE
15:06:27.890 [TX CF11] 67 2B FD E6 7B DD F7 DD
15:06:27.902 [TX CF12] 67 2C FF F7 FF E0 47 C1
15:06:27.913 [TX CF13] 67 2D 17 83 3F 08 9E 15
15:06:27.923 [TX CF14] 67 2E 7C 33 78 77 F1 11
15:06:27.934 [TX CF15] 67 2F E2 67 C5 57 8B BF
15:06:27.945 [TX CF0] 67 20 19 9E 37 7C 77 78
15:06:27.957 [TX CF1] 67 21 FF F2 21 E4 87 C9
15:06:27.967 [TX CF2] 67 22 97 94 3F 2A 9E 59
15:06:27.978 [TX CF3] 67 23 7C BB 79 87 F3 31
15:06:27.989 [TX CF4] 67 24 E6 A7 CD D7 9C BF
15:06:28.001 [TX CF5] 67 25 3B 9E 7B 7C FF 7A
15:06:28.011 [TX CF6] 67 26 0F F4 41 E8 C7 D2
15:06:28.023 [TX CF7] 67 27 17 A5 3F 4C 9E 9D
15:06:28.034 [TX CF8] 67 28 7D 43 7A 97 F5 51
15:06:28.045 [TX CF9] 67 29 EA E7 D6 57 AD BF
15:06:28.057 [TX CF10] 67 2A 5D 9E BF 7D 87 7B
15:06:28.068 [TX CF11] 67 2B 1F F6 61 ED 07 DA
15:06:28.080 [TX CF12] 67 2C 97 B6 3F 6E 9E E1
15:06:28.090 [TX CF13] 67 2D 7D CB 7B A7 F7 71
15:06:28.102 [TX CF14] 67 2E EF 27 DE D7 BE BF
15:06:28.114 [TX CF15] 67 2F 7F 9E 03 7C 0F 78
15:06:28.125 [TX CF0] 67 20 2F F0 81 E1 47 C3
15:06:28.137 [TX CF1] 67 21 17 87 3F 10 9E 25
15:06:28.149 [TX CF2] 67 22 7C 53 78 B7 F1 91
15:06:28.161 [TX CF3] 67 23 E3 67 C7 57 8F BF
15:06:28.173 [TX CF4] 67 24 21 9E 47 7C 97 79
15:06:28.185 [TX CF5] 67 25 3F F2 A1 E5 87 CB
15:06:28.196 [TX CF6] 67 26 97 98 3F 32 9E 69
15:06:28.207 [TX CF7] 67 27 7C DB 79 C7 F3 B1
15:06:28.219 [TX CF8] 67 28 E7 A7 CF D7 A0 BF
15:06:28.230 [TX CF9] 67 29 43 9E 8B 7D 1F 7A
15:06:28.241 [TX CF10] 67 2A 4F F4 C1 E9 C7 D4
15:06:28.253 [TX CF11] 67 2B 17 A9 3F 54 9E AD
15:06:28.265 [TX CF12] 67 2C 7D 63 7A D7 F5 D1
15:06:28.276 [TX CF13] 67 2D EB E7 D8 57 B1 BF
15:06:28.287 [TX CF14] 67 2E 65 9E CF 7D A7 7B
15:06:28.300 [TX CF15] 67 2F 5F F6 E1 EE 07 DC
15:06:28.311 [TX CF0] 67 20 97 BA 3F 76 9E F1
15:06:28.322 [TX CF1] 67 21 7D EB 7B E7 F7 F1
15:06:28.334 [TX CF2] 67 22 E0 27 C0 D7 82 BF
15:06:28.346 [TX CF3] 67 23 07 9E 13 7C 2F 78
15:06:28.358 [TX CF4] 67 24 6F F1 01 FF FF FF
15:06:28.378 [RX SF ] 67 02 76 15 FF FF FF FF
15:06:28.379 [RX    ] 76 15
15:06:28.379 [PASS  ] TransferData block=21 | expected: 76 ... | received: 76 15
15:06:28.390 ------------------------------------------------------------------------
15:06:28.390 [STEP  ] 0x36 block=22  offset=42840/45254  (94%)
15:06:28.390 [TX TransferData block=22 len=2040] 36 16 E2 47 C5 17 8B 3F 18 9E 35 7C 73 78 F7 F2...
15:06:28.391 [TX FF ] 67 17 FA 36 16 E2 47 C5
15:06:28.403 [TX CF1] 67 21 17 8B 3F 18 9E 35
15:06:28.413 [TX CF2] 67 22 7C 73 78 F7 F2 11
15:06:28.424 [TX CF3] 67 23 E4 67 C9 57 93 BF
15:06:28.435 [TX CF4] 67 24 29 9E 57 7C B7 79
15:06:28.446 [TX CF5] 67 25 7F F3 21 E6 87 CD
15:06:28.456 [TX CF6] 67 26 97 9C 3F 3A 9E 79
15:06:28.468 [TX CF7] 67 27 7C FB 7A 07 F4 31
15:06:28.478 [TX CF8] 67 28 E8 A7 D1 D7 A4 BF
15:06:28.489 [TX CF9] 67 29 4B 9E 9B 7D 3F 7A
15:06:28.500 [TX CF10] 67 2A 8F F5 41 EA C7 D6
15:06:28.511 [TX CF11] 67 2B 17 AD 3F 5C 9E BD
15:06:28.523 [TX CF12] 67 2C 7D 83 7B 17 F6 51
15:06:28.533 [TX CF13] 67 2D EC E7 DA 57 B5 BF
15:06:28.546 [TX CF14] 67 2E 6D 9E DF 7D C7 7B
15:06:28.556 [TX CF15] 67 2F 9F F7 61 EF 07 DE
15:06:28.566 [TX CF0] 67 20 97 BE 3F 7E 9E 01
15:06:28.576 [TX CF1] 67 21 7C 0B 78 27 F0 71
15:06:28.587 [TX CF2] 67 22 E1 27 C2 D7 86 BF
15:06:28.598 [TX CF3] 67 23 0F 9E 23 7C 4F 78
15:06:28.609 [TX CF4] 67 24 AF F1 81 E3 47 C7
15:06:28.621 [TX CF5] 67 25 17 8F 3F 20 9E 45
15:06:28.632 [TX CF6] 67 26 7C 93 79 37 F2 91
15:06:28.644 [TX CF7] 67 27 E5 67 CB 57 97 BF
15:06:28.657 [TX CF8] 67 28 31 9E 67 7C D7 79
15:06:28.668 [TX CF9] 67 29 BF F3 A1 E7 87 CF
15:06:28.679 [TX CF10] 67 2A 97 A0 3F 42 9E 89
15:06:28.690 [TX CF11] 67 2B 7D 1B 7A 47 F4 B1
15:06:28.702 [TX CF12] 67 2C E9 A7 D3 D7 A8 BF
15:06:28.712 [TX CF13] 67 2D 53 9E AB 7D 5F 7A
15:06:28.724 [TX CF14] 67 2E CF F5 C1 EB C7 D8
15:06:28.735 [TX CF15] 67 2F 17 B1 3F 64 9E CD
15:06:28.746 [TX CF0] 67 20 7D A3 7B 57 F6 D1
15:06:28.756 [TX CF1] 67 21 ED E7 DC 57 B9 BF
15:06:28.768 [TX CF2] 67 22 75 9E EF 7D E7 7B
15:06:28.779 [TX CF3] 67 23 DF F7 E1 E0 07 C0
15:06:28.790 [TX CF4] 67 24 97 82 3F 06 9E 11
15:06:28.801 [TX CF5] 67 25 7C 2B 78 67 F0 F1
15:06:28.812 [TX CF6] 67 26 E2 27 C4 D7 8A BF
15:06:28.823 [TX CF7] 67 27 17 9E 33 7C 6F 78
15:06:28.834 [TX CF8] 67 28 EF F2 01 E4 47 C9
15:06:28.846 [TX CF9] 67 29 17 93 3F 28 9E 55
15:06:28.856 [TX CF10] 67 2A 7C B3 79 77 F3 11
15:06:28.868 [TX CF11] 67 2B E6 67 CD 57 9B BF
15:06:28.879 [TX CF12] 67 2C 39 9E 77 7C F7 79
15:06:28.890 [TX CF13] 67 2D FF F4 21 E8 87 D1
15:06:28.902 [TX CF14] 67 2E 97 A4 3F 4A 9E 99
15:06:28.913 [TX CF15] 67 2F 7D 3B 7A 87 F5 31
15:06:28.924 [TX CF0] 67 20 EA A7 D5 D7 AC BF
15:06:28.936 [TX CF1] 67 21 5B 9E BB 7D 7F 7B
15:06:28.948 [TX CF2] 67 22 0F F6 41 EC C7 DA
15:06:28.958 [TX CF3] 67 23 17 B5 3F 6C 9E DD
15:06:28.969 [TX CF4] 67 24 7D C3 7B 97 F7 51
15:06:28.980 [TX CF5] 67 25 EE E7 DE 57 BD BF
15:06:28.991 [TX CF6] 67 26 7D 9E FF 7C 07 78
15:06:29.003 [TX CF7] 67 27 1F F0 61 E1 07 C2
15:06:29.014 [TX CF8] 67 28 97 86 3F 0E 9E 21
15:06:29.024 [TX CF9] 67 29 7C 4B 78 A7 F1 71
15:06:29.035 [TX CF10] 67 2A E3 27 C6 D7 8E BF
15:06:29.046 [TX CF11] 67 2B 1F 9E 43 7C 8F 79
15:06:29.057 [TX CF12] 67 2C 2F F2 81 E5 47 CB
15:06:29.068 [TX CF13] 67 2D 17 97 3F 30 9E 65
15:06:29.079 [TX CF14] 67 2E 7C D3 79 B7 F3 91
15:06:29.090 [TX CF15] 67 2F E7 67 CF 57 9F BF
15:06:29.102 [TX CF0] 67 20 41 9E 87 7D 17 7A
15:06:29.113 [TX CF1] 67 21 3F F4 A1 E9 87 D3
15:06:29.124 [TX CF2] 67 22 97 A8 3F 52 9E A9
15:06:29.135 [TX CF3] 67 23 7D 5B 7A C7 F5 B1
15:06:29.147 [TX CF4] 67 24 EB A7 D7 D7 B0 BF
15:06:29.158 [TX CF5] 67 25 63 9E CB 7D 9F 7B
15:06:29.170 [TX CF6] 67 26 4F F6 C1 ED C7 DC
15:06:29.181 [TX CF7] 67 27 17 B9 3F 74 9E ED
15:06:29.192 [TX CF8] 67 28 7D E3 7B D7 F7 D1
15:06:29.204 [TX CF9] 67 29 EF E7 C0 57 81 BF
15:06:29.216 [TX CF10] 67 2A 05 9E 0F 7C 27 78
15:06:29.227 [TX CF11] 67 2B 5F F0 E1 E2 07 C4
15:06:29.239 [TX CF12] 67 2C 97 8A 3F 16 9E 31
15:06:29.251 [TX CF13] 67 2D 7C 6B 78 E7 F1 F1
15:06:29.263 [TX CF14] 67 2E E4 27 C8 D7 92 BF
15:06:29.274 [TX CF15] 67 2F 27 9E 53 7C AF 79
15:06:29.284 [TX CF0] 67 20 6F F3 01 E6 47 CD
15:06:29.295 [TX CF1] 67 21 17 9B 3F 38 9E 75
15:06:29.307 [TX CF2] 67 22 7C F3 79 F7 F4 11
15:06:29.319 [TX CF3] 67 23 E8 67 D1 57 A3 BF
15:06:29.331 [TX CF4] 67 24 49 9E 97 7D 37 7A
15:06:29.343 [TX CF5] 67 25 7F F5 21 EA 87 D5
15:06:29.354 [TX CF6] 67 26 97 AC 3F 5A 9E B9
15:06:29.364 [TX CF7] 67 27 7D 7B 7B 07 F6 31
15:06:29.376 [TX CF8] 67 28 EC A7 D9 D7 B4 BF
15:06:29.386 [TX CF9] 67 29 6B 9E DB 7D BF 7B
15:06:29.396 [TX CF10] 67 2A 8F F7 41 EE C7 DE
15:06:29.407 [TX CF11] 67 2B 17 BD 3F 7C 9E FD
15:06:29.419 [TX CF12] 67 2C 7C 03 78 17 F0 51
15:06:29.430 [TX CF13] 67 2D E0 E7 C2 57 85 BF
15:06:29.442 [TX CF14] 67 2E 0D 9E 1F 7C 47 78
15:06:29.453 [TX CF15] 67 2F 9F F1 61 E3 07 C6
15:06:29.463 [TX CF0] 67 20 97 8E 3F 1E 9E 41
15:06:29.474 [TX CF1] 67 21 7C 8B 79 27 F2 71
15:06:29.486 [TX CF2] 67 22 E5 27 CA D7 96 BF
15:06:29.497 [TX CF3] 67 23 2F 9E 63 7C CF 79
15:06:29.509 [TX CF4] 67 24 AF F3 81 E7 47 CF
15:06:29.520 [TX CF5] 67 25 17 9F 3F 40 9E 85
15:06:29.531 [TX CF6] 67 26 7D 13 7A 37 F4 91
15:06:29.542 [TX CF7] 67 27 E9 67 D3 57 A7 BF
15:06:29.554 [TX CF8] 67 28 51 9E A7 7D 57 7A
15:06:29.566 [TX CF9] 67 29 BF F5 A1 EB 87 D7
15:06:29.578 [TX CF10] 67 2A 97 B0 3F 62 9E C9
15:06:29.589 [TX CF11] 67 2B 7D 9B 7B 47 F6 B1
15:06:29.601 [TX CF12] 67 2C ED A7 DB D7 B8 BF
15:06:29.612 [TX CF13] 67 2D 73 9E EB 7D DF 7B
15:06:29.623 [TX CF14] 67 2E CF F7 C1 EF C7 C0
15:06:29.634 [TX CF15] 67 2F 17 81 3F 04 9E 0D
15:06:29.646 [TX CF0] 67 20 7C 23 78 57 F0 D1
15:06:29.657 [TX CF1] 67 21 E1 E7 C4 57 89 BF
15:06:29.669 [TX CF2] 67 22 15 9E 2F 7C 67 78
15:06:29.680 [TX CF3] 67 23 DF F1 E1 E4 07 C8
15:06:29.690 [TX CF4] 67 24 97 92 3F 26 9E 51
15:06:29.701 [TX CF5] 67 25 7C AB 79 67 F2 F1
15:06:29.713 [TX CF6] 67 26 E6 27 CC D7 9A BF
15:06:29.724 [TX CF7] 67 27 37 9E 73 7C EF 79
15:06:29.736 [TX CF8] 67 28 EF F4 01 E8 47 D1
15:06:29.747 [TX CF9] 67 29 17 A3 3F 48 9E 95
15:06:29.759 [TX CF10] 67 2A 7D 33 7A 77 F5 11
15:06:29.770 [TX CF11] 67 2B EA 67 D5 57 AB BF
15:06:29.781 [TX CF12] 67 2C 59 9E B7 7D 77 7A
15:06:29.793 [TX CF13] 67 2D FF F6 21 EC 87 D9
15:06:29.805 [TX CF14] 67 2E 97 B4 3F 6A 9E D9
15:06:29.817 [TX CF15] 67 2F 7D BB 7B 87 F7 31
15:06:29.829 [TX CF0] 67 20 EE A7 DD D7 BC BF
15:06:29.841 [TX CF1] 67 21 7B 9E FB 7D FF 78
15:06:29.853 [TX CF2] 67 22 0F F0 41 E0 C7 C2
15:06:29.863 [TX CF3] 67 23 17 85 3F 0C 9E 1D
15:06:29.873 [TX CF4] 67 24 7C 43 78 97 F1 51
15:06:29.885 [TX CF5] 67 25 E2 E7 C6 57 8D BF
15:06:29.896 [TX CF6] 67 26 1D 9E 3F 7C 87 79
15:06:29.907 [TX CF7] 67 27 1F F2 61 E5 07 CA
15:06:29.919 [TX CF8] 67 28 97 96 3F 2E 9E 61
15:06:29.930 [TX CF9] 67 29 7C CB 79 A7 F3 71
15:06:29.940 [TX CF10] 67 2A E7 27 CE D7 9E BF
15:06:29.950 [TX CF11] 67 2B 3F 9E 83 7D 0F 7A
15:06:29.961 [TX CF12] 67 2C 2F F4 81 E9 47 D3
15:06:29.972 [TX CF13] 67 2D 17 A7 3F 50 9E A5
15:06:29.983 [TX CF14] 67 2E 7D 53 7A B7 F5 91
15:06:29.994 [TX CF15] 67 2F EB 67 D7 57 AF BF
15:06:30.006 [TX CF0] 67 20 61 9E C7 7D 97 7B
15:06:30.017 [TX CF1] 67 21 3F F6 A1 ED 87 DB
15:06:30.028 [TX CF2] 67 22 97 B8 3F 72 9E E9
15:06:30.039 [TX CF3] 67 23 7D DB 7B C7 F7 B1
15:06:30.051 [TX CF4] 67 24 EF A7 DF D7 80 BF
15:06:30.062 [TX CF5] 67 25 03 9E 0B 7C 1F 78
15:06:30.074 [TX CF6] 67 26 4F F0 C1 E1 C7 C4
15:06:30.084 [TX CF7] 67 27 17 89 3F 14 9E 2D
15:06:30.095 [TX CF8] 67 28 7C 63 78 D7 F1 D1
15:06:30.105 [TX CF9] 67 29 E3 E7 C8 57 91 BF
15:06:30.117 [TX CF10] 67 2A 25 9E 4F 7C A7 79
15:06:30.128 [TX CF11] 67 2B 5F F2 E1 E6 07 CC
15:06:30.140 [TX CF12] 67 2C 97 9A 3F 36 9E 71
15:06:30.151 [TX CF13] 67 2D 7C EB 79 E7 F3 F1
15:06:30.163 [TX CF14] 67 2E E8 27 D0 D7 A2 BF
15:06:30.175 [TX CF15] 67 2F 47 9E 93 7D 2F 7A
15:06:30.187 [TX CF0] 67 20 6F F5 01 EA 47 D5
15:06:30.198 [TX CF1] 67 21 17 AB 3F 58 9E B5
15:06:30.210 [TX CF2] 67 22 7D 73 7A F7 F6 11
15:06:30.221 [TX CF3] 67 23 EC 67 D9 57 B3 BF
15:06:30.232 [TX CF4] 67 24 69 9E D7 7D B7 7B
15:06:30.243 [TX CF5] 67 25 7F F7 21 EE 87 DD
15:06:30.254 [TX CF6] 67 26 97 BC 3F 7A 9E F9
15:06:30.266 [TX CF7] 67 27 7D FB 78 07 F0 31
15:06:30.278 [TX CF8] 67 28 E0 A7 C1 D7 84 BF
15:06:30.289 [TX CF9] 67 29 0B 9E 1B 7C 3F 78
15:06:30.301 [TX CF10] 67 2A 8F F1 41 E2 C7 C6
15:06:30.313 [TX CF11] 67 2B 17 8D 3F 1C 9E 3D
15:06:30.324 [TX CF12] 67 2C 7C 83 79 17 F2 51
15:06:30.335 [TX CF13] 67 2D E4 E7 CA 57 95 BF
15:06:30.346 [TX CF14] 67 2E 2D 9E 5F 7C C7 79
15:06:30.358 [TX CF15] 67 2F 9F F3 61 E7 07 CE
15:06:30.369 [TX CF0] 67 20 97 9E 3F 3E 9E 81
15:06:30.381 [TX CF1] 67 21 7D 0B 7A 27 F4 71
15:06:30.391 [TX CF2] 67 22 E9 27 D2 D7 A6 BF
15:06:30.403 [TX CF3] 67 23 4F 9E A3 7D 4F 7A
15:06:30.414 [TX CF4] 67 24 AF F5 81 EB 47 D7
15:06:30.425 [TX CF5] 67 25 17 AF 3F 60 9E C5
15:06:30.437 [TX CF6] 67 26 7D 93 7B 37 F6 91
15:06:30.449 [TX CF7] 67 27 ED 67 DB 57 B7 BF
15:06:30.460 [TX CF8] 67 28 71 9E E7 7D D7 7B
15:06:30.471 [TX CF9] 67 29 BF F7 A1 EF 87 DF
15:06:30.483 [TX CF10] 67 2A 97 80 3F 02 9E 09
15:06:30.494 [TX CF11] 67 2B 7C 1B 78 47 F0 B1
15:06:30.506 [TX CF12] 67 2C E1 A7 C3 D7 88 BF
15:06:30.518 [TX CF13] 67 2D 13 9E 2B 7C 5F 78
15:06:30.531 [TX CF14] 67 2E CF F1 C1 E3 C7 C8
15:06:30.542 [TX CF15] 67 2F 17 91 3F 24 9E 4D
15:06:30.554 [TX CF0] 67 20 7C A3 79 57 F2 D1
15:06:30.566 [TX CF1] 67 21 E5 E7 CC 57 99 BF
15:06:30.578 [TX CF2] 67 22 35 9E 6F 7C E7 79
15:06:30.589 [TX CF3] 67 23 DF F3 E1 E8 07 D0
15:06:30.600 [TX CF4] 67 24 97 A2 3F 46 9E 91
15:06:30.611 [TX CF5] 67 25 7D 2B 7A 67 F4 F1
15:06:30.622 [TX CF6] 67 26 EA 27 D4 D7 AA BF
15:06:30.634 [TX CF7] 67 27 57 9E B3 7D 6F 7A
15:06:30.646 [TX CF8] 67 28 EF F6 01 EC 47 D9
15:06:30.658 [TX CF9] 67 29 17 B3 3F 68 9E D5
15:06:30.670 [TX CF10] 67 2A 7D B3 7B 77 F7 11
15:06:30.681 [TX CF11] 67 2B EE 67 DD 57 BB BF
15:06:30.691 [TX CF12] 67 2C 79 9E F7 7D F7 7F
15:06:30.703 [TX CF13] 67 2D FD FF F8 11 F0 45
15:06:30.714 [TX CF14] 67 2E E0 CF C2 27 85 5F
15:06:30.725 [TX CF15] 67 2F 0C DE 1D FC 44 78
15:06:30.736 [TX CF0] 67 20 99 F1 55 E2 EF C6
15:06:30.747 [TX CF1] 67 21 67 8D DF 1D DE 3F
15:06:30.758 [TX CF2] 67 22 FC 88 79 21 F2 65
15:06:30.771 [TX CF3] 67 23 E5 0F CA A7 96 5F
15:06:30.781 [TX CF4] 67 24 2E DE 61 FC CC 79
15:06:30.793 [TX CF5] 67 25 A9 F3 75 E7 2F CE
15:06:30.805 [TX CF6] 67 26 E7 9E DF 3F DE 83
15:06:30.816 [TX CF7] 67 27 FD 10 7A 31 F4 85
15:06:30.827 [TX CF8] 67 28 E9 4F D3 27 A7 5F
15:06:30.838 [TX CF9] 67 29 50 DE A5 FD 54 7A
15:06:30.851 [TX CF10] 67 2A B9 F5 95 EB 6F D7
15:06:30.862 [TX CF11] 67 2B 67 AF DF 61 DE C7
15:06:30.874 [TX CF12] 67 2C FD 98 7B 41 F6 A5
15:06:30.884 [TX CF13] 67 2D ED 8F DB A7 B8 5F
15:06:30.895 [TX CF14] 67 2E 72 DE E9 FD DC 7B
15:06:30.908 [TX CF15] 67 2F C9 F7 B5 EF AF DF
15:06:30.918 [TX CF0] 67 20 E7 80 DF 03 DE 0B
15:06:30.929 [TX CF1] 67 21 FC 20 78 51 F0 C5
15:06:30.941 [TX CF2] 67 22 E1 CF C4 27 89 5F
15:06:30.951 [TX CF3] 67 23 14 DE 2D FC 64 78
15:06:30.962 [TX CF4] 67 24 D9 F1 D5 E3 EF C8
15:06:30.973 [TX CF5] 67 25 67 91 DF 25 DE 4F
15:06:30.984 [TX CF6] 67 26 FC A8 79 61 F2 E5
15:06:30.994 [TX CF7] 67 27 E6 0F CC A7 9A 5F
15:06:31.006 [TX CF8] 67 28 36 DE 71 FC EC 79
15:06:31.018 [TX CF9] 67 29 E9 F3 F5 E8 2F D0
15:06:31.029 [TX CF10] 67 2A E7 A2 DF 47 DE 93
15:06:31.041 [TX CF11] 67 2B FD 30 7A 71 F5 05
15:06:31.051 [TX CF12] 67 2C EA 4F D5 27 AB 5F
15:06:31.061 [TX CF13] 67 2D 58 DE B5 FD 74 7A
15:06:31.073 [TX CF14] 67 2E F9 F6 15 EC 6F D9
15:06:31.084 [TX CF15] 67 2F 67 B3 DF 69 DE D7
15:06:31.095 [TX CF0] 67 20 FD B8 7B 81 F7 25
15:06:31.107 [TX CF1] 67 21 EE 8F DD A7 BC 5F
15:06:31.118 [TX CF2] 67 22 7A DE F9 FD FC 78
15:06:31.129 [TX CF3] 67 23 09 F0 35 E0 AF C1
15:06:31.140 [TX CF4] 67 24 E7 84 DF 0B DE 1B
15:06:31.152 [TX CF5] 67 25 FC 40 78 91 F1 45
15:06:31.163 [TX CF6] 67 26 E2 CF C6 27 8D 5F
15:06:31.174 [TX CF7] 67 27 1C DE 3D FC 84 79
15:06:31.185 [TX CF8] 67 28 19 F2 55 E4 EF CA
15:06:31.195 [TX CF9] 67 29 67 95 DF 2D DE 5F
15:06:31.206 [TX CF10] 67 2A FC C8 79 A1 F3 65
15:06:31.217 [TX CF11] 67 2B E7 0F CE A7 9E 5F
15:06:31.228 [TX CF12] 67 2C 3E DE 81 FD 0C 7A
15:06:31.239 [TX CF13] 67 2D 29 F4 75 E9 2F D2
15:06:31.251 [TX CF14] 67 2E E7 A6 DF 4F DE A3
15:06:31.263 [TX CF15] 67 2F FD 50 7A B1 F5 85
15:06:31.275 [TX CF0] 67 20 EB 4F D7 27 AF 5F
15:06:31.286 [TX CF1] 67 21 60 DE C5 FD 94 7B
15:06:31.297 [TX CF2] 67 22 39 F6 95 ED 6F DB
15:06:31.309 [TX CF3] 67 23 67 B7 DF 71 DE E7
15:06:31.321 [TX CF4] 67 24 FD D8 7B C1 F7 A5
15:06:31.333 [TX CF5] 67 25 EF 8F DF A7 80 5F
15:06:31.344 [TX CF6] 67 26 02 DE 09 FC 1C 78
15:06:31.355 [TX CF7] 67 27 49 F0 B5 E1 AF C3
15:06:31.367 [TX CF8] 67 28 E7 88 DF 13 DE 2B
15:06:31.378 [TX CF9] 67 29 FC 60 78 D1 F1 C5
15:06:31.390 [TX CF10] 67 2A E3 CF C8 27 91 5F
15:06:31.401 [TX CF11] 67 2B 24 DE 4D FC A4 79
15:06:31.412 [TX CF12] 67 2C 59 F2 D5 E5 EF CC
15:06:31.423 [TX CF13] 67 2D 67 99 DF 35 DE 6F
15:06:31.433 [TX CF14] 67 2E FC E8 79 E1 F3 E5
15:06:31.444 [TX CF15] 67 2F E8 0F D0 A7 A2 5F
15:06:31.456 [TX CF0] 67 20 46 DE 91 FD 2C 7A
15:06:31.466 [TX CF1] 67 21 69 F4 F5 EA 2F D4
15:06:31.476 [TX CF2] 67 22 E7 AA DF 57 DE B3
15:06:31.488 [TX CF3] 67 23 FD 70 7A F1 F6 05
15:06:31.499 [TX CF4] 67 24 EC 4F D9 27 B3 5F
15:06:31.511 [TX CF5] 67 25 68 DE D5 FD B4 7B
15:06:31.521 [TX CF6] 67 26 79 F7 15 EE 6F DD
15:06:31.532 [TX CF7] 67 27 67 BB DF 79 DE F7
15:06:31.544 [TX CF8] 67 28 FD F8 78 01 F0 25
15:06:31.555 [TX CF9] 67 29 E0 8F C1 A7 84 5F
15:06:31.566 [TX CF10] 67 2A 0A DE 19 FC 3C 78
15:06:31.577 [TX CF11] 67 2B 89 F1 35 E2 AF C5
15:06:31.589 [TX CF12] 67 2C E7 8C DF 1B DE 3B
15:06:31.600 [TX CF13] 67 2D FC 80 79 11 F2 45
15:06:31.611 [TX CF14] 67 2E E4 CF CA 27 95 5F
15:06:31.621 [TX CF15] 67 2F 2C DE 5D FC C4 79
15:06:31.632 [TX CF0] 67 20 99 F3 55 E6 EF CE
15:06:31.643 [TX CF1] 67 21 67 9D DF 3D DE 7F
15:06:31.654 [TX CF2] 67 22 FD 08 7A 21 F4 65
15:06:31.665 [TX CF3] 67 23 E9 0F D2 A7 A6 5F
15:06:31.676 [TX CF4] 67 24 4E DE A1 FD 4C 7A
15:06:31.688 [TX CF5] 67 25 A9 F5 75 EB 2F D6
15:06:31.699 [TX CF6] 67 26 E7 AE DF 5F DE C3
15:06:31.711 [TX CF7] 67 27 FD 90 7B 31 F6 85
15:06:31.724 [TX CF8] 67 28 ED 4F DB 27 B7 5F
15:06:31.735 [TX CF9] 67 29 70 DE E5 FD D4 7B
15:06:31.746 [TX CF10] 67 2A B9 F7 95 EF 6F DF
15:06:31.758 [TX CF11] 67 2B 67 BF DF 01 DE 07
15:06:31.770 [TX CF12] 67 2C FC 18 78 41 F0 A5
15:06:31.781 [TX CF13] 67 2D E1 8F C3 A7 88 5F
15:06:31.792 [TX CF14] 67 2E 12 DE 29 FC 5C 78
15:06:31.803 [TX CF15] 67 2F C9 F1 B5 E3 AF C7
15:06:31.814 [TX CF0] 67 20 E7 90 DF 23 DE 4B
15:06:31.825 [TX CF1] 67 21 FC A0 79 51 F2 C5
15:06:31.837 [TX CF2] 67 22 E5 CF CC 27 99 5F
15:06:31.848 [TX CF3] 67 23 34 DE 6D FC E4 79
15:06:31.860 [TX CF4] 67 24 D9 F3 D5 E7 EF D0
15:06:31.871 [TX CF5] 67 25 67 A1 DF 45 DE 8F
15:06:31.882 [TX CF6] 67 26 FD 28 7A 61 F4 E5
15:06:31.893 [TX CF7] 67 27 EA 0F D4 A7 AA 5F
15:06:31.904 [TX CF8] 67 28 56 DE B1 FD 6C 7A
15:06:31.915 [TX CF9] 67 29 E9 F5 F5 EC 2F D8
15:06:31.927 [TX CF10] 67 2A E7 B2 DF 67 DE D3
15:06:31.938 [TX CF11] 67 2B FD B0 7B 71 F7 05
15:06:31.949 [TX CF12] 67 2C EE 4F DD 27 BB 5F
15:06:31.960 [TX CF13] 67 2D 78 DE F5 FD F4 7B
15:06:31.971 [TX CF14] 67 2E F9 F0 15 E0 6F C1
15:06:31.981 [TX CF15] 67 2F 67 83 DF 09 DE 17
15:06:31.992 [TX CF0] 67 20 FC 38 78 81 F1 25
15:06:32.004 [TX CF1] 67 21 E2 8F C5 A7 8C 5F
15:06:32.015 [TX CF2] 67 22 1A DE 39 FC 7C 79
15:06:32.026 [TX CF3] 67 23 09 F2 35 E4 AF C9
15:06:32.037 [TX CF4] 67 24 E7 94 DF 2B DE 5B
15:06:32.048 [TX CF5] 67 25 FC C0 79 91 F3 45
15:06:32.059 [TX CF6] 67 26 E6 CF CE 27 9D 5F
15:06:32.070 [TX CF7] 67 27 3C DE 7D FD 04 7A
15:06:32.081 [TX CF8] 67 28 19 F4 55 E8 EF D2
15:06:32.093 [TX CF9] 67 29 67 A5 DF 4D DE 9F
15:06:32.104 [TX CF10] 67 2A FD 48 7A A1 F5 65
15:06:32.115 [TX CF11] 67 2B EB 0F D6 A7 AE 5F
15:06:32.126 [TX CF12] 67 2C 5E DE C1 FD 8C 7B
15:06:32.137 [TX CF13] 67 2D 29 F6 75 ED 2F DA
15:06:32.149 [TX CF14] 67 2E E7 B6 DF 6F DE E3
15:06:32.160 [TX CF15] 67 2F FD D0 7B B1 F7 85
15:06:32.171 [TX CF0] 67 20 EF 4F DF 27 BF 5F
15:06:32.181 [TX CF1] 67 21 00 DE 05 FC 14 78
15:06:32.192 [TX CF2] 67 22 39 F0 95 E1 6F C3
15:06:32.204 [TX CF3] 67 23 67 87 DF 11 DE 27
15:06:32.215 [TX CF4] 67 24 FC 58 78 FF FF FF
15:06:32.235 [RX SF ] 67 02 76 16 FF FF FF FF
15:06:32.235 [RX    ] 76 16
15:06:32.236 [PASS  ] TransferData block=22 | expected: 76 ... | received: 76 16
15:06:32.247 ------------------------------------------------------------------------
15:06:32.247 [STEP  ] 0x36 block=23  offset=44880/45254  (99%)
15:06:32.248 [TX TransferData block=23 len=374] 36 17 C1 F1 A5 E3 8F C7 A7 90 5F 22 DE 49 FC 9C...
15:06:32.249 [TX FF ] 67 11 78 36 17 C1 F1 A5
15:06:32.261 [TX CF1] 67 21 E3 8F C7 A7 90 5F
15:06:32.273 [TX CF2] 67 22 22 DE 49 FC 9C 79
15:06:32.284 [TX CF3] 67 23 49 F2 B5 E5 AF CB
15:06:32.294 [TX CF4] 67 24 E7 98 DF 33 DE 6B
15:06:32.305 [TX CF5] 67 25 FC E0 79 D1 F3 C5
15:06:32.317 [TX CF6] 67 26 E7 CF D0 27 A1 5F
15:06:32.329 [TX CF7] 67 27 44 DE 8D FD 24 7A
15:06:32.341 [TX CF8] 67 28 59 F4 D5 E9 EF D4
15:06:32.352 [TX CF9] 67 29 67 A9 DF 55 DE AF
15:06:32.363 [TX CF10] 67 2A FD 68 7A E1 F5 E5
15:06:32.374 [TX CF11] 67 2B EC 0F D8 A7 B2 5F
15:06:32.386 [TX CF12] 67 2C 66 DE D1 FD AC 7B
15:06:32.397 [TX CF13] 67 2D 69 F6 F5 EE 2F DC
15:06:32.408 [TX CF14] 67 2E E7 BA DF 77 DE F3
15:06:32.420 [TX CF15] 67 2F FD F0 7B F1 F0 05
15:06:32.431 [TX CF0] 67 20 E0 4F C1 27 83 5F
15:06:32.442 [TX CF1] 67 21 08 DE 15 FC 34 78
15:06:32.454 [TX CF2] 67 22 79 F1 15 E2 6F C5
15:06:32.466 [TX CF3] 67 23 67 8B DF 19 DE 37
15:06:32.478 [TX CF4] 67 24 FC 78 79 01 F2 25
15:06:32.490 [TX CF5] 67 25 E4 8F C9 A7 94 5F
15:06:32.501 [TX CF6] 67 26 2A DE 59 FC BC 79
15:06:32.512 [TX CF7] 67 27 89 F3 35 E6 AF CD
15:06:32.524 [TX CF8] 67 28 E7 9C DF 3B DE 7B
15:06:32.535 [TX CF9] 67 29 FD 00 7A 11 F4 45
15:06:32.547 [TX CF10] 67 2A E8 CF D2 27 A5 5F
15:06:32.559 [TX CF11] 67 2B 4C DE 9D FD 44 7A
15:06:32.571 [TX CF12] 67 2C 99 F5 55 EA EF D6
15:06:32.582 [TX CF13] 67 2D 67 AD DF 5D DE BF
15:06:32.593 [TX CF14] 67 2E FD 88 7B 21 F6 65
15:06:32.606 [TX CF15] 67 2F ED 0F DA A7 B6 5F
15:06:32.618 [TX CF0] 67 20 6E DE E1 FD CC 7B
15:06:32.630 [TX CF1] 67 21 A9 F7 75 EF 2F DE
15:06:32.642 [TX CF2] 67 22 E7 BE DF 7F DE 03
15:06:32.652 [TX CF3] 67 23 FC 10 78 31 F0 85
15:06:32.663 [TX CF4] 67 24 E1 4F C3 27 87 5F
15:06:32.674 [TX CF5] 67 25 10 DE 25 FC 54 78
15:06:32.685 [TX CF6] 67 26 B9 F1 95 E3 6F C7
15:06:32.695 [TX CF7] 67 27 67 8F DF 21 DE 47
15:06:32.706 [TX CF8] 67 28 FC 98 79 41 F2 A5
15:06:32.716 [TX CF9] 67 29 E5 8F CB A7 98 5F
15:06:32.727 [TX CF10] 67 2A 32 DE 69 FC DC 79
15:06:32.738 [TX CF11] 67 2B C9 F3 B5 E7 AF CF
15:06:32.750 [TX CF12] 67 2C E7 A0 DF 43 DE 8B
15:06:32.762 [TX CF13] 67 2D FD 20 7A 51 F4 C5
15:06:32.772 [TX CF14] 67 2E E9 CF D4 27 A9 5F
15:06:32.784 [TX CF15] 67 2F 54 DE AD FD 64 7A
15:06:32.794 [TX CF0] 67 20 D9 F5 D5 EB EF D8
15:06:32.806 [TX CF1] 67 21 67 B1 DF 65 DE CF
15:06:32.818 [TX CF2] 67 22 FD A8 7B 61 F6 E5
15:06:32.829 [TX CF3] 67 23 EE 0F DC A7 BA 5F
15:06:32.841 [TX CF4] 67 24 76 DE F1 FD EC 7B
15:06:32.851 [TX CF5] 67 25 E9 F7 F4 90 18 00
15:06:32.862 [TX CF6] 67 26 02 49 34 12 2E 01
15:06:32.874 [TX CF7] 67 27 0E CD 08 AC D1 65
15:06:32.885 [TX CF8] 67 28 12 09 05 04 08 95
15:06:32.895 [TX CF9] 67 29 58 0B 2C 9C 0B 0B
15:06:32.906 [TX CF10] 67 2A F9 6A 0C 07 81 00
15:06:32.916 [TX CF11] 67 2B 90 00 F0 AD 40 01
15:06:32.927 [TX CF12] 67 2C 70 C2 20 B2 09 30
15:06:32.940 [TX CF13] 67 2D 31 28 80 36 D0 6A
15:06:32.952 [TX CF14] 67 2E 50 10 94 A0 00 FF
15:06:32.970 [RX SF ] 67 02 76 17 FF FF FF FF
15:06:32.971 [RX    ] 76 17
15:06:32.971 [PASS  ] TransferData block=23 | expected: 76 ... | received: 76 17
15:06:32.982 [INFO  ] Transfer complete: 45254 bytes sent
15:06:32.982 ------------------------------------------------------------------------
15:06:32.983 [STEP  ] 0x37 – TransferExit
15:06:32.983 [TX TransferExit] 37
15:06:32.984 [TX SF ] 67 01 37 FF FF FF FF FF
15:06:33.002 [RX SF ] 67 01 77 FF FF FF FF FF
15:06:33.002 [RX    ] 77
15:06:33.003 [PASS  ] TransferExit positive response | expected: 77 ... | received: 77
15:06:33.004 [INFO  ] LIN TP transport closed
15:06:33.004 ========================================================================
15:06:33.006 [SUMRY ] PASS=32  FAIL=0  TOTAL=32  ALL PASS
15:06:33.007 ========================================================================
