10:54:28.323 ========================================================================
10:54:28.324 [START ] Script : Service_31_CheckMemory
10:54:28.324 [START ] Log    : U:\sandbox_2\TI\01_code\PCAN_LIN\PCAN_LIN\Result\SVVR_Service_31_CheckMemory_20260511_105428.log
10:54:28.324 ========================================================================
10:54:28.331 [INFO  ] LIN TP transport open  (hw=1, channel=1, 19200 baud)
10:54:28.418 [INFO  ] ============================================================
10:54:28.418 [INFO  ] Service 0x31 01 02 12 – CheckMemory – Full NRC Test
10:54:28.420 [INFO  ] NRC priority: 0x33(P1) > 0x13(P2) > 0x12(P3) > 0x31(P4) | P5: wrong sig → 71..10 01
10:54:28.421 [INFO  ]   Signature length : 256 bytes
10:54:28.421 [INFO  ]   Erase region     : 0x0000C000 len=0x0002D000
10:54:28.421 [INFO  ]   VBF blocks       : 2
10:54:28.421 [INFO  ] ============================================================
10:54:28.421 [INFO  ] --- P1 NRC 0x33: securityAccessDenied (no SA) ---
10:54:28.422 ------------------------------------------------------------------------
10:54:28.422 [STEP  ] 0x10 02 – Switch to Programming Session
10:54:28.422 [TX DiagnosticSessionControl programmingSession] 10 02
10:54:28.423 [TX SF ] 67 02 10 02 FF FF FF FF
10:54:28.443 [RX SF ] 67 06 50 02 00 32 01 F4
10:54:28.443 [RX    ] 50 02 00 32 01 F4
10:54:28.444 [PASS  ] ProgrammingSession positive response | expected: 50 ... | received: 50 02 00 32 01 F4
10:54:28.444 ------------------------------------------------------------------------
10:54:28.444 [STEP  ] 0x31 01 0212 – NRC 0x33 securityAccessDenied (no SA) [P1]
10:54:28.444 [TX RoutineControl CheckMemory (no security access)] 31 01 02 12 01 CB 24 63 23 AA 90 3E 67 B9 AC A0...
10:54:28.445 [TX FF ] 67 11 04 31 01 02 12 01
10:54:28.456 [TX CF1] 67 21 CB 24 63 23 AA 90
10:54:28.466 [TX CF2] 67 22 3E 67 B9 AC A0 79
10:54:28.477 [TX CF3] 67 23 6A 33 32 3D FD ED
10:54:28.487 [TX CF4] 67 24 72 C2 2B 48 AA 1D
10:54:28.499 [TX CF5] 67 25 1F 29 A4 F9 94 51
10:54:28.511 [TX CF6] 67 26 65 3B E1 8C E6 C5
10:54:28.522 [TX CF7] 67 27 D2 91 51 2C 5E F9
10:54:28.533 [TX CF8] 67 28 25 82 27 D4 E9 44
10:54:28.543 [TX CF9] 67 29 C7 CC 5D 7E 14 AE
10:54:28.554 [TX CF10] 67 2A A8 6C 37 97 BF 7A
10:54:28.564 [TX CF11] 67 2B D4 92 88 61 B0 EC
10:54:28.574 [TX CF12] 67 2C 5E 3B BE 83 C4 17
10:54:28.585 [TX CF13] 67 2D BF F9 37 A4 92 E5
10:54:28.595 [TX CF14] 67 2E B1 17 83 7E B5 32
10:54:28.607 [TX CF15] 67 2F 15 9A 33 81 20 E2
10:54:28.618 [TX CF0] 67 20 97 E3 40 B2 16 45
10:54:28.630 [TX CF1] 67 21 63 C9 14 EE F4 08
10:54:28.641 [TX CF2] 67 22 5A D9 A8 72 CA B3
10:54:28.653 [TX CF3] 67 23 61 5C 2C D5 40 CA
10:54:28.663 [TX CF4] 67 24 1C C1 45 03 A9 26
10:54:28.673 [TX CF5] 67 25 87 2E 8E E0 D0 A7
10:54:28.684 [TX CF6] 67 26 48 00 1F 2D 07 2A
10:54:28.695 [TX CF7] 67 27 66 9D 7C 11 EB 3E
10:54:28.706 [TX CF8] 67 28 E9 0C C3 2F 15 CA
10:54:28.717 [TX CF9] 67 29 06 BA 8A 76 FA 29
10:54:28.728 [TX CF10] 67 2A F4 19 AB 45 7C 95
10:54:28.739 [TX CF11] 67 2B AD 89 AB E2 D8 91
10:54:28.750 [TX CF12] 67 2C 39 AA 4A 0C F3 72
10:54:28.762 [TX CF13] 67 2D EB F1 54 71 3D CF
10:54:28.773 [TX CF14] 67 2E 4A C0 EF 23 53 32
10:54:28.783 [TX CF15] 67 2F 7F 90 C7 0C 97 A0
10:54:28.795 [TX CF0] 67 20 23 BF 99 AD C3 FD
10:54:28.805 [TX CF1] 67 21 AB 46 9D 70 05 CB
10:54:28.817 [TX CF2] 67 22 00 5A 3D 5F 45 2E
10:54:28.827 [TX CF3] 67 23 1B 49 17 B0 BF 21
10:54:28.838 [TX CF4] 67 24 30 98 3B 9F 86 13
10:54:28.849 [TX CF5] 67 25 7F E7 AF E8 4E 27
10:54:28.859 [TX CF6] 67 26 4A 39 DE CF 82 67
10:54:28.870 [TX CF7] 67 27 32 0C 62 06 35 BF
10:54:28.880 [TX CF8] 67 28 32 70 3B 85 1A 01
10:54:28.891 [TX CF9] 67 29 0B 91 82 7B 33 83
10:54:28.901 [TX CF10] 67 2A DD AC 6F 79 27 4C
10:54:28.914 [TX CF11] 67 2B 35 C4 E4 FF FF FF
10:54:28.933 [RX SF ] 67 03 7F 31 33 FF FF FF
10:54:28.934 [RX    ] 7F 31 33
10:54:28.934 [PASS  ] NRC 0x33 securityAccessDenied | expected: 7F 31 33 | received: 7F 31 33
10:54:28.935 [INFO  ] --- P2 NRC 0x13: incorrectMessageLength (SA unlocked) ---
10:54:28.935 ------------------------------------------------------------------------
10:54:28.936 [STEP  ] 0x10 02 – Switch to Programming Session
10:54:28.936 [TX DiagnosticSessionControl programmingSession] 10 02
10:54:28.936 [TX SF ] 67 02 10 02 FF FF FF FF
10:54:28.958 [RX SF ] 67 06 50 02 00 32 01 F4
10:54:28.958 [RX    ] 50 02 00 32 01 F4
10:54:28.958 [PASS  ] ProgrammingSession positive response | expected: 50 ... | received: 50 02 00 32 01 F4
10:54:28.959 ------------------------------------------------------------------------
10:54:28.959 [STEP  ] 0x27 01 – SecurityAccess: Request Seed
10:54:28.959 [TX SecurityAccess requestSeed] 27 01
10:54:28.960 [TX SF ] 67 02 27 01 FF FF FF FF
10:54:28.980 [RX FF ] 67 10 12 67 01 16 5D 36
10:54:28.988 [RX CF1] 67 21 A5 BC 71 F2 A3 FE
10:54:28.997 [RX CF2] 67 22 FC 86 4A 52 28 C4
10:54:29.006 [RX CF3] 67 23 29 FF FF FF FF FF
10:54:29.007 [RX    ] 67 01 16 5D 36 A5 BC 71 F2 A3 FE FC 86 4A 52 28 C4 29
10:54:29.007 [PASS  ] Seed request positive response | expected: 67 ... | received: 67 01 16 5D 36 A5 BC 71 F2 A3 FE FC 86 4A 52 28 C4 29
10:54:29.007 [INFO  ] Seed received: 16 5D 36 A5 BC 71 F2 A3 FE FC 86 4A 52 28 C4 29
10:54:29.007 ------------------------------------------------------------------------
10:54:29.007 [STEP  ] 0x27 02 – SecurityAccess: Send Key
10:54:29.082 [TX SecurityAccess sendKey] 27 02 D2 8E 9A D1 93 9E AC CD 09 F7 EB FA 36 9E B2 15
10:54:29.083 [TX FF ] 67 10 12 27 02 D2 8E 9A
10:54:29.093 [TX CF1] 67 21 D1 93 9E AC CD 09
10:54:29.104 [TX CF2] 67 22 F7 EB FA 36 9E B2
10:54:29.115 [TX CF3] 67 23 15 FF FF FF FF FF
10:54:29.136 [RX SF ] 67 02 67 02 FF FF FF FF
10:54:29.136 [RX    ] 67 02
10:54:29.137 [PASS  ] Key accepted positive response | expected: 67 ... | received: 67 02
10:54:29.138 ------------------------------------------------------------------------
10:54:29.138 [STEP  ] 0x31 01 0212 – NRC 0x13 incorrectMessageLength (4 bytes only, no signature) [P2]
10:54:29.139 [TX RoutineControl CheckMemory length=4 (no signature)] 31 01 02 12
10:54:29.139 [TX SF ] 67 04 31 01 02 12 FF FF
10:54:29.159 [RX SF ] 67 03 7F 31 13 FF FF FF
10:54:29.159 [RX    ] 7F 31 13
10:54:29.160 [PASS  ] NRC 0x13 incorrectMessageLength (no signature) | expected: 7F 31 13 | received: 7F 31 13
10:54:29.160 ------------------------------------------------------------------------
10:54:29.160 [STEP  ] 0x10 02 – Switch to Programming Session
10:54:29.160 [TX DiagnosticSessionControl programmingSession] 10 02
10:54:29.160 [TX SF ] 67 02 10 02 FF FF FF FF
10:54:29.181 [RX SF ] 67 06 50 02 00 32 01 F4
10:54:29.181 [RX    ] 50 02 00 32 01 F4
10:54:29.181 [PASS  ] ProgrammingSession positive response | expected: 50 ... | received: 50 02 00 32 01 F4
10:54:29.181 ------------------------------------------------------------------------
10:54:29.182 [STEP  ] 0x27 01 – SecurityAccess: Request Seed
10:54:29.182 [TX SecurityAccess requestSeed] 27 01
10:54:29.183 [TX SF ] 67 02 27 01 FF FF FF FF
10:54:29.202 [RX FF ] 67 10 12 67 01 62 06 D7
10:54:29.211 [RX CF1] 67 21 35 6F 21 8D 69 3F
10:54:29.221 [RX CF2] 67 22 C0 47 66 9F 1C BE
10:54:29.231 [RX CF3] 67 23 49 FF FF FF FF FF
10:54:29.231 [RX    ] 67 01 62 06 D7 35 6F 21 8D 69 3F C0 47 66 9F 1C BE 49
10:54:29.231 [PASS  ] Seed request positive response | expected: 67 ... | received: 67 01 62 06 D7 35 6F 21 8D 69 3F C0 47 66 9F 1C BE 49
10:54:29.232 [INFO  ] Seed received: 62 06 D7 35 6F 21 8D 69 3F C0 47 66 9F 1C BE 49
10:54:29.232 ------------------------------------------------------------------------
10:54:29.232 [STEP  ] 0x27 02 – SecurityAccess: Send Key
10:54:29.232 [TX SecurityAccess sendKey] 27 02 76 02 31 95 8D 96 44 E3 EF 1D AE 9C 00 9B 93 58
10:54:29.233 [TX FF ] 67 10 12 27 02 76 02 31
10:54:29.243 [TX CF1] 67 21 95 8D 96 44 E3 EF
10:54:29.254 [TX CF2] 67 22 1D AE 9C 00 9B 93
10:54:29.264 [TX CF3] 67 23 58 FF FF FF FF FF
10:54:29.283 [RX SF ] 67 02 67 02 FF FF FF FF
10:54:29.283 [RX    ] 67 02
10:54:29.283 [PASS  ] Key accepted positive response | expected: 67 ... | received: 67 02
10:54:29.284 ------------------------------------------------------------------------
10:54:29.284 [STEP  ] 0x31 01 0212 – NRC 0x13 incorrectMessageLength (10-byte signature, too short) [P2]
10:54:29.284 [TX RoutineControl CheckMemory length=14 (short signature)] 31 01 02 12 01 CB 24 63 23 AA 90 3E 67 B9
10:54:29.285 [TX FF ] 67 10 0E 31 01 02 12 01
10:54:29.296 [TX CF1] 67 21 CB 24 63 23 AA 90
10:54:29.307 [TX CF2] 67 22 3E 67 B9 FF FF FF
10:54:29.327 [RX SF ] 67 03 7F 31 13 FF FF FF
10:54:29.327 [RX    ] 7F 31 13
10:54:29.327 [PASS  ] NRC 0x13 incorrectMessageLength (short signature) | expected: 7F 31 13 | received: 7F 31 13
10:54:29.327 ------------------------------------------------------------------------
10:54:29.328 [STEP  ] 0x10 02 – Switch to Programming Session
10:54:29.328 [TX DiagnosticSessionControl programmingSession] 10 02
10:54:29.329 [TX SF ] 67 02 10 02 FF FF FF FF
10:54:29.349 [RX SF ] 67 06 50 02 00 32 01 F4
10:54:29.349 [RX    ] 50 02 00 32 01 F4
10:54:29.349 [PASS  ] ProgrammingSession positive response | expected: 50 ... | received: 50 02 00 32 01 F4
10:54:29.349 ------------------------------------------------------------------------
10:54:29.350 [STEP  ] 0x27 01 – SecurityAccess: Request Seed
10:54:29.350 [TX SecurityAccess requestSeed] 27 01
10:54:29.350 [TX SF ] 67 02 27 01 FF FF FF FF
10:54:29.371 [RX FF ] 67 10 12 67 01 7F 56 40
10:54:29.380 [RX CF1] 67 21 CF D8 D3 86 6B 86
10:54:29.388 [RX CF2] 67 22 7F BF 91 E1 04 4C
10:54:29.398 [RX CF3] 67 23 A8 FF FF FF FF FF
10:54:29.399 [RX    ] 67 01 7F 56 40 CF D8 D3 86 6B 86 7F BF 91 E1 04 4C A8
10:54:29.399 [PASS  ] Seed request positive response | expected: 67 ... | received: 67 01 7F 56 40 CF D8 D3 86 6B 86 7F BF 91 E1 04 4C A8
10:54:29.399 [INFO  ] Seed received: 7F 56 40 CF D8 D3 86 6B 86 7F BF 91 E1 04 4C A8
10:54:29.399 ------------------------------------------------------------------------
10:54:29.400 [STEP  ] 0x27 02 – SecurityAccess: Send Key
10:54:29.400 [TX SecurityAccess sendKey] 27 02 A1 08 E5 6E 1A 47 75 51 9F D0 12 B0 63 53 26 35
10:54:29.400 [TX FF ] 67 10 12 27 02 A1 08 E5
10:54:29.410 [TX CF1] 67 21 6E 1A 47 75 51 9F
10:54:29.422 [TX CF2] 67 22 D0 12 B0 63 53 26
10:54:29.432 [TX CF3] 67 23 35 FF FF FF FF FF
10:54:29.453 [RX SF ] 67 02 67 02 FF FF FF FF
10:54:29.454 [RX    ] 67 02
10:54:29.454 [PASS  ] Key accepted positive response | expected: 67 ... | received: 67 02
10:54:29.454 ------------------------------------------------------------------------
10:54:29.455 [STEP  ] 0x31 01 0212 – NRC 0x13 incorrectMessageLength (256+1 bytes, too long) [P2]
10:54:29.455 [TX RoutineControl CheckMemory length=261 (too long)] 31 01 02 12 01 CB 24 63 23 AA 90 3E 67 B9 AC A0...
10:54:29.455 [TX FF ] 67 11 05 31 01 02 12 01
10:54:29.466 [TX CF1] 67 21 CB 24 63 23 AA 90
10:54:29.478 [TX CF2] 67 22 3E 67 B9 AC A0 79
10:54:29.490 [TX CF3] 67 23 6A 33 32 3D FD ED
10:54:29.501 [TX CF4] 67 24 72 C2 2B 48 AA 1D
10:54:29.513 [TX CF5] 67 25 1F 29 A4 F9 94 51
10:54:29.523 [TX CF6] 67 26 65 3B E1 8C E6 C5
10:54:29.533 [TX CF7] 67 27 D2 91 51 2C 5E F9
10:54:29.544 [TX CF8] 67 28 25 82 27 D4 E9 44
10:54:29.554 [TX CF9] 67 29 C7 CC 5D 7E 14 AE
10:54:29.565 [TX CF10] 67 2A A8 6C 37 97 BF 7A
10:54:29.576 [TX CF11] 67 2B D4 92 88 61 B0 EC
10:54:29.586 [TX CF12] 67 2C 5E 3B BE 83 C4 17
10:54:29.596 [TX CF13] 67 2D BF F9 37 A4 92 E5
10:54:29.608 [TX CF14] 67 2E B1 17 83 7E B5 32
10:54:29.618 [TX CF15] 67 2F 15 9A 33 81 20 E2
10:54:29.629 [TX CF0] 67 20 97 E3 40 B2 16 45
10:54:29.640 [TX CF1] 67 21 63 C9 14 EE F4 08
10:54:29.650 [TX CF2] 67 22 5A D9 A8 72 CA B3
10:54:29.661 [TX CF3] 67 23 61 5C 2C D5 40 CA
10:54:29.671 [TX CF4] 67 24 1C C1 45 03 A9 26
10:54:29.683 [TX CF5] 67 25 87 2E 8E E0 D0 A7
10:54:29.694 [TX CF6] 67 26 48 00 1F 2D 07 2A
10:54:29.704 [TX CF7] 67 27 66 9D 7C 11 EB 3E
10:54:29.716 [TX CF8] 67 28 E9 0C C3 2F 15 CA
10:54:29.726 [TX CF9] 67 29 06 BA 8A 76 FA 29
10:54:29.738 [TX CF10] 67 2A F4 19 AB 45 7C 95
10:54:29.750 [TX CF11] 67 2B AD 89 AB E2 D8 91
10:54:29.760 [TX CF12] 67 2C 39 AA 4A 0C F3 72
10:54:29.770 [TX CF13] 67 2D EB F1 54 71 3D CF
10:54:29.782 [TX CF14] 67 2E 4A C0 EF 23 53 32
10:54:29.792 [TX CF15] 67 2F 7F 90 C7 0C 97 A0
10:54:29.804 [TX CF0] 67 20 23 BF 99 AD C3 FD
10:54:29.815 [TX CF1] 67 21 AB 46 9D 70 05 CB
10:54:29.827 [TX CF2] 67 22 00 5A 3D 5F 45 2E
10:54:29.837 [TX CF3] 67 23 1B 49 17 B0 BF 21
10:54:29.848 [TX CF4] 67 24 30 98 3B 9F 86 13
10:54:29.860 [TX CF5] 67 25 7F E7 AF E8 4E 27
10:54:29.871 [TX CF6] 67 26 4A 39 DE CF 82 67
10:54:29.882 [TX CF7] 67 27 32 0C 62 06 35 BF
10:54:29.892 [TX CF8] 67 28 32 70 3B 85 1A 01
10:54:29.905 [TX CF9] 67 29 0B 91 82 7B 33 83
10:54:29.915 [TX CF10] 67 2A DD AC 6F 79 27 4C
10:54:29.927 [TX CF11] 67 2B 35 C4 E4 AA FF FF
10:54:29.946 [RX SF ] 67 03 7F 31 13 FF FF FF
10:54:29.947 [RX    ] 7F 31 13
10:54:29.947 [PASS  ] NRC 0x13 incorrectMessageLength (too long) | expected: 7F 31 13 | received: 7F 31 13
10:54:29.947 [INFO  ] --- P3 NRC 0x12: subFunctionNotSupported (SA unlocked) ---
10:54:29.947 ------------------------------------------------------------------------
10:54:29.947 [STEP  ] 0x10 02 – Switch to Programming Session
10:54:29.947 [TX DiagnosticSessionControl programmingSession] 10 02
10:54:29.947 [TX SF ] 67 02 10 02 FF FF FF FF
10:54:29.966 [RX SF ] 67 06 50 02 00 32 01 F4
10:54:29.966 [RX    ] 50 02 00 32 01 F4
10:54:29.966 [PASS  ] ProgrammingSession positive response | expected: 50 ... | received: 50 02 00 32 01 F4
10:54:29.967 ------------------------------------------------------------------------
10:54:29.967 [STEP  ] 0x27 01 – SecurityAccess: Request Seed
10:54:29.967 [TX SecurityAccess requestSeed] 27 01
10:54:29.968 [TX SF ] 67 02 27 01 FF FF FF FF
10:54:29.988 [RX FF ] 67 10 12 67 01 1C 9F 00
10:54:29.998 [RX CF1] 67 21 32 2D 62 71 02 B7
10:54:30.006 [RX CF2] 67 22 E3 5D F7 02 72 BC
10:54:30.015 [RX CF3] 67 23 31 FF FF FF FF FF
10:54:30.015 [RX    ] 67 01 1C 9F 00 32 2D 62 71 02 B7 E3 5D F7 02 72 BC 31
10:54:30.015 [PASS  ] Seed request positive response | expected: 67 ... | received: 67 01 1C 9F 00 32 2D 62 71 02 B7 E3 5D F7 02 72 BC 31
10:54:30.016 [INFO  ] Seed received: 1C 9F 00 32 2D 62 71 02 B7 E3 5D F7 02 72 BC 31
10:54:30.016 ------------------------------------------------------------------------
10:54:30.016 [STEP  ] 0x27 02 – SecurityAccess: Send Key
10:54:30.016 [TX SecurityAccess sendKey] 27 02 2E 3F E3 85 15 11 0C DE 9B 0D 50 3D CE 04 67 92
10:54:30.017 [TX FF ] 67 10 12 27 02 2E 3F E3
10:54:30.028 [TX CF1] 67 21 85 15 11 0C DE 9B
10:54:30.039 [TX CF2] 67 22 0D 50 3D CE 04 67
10:54:30.050 [TX CF3] 67 23 92 FF FF FF FF FF
10:54:30.068 [RX SF ] 67 02 67 02 FF FF FF FF
10:54:30.068 [RX    ] 67 02
10:54:30.069 [PASS  ] Key accepted positive response | expected: 67 ... | received: 67 02
10:54:30.069 ------------------------------------------------------------------------
10:54:30.069 [STEP  ] 0x31 02 0212 – NRC 0x12 subFunctionNotSupported (SubFunction=0x02) [P3]
10:54:30.069 [TX RoutineControl subFunction=0x02 (invalid)] 31 02 02 12 01 CB 24 63 23 AA 90 3E 67 B9 AC A0...
10:54:30.071 [TX FF ] 67 11 04 31 02 02 12 01
10:54:30.081 [TX CF1] 67 21 CB 24 63 23 AA 90
10:54:30.093 [TX CF2] 67 22 3E 67 B9 AC A0 79
10:54:30.103 [TX CF3] 67 23 6A 33 32 3D FD ED
10:54:30.115 [TX CF4] 67 24 72 C2 2B 48 AA 1D
10:54:30.126 [TX CF5] 67 25 1F 29 A4 F9 94 51
10:54:30.136 [TX CF6] 67 26 65 3B E1 8C E6 C5
10:54:30.148 [TX CF7] 67 27 D2 91 51 2C 5E F9
10:54:30.158 [TX CF8] 67 28 25 82 27 D4 E9 44
10:54:30.169 [TX CF9] 67 29 C7 CC 5D 7E 14 AE
10:54:30.179 [TX CF10] 67 2A A8 6C 37 97 BF 7A
10:54:30.191 [TX CF11] 67 2B D4 92 88 61 B0 EC
10:54:30.201 [TX CF12] 67 2C 5E 3B BE 83 C4 17
10:54:30.213 [TX CF13] 67 2D BF F9 37 A4 92 E5
10:54:30.223 [TX CF14] 67 2E B1 17 83 7E B5 32
10:54:30.234 [TX CF15] 67 2F 15 9A 33 81 20 E2
10:54:30.244 [TX CF0] 67 20 97 E3 40 B2 16 45
10:54:30.255 [TX CF1] 67 21 63 C9 14 EE F4 08
10:54:30.267 [TX CF2] 67 22 5A D9 A8 72 CA B3
10:54:30.277 [TX CF3] 67 23 61 5C 2C D5 40 CA
10:54:30.288 [TX CF4] 67 24 1C C1 45 03 A9 26
10:54:30.300 [TX CF5] 67 25 87 2E 8E E0 D0 A7
10:54:30.311 [TX CF6] 67 26 48 00 1F 2D 07 2A
10:54:30.323 [TX CF7] 67 27 66 9D 7C 11 EB 3E
10:54:30.334 [TX CF8] 67 28 E9 0C C3 2F 15 CA
10:54:30.344 [TX CF9] 67 29 06 BA 8A 76 FA 29
10:54:30.356 [TX CF10] 67 2A F4 19 AB 45 7C 95
10:54:30.367 [TX CF11] 67 2B AD 89 AB E2 D8 91
10:54:30.378 [TX CF12] 67 2C 39 AA 4A 0C F3 72
10:54:30.388 [TX CF13] 67 2D EB F1 54 71 3D CF
10:54:30.399 [TX CF14] 67 2E 4A C0 EF 23 53 32
10:54:30.410 [TX CF15] 67 2F 7F 90 C7 0C 97 A0
10:54:30.420 [TX CF0] 67 20 23 BF 99 AD C3 FD
10:54:30.431 [TX CF1] 67 21 AB 46 9D 70 05 CB
10:54:30.443 [TX CF2] 67 22 00 5A 3D 5F 45 2E
10:54:30.454 [TX CF3] 67 23 1B 49 17 B0 BF 21
10:54:30.465 [TX CF4] 67 24 30 98 3B 9F 86 13
10:54:30.477 [TX CF5] 67 25 7F E7 AF E8 4E 27
10:54:30.487 [TX CF6] 67 26 4A 39 DE CF 82 67
10:54:30.499 [TX CF7] 67 27 32 0C 62 06 35 BF
10:54:30.510 [TX CF8] 67 28 32 70 3B 85 1A 01
10:54:30.522 [TX CF9] 67 29 0B 91 82 7B 33 83
10:54:30.533 [TX CF10] 67 2A DD AC 6F 79 27 4C
10:54:30.543 [TX CF11] 67 2B 35 C4 E4 FF FF FF
10:54:30.562 [RX SF ] 67 03 7F 31 12 FF FF FF
10:54:30.562 [RX    ] 7F 31 12
10:54:30.562 [PASS  ] NRC 0x12 subFunctionNotSupported | expected: 7F 31 12 | received: 7F 31 12
10:54:30.562 [INFO  ] --- P4 NRC 0x31: requestOutOfRange (unknown RID 0x0214) ---
10:54:30.563 ------------------------------------------------------------------------
10:54:30.563 [STEP  ] 0x10 02 – Switch to Programming Session
10:54:30.563 [TX DiagnosticSessionControl programmingSession] 10 02
10:54:30.564 [TX SF ] 67 02 10 02 FF FF FF FF
10:54:30.584 [RX SF ] 67 06 50 02 00 32 01 F4
10:54:30.585 [RX    ] 50 02 00 32 01 F4
10:54:30.585 [PASS  ] ProgrammingSession positive response | expected: 50 ... | received: 50 02 00 32 01 F4
10:54:30.585 ------------------------------------------------------------------------
10:54:30.586 [STEP  ] 0x31 01 0214 – NRC 0x31 requestOutOfRange (unknown RID 0x0214) [P4]
10:54:30.586 [TX RoutineControl unknown RID 0x0214] 31 01 02 14
10:54:30.587 [TX SF ] 67 04 31 01 02 14 FF FF
10:54:30.606 [RX SF ] 67 03 7F 31 31 FF FF FF
10:54:30.607 [RX    ] 7F 31 31
10:54:30.607 [PASS  ] NRC 0x31 requestOutOfRange (RID 0x0214) | expected: 7F 31 31 | received: 7F 31 31
10:54:30.607 [INFO  ] --- P5 wrong signature: expect positive resp 71 01 02 12 10 01 ---
10:54:30.607 ------------------------------------------------------------------------
10:54:30.607 [STEP  ] 0x10 02 – Switch to Programming Session
10:54:30.607 [TX DiagnosticSessionControl programmingSession] 10 02
10:54:30.608 [TX SF ] 67 02 10 02 FF FF FF FF
10:54:30.628 [RX SF ] 67 06 50 02 00 32 01 F4
10:54:30.629 [RX    ] 50 02 00 32 01 F4
10:54:30.629 [PASS  ] ProgrammingSession positive response | expected: 50 ... | received: 50 02 00 32 01 F4
10:54:30.629 ------------------------------------------------------------------------
10:54:30.629 [STEP  ] 0x27 01 – SecurityAccess: Request Seed
10:54:30.629 [TX SecurityAccess requestSeed] 27 01
10:54:30.630 [TX SF ] 67 02 27 01 FF FF FF FF
10:54:30.648 [RX FF ] 67 10 12 67 01 E8 4C A3
10:54:30.658 [RX CF1] 67 21 40 F7 C6 06 11 1B
10:54:30.666 [RX CF2] 67 22 91 23 ED 9B FD E4
10:54:30.678 [RX CF3] 67 23 60 FF FF FF FF FF
10:54:30.678 [RX    ] 67 01 E8 4C A3 40 F7 C6 06 11 1B 91 23 ED 9B FD E4 60
10:54:30.679 [PASS  ] Seed request positive response | expected: 67 ... | received: 67 01 E8 4C A3 40 F7 C6 06 11 1B 91 23 ED 9B FD E4 60
10:54:30.679 [INFO  ] Seed received: E8 4C A3 40 F7 C6 06 11 1B 91 23 ED 9B FD E4 60
10:54:30.679 ------------------------------------------------------------------------
10:54:30.680 [STEP  ] 0x27 02 – SecurityAccess: Send Key
10:54:30.680 [TX SecurityAccess sendKey] 27 02 6F DC 31 CE 40 28 2A 92 E2 7C EE DB 9E 41 78 0C
10:54:30.681 [TX FF ] 67 10 12 27 02 6F DC 31
10:54:30.691 [TX CF1] 67 21 CE 40 28 2A 92 E2
10:54:30.703 [TX CF2] 67 22 7C EE DB 9E 41 78
10:54:30.715 [TX CF3] 67 23 0C FF FF FF FF FF
10:54:30.736 [RX SF ] 67 02 67 02 FF FF FF FF
10:54:30.737 [RX    ] 67 02
10:54:30.737 [PASS  ] Key accepted positive response | expected: 67 ... | received: 67 02
10:54:30.737 ------------------------------------------------------------------------
10:54:30.737 [STEP  ] 0x31 01 FF00 – EraseMemory @ 0x0000C000 len=0x0002D000
10:54:30.737 [TX RoutineControl EraseMemory] 31 01 FF 00 00 00 C0 00 00 02 D0 00
10:54:30.738 [TX FF ] 67 10 0C 31 01 FF 00 00
10:54:30.749 [TX CF1] 67 21 00 C0 00 00 02 D0
10:54:30.760 [TX CF2] 67 22 00 FF FF FF FF FF
10:54:30.780 [RX SF ] 67 03 7F 31 78 FF FF FF
10:54:30.781 [INFO  ] NRC 0x78 – ResponsePending, waiting P2*...
10:54:30.816 [RX SF (after NRC78)] 67 03 7F 31 78 FF FF FF
10:54:30.850 [RX SF (after NRC78)] 67 03 7F 31 78 FF FF FF
10:54:30.860 [RX SF (after NRC78)] 67 03 7F 31 78 FF FF FF
10:54:30.916 [RX SF (after NRC78)] 67 03 7F 31 78 FF FF FF
10:54:30.927 [RX SF (after NRC78)] 67 03 7F 31 78 FF FF FF
10:54:30.961 [RX SF (after NRC78)] 67 03 7F 31 78 FF FF FF
10:54:30.972 [RX SF (after NRC78)] 67 03 7F 31 78 FF FF FF
10:54:30.984 [RX SF (after NRC78)] 67 03 7F 31 78 FF FF FF
10:54:31.041 [RX SF (after NRC78)] 67 03 7F 31 78 FF FF FF
10:54:31.051 [RX SF (after NRC78)] 67 03 7F 31 78 FF FF FF
10:54:31.105 [RX SF (after NRC78)] 67 03 7F 31 78 FF FF FF
10:54:31.118 [RX SF (after NRC78)] 67 03 7F 31 78 FF FF FF
10:54:31.131 [RX SF (after NRC78)] 67 03 7F 31 78 FF FF FF
10:54:31.161 [RX SF (after NRC78)] 67 03 7F 31 78 FF FF FF
10:54:31.173 [RX SF (after NRC78)] 67 03 7F 31 78 FF FF FF
10:54:31.184 [RX SF (after NRC78)] 67 03 7F 31 78 FF FF FF
10:54:31.196 [RX SF (after NRC78)] 67 03 7F 31 78 FF FF FF
10:54:31.209 [RX SF (after NRC78)] 67 03 7F 31 78 FF FF FF
10:54:31.264 [RX SF (after NRC78)] 67 03 7F 31 78 FF FF FF
10:54:31.275 [RX SF (after NRC78)] 67 03 7F 31 78 FF FF FF
10:54:31.307 [RX SF (after NRC78)] 67 03 7F 31 78 FF FF FF
10:54:31.317 [RX SF (after NRC78)] 67 03 7F 31 78 FF FF FF
10:54:31.328 [RX SF (after NRC78)] 67 03 7F 31 78 FF FF FF
10:54:31.338 [RX SF (after NRC78)] 67 03 7F 31 78 FF FF FF
10:54:31.348 [RX SF (after NRC78)] 67 03 7F 31 78 FF FF FF
10:54:31.359 [RX SF (after NRC78)] 67 03 7F 31 78 FF FF FF
10:54:31.367 [RX SF (after NRC78)] 67 03 7F 31 78 FF FF FF
10:54:31.377 [RX SF (after NRC78)] 67 03 7F 31 78 FF FF FF
10:54:31.388 [RX SF (after NRC78)] 67 03 7F 31 78 FF FF FF
10:54:31.398 [RX SF (after NRC78)] 67 03 7F 31 78 FF FF FF
10:54:31.409 [RX SF (after NRC78)] 67 03 7F 31 78 FF FF FF
10:54:31.417 [RX SF (after NRC78)] 67 03 7F 31 78 FF FF FF
10:54:31.426 [RX SF (after NRC78)] 67 03 7F 31 78 FF FF FF
10:54:31.437 [RX SF (after NRC78)] 67 03 7F 31 78 FF FF FF
10:54:31.448 [RX SF (after NRC78)] 67 03 7F 31 78 FF FF FF
10:54:31.457 [RX SF (after NRC78)] 67 03 7F 31 78 FF FF FF
10:54:31.468 [RX SF (after NRC78)] 67 03 7F 31 78 FF FF FF
10:54:31.478 [RX SF (after NRC78)] 67 03 7F 31 78 FF FF FF
10:54:31.487 [RX SF (after NRC78)] 67 03 7F 31 78 FF FF FF
10:54:31.497 [RX SF (after NRC78)] 67 03 7F 31 78 FF FF FF
10:54:31.508 [RX SF (after NRC78)] 67 03 7F 31 78 FF FF FF
10:54:31.516 [RX SF (after NRC78)] 67 03 7F 31 78 FF FF FF
10:54:31.526 [RX SF (after NRC78)] 67 03 7F 31 78 FF FF FF
10:54:31.535 [RX SF (after NRC78)] 67 03 7F 31 78 FF FF FF
10:54:31.544 [RX SF (after NRC78)] 67 03 7F 31 78 FF FF FF
10:54:31.554 [RX SF (after NRC78)] 67 03 7F 31 78 FF FF FF
10:54:31.564 [RX SF (after NRC78)] 67 03 7F 31 78 FF FF FF
10:54:31.574 [RX SF (after NRC78)] 67 03 7F 31 78 FF FF FF
10:54:31.584 [RX SF (after NRC78)] 67 03 7F 31 78 FF FF FF
10:54:31.593 [RX SF (after NRC78)] 67 03 7F 31 78 FF FF FF
10:54:31.602 [RX SF (after NRC78)] 67 03 7F 31 78 FF FF FF
10:54:31.614 [RX SF (after NRC78)] 67 03 7F 31 78 FF FF FF
10:54:31.623 [RX SF (after NRC78)] 67 03 7F 31 78 FF FF FF
10:54:31.634 [RX SF (after NRC78)] 67 03 7F 31 78 FF FF FF
10:54:31.644 [RX SF (after NRC78)] 67 03 7F 31 78 FF FF FF
10:54:31.654 [RX SF (after NRC78)] 67 03 7F 31 78 FF FF FF
10:54:31.662 [RX SF (after NRC78)] 67 03 7F 31 78 FF FF FF
10:54:31.671 [RX SF (after NRC78)] 67 03 7F 31 78 FF FF FF
10:54:31.679 [RX SF (after NRC78)] 67 03 7F 31 78 FF FF FF
10:54:31.688 [RX SF (after NRC78)] 67 03 7F 31 78 FF FF FF
10:54:31.697 [RX SF (after NRC78)] 67 03 7F 31 78 FF FF FF
10:54:31.706 [RX SF (after NRC78)] 67 03 7F 31 78 FF FF FF
10:54:31.717 [RX SF (after NRC78)] 67 03 7F 31 78 FF FF FF
10:54:31.726 [RX SF (after NRC78)] 67 03 7F 31 78 FF FF FF
10:54:31.735 [RX SF (after NRC78)] 67 03 7F 31 78 FF FF FF
10:54:31.744 [RX SF (after NRC78)] 67 03 7F 31 78 FF FF FF
10:54:31.754 [RX SF (after NRC78)] 67 03 7F 31 78 FF FF FF
10:54:31.763 [RX SF (after NRC78)] 67 03 7F 31 78 FF FF FF
10:54:31.771 [RX SF (after NRC78)] 67 03 7F 31 78 FF FF FF
10:54:31.782 [RX SF (after NRC78)] 67 03 7F 31 78 FF FF FF
10:54:31.792 [RX SF (after NRC78)] 67 03 7F 31 78 FF FF FF
10:54:31.801 [RX SF (after NRC78)] 67 03 7F 31 78 FF FF FF
10:54:31.810 [RX SF (after NRC78)] 67 03 7F 31 78 FF FF FF
10:54:31.818 [RX SF (after NRC78)] 67 03 7F 31 78 FF FF FF
10:54:31.827 [RX SF (after NRC78)] 67 03 7F 31 78 FF FF FF
10:54:31.838 [RX SF (after NRC78)] 67 03 7F 31 78 FF FF FF
10:54:31.848 [RX SF (after NRC78)] 67 03 7F 31 78 FF FF FF
10:54:31.858 [RX SF (after NRC78)] 67 03 7F 31 78 FF FF FF
10:54:31.868 [RX SF (after NRC78)] 67 03 7F 31 78 FF FF FF
10:54:31.878 [RX SF (after NRC78)] 67 03 7F 31 78 FF FF FF
10:54:31.889 [RX SF (after NRC78)] 67 03 7F 31 78 FF FF FF
10:54:31.899 [RX SF (after NRC78)] 67 03 7F 31 78 FF FF FF
10:54:31.910 [RX SF (after NRC78)] 67 03 7F 31 78 FF FF FF
10:54:31.919 [RX SF (after NRC78)] 67 03 7F 31 78 FF FF FF
10:54:31.929 [RX SF (after NRC78)] 67 03 7F 31 78 FF FF FF
10:54:31.940 [RX SF (after NRC78)] 67 03 7F 31 78 FF FF FF
10:54:31.948 [RX SF (after NRC78)] 67 03 7F 31 78 FF FF FF
10:54:31.977 [RX SF (after NRC78)] 67 05 71 01 FF 00 10 FF
10:54:31.977 [RX    ] 71 01 FF 00 10
10:54:31.977 [PASS  ] EraseMemory positive response | expected: 71 ... | received: 71 01 FF 00 10
10:54:31.978 [INFO  ] Erase routine status: 0x10
10:54:31.978 [INFO  ] --- Downloading block: VbfDataBlock(address=0x00038BC0, length=0x00000032, crc16=0x1835) ---
10:54:31.978 ------------------------------------------------------------------------
10:54:31.979 [STEP  ] 0x34 – RequestDownload  addr=0x00038BC0  len=0x00000032  fmt=0x10
10:54:31.979 [TX RequestDownload] 34 10 44 00 03 8B C0 00 00 00 32
10:54:31.979 [TX FF ] 67 10 0B 34 10 44 00 03
10:54:31.989 [TX CF1] 67 21 8B C0 00 00 00 32
10:54:32.011 [RX SF ] 67 04 74 20 07 FA FF FF
10:54:32.011 [RX    ] 74 20 07 FA
10:54:32.012 [PASS  ] RequestDownload positive response | expected: 74 ... | received: 74 20 07 FA
10:54:32.012 [INFO  ] ECU max block size: 0x7FA (2042) bytes
10:54:32.013 ------------------------------------------------------------------------
10:54:32.013 [STEP  ] 0x36 block=1  offset=0/50  (0%)
10:54:32.013 [TX TransferData block=1 len=50] 36 01 80 00 10 80 80 20 E0 00 50 81 70 2C 1B FA...
10:54:32.014 [TX FF ] 67 10 34 36 01 80 00 10
10:54:32.025 [TX CF1] 67 21 80 80 20 E0 00 50
10:54:32.035 [TX CF2] 67 22 81 70 2C 1B FA E6
10:54:32.046 [TX CF3] 67 23 D6 6F E5 F3 CC 3E
10:54:32.056 [TX CF4] 67 24 72 3C 67 87 81 E6
10:54:32.067 [TX CF5] 67 25 BA FE B0 BB 5E 65
10:54:32.077 [TX CF6] 67 26 DA F7 6D D4 77 32
10:54:32.089 [TX CF7] 67 27 FF CC 4E 53 1F A5
10:54:32.099 [TX CF8] 67 28 AC FE 76 E0 00 FF
10:54:32.120 [RX SF ] 67 02 76 01 FF FF FF FF
10:54:32.120 [RX    ] 76 01
10:54:32.121 [PASS  ] TransferData block=1 | expected: 76 ... | received: 76 01
10:54:32.132 [INFO  ] Transfer complete: 50 bytes sent
10:54:32.132 ------------------------------------------------------------------------
10:54:32.132 [STEP  ] 0x37 – TransferExit
10:54:32.132 [TX TransferExit] 37
10:54:32.133 [TX SF ] 67 01 37 FF FF FF FF FF
10:54:32.152 [RX SF ] 67 01 77 FF FF FF FF FF
10:54:32.152 [RX    ] 77
10:54:32.152 [PASS  ] TransferExit positive response | expected: 77 ... | received: 77
10:54:32.153 [INFO  ] --- Downloading block: VbfDataBlock(address=0x0000C000, length=0x0000B0C6, crc16=0xA77D) ---
10:54:32.153 ------------------------------------------------------------------------
10:54:32.153 [STEP  ] 0x34 – RequestDownload  addr=0x0000C000  len=0x0000B0C6  fmt=0x10
10:54:32.154 [TX RequestDownload] 34 10 44 00 00 C0 00 00 00 B0 C6
10:54:32.154 [TX FF ] 67 10 0B 34 10 44 00 00
10:54:32.164 [TX CF1] 67 21 C0 00 00 00 B0 C6
10:54:32.183 [RX SF ] 67 04 74 20 07 FA FF FF
10:54:32.183 [RX    ] 74 20 07 FA
10:54:32.183 [PASS  ] RequestDownload positive response | expected: 74 ... | received: 74 20 07 FA
10:54:32.183 [INFO  ] ECU max block size: 0x7FA (2042) bytes
10:54:32.184 ------------------------------------------------------------------------
10:54:32.184 [STEP  ] 0x36 block=1  offset=0/45254  (0%)
10:54:32.185 [TX TransferData block=1 len=2040] 36 01 C0 45 A4 12 0F EC F6 03 00 9A D0 C0 38 4C...
10:54:32.185 [TX FF ] 67 17 FA 36 01 C0 45 A4
10:54:32.196 [TX CF1] 67 21 12 0F EC F6 03 00
10:54:32.206 [TX CF2] 67 22 9A D0 C0 38 4C 40
10:54:32.217 [TX CF3] 67 23 50 81 0F 04 32 03
10:54:32.227 [TX CF4] 67 24 68 16 96 A6 82 02
10:54:32.238 [TX CF5] 67 25 D3 73 C7 06 E1 E9
10:54:32.250 [TX CF6] 67 26 E7 03 74 09 AD 9D
10:54:32.260 [TX CF7] 67 27 EB 83 74 D6 84 AD
10:54:32.271 [TX CF8] 67 28 D2 85 A5 0E A5 0F
10:54:32.281 [TX CF9] 67 29 F8 85 B0 C7 84 61
10:54:32.291 [TX CF10] 67 2A 09 B4 23 7C 4F 78
10:54:32.301 [TX CF11] 67 2B AF CB E4 48 01 84
10:54:32.313 [TX CF12] 67 2C 60 1B 0E 50 61 2C
10:54:32.323 [TX CF13] 67 2D 02 03 02 81 C1 20
10:54:32.333 [TX CF14] 67 2E B0 68 3C 06 03 05
10:54:32.344 [TX CF15] 67 2F 1B 40 35 86 05 05
10:54:32.354 [TX CF0] 67 20 1C 24 37 C2 07 03
10:54:32.365 [TX CF1] 67 21 82 8E A0 1C C2 35
10:54:32.376 [TX CF2] 67 22 40 78 90 EF 08 30
10:54:32.386 [TX CF3] 67 23 CF 18 2C 00 7C 84
10:54:32.397 [TX CF4] 67 24 1C 7D 90 FB 02 02
10:54:32.407 [TX CF5] 67 25 23 1C 3C F1 D0 86
10:54:32.417 [TX CF6] 67 26 1F 52 1C 3F 72 1C
10:54:32.428 [TX CF7] 67 27 21 EC 24 30 0F C9
10:54:32.439 [TX CF8] 67 28 16 18 9C 78 5F 84
10:54:32.450 [TX CF9] 67 29 EC 91 0C 0A 01 20
10:54:32.461 [TX CF10] 67 2A 80 4F 49 10 D7 C9
10:54:32.471 [TX CF11] 67 2B 70 E4 C9 30 C0 C9
10:54:32.482 [TX CF12] 67 2C 00 40 32 A4 C8 76
10:54:32.492 [TX CF13] 67 2D A4 F8 7A A4 D8 60
10:54:32.502 [TX CF14] 67 2E 90 08 94 03 AE 50
10:54:32.513 [TX CF15] 67 2F 87 FE 51 86 3F 1F
10:54:32.524 [TX CF0] 67 20 28 E0 41 0A 42 55
10:54:32.534 [TX CF1] 67 21 86 62 57 86 AA 57
10:54:32.544 [TX CF2] 67 22 84 7F 84 CE 01 57
10:54:32.554 [TX CF3] 67 23 2C 43 5B 2D C3 5D
10:54:32.565 [TX CF4] 67 24 2C C2 40 42 64 4C
10:54:32.576 [TX CF5] 67 25 00 B9 0D 8C BF 0D
10:54:32.587 [TX CF6] 67 26 94 AB 08 C6 1A 01
10:54:32.598 [TX CF7] 67 27 8B 08 41 8C 08 24
10:54:32.609 [TX CF8] 67 28 30 C9 84 0C C8 01
10:54:32.619 [TX CF9] 67 29 69 0C 00 2F 49 04
10:54:32.631 [TX CF10] 67 2A 20 95 09 9F 23 16
10:54:32.642 [TX CF11] 67 2B 83 70 21 A6 CC 20
10:54:32.652 [TX CF12] 67 2C 26 5C 21 46 68 20
10:54:32.664 [TX CF13] 67 2D 43 E4 A0 1A A3 72
10:54:32.674 [TX CF14] 67 2E 04 6C 0C 50 4D 0D
10:54:32.684 [TX CF15] 67 2F 08 48 2C 87 28 66
10:54:32.696 [TX CF0] 67 20 1F 01 E0 1C 8E 09
10:54:32.706 [TX CF1] 67 21 5B 09 64 4C E7 84
10:54:32.716 [TX CF2] 67 22 9B E1 83 81 76 0E
10:54:32.726 [TX CF3] 67 23 B0 99 D3 37 A6 79
10:54:32.749 [TX CF4] 67 24 12 02 7A A4 DF 17
10:54:32.760 [TX CF5] 67 25 40 EB 0F 71 03 0F
10:54:32.770 [TX CF6] 67 26 2E B3 F1 EF 20 12
10:54:32.781 [TX CF7] 67 27 DC 15 00 FF F5 7B
10:54:32.791 [TX CF8] 67 28 90 5E 5D 46 D5 B4
10:54:32.801 [TX CF9] 67 29 89 CF 6B 90 8C 8D
10:54:32.812 [TX CF10] 67 2A 12 BB FE DD 9F 12
10:54:32.822 [TX CF11] 67 2B 29 20 71 C4 E9 01
10:54:32.833 [TX CF12] 67 2C 8B 13 46 06 AC 0B
10:54:32.844 [TX CF13] 67 2D 18 54 0D 68 47 F9
10:54:32.854 [TX CF14] 67 2E 10 04 82 88 F4 0D
10:54:32.865 [TX CF15] 67 2F 38 C5 09 40 70 22
10:54:32.876 [TX CF0] 67 20 58 88 9F D2 03 0C
10:54:32.886 [TX CF1] 67 21 2F 42 8F 43 40 93
10:54:32.898 [TX CF2] 67 22 05 1B 80 D9 04 62
10:54:32.910 [TX CF3] 67 23 30 24 6B E9 1B D2
10:54:32.920 [TX CF4] 67 24 BE 4B 0E F0 27 F1
10:54:32.930 [TX CF5] 67 25 88 49 D4 10 28 D0
10:54:32.941 [TX CF6] 67 26 96 40 50 B8 74 A0
10:54:32.951 [TX CF7] 67 27 8A 8C 15 5A 2A 10
10:54:32.963 [TX CF8] 67 28 54 24 5E C3 AD 01
10:54:32.973 [TX CF9] 67 29 57 61 FE 57 C2 7B
10:54:32.984 [TX CF10] 67 2A 96 09 2A 56 20 A7
10:54:32.994 [TX CF11] 67 2B 06 19 01 E3 0C D3
10:54:33.005 [TX CF12] 67 2C 4D 81 60 33 A7 24
10:54:33.017 [TX CF13] 67 2D 45 43 03 3B 42 33
10:54:33.027 [TX CF14] 67 2E 8C BC 08 C1 24 FC
10:54:33.037 [TX CF15] 67 2F 51 88 19 D3 01 92
10:54:33.048 [TX CF0] 67 20 4B D5 21 50 49 44
10:54:33.058 [TX CF1] 67 21 45 7F B4 34 64 02
10:54:33.068 [TX CF2] 67 22 E6 56 22 11 05 06
10:54:33.079 [TX CF3] 67 23 11 45 E6 84 A4 22
10:54:33.089 [TX CF4] 67 24 71 08 B3 22 93 94
10:54:33.100 [TX CF5] 67 25 18 6A 02 89 05 3A
10:54:33.111 [TX CF6] 67 26 2B 38 53 08 17 90
10:54:33.121 [TX CF7] 67 27 27 20 7B D4 C4 19
10:54:33.131 [TX CF8] 67 28 AF 08 D5 04 D4 13
10:54:33.142 [TX CF9] 67 29 43 C5 AC 78 06 76
10:54:33.152 [TX CF10] 67 2A 1C 48 4B 5B F6 A0
10:54:33.163 [TX CF11] 67 2B 90 0C 3B 74 B0 1F
10:54:33.173 [TX CF12] 67 2C 76 08 4B 74 46 A2
10:54:33.184 [TX CF13] 67 2D 2E 67 D9 D0 BB F6
10:54:33.195 [TX CF14] 67 2E 31 26 CF D3 00 D0
10:54:33.207 [TX CF15] 67 2F 48 FB DB C6 15 84
10:54:33.217 [TX CF0] 67 20 AF 43 CF C5 98 E2
10:54:33.228 [TX CF1] 67 21 7E 5E 00 C1 74 18
10:54:33.238 [TX CF2] 67 22 0A D7 E3 E0 AB DB
10:54:33.248 [TX CF3] 67 23 7A 01 9F 0A 5E 18
10:54:33.260 [TX CF4] 67 24 D0 20 F8 7A F7 16
10:54:33.271 [TX CF5] 67 25 81 A7 C5 17 BA 74
10:54:33.282 [TX CF6] 67 26 17 3E 32 BD 15 14
10:54:33.294 [TX CF7] 67 27 1B FF 07 2B 20 42
10:54:33.304 [TX CF8] 67 28 80 84 11 07 02 1C
10:54:33.315 [TX CF9] 67 29 50 72 26 70 89 01
10:54:33.327 [TX CF10] 67 2A 1A 28 49 1F 38 57
10:54:33.337 [TX CF11] 67 2B 74 93 14 2C 86 9C
10:54:33.347 [TX CF12] 67 2C 32 28 4C 88 DA 81
10:54:33.358 [TX CF13] 67 2D 38 28 71 0D 08 11
10:54:33.369 [TX CF14] 67 2E 40 08 7E 30 A2 14
10:54:33.381 [TX CF15] 67 2F 42 04 52 8A 23 99
10:54:33.391 [TX CF0] 67 20 2A 05 12 88 95 62
10:54:33.402 [TX CF1] 67 21 89 95 53 56 A0 58
10:54:33.412 [TX CF2] 67 22 8A 2A 41 C0 A2 8B
10:54:33.422 [TX CF3] 67 23 4F 26 6A 0D 24 22
10:54:33.434 [TX CF4] 67 24 C1 8C A8 C3 B0 61
10:54:33.444 [TX CF5] 67 25 46 00 19 F0 C4 D7
10:54:33.456 [TX CF6] 67 26 B1 2C E2 1F 74 73
10:54:33.467 [TX CF7] 67 27 80 BB 03 B6 13 02
10:54:33.477 [TX CF8] 67 28 10 98 41 13 03 0C
10:54:33.488 [TX CF9] 67 29 25 F8 A4 06 0C 07
10:54:33.498 [TX CF10] 67 2A 61 18 92 4D 62 64
10:54:33.508 [TX CF11] 67 2B 3D 9F 84 3D 9C 04
10:54:33.519 [TX CF12] 67 2C 42 12 44 84 D5 A9
10:54:33.530 [TX CF13] 67 2D 82 1C 01 B6 F3 8F
10:54:33.541 [TX CF14] 67 2E B2 08 49 18 11 22
10:54:33.552 [TX CF15] 67 2F 8E 76 9F C1 00 56
10:54:33.563 [TX CF0] 67 20 72 42 D4 0E 69 00
10:54:33.574 [TX CF1] 67 21 E2 50 6A 94 2A 9D
10:54:33.584 [TX CF2] 67 22 5E BF 66 B7 DC AB
10:54:33.595 [TX CF3] 67 23 F5 4A 4D 7E 9B 53
10:54:33.606 [TX CF4] 67 24 A8 53 66 15 FB 3D
10:54:33.616 [TX CF5] 67 25 96 CB 6C BC D7 EE
10:54:33.627 [TX CF6] 67 26 16 FB 9D B6 BF 32
10:54:33.637 [TX CF7] 67 27 98 4C A6 D2 D9 84
10:54:33.647 [TX CF8] 67 28 D2 5B 31 9B 48 26
10:54:33.658 [TX CF9] 67 29 33 09 D4 C6 6A 97
10:54:33.668 [TX CF10] 67 2A C2 6D 80 DA 8E 71
10:54:33.680 [TX CF11] 67 2B F8 4F BF 49 A4 3F
10:54:33.691 [TX CF12] 67 2C DF B4 CE 51 BF EC
10:54:33.702 [TX CF13] 67 2D 02 42 9C 4A 3B FE
10:54:33.714 [TX CF14] 67 2E 4E 61 0E FC 26 D0
10:54:33.724 [TX CF15] 67 2F D8 9A A0 F8 74 BF
10:54:33.735 [TX CF0] 67 20 0A 1C 20 3F A5 16
10:54:33.746 [TX CF1] 67 21 14 5F D5 02 90 A3
10:54:33.758 [TX CF2] 67 22 C2 CC A3 87 61 FC
10:54:33.769 [TX CF3] 67 23 80 EF 6F 89 98 24
10:54:33.781 [TX CF4] 67 24 93 DA 74 06 4B 68
10:54:33.791 [TX CF5] 67 25 A3 41 2E 10 0B C4
10:54:33.801 [TX CF6] 67 26 0E 51 06 EC 2A 70
10:54:33.812 [TX CF7] 67 27 A2 AA A0 D4 D2 63
10:54:33.824 [TX CF8] 67 28 8A 0C 36 89 D8 3C
10:54:33.834 [TX CF9] 67 29 10 19 04 C2 E1 64
10:54:33.844 [TX CF10] 67 2A 8E 78 36 4C 20 3D
10:54:33.854 [TX CF11] 67 2B BD BB 9E F5 32 84
10:54:33.865 [TX CF12] 67 2C CD 4A 05 A2 67 4A
10:54:33.876 [TX CF13] 67 2D C4 C6 20 36 05 32
10:54:33.886 [TX CF14] 67 2E 16 F5 1C 12 15 7E
10:54:33.898 [TX CF15] 67 2F 0A 54 29 1F 95 3A
10:54:33.908 [TX CF0] 67 20 11 0D AE 9E 41 2E
10:54:33.919 [TX CF1] 67 21 A4 C2 2C 0B AC 94
10:54:33.930 [TX CF2] 67 22 78 41 FF AB CC 21
10:54:33.941 [TX CF3] 67 23 EB D8 62 FF A9 5D
10:54:33.951 [TX CF4] 67 24 32 41 78 80 CA 20
10:54:33.962 [TX CF5] 67 25 FD 1F 1D E3 45 78
10:54:33.973 [TX CF6] 67 26 D0 E2 2C 0C 08 13
10:54:33.984 [TX CF7] 67 27 E0 26 C0 65 E1 70
10:54:33.996 [TX CF8] 67 28 60 21 02 94 42 7A
10:54:34.007 [TX CF9] 67 29 2C 34 A3 3F AF 06
10:54:34.018 [TX CF10] 67 2A 01 8E A4 83 02 C4
10:54:34.029 [TX CF11] 67 2B CA 20 B3 07 81 46
10:54:34.040 [TX CF12] 67 2C 66 A1 02 F8 79 17
10:54:34.050 [TX CF13] 67 2D 20 AC D0 67 21 94
10:54:34.061 [TX CF14] 67 2E 53 80 9B 81 9E 2C
10:54:34.072 [TX CF15] 67 2F B3 FC D0 43 55 FE
10:54:34.082 [TX CF0] 67 20 53 21 C7 FD AE 50
10:54:34.093 [TX CF1] 67 21 89 32 30 69 83 8C
10:54:34.103 [TX CF2] 67 22 4E 01 28 82 74 5A
10:54:34.114 [TX CF3] 67 23 F8 5E BF 6D 9C 30
10:54:34.125 [TX CF4] 67 24 CD A8 37 AB 7C 1B
10:54:34.135 [TX CF5] 67 25 78 43 A9 0A AC 28
10:54:34.146 [TX CF6] 67 26 11 EC 05 07 81 43
10:54:34.157 [TX CF7] 67 27 E0 43 EE 14 75 D2
10:54:34.167 [TX CF8] 67 28 10 75 E0 2E 14 9C
10:54:34.178 [TX CF9] 67 29 08 42 5B B0 5A 1C
10:54:34.188 [TX CF10] 67 2A 08 70 38 02 D4 1C
10:54:34.199 [TX CF11] 67 2B B0 32 E0 B4 45 18
10:54:34.209 [TX CF12] 67 2C A0 78 8C E8 11 D0
10:54:34.220 [TX CF13] 67 2D 88 83 F0 84 4C 5D
10:54:34.231 [TX CF14] 67 2E 38 79 A2 6E 6C 20
10:54:34.243 [TX CF15] 67 2F 6E B8 64 15 07 56
10:54:34.254 [TX CF0] 67 20 0E 34 19 F8 42 8C
10:54:34.265 [TX CF1] 67 21 29 2E 01 94 35 81
10:54:34.276 [TX CF2] 67 22 77 68 B7 CA 42 F1
10:54:34.288 [TX CF3] 67 23 8D E1 84 D9 EA 0C
10:54:34.298 [TX CF4] 67 24 C1 EC 05 A2 83 18
10:54:34.309 [TX CF5] 67 25 A2 5A 2C 50 8C 54
10:54:34.319 [TX CF6] 67 26 63 07 68 F2 41 E0
10:54:34.330 [TX CF7] 67 27 9D 5A 65 1A 37 19
10:54:34.341 [TX CF8] 67 28 80 F8 16 18 31 B0
10:54:34.351 [TX CF9] 67 29 C8 D0 A0 7D 08 65
10:54:34.362 [TX CF10] 67 2A E2 C9 B2 56 E0 FD
10:54:34.373 [TX CF11] 67 2B 42 19 30 98 6F 61
10:54:34.385 [TX CF12] 67 2C B7 80 06 11 DB 85
10:54:34.395 [TX CF13] 67 2D 6D 5C 04 B3 DF D4
10:54:34.405 [TX CF14] 67 2E B2 47 BE FD 5F 77
10:54:34.417 [TX CF15] 67 2F 9F ED B5 C1 EC 20
10:54:34.427 [TX CF0] 67 20 C4 74 28 D0 9C 4D
10:54:34.438 [TX CF1] 67 21 00 C6 86 41 5F 85
10:54:34.448 [TX CF2] 67 22 A4 12 05 F2 01 29
10:54:34.460 [TX CF3] 67 23 AD 74 74 D4 98 4D
10:54:34.471 [TX CF4] 67 24 A4 18 84 17 A1 10
10:54:34.481 [TX CF5] 67 25 91 43 26 30 3C C0
10:54:34.492 [TX CF6] 67 26 07 06 CE 16 C6 A8
10:54:34.502 [TX CF7] 67 27 12 58 1E 65 2E 04
10:54:34.514 [TX CF8] 67 28 0F 35 12 C6 63 16
10:54:34.524 [TX CF9] 67 29 B0 65 A0 59 06 B6
10:54:34.534 [TX CF10] 67 2A 10 29 0E 76 95 11
10:54:34.545 [TX CF11] 67 2B AA 4E 7C 10 82 74
10:54:34.555 [TX CF12] 67 2C 30 08 EC 4A 0B 12
10:54:34.567 [TX CF13] 67 2D 86 E4 1F E0 74 F0
10:54:34.577 [TX CF14] 67 2E 54 28 0F 4B 11 0F
10:54:34.587 [TX CF15] 67 2F 97 74 5C E0 10 B1
10:54:34.597 [TX CF0] 67 20 86 C9 23 01 E4 20
10:54:34.607 [TX CF1] 67 21 30 59 77 42 01 99
10:54:34.618 [TX CF2] 67 22 C6 50 A5 7D 2E 04
10:54:34.630 [TX CF3] 67 23 06 80 50 83 E1 05
10:54:34.640 [TX CF4] 67 24 FC 82 10 F7 F4 1C
10:54:34.650 [TX CF5] 67 25 E0 70 4D 30 43 C4
10:54:34.661 [TX CF6] 67 26 6A 5A BF 18 CA 4E
10:54:34.671 [TX CF7] 67 27 22 85 E5 E8 4C 6D
10:54:34.682 [TX CF8] 67 28 12 2B 44 0B 37 00
10:54:34.692 [TX CF9] 67 29 95 F5 7A 10 B8 5E
10:54:34.703 [TX CF10] 67 2A 7A 0D B6 87 65 E0
10:54:34.713 [TX CF11] 67 2B 7B F8 76 FA 85 0A
10:54:34.724 [TX CF12] 67 2C E8 60 C1 B0 57 20
10:54:34.734 [TX CF13] 67 2D 72 98 27 6A 03 99
10:54:34.746 [TX CF14] 67 2E C1 40 31 35 80 62
10:54:34.756 [TX CF15] 67 2F 1C 1E 8C 02 4B CE
10:54:34.766 [TX CF0] 67 20 F3 E6 E0 D9 B8 74
10:54:34.776 [TX CF1] 67 21 FE 57 F0 E8 6F BC
10:54:34.787 [TX CF2] 67 22 F0 1C F4 02 5B 45
10:54:34.797 [TX CF3] 67 23 E8 04 10 58 00 12
10:54:34.807 [TX CF4] 67 24 C2 13 8C A2 46 15
10:54:34.817 [TX CF5] 67 25 88 41 EF 90 AF 04
10:54:34.828 [TX CF6] 67 26 0E 45 02 F0 64 E8
10:54:34.839 [TX CF7] 67 27 5F BE 94 16 45 08
10:54:34.850 [TX CF8] 67 28 8C 40 AE 21 E6 A5
10:54:34.860 [TX CF9] 67 29 E2 18 E5 82 31 77
10:54:34.870 [TX CF10] 67 2A BF 82 D4 02 5F 24
10:54:34.880 [TX CF11] 67 2B 5F 8B 40 A8 36 58
10:54:34.891 [TX CF12] 67 2C 17 18 C4 E8 11 03
10:54:34.902 [TX CF13] 67 2D FE 0B 02 77 09 94
10:54:34.913 [TX CF14] 67 2E 62 23 76 5B A1 60
10:54:34.924 [TX CF15] 67 2F A5 44 02 A0 5C 7B
10:54:34.935 [TX CF0] 67 20 1E 7E 65 82 BB 49
10:54:34.947 [TX CF1] 67 21 85 5E 26 71 88 D5
10:54:34.958 [TX CF2] 67 22 DA 55 68 0D 25 12
10:54:34.970 [TX CF3] 67 23 8E C8 ED 11 B8 2C
10:54:34.981 [TX CF4] 67 24 6E 1B 9A A1 71 7A
10:54:34.992 [TX CF5] 67 25 50 49 17 1B CF 05
10:54:35.003 [TX CF6] 67 26 D8 12 20 F9 ED 20
10:54:35.015 [TX CF7] 67 27 12 22 8E 15 6A 64
10:54:35.026 [TX CF8] 67 28 8E 01 7F 92 DB A8
10:54:35.039 [TX CF9] 67 29 D3 5B 85 B6 8C E4
10:54:35.049 [TX CF10] 67 2A 80 7A 04 16 D1 0F
10:54:35.060 [TX CF11] 67 2B 90 6B A1 96 FA 34
10:54:35.071 [TX CF12] 67 2C FE F1 37 A0 18 70
10:54:35.081 [TX CF13] 67 2D BB 5E 36 F4 28 3F
10:54:35.092 [TX CF14] 67 2E 42 DB 0E 94 50 22
10:54:35.102 [TX CF15] 67 2F 51 80 1A 11 B8 EC
10:54:35.114 [TX CF0] 67 20 0A 53 ED E9 8F 90
10:54:35.124 [TX CF1] 67 21 B5 BF 20 BC E2 60
10:54:35.135 [TX CF2] 67 22 16 1A C4 24 9B 84
10:54:35.146 [TX CF3] 67 23 39 DB 86 0C 39 07
10:54:35.157 [TX CF4] 67 24 6B A0 0A 03 C1 43
10:54:35.167 [TX CF5] 67 25 A4 60 36 5F 6D E3
10:54:35.178 [TX CF6] 67 26 93 0F C6 D4 32 02
10:54:35.189 [TX CF7] 67 27 A1 09 02 DE 16 6E
10:54:35.200 [TX CF8] 67 28 0D 8C 24 1D 09 45
10:54:35.211 [TX CF9] 67 29 A2 7C 2A 06 03 D0
10:54:35.222 [TX CF10] 67 2A 81 49 25 3E 09 46
10:54:35.232 [TX CF11] 67 2B 26 41 28 0E 61 05
10:54:35.242 [TX CF12] 67 2C 92 49 3C 13 7A 7C
10:54:35.253 [TX CF13] 67 2D 06 46 50 42 3D 21
10:54:35.264 [TX CF14] 67 2E 94 40 1B 58 61 7F
10:54:35.274 [TX CF15] 67 2F BE 9C 59 E7 28 19
10:54:35.286 [TX CF0] 67 20 0F 0F 04 D2 9C 7B
10:54:35.297 [TX CF1] 67 21 C3 03 19 C4 EC 90
10:54:35.307 [TX CF2] 67 22 08 0E D0 3B 69 01
10:54:35.318 [TX CF3] 67 23 E8 C0 64 90 C5 7C
10:54:35.329 [TX CF4] 67 24 07 F0 50 9C 04 50
10:54:35.339 [TX CF5] 67 25 B5 FF 75 28 20 60
10:54:35.350 [TX CF6] 67 26 1D 08 21 D8 08 07
10:54:35.361 [TX CF7] 67 27 CB 7A 0E 42 01 D1
10:54:35.371 [TX CF8] 67 28 3A 25 01 95 30 50
10:54:35.381 [TX CF9] 67 29 85 0A E0 A5 96 F0
10:54:35.391 [TX CF10] 67 2A 90 22 40 91 7F FE
10:54:35.401 [TX CF11] 67 2B FD EF F7 C5 23 04
10:54:35.412 [TX CF12] 67 2C 96 35 4F 05 21 0C
10:54:35.422 [TX CF13] 67 2D 79 C1 26 48 60 97
10:54:35.433 [TX CF14] 67 2E 43 61 FF 44 21 02
10:54:35.443 [TX CF15] 67 2F E8 CE 2F 08 84 7A
10:54:35.454 [TX CF0] 67 20 01 24 20 DE 0F E5
10:54:35.464 [TX CF1] 67 21 82 7C AA 82 45 21
10:54:35.475 [TX CF2] 67 22 72 E1 98 4D E1 C7
10:54:35.485 [TX CF3] 67 23 FF 48 31 3C 08 E7
10:54:35.495 [TX CF4] 67 24 06 92 47 82 C9 18
10:54:35.506 [TX CF5] 67 25 46 61 E7 E8 26 10
10:54:35.517 [TX CF6] 67 26 98 6D 1D F9 28 50
10:54:35.529 [TX CF7] 67 27 BF C8 E1 94 C9 2D
10:54:35.540 [TX CF8] 67 28 A2 5B 68 D6 C3 23
10:54:35.550 [TX CF9] 67 29 B4 0C 6D 09 3A 86
10:54:35.561 [TX CF10] 67 2A 41 1A 05 61 3F 82
10:54:35.571 [TX CF11] 67 2B 5B 0B 2A AC 39 5D
10:54:35.581 [TX CF12] 67 2C 03 17 42 FA F4 26
10:54:35.592 [TX CF13] 67 2D 07 40 54 40 6B 1D
10:54:35.603 [TX CF14] 67 2E 90 EC 16 90 FF D3
10:54:35.614 [TX CF15] 67 2F 90 40 20 9C 27 2E
10:54:35.624 [TX CF0] 67 20 1C BA CF C7 BD E0
10:54:35.636 [TX CF1] 67 21 5B 43 F1 DA E3 36
10:54:35.647 [TX CF2] 67 22 00 AC A9 17 08 E4
10:54:35.659 [TX CF3] 67 23 86 09 A8 69 A1 2B
10:54:35.669 [TX CF4] 67 24 FE C0 E4 3A 7A 42
10:54:35.681 [TX CF5] 67 25 F7 09 3F F7 FF 22
10:54:35.692 [TX CF6] 67 26 5F 61 A6 5F C3 24
10:54:35.704 [TX CF7] 67 27 FE E9 5C 80 1D A0
10:54:35.715 [TX CF8] 67 28 28 C1 20 D2 38 A0
10:54:35.727 [TX CF9] 67 29 B8 31 50 D1 D2 20
10:54:35.738 [TX CF10] 67 2A 36 15 7A 0B D4 13
10:54:35.749 [TX CF11] 67 2B 78 64 3F F0 CC C1
10:54:35.760 [TX CF12] 67 2C DF 08 32 7C 0B 46
10:54:35.770 [TX CF13] 67 2D 22 0F 03 1A C0 C8
10:54:35.782 [TX CF14] 67 2E 0F 0C B9 82 49 9C
10:54:35.793 [TX CF15] 67 2F 63 81 90 81 37 20
10:54:35.804 [TX CF0] 67 20 C8 41 35 B9 8A 74
10:54:35.815 [TX CF1] 67 21 07 31 07 21 41 20
10:54:35.827 [TX CF2] 67 22 91 78 2F 22 C0 2D
10:54:35.837 [TX CF3] 67 23 1D 28 04 4A 1F 92
10:54:35.848 [TX CF4] 67 24 1A 05 1D FF FF FF
10:54:35.868 [RX SF ] 67 02 76 01 FF FF FF FF
10:54:35.868 [RX    ] 76 01
10:54:35.869 [PASS  ] TransferData block=1 | expected: 76 ... | received: 76 01
10:54:35.879 ------------------------------------------------------------------------
10:54:35.879 [STEP  ] 0x36 block=2  offset=2040/45254  (4%)
10:54:35.880 [TX TransferData block=2 len=2040] 36 02 71 61 99 57 81 1D BD B4 C0 B4 39 61 87 E0...
10:54:35.880 [TX FF ] 67 17 FA 36 02 71 61 99
10:54:35.892 [TX CF1] 67 21 57 81 1D BD B4 C0
10:54:35.902 [TX CF2] 67 22 B4 39 61 87 E0 20
10:54:35.914 [TX CF3] 67 23 11 8A C2 03 0E 97
10:54:35.925 [TX CF4] 67 24 F1 5C 04 C6 33 08
10:54:35.937 [TX CF5] 67 25 B9 21 90 00 E1 A1
10:54:35.948 [TX CF6] 67 26 80 50 6B 10 86 A4
10:54:35.959 [TX CF7] 67 27 05 90 60 92 A9 5F
10:54:35.969 [TX CF8] 67 28 61 FB 86 93 64 3D
10:54:35.980 [TX CF9] 67 29 42 01 78 A0 47 01
10:54:35.991 [TX CF10] 67 2A 68 31 70 9C DA 1C
10:54:36.003 [TX CF11] 67 2B 89 72 9A B0 86 D0
10:54:36.014 [TX CF12] 67 2C BC 76 AF 8C 38 2B
10:54:36.026 [TX CF13] 67 2D B4 08 F4 06 51 5B
10:54:36.036 [TX CF14] 67 2E EC E0 1D 70 CD 5D
10:54:36.047 [TX CF15] 67 2F 90 F9 D2 90 38 62
10:54:36.057 [TX CF0] 67 20 D4 68 E0 1C 06 B8
10:54:36.067 [TX CF1] 67 21 12 8E A7 43 13 0F
10:54:36.077 [TX CF2] 67 22 E4 B2 C0 94 F4 3A
10:54:36.089 [TX CF3] 67 23 2D 47 B8 FE 78 94
10:54:36.100 [TX CF4] 67 24 7C 1C 84 5B A1 3B
10:54:36.111 [TX CF5] 67 25 B4 66 E1 F0 27 9C
10:54:36.121 [TX CF6] 67 26 12 B1 86 11 0F 06
10:54:36.132 [TX CF7] 67 27 4B 65 09 6C 82 DA
10:54:36.144 [TX CF8] 67 28 63 11 FC 57 61 7A
10:54:36.155 [TX CF9] 67 29 7F 8B 10 37 81 1D
10:54:36.167 [TX CF10] 67 2A 62 20 DE C2 31 30
10:54:36.177 [TX CF11] 67 2B 75 60 DD CB 67 E7
10:54:36.189 [TX CF12] 67 2C 77 A8 DF 41 E1 A3
10:54:36.199 [TX CF13] 67 2D E9 07 96 0F BC 65
10:54:36.209 [TX CF14] 67 2E 2F CC 22 2D 8B EC
10:54:36.221 [TX CF15] 67 2F 9F C8 3B 50 F0 52
10:54:36.232 [TX CF0] 67 20 00 6C BB 20 91 41
10:54:36.242 [TX CF1] 67 21 6A 43 81 A0 C0 C1
10:54:36.253 [TX CF2] 67 22 C0 A4 90 B3 79 E1
10:54:36.264 [TX CF3] 67 23 00 FB E8 2D D0 78
10:54:36.274 [TX CF4] 67 24 23 90 19 40 01 60
10:54:36.286 [TX CF5] 67 25 68 01 98 75 A0 D0
10:54:36.298 [TX CF6] 67 26 C1 1F 85 3B CE C9
10:54:36.309 [TX CF7] 67 27 C9 11 82 EF 26 9A
10:54:36.320 [TX CF8] 67 28 08 94 17 78 52 53
10:54:36.331 [TX CF9] 67 29 C0 48 E0 9E 06 1E
10:54:36.341 [TX CF10] 67 2A 02 F4 2D B1 CD 46
10:54:36.352 [TX CF11] 67 2B C9 12 82 63 09 C5
10:54:36.363 [TX CF12] 67 2C 28 73 06 4A B3 5B
10:54:36.373 [TX CF13] 67 2D 8E 18 70 99 A8 40
10:54:36.385 [TX CF14] 67 2E 93 C0 C5 00 64 60
10:54:36.396 [TX CF15] 67 2F 39 29 8D 3A 78 8A
10:54:36.407 [TX CF0] 67 20 03 33 49 0A 9B 2C
10:54:36.417 [TX CF1] 67 21 F0 40 B3 29 1C 20
10:54:36.428 [TX CF2] 67 22 DD 18 1E 65 59 84
10:54:36.438 [TX CF3] 67 23 4F B7 25 A4 D2 6B
10:54:36.449 [TX CF4] 67 24 A3 EC 21 FD 18 26
10:54:36.460 [TX CF5] 67 25 A6 31 31 A5 D7 64
10:54:36.470 [TX CF6] 67 26 54 9A 55 77 F3 B2
10:54:36.481 [TX CF7] 67 27 25 E6 77 06 08 80
10:54:36.492 [TX CF8] 67 28 81 94 0B D0 08 14
10:54:36.502 [TX CF9] 67 29 B1 E6 8C B2 26 43
10:54:36.512 [TX CF10] 67 2A 03 51 A9 80 50 03
10:54:36.523 [TX CF11] 67 2B A1 CC 63 A4 1C 20
10:54:36.533 [TX CF12] 67 2C 60 E8 3B 63 94 0D
10:54:36.543 [TX CF13] 67 2D E8 3B D2 0F 21 18
10:54:36.554 [TX CF14] 67 2E 07 03 C8 E8 31 30
10:54:36.565 [TX CF15] 67 2F B8 82 01 18 A1 AD
10:54:36.575 [TX CF0] 67 20 D9 5F E3 82 6C 6D
10:54:36.586 [TX CF1] 67 21 04 5C 16 F0 05 90
10:54:36.596 [TX CF2] 67 22 C8 D0 B8 BD B8 1E
10:54:36.606 [TX CF3] 67 23 60 7C 85 AA 8D 13
10:54:36.617 [TX CF4] 67 24 BC 40 A5 7A 9E 9C
10:54:36.627 [TX CF5] 67 25 37 61 F0 DE 8B 70
10:54:36.638 [TX CF6] 67 26 EB 89 A0 13 C1 9B
10:54:36.648 [TX CF7] 67 27 AD 84 2B E1 7E FB
10:54:36.658 [TX CF8] 67 28 BE 75 CE 1F C5 CC
10:54:36.670 [TX CF9] 67 29 2B 54 B6 86 78 77
10:54:36.681 [TX CF10] 67 2A 0B 48 56 89 43 16
10:54:36.692 [TX CF11] 67 2B F0 AD D2 49 A0 48
10:54:36.702 [TX CF12] 67 2C 42 1B 00 C0 2A 40
10:54:36.713 [TX CF13] 67 2D 5D A0 DB C2 93 41
10:54:36.725 [TX CF14] 67 2E B0 1C 10 02 E1 65
10:54:36.735 [TX CF15] 67 2F D0 9B C0 6E 21 E0
10:54:36.746 [TX CF0] 67 20 FD D5 A9 12 68 C1
10:54:36.756 [TX CF1] 67 21 D1 0B 85 82 61 68
10:54:36.767 [TX CF2] 67 22 98 48 71 14 39 03
10:54:36.778 [TX CF3] 67 23 10 0A 1C C4 EC 0C
10:54:36.789 [TX CF4] 67 24 38 EE 0C 08 F0 2D
10:54:36.801 [TX CF5] 67 25 41 4A 09 EF 2A 7A
10:54:36.811 [TX CF6] 67 26 94 13 76 14 08 2C
10:54:36.822 [TX CF7] 67 27 22 87 30 B0 60 24
10:54:36.832 [TX CF8] 67 28 FB F8 10 BD 08 1C
10:54:36.844 [TX CF9] 67 29 8A 72 A8 C5 84 84
10:54:36.854 [TX CF10] 67 2A 5C 4B 04 8D 99 83
10:54:36.866 [TX CF11] 67 2B 0F 04 22 54 8F E4
10:54:36.876 [TX CF12] 67 2C 05 06 3C 2D 11 0A
10:54:36.886 [TX CF13] 67 2D 19 69 E7 F2 81 48
10:54:36.898 [TX CF14] 67 2E 37 E1 C0 90 E2 53
10:54:36.909 [TX CF15] 67 2F 50 58 82 A8 44 68
10:54:36.919 [TX CF0] 67 20 60 5C 0D F0 07 E0
10:54:36.931 [TX CF1] 67 21 83 F5 3D 50 6E 94
10:54:36.941 [TX CF2] 67 22 3A 03 21 C8 D0 27
10:54:36.951 [TX CF3] 67 23 34 A8 8D 81 2C 9D
10:54:36.962 [TX CF4] 67 24 26 C1 50 98 DA 10
10:54:36.973 [TX CF5] 67 25 19 29 D0 C0 6D 61
10:54:36.984 [TX CF6] 67 26 12 19 B5 21 91 86
10:54:36.994 [TX CF7] 67 27 7F FE 7A C2 6A 9C
10:54:37.004 [TX CF8] 67 28 87 37 FF 80 EF 5B
10:54:37.015 [TX CF9] 67 29 A8 4D 29 30 AB 44
10:54:37.025 [TX CF10] 67 2A 4A 0D 00 EA 9B E0
10:54:37.036 [TX CF11] 67 2B 28 A1 89 82 85 10
10:54:37.048 [TX CF12] 67 2C 6E A1 2F 50 83 52
10:54:37.058 [TX CF13] 67 2D 82 A8 94 84 C1 60
10:54:37.069 [TX CF14] 67 2E 4A 70 09 10 48 13
10:54:37.081 [TX CF15] 67 2F 38 2C D0 88 6D 65
10:54:37.092 [TX CF0] 67 20 4E A8 1B 40 3F 80
10:54:37.103 [TX CF1] 67 21 94 42 19 90 48 64
10:54:37.114 [TX CF2] 67 22 8B F8 77 BF B3 6E
10:54:37.125 [TX CF3] 67 23 09 CC 3B BF F8 24
10:54:37.135 [TX CF4] 67 24 86 13 E0 85 4A 21
10:54:37.147 [TX CF5] 67 25 7D 14 AA 11 E5 78
10:54:37.159 [TX CF6] 67 26 3B 25 80 7D 2F FA
10:54:37.169 [TX CF7] 67 27 6F 03 DA 1A 0D 93
10:54:37.179 [TX CF8] 67 28 37 0B 57 F2 21 BD
10:54:37.191 [TX CF9] 67 29 55 A1 1C 56 13 16
10:54:37.201 [TX CF10] 67 2A 5A 43 9F 5A C7 C8
10:54:37.211 [TX CF11] 67 2B 58 D3 10 5F 03 94
10:54:37.222 [TX CF12] 67 2C 5F 87 BD 5B 8F 53
10:54:37.234 [TX CF13] 67 2D 5C C3 03 36 61 B1
10:54:37.244 [TX CF14] 67 2E 54 A1 00 93 41 23
10:54:37.254 [TX CF15] 67 2F 06 5C 3F E6 68 6F
10:54:37.265 [TX CF0] 67 20 EC C0 59 C0 F3 E5
10:54:37.275 [TX CF1] 67 21 11 06 66 18 0F 14
10:54:37.286 [TX CF2] 67 22 00 60 07 85 A1 84
10:54:37.297 [TX CF3] 67 23 22 22 6B C1 49 84
10:54:37.308 [TX CF4] 67 24 26 80 6B C1 A7 86
10:54:37.319 [TX CF5] 67 25 02 67 0A A0 48 26
10:54:37.330 [TX CF6] 67 26 0D 4C 24 11 06 B6
10:54:37.341 [TX CF7] 67 27 10 88 05 3E 01 70
10:54:37.352 [TX CF8] 67 28 DA E1 B6 14 FA 65
10:54:37.364 [TX CF9] 67 29 82 FC 4D C2 0B D1
10:54:37.374 [TX CF10] 67 2A 61 E1 98 42 C1 28
10:54:37.385 [TX CF11] 67 2B 8D 30 A0 90 58 2E
10:54:37.396 [TX CF12] 67 2C D6 0C 60 D5 09 80
10:54:37.406 [TX CF13] 67 2D B4 08 55 C2 E0 E7
10:54:37.417 [TX CF14] 67 2E 40 4F 8B 8A 09 00
10:54:37.427 [TX CF15] 67 2F DB 06 9A 10 4C 84
10:54:37.437 [TX CF0] 67 20 07 5B 28 BA 40 75
10:54:37.447 [TX CF1] 67 21 20 14 2D 3F D6 DA
10:54:37.458 [TX CF2] 67 22 52 8B E4 0E 50 FB
10:54:37.469 [TX CF3] 67 23 C2 08 5B 80 57 00
10:54:37.481 [TX CF4] 67 24 7C 09 04 17 C1 70
10:54:37.492 [TX CF5] 67 25 17 81 02 98 DE 15
10:54:37.502 [TX CF6] 67 26 48 68 30 8E 44 20
10:54:37.513 [TX CF7] 67 27 DB 0B 82 E8 18 04
10:54:37.524 [TX CF8] 67 28 92 DB E1 36 A1 37
10:54:37.535 [TX CF9] 67 29 A6 70 5B D0 61 0D
10:54:37.545 [TX CF10] 67 2A 18 2C 30 FB 7F F4
10:54:37.556 [TX CF11] 67 2B F8 CC 8D 36 70 B2
10:54:37.566 [TX CF12] 67 2C C2 E1 FF D9 32 B0
10:54:37.576 [TX CF13] 67 2D DC 41 E0 FD 5E 13
10:54:37.589 [TX CF14] 67 2E CE 5F 4F FF 41 8C
10:54:37.600 [TX CF15] 67 2F 70 60 D0 C6 41 68
10:54:37.611 [TX CF0] 67 20 76 60 F9 07 87 20
10:54:37.622 [TX CF1] 67 21 7D 28 B1 41 F8 B6
10:54:37.633 [TX CF2] 67 22 A2 E1 38 83 C2 3A
10:54:37.644 [TX CF3] 67 23 BC 47 D0 BD 10 10
10:54:37.654 [TX CF4] 67 24 7E 8B 84 07 C1 EE
10:54:37.665 [TX CF5] 67 25 B8 5B AE 5F 88 34
10:54:37.676 [TX CF6] 67 26 3F AB C6 03 0B C4
10:54:37.687 [TX CF7] 67 27 04 07 28 B8 F1 C1
10:54:37.698 [TX CF8] 67 28 92 EF 01 D1 82 70
10:54:37.709 [TX CF9] 67 29 69 A0 0F C3 51 72
10:54:37.720 [TX CF10] 67 2A DC 41 9F 28 70 02
10:54:37.731 [TX CF11] 67 2B 12 EB DF 83 CA 2E
10:54:37.743 [TX CF12] 67 2C 57 80 B0 3D 40 B8
10:54:37.753 [TX CF13] 67 2D BA 30 11 17 19 C4
10:54:37.765 [TX CF14] 67 2E 1A 0B D5 EA BC E1
10:54:37.776 [TX CF15] 67 2F 63 E1 69 04 03 06
10:54:37.787 [TX CF0] 67 20 85 7B AE 3C 81 18
10:54:37.798 [TX CF1] 67 21 76 20 74 76 8B 8A
10:54:37.808 [TX CF2] 67 22 6B 06 98 32 06 CA
10:54:37.818 [TX CF3] 67 23 15 BA 64 4A 45 7B
10:54:37.828 [TX CF4] 67 24 A4 F0 CC 70 46 1A
10:54:37.839 [TX CF5] 67 25 80 42 63 07 2C BF
10:54:37.850 [TX CF6] 67 26 3F E8 0C 96 CA 27
10:54:37.860 [TX CF7] 67 27 06 9B FF D0 E3 3F
10:54:37.872 [TX CF8] 67 28 92 0C 04 06 11 40
10:54:37.882 [TX CF9] 67 29 C0 C9 B0 2C 68 6C
10:54:37.893 [TX CF10] 67 2A 38 47 76 03 1C 28
10:54:37.903 [TX CF11] 67 2B 46 68 05 58 5D A4
10:54:37.915 [TX CF12] 67 2C 0E D0 60 D4 3B 30
10:54:37.925 [TX CF13] 67 2D DC 19 D3 3A 05 C8
10:54:37.937 [TX CF14] 67 2E 01 90 1D A0 E0 C6
10:54:37.947 [TX CF15] 67 2F B1 8E D0 98 FF FC
10:54:37.958 [TX CF0] 67 20 17 DB 2A 96 0B C2
10:54:37.968 [TX CF1] 67 21 87 05 46 12 5B AC
10:54:37.978 [TX CF2] 67 22 5A 41 12 F0 62 AF
10:54:37.989 [TX CF3] 67 23 1C 09 1C 4D AA 04
10:54:38.001 [TX CF4] 67 24 AE 1B D1 85 5E 6A
10:54:38.011 [TX CF5] 67 25 70 78 1F 47 13 7A
10:54:38.022 [TX CF6] 67 26 98 48 E1 74 08 37
10:54:38.033 [TX CF7] 67 27 43 A3 07 80 F5 62
10:54:38.044 [TX CF8] 67 28 32 08 17 82 A3 07
10:54:38.056 [TX CF9] 67 29 51 21 15 3B E1 7C
10:54:38.066 [TX CF10] 67 2A 84 C0 B2 F2 28 55
10:54:38.076 [TX CF11] 67 2B 0E C5 84 F0 5D 47
10:54:38.087 [TX CF12] 67 2C F8 43 BF F6 01 EC
10:54:38.097 [TX CF13] 67 2D 38 21 F4 B0 72 04
10:54:38.107 [TX CF14] 67 2E 03 D8 70 85 39 58
10:54:38.119 [TX CF15] 67 2F A0 58 2F 85 64 30
10:54:38.129 [TX CF0] 67 20 A3 E9 46 08 48 2F
10:54:38.141 [TX CF1] 67 21 25 9C 30 C5 A9 7E
10:54:38.151 [TX CF2] 67 22 5F EB 01 74 1C 39
10:54:38.163 [TX CF3] 67 23 78 5F 5F FB 40 60
10:54:38.173 [TX CF4] 67 24 87 10 61 97 C8 5C
10:54:38.185 [TX CF5] 67 25 82 F4 64 43 18 65
10:54:38.197 [TX CF6] 67 26 17 BA 60 00 CF 0E
10:54:38.209 [TX CF7] 67 27 34 D1 2F 58 C7 01
10:54:38.220 [TX CF8] 67 28 AC 1C 81 B0 5E 7F
10:54:38.232 [TX CF9] 67 29 FB C0 64 07 12 6F
10:54:38.243 [TX CF10] 67 2A 97 90 71 80 DD 0E
10:54:38.254 [TX CF11] 67 2B 50 E6 2F 04 CE 05
10:54:38.265 [TX CF12] 67 2C EC EB 86 54 ED 2E
10:54:38.277 [TX CF13] 67 2D E8 DC 01 E4 1C C1
10:54:38.287 [TX CF14] 67 2E E8 5D 99 D4 03 E4
10:54:38.299 [TX CF15] 67 2F 39 93 EC BA C3 54
10:54:38.310 [TX CF0] 67 20 08 00 73 88 11 74
10:54:38.320 [TX CF1] 67 21 BF E7 82 02 A4 A3
10:54:38.331 [TX CF2] 67 22 11 44 3E 10 24 84
10:54:38.341 [TX CF3] 67 23 02 F4 25 50 0E 8A
10:54:38.351 [TX CF4] 67 24 AB 28 04 A6 65 D0
10:54:38.362 [TX CF5] 67 25 89 5E 21 37 88 24
10:54:38.373 [TX CF6] 67 26 AA 5D DA 83 4A 65
10:54:38.384 [TX CF7] 67 27 9D A5 D6 32 A8 73
10:54:38.396 [TX CF8] 67 28 AE 09 54 43 A3 C2
10:54:38.406 [TX CF9] 67 29 BD 63 C8 B0 C2 60
10:54:38.417 [TX CF10] 67 2A 31 9A 1C 2A 0D 12
10:54:38.428 [TX CF11] 67 2B 86 65 08 B0 50 E8
10:54:38.439 [TX CF12] 67 2C 6E F0 24 9C 1B 94
10:54:38.450 [TX CF13] 67 2D 53 C0 92 C3 F0 45
10:54:38.461 [TX CF14] 67 2E 87 E5 E7 81 DE E0
10:54:38.472 [TX CF15] 67 2F 52 A8 17 47 F1 22
10:54:38.482 [TX CF0] 67 20 8D 50 09 88 63 D3
10:54:38.493 [TX CF1] 67 21 A0 A5 10 88 A5 43
10:54:38.503 [TX CF2] 67 22 CA A5 A5 80 DC C4
10:54:38.515 [TX CF3] 67 23 78 FF 9B 68 40 12
10:54:38.526 [TX CF4] 67 24 30 49 11 40 2E 70
10:54:38.537 [TX CF5] 67 25 44 25 D0 E1 32 F1
10:54:38.549 [TX CF6] 67 26 FB D7 94 94 B4 B1
10:54:38.559 [TX CF7] 67 27 1C 23 F2 DA E0 B6
10:54:38.569 [TX CF8] 67 28 04 D0 14 58 40 24
10:54:38.579 [TX CF9] 67 29 B7 BA 74 E1 4D 07
10:54:38.590 [TX CF10] 67 2A 46 61 78 C0 41 B0
10:54:38.600 [TX CF11] 67 2B 10 E8 0C 0B 02 4F
10:54:38.611 [TX CF12] 67 2C 86 E5 84 70 20 37
10:54:38.621 [TX CF13] 67 2D 42 88 A4 92 4A AA
10:54:38.633 [TX CF14] 67 2E 82 09 D1 9A 5D 93
10:54:38.643 [TX CF15] 67 2F B8 70 25 E8 AC 38
10:54:38.654 [TX CF0] 67 20 BE 07 0E 10 0B D5
10:54:38.664 [TX CF1] 67 21 BE 93 42 56 00 2E
10:54:38.675 [TX CF2] 67 22 06 11 18 71 20 B2
10:54:38.685 [TX CF3] 67 23 43 F6 35 82 81 01
10:54:38.696 [TX CF4] 67 24 CC 50 2F 2E E4 16
10:54:38.706 [TX CF5] 67 25 7D 49 56 E2 AC 50
10:54:38.718 [TX CF6] 67 26 87 F4 3E 17 9E 03
10:54:38.730 [TX CF7] 67 27 04 38 03 B8 15 9E
10:54:38.741 [TX CF8] 67 28 18 95 A4 7F 0B 8B
10:54:38.753 [TX CF9] 67 29 17 08 9B 1A 59 85
10:54:38.764 [TX CF10] 67 2A E8 C9 8B 06 26 5C
10:54:38.774 [TX CF11] 67 2B 78 C6 68 76 9A 37
10:54:38.785 [TX CF12] 67 2C 32 E1 30 B9 16 10
10:54:38.795 [TX CF13] 67 2D 80 B1 A1 74 E0 DE
10:54:38.807 [TX CF14] 67 2E 41 AC 87 21 C2 83
10:54:38.817 [TX CF15] 67 2F 46 5C 03 4E 3C 6B
10:54:38.828 [TX CF0] 67 20 54 5C 63 6C 06 BC
10:54:38.839 [TX CF1] 67 21 3E D7 3C 2D 95 31
10:54:38.849 [TX CF2] 67 22 17 0F 83 6E 5E 03
10:54:38.860 [TX CF3] 67 23 76 3C A3 7C 5A 63
10:54:38.871 [TX CF4] 67 24 94 07 0C 3D 97 14
10:54:38.882 [TX CF5] 67 25 F4 86 B8 17 B6 8E
10:54:38.892 [TX CF6] 67 26 90 06 14 79 57 48
10:54:38.903 [TX CF7] 67 27 B0 C7 78 0A 38 78
10:54:38.914 [TX CF8] 67 28 AE C9 E1 17 05 E2
10:54:38.924 [TX CF9] 67 29 0E 74 25 14 37 22
10:54:38.936 [TX CF10] 67 2A 18 9B C1 6B 07 CA
10:54:38.947 [TX CF11] 67 2B 0D 34 9E 88 43 6F
10:54:38.957 [TX CF12] 67 2C 10 5A 1A C5 08 97
10:54:38.967 [TX CF13] 67 2D 45 92 FB 36 5D 2B
10:54:38.977 [TX CF14] 67 2E 8A 1A 0F 41 71 82
10:54:38.988 [TX CF15] 67 2F E1 07 F6 13 DF 06
10:54:38.998 [TX CF0] 67 20 02 5F 24 45 81 7D
10:54:39.009 [TX CF1] 67 21 80 CA 24 BD 1B A5
10:54:39.019 [TX CF2] 67 22 D6 63 79 82 48 19
10:54:39.029 [TX CF3] 67 23 79 61 96 92 01 61
10:54:39.040 [TX CF4] 67 24 C7 BD A5 7D 21 05
10:54:39.051 [TX CF5] 67 25 80 6C 07 B2 DC 50
10:54:39.061 [TX CF6] 67 26 B0 E0 C2 30 A9 52
10:54:39.072 [TX CF7] 67 27 5C 61 25 80 02 30
10:54:39.082 [TX CF8] 67 28 0A 21 BF 73 03 B1
10:54:39.092 [TX CF9] 67 29 B8 40 FC 14 09 7C
10:54:39.103 [TX CF10] 67 2A 07 A0 BA C1 FF 82
10:54:39.113 [TX CF11] 67 2B C9 49 C3 0C BB 48
10:54:39.124 [TX CF12] 67 2C 46 90 3E 08 AC 26
10:54:39.134 [TX CF13] 67 2D F7 68 1C 83 80 F9
10:54:39.145 [TX CF14] 67 2E 82 8C 07 C2 07 B0
10:54:39.155 [TX CF15] 67 2F F8 2B 25 E2 2A 21
10:54:39.166 [TX CF0] 67 20 FC 6D 68 12 0A 25
10:54:39.177 [TX CF1] 67 21 26 11 60 DF FC E9
10:54:39.187 [TX CF2] 67 22 F8 F1 82 16 FC 7D
10:54:39.197 [TX CF3] 67 23 09 21 05 A3 81 B2
10:54:39.208 [TX CF4] 67 24 81 4A 2E 7D 1C B5
10:54:39.219 [TX CF5] 67 25 31 57 84 0B E1 3A
10:54:39.229 [TX CF6] 67 26 FE E5 69 D0 64 EC
10:54:39.240 [TX CF7] 67 27 12 29 8A 1E 01 AC
10:54:39.250 [TX CF8] 67 28 33 6F EA 27 16 00
10:54:39.261 [TX CF9] 67 29 14 0C 8D 3D 24 87
10:54:39.271 [TX CF10] 67 2A C2 09 3E EA 59 BC
10:54:39.281 [TX CF11] 67 2B 18 BB 44 02 57 09
10:54:39.292 [TX CF12] 67 2C E8 40 37 F3 5D 06
10:54:39.303 [TX CF13] 67 2D E6 F3 09 83 C2 61
10:54:39.313 [TX CF14] 67 2E F4 2A E4 E5 7E 00
10:54:39.324 [TX CF15] 67 2F E1 1C C5 1E CB 60
10:54:39.334 [TX CF0] 67 20 C4 0D 40 B4 50 20
10:54:39.344 [TX CF1] 67 21 DE AE 81 17 0C 04
10:54:39.354 [TX CF2] 67 22 13 0B 0E A4 48 B0
10:54:39.365 [TX CF3] 67 23 B4 8F 4C 02 93 19
10:54:39.375 [TX CF4] 67 24 E4 C0 28 31 86 42
10:54:39.385 [TX CF5] 67 25 03 5C 38 1F C9 CD
10:54:39.395 [TX CF6] 67 26 A3 11 0F 80 66 A0
10:54:39.406 [TX CF7] 67 27 43 78 3A 1C A8 07
10:54:39.416 [TX CF8] 67 28 4A 11 01 F0 12 B0
10:54:39.426 [TX CF9] 67 29 A5 43 6F B4 98 5D
10:54:39.437 [TX CF10] 67 2A A3 27 42 5C A1 0A
10:54:39.447 [TX CF11] 67 2B 39 01 9B 81 D0 33
10:54:39.459 [TX CF12] 67 2C 54 2E 77 42 F5 48
10:54:39.470 [TX CF13] 67 2D 80 8F A0 94 F5 FA
10:54:39.481 [TX CF14] 67 2E 10 29 06 22 8F D4
10:54:39.491 [TX CF15] 67 2F F3 E2 4A F0 87 70
10:54:39.502 [TX CF0] 67 20 21 E0 59 42 CB 65
10:54:39.513 [TX CF1] 67 21 B8 11 60 B6 AC B0
10:54:39.523 [TX CF2] 67 22 92 11 C0 B6 F0 20
10:54:39.534 [TX CF3] 67 23 9C 58 75 C4 93 0D
10:54:39.544 [TX CF4] 67 24 01 7F 01 FF FF FF
10:54:39.563 [RX SF ] 67 02 76 02 FF FF FF FF
10:54:39.563 [RX    ] 76 02
10:54:39.563 [PASS  ] TransferData block=2 | expected: 76 ... | received: 76 02
10:54:39.574 ------------------------------------------------------------------------
10:54:39.574 [STEP  ] 0x36 block=3  offset=4080/45254  (9%)
10:54:39.574 [TX TransferData block=3 len=2040] 36 03 36 18 0C 8E 31 42 27 B5 6B A4 C3 ED 19 7A...
10:54:39.575 [TX FF ] 67 17 FA 36 03 36 18 0C
10:54:39.585 [TX CF1] 67 21 8E 31 42 27 B5 6B
10:54:39.595 [TX CF2] 67 22 A4 C3 ED 19 7A 14
10:54:39.606 [TX CF3] 67 23 0C A8 09 55 2E EF
10:54:39.616 [TX CF4] 67 24 42 CA 57 0F BD D0
10:54:39.626 [TX CF5] 67 25 14 60 59 43 B7 E7
10:54:39.637 [TX CF6] 67 26 B1 15 C3 2D A0 D9
10:54:39.647 [TX CF7] 67 27 C0 B8 80 BB 0B 28
10:54:39.659 [TX CF8] 67 28 BE 1F 8A 1C 1C 07
10:54:39.670 [TX CF9] 67 29 86 01 E0 90 7E 2A
10:54:39.681 [TX CF10] 67 2A 0B EC 18 68 40 E0
10:54:39.691 [TX CF11] 67 2B 90 58 34 1E 11 0C
10:54:39.702 [TX CF12] 67 2C 88 45 23 12 01 DA
10:54:39.712 [TX CF13] 67 2D 17 01 74 12 5A C5
10:54:39.722 [TX CF14] 67 2E 22 0A 30 1D 2F 85
10:54:39.734 [TX CF15] 67 2F 5A 91 04 B0 1F B0
10:54:39.744 [TX CF0] 67 20 AB 52 68 36 03 12
10:54:39.755 [TX CF1] 67 21 1C 98 3C 17 A8 80
10:54:39.765 [TX CF2] 67 22 42 03 60 FD 48 30
10:54:39.775 [TX CF3] 67 23 04 C0 75 FF CA A1
10:54:39.786 [TX CF4] 67 24 BC 00 AC 16 0A 25
10:54:39.796 [TX CF5] 67 25 82 86 35 0E AB FC
10:54:39.807 [TX CF6] 67 26 03 61 FA 38 41 21
10:54:39.817 [TX CF7] 67 27 44 25 54 FE 22 12
10:54:39.829 [TX CF8] 67 28 AD FF 01 68 7E BA
10:54:39.840 [TX CF9] 67 29 34 BA 47 06 D0 37
10:54:39.850 [TX CF10] 67 2A C0 08 87 0A C0 8F
10:54:39.860 [TX CF11] 67 2B C3 81 22 C9 40 12
10:54:39.872 [TX CF12] 67 2C 19 51 E9 38 AB 54
10:54:39.882 [TX CF13] 67 2D 1E 47 1A A1 E2 AC
10:54:39.892 [TX CF14] 67 2E 5C AB 4A 87 0E 5D
10:54:39.904 [TX CF15] 67 2F 86 7F 22 A1 59 E8
10:54:39.915 [TX CF0] 67 20 74 A8 15 85 32 8D
10:54:39.926 [TX CF1] 67 21 82 09 22 E1 59 F2
10:54:39.937 [TX CF2] 67 22 50 3C 15 9E 83 4A
10:54:39.948 [TX CF3] 67 23 85 58 13 A8 D9 53
10:54:39.959 [TX CF4] 67 24 C8 D8 A5 F4 93 4A
10:54:39.970 [TX CF5] 67 25 10 19 54 53 A3 A2
10:54:39.981 [TX CF6] 67 26 B4 24 B0 C9 42 34
10:54:39.992 [TX CF7] 67 27 56 0F 54 16 C7 68
10:54:40.003 [TX CF8] 67 28 ED C0 3B 70 84 BA
10:54:40.014 [TX CF9] 67 29 16 3B 04 25 03 04
10:54:40.024 [TX CF10] 67 2A 03 93 08 62 21 62
10:54:40.036 [TX CF11] 67 2B B0 28 90 A9 43 EA
10:54:40.047 [TX CF12] 67 2C 50 78 8D 0F 43 60
10:54:40.058 [TX CF13] 67 2D 8B 78 24 4A 28 E4
10:54:40.069 [TX CF14] 67 2E 56 09 9D 2E 27 40
10:54:40.080 [TX CF15] 67 2F B5 41 52 B8 2B 90
10:54:40.091 [TX CF0] 67 20 53 A1 31 57 83 0E
10:54:40.101 [TX CF1] 67 21 82 4C 29 53 2A 02
10:54:40.113 [TX CF2] 67 22 C1 2E 94 2B A5 02
10:54:40.123 [TX CF3] 67 23 A4 C1 69 30 D5 5A
10:54:40.134 [TX CF4] 67 24 12 14 8C 23 7C 32
10:54:40.145 [TX CF5] 67 25 34 3E 0D 82 00 8B
10:54:40.155 [TX CF6] 67 26 0F EB FB 5D 65 FC
10:54:40.166 [TX CF7] 67 27 FD A2 71 E8 C0 64
10:54:40.177 [TX CF8] 67 28 50 CA 48 E3 28 02
10:54:40.187 [TX CF9] 67 29 38 09 14 8D 7F 1C
10:54:40.198 [TX CF10] 67 2A 1D 82 0A 2B 48 6F
10:54:40.209 [TX CF11] 67 2B F2 3F 49 2C 61 08
10:54:40.219 [TX CF12] 67 2C B1 42 AD 11 0A 18
10:54:40.230 [TX CF13] 67 2D BF 02 44 07 BC 2E
10:54:40.241 [TX CF14] 67 2E 02 B8 B0 07 5C 20
10:54:40.251 [TX CF15] 67 2F 31 0C 04 0E E9 11
10:54:40.262 [TX CF0] 67 20 16 61 A4 F8 32 F0
10:54:40.273 [TX CF1] 67 21 82 32 E1 F4 70 44
10:54:40.284 [TX CF2] 67 22 F0 79 1A 10 F7 19
10:54:40.295 [TX CF3] 67 23 F0 FD 1A 30 9D 12
10:54:40.305 [TX CF4] 67 24 B6 45 19 B8 40 3D
10:54:40.316 [TX CF5] 67 25 0C EC 20 6D 3C 36
10:54:40.326 [TX CF6] 67 26 30 03 A4 30 16 58
10:54:40.337 [TX CF7] 67 27 12 68 07 E5 9F 84
10:54:40.347 [TX CF8] 67 28 31 9D 0E 81 B7 0C
10:54:40.358 [TX CF9] 67 29 3E 7D 00 8F 66 63
10:54:40.368 [TX CF10] 67 2A 8C AC 20 82 A8 1A
10:54:40.378 [TX CF11] 67 2B 40 05 30 80 7B 0E
10:54:40.390 [TX CF12] 67 2C C8 41 BF EE 24 38
10:54:40.401 [TX CF13] 67 2D EE 28 05 C0 0B 70
10:54:40.413 [TX CF14] 67 2E FF C1 DC 50 7B E7
10:54:40.424 [TX CF15] 67 2F F2 83 AC 38 0D A8
10:54:40.436 [TX CF0] 67 20 5B 0C 5F FA 03 BD
10:54:40.447 [TX CF1] 67 21 73 A5 87 74 42 2E
10:54:40.458 [TX CF2] 67 22 41 BE 81 6F 0B 7D
10:54:40.469 [TX CF3] 67 23 3A 42 2A 80 B1 04
10:54:40.481 [TX CF4] 67 24 B2 37 D0 8B F4 E4
10:54:40.492 [TX CF5] 67 25 4D 90 17 88 48 6E
10:54:40.502 [TX CF6] 67 26 54 AE A8 52 09 6C
10:54:40.513 [TX CF7] 67 27 17 A1 13 80 47 EF
10:54:40.523 [TX CF8] 67 28 3C 98 CD 6E 39 6D
10:54:40.535 [TX CF9] 67 29 8F 2F 90 99 C0 22
10:54:40.546 [TX CF10] 67 2A 13 3D 9A BA 07 B4
10:54:40.557 [TX CF11] 67 2B 3F 3B 06 49 E4 04
10:54:40.569 [TX CF12] 67 2C AA 1F D0 A0 48 A1
10:54:40.580 [TX CF13] 67 2D DE 05 DA 1C 7F D9
10:54:40.590 [TX CF14] 67 2E 97 04 5E 14 EF E6
10:54:40.600 [TX CF15] 67 2F C7 10 E0 C3 C3 D1
10:54:40.612 [TX CF0] 67 20 3F 21 B4 B8 6C 70
10:54:40.622 [TX CF1] 67 21 1F 2D EB F9 0F CF
10:54:40.633 [TX CF2] 67 22 9F 01 22 F9 60 3E
10:54:40.644 [TX CF3] 67 23 E0 28 36 AE C4 10
10:54:40.654 [TX CF4] 67 24 08 62 6F 10 19 49
10:54:40.664 [TX CF5] 67 25 91 08 14 A5 DB 8E
10:54:40.674 [TX CF6] 67 26 F5 8A 84 33 F8 08
10:54:40.685 [TX CF7] 67 27 4B 3E 09 86 A0 32
10:54:40.695 [TX CF8] 67 28 81 0D 05 C2 83 70
10:54:40.706 [TX CF9] 67 29 C0 DC 1B 28 44 26
10:54:40.717 [TX CF10] 67 2A 38 14 08 00 E8 57
10:54:40.727 [TX CF11] 67 2B 38 5C 28 FF ED AD
10:54:40.737 [TX CF12] 67 2C 26 99 22 03 01 2A
10:54:40.749 [TX CF13] 67 2D 0C 21 8C F0 68 9F
10:54:40.759 [TX CF14] 67 2E 30 89 F0 C4 78 1A
10:54:40.769 [TX CF15] 67 2F E8 F4 70 BE 0B 55
10:54:40.781 [TX CF0] 67 20 2E B7 78 C1 D0 82
10:54:40.791 [TX CF1] 67 21 78 60 3C 05 7C 00
10:54:40.802 [TX CF2] 67 22 F8 58 2F 12 04 34
10:54:40.813 [TX CF3] 67 23 14 3B 0D C0 71 00
10:54:40.823 [TX CF4] 67 24 4D 08 20 1C 00 F4
10:54:40.834 [TX CF5] 67 25 1D 10 52 17 34 70
10:54:40.846 [TX CF6] 67 26 0F B8 7B 5F BB 4D
10:54:40.857 [TX CF7] 67 27 1A 90 0E 00 3C 04
10:54:40.867 [TX CF8] 67 28 87 C5 88 D1 DA 3A
10:54:40.878 [TX CF9] 67 29 51 AF 18 96 08 C6
10:54:40.890 [TX CF10] 67 2A 4B 65 01 C9 41 24
10:54:40.901 [TX CF11] 67 2B 72 09 15 9A F1 16
10:54:40.913 [TX CF12] 67 2C A1 45 3A 1A 6C 44
10:54:40.924 [TX CF13] 67 2D 02 5D 0D 45 41 9E
10:54:40.936 [TX CF14] 67 2E D3 E2 27 F1 DD F5
10:54:40.946 [TX CF15] 67 2F 0A 0B DA 14 A1 DF
10:54:40.957 [TX CF0] 67 20 93 CD E8 13 8A 18
10:54:40.969 [TX CF1] 67 21 44 08 37 83 47 88
10:54:40.980 [TX CF2] 67 22 8D C7 60 7E 00 DE
10:54:40.991 [TX CF3] 67 23 1D F9 34 1A 81 66
10:54:41.001 [TX CF4] 67 24 11 C1 98 CD EC B3
10:54:41.013 [TX CF5] 67 25 01 98 3B 4F 0C 06
10:54:41.024 [TX CF6] 67 26 68 78 24 65 54 28
10:54:41.035 [TX CF7] 67 27 5D 0B 5D 1A 30 1D
10:54:41.045 [TX CF8] 67 28 82 53 3B E8 08 B0
10:54:41.055 [TX CF9] 67 29 A4 85 40 03 C4 1C
10:54:41.066 [TX CF10] 67 2A 86 D1 46 06 60 3E
10:54:41.077 [TX CF11] 67 2B C6 F1 51 90 52 28
10:54:41.087 [TX CF12] 67 2C 1A 1B 46 BE 47 0B
10:54:41.099 [TX CF13] 67 2D B8 7F A4 74 BB 80
10:54:41.109 [TX CF14] 67 2E E7 08 DD E3 17 70
10:54:41.120 [TX CF15] 67 2F E4 C7 08 89 7F 24
10:54:41.131 [TX CF0] 67 20 D1 EA 01 19 08 F5
10:54:41.143 [TX CF1] 67 21 C0 53 83 BB 0E FC
10:54:41.154 [TX CF2] 67 22 8E 66 AF 82 8D 13
10:54:41.165 [TX CF3] 67 23 1D 41 22 9B 52 FB
10:54:41.176 [TX CF4] 67 24 6F 98 25 71 2E 87
10:54:41.186 [TX CF5] 67 25 5B 65 33 A7 81 20
10:54:41.197 [TX CF6] 67 26 BE C6 6D B6 A1 6A
10:54:41.208 [TX CF7] 67 27 35 D1 5A 10 6E 84
10:54:41.219 [TX CF8] 67 28 BE F1 6D 8E 5E 1B
10:54:41.230 [TX CF9] 67 29 A0 5C 29 31 CB B4
10:54:41.241 [TX CF10] 67 2A 7B F1 D1 A9 47 2B
10:54:41.251 [TX CF11] 67 2B 71 EF 67 46 11 70
10:54:41.261 [TX CF12] 67 2C A4 47 34 16 01 F6
10:54:41.272 [TX CF13] 67 2D 10 0B C0 C3 08 1E
10:54:41.283 [TX CF14] 67 2E C3 E1 BD 59 40 D5
10:54:41.293 [TX CF15] 67 2F C2 71 B5 82 C0 21
10:54:41.305 [TX CF0] 67 20 8E 44 3E 14 9F C3
10:54:41.315 [TX CF1] 67 21 B5 09 43 92 0F BD
10:54:41.325 [TX CF2] 67 22 83 FE 60 40 BD 84
10:54:41.336 [TX CF3] 67 23 57 F1 31 65 42 78
10:54:41.346 [TX CF4] 67 24 81 AB 8C 86 79 4A
10:54:41.357 [TX CF5] 67 25 89 84 C0 95 C2 7A
10:54:41.367 [TX CF6] 67 26 2F 94 8A 58 3F B0
10:54:41.377 [TX CF7] 67 27 0F 61 18 A5 54 AF
10:54:41.388 [TX CF8] 67 28 18 20 CC 0B E8 24
10:54:41.399 [TX CF9] 67 29 30 88 00 45 08 83
10:54:41.410 [TX CF10] 67 2A 9E 1F 63 8E 09 44
10:54:41.420 [TX CF11] 67 2B 8F A1 31 A6 68 2D
10:54:41.431 [TX CF12] 67 2C 1E 1B 46 22 85 1E
10:54:41.441 [TX CF13] 67 2D E8 18 30 90 9B C1
10:54:41.452 [TX CF14] 67 2E 8D 74 7C 16 85 4E
10:54:41.462 [TX CF15] 67 2F 11 18 D0 53 00 F2
10:54:41.473 [TX CF0] 67 20 0F 2C 03 E8 41 BA
10:54:41.484 [TX CF1] 67 21 38 9D 93 EF 0D EF
10:54:41.494 [TX CF2] 67 22 EE 05 E0 3C 65 23
10:54:41.504 [TX CF3] 67 23 FD 9D 30 2F E0 10
10:54:41.515 [TX CF4] 67 24 40 E3 84 0B A2 F0
10:54:41.525 [TX CF5] 67 25 83 21 30 10 A0 65
10:54:41.536 [TX CF6] 67 26 02 21 30 19 80 59
10:54:41.546 [TX CF7] 67 27 42 20 63 94 BA 84
10:54:41.557 [TX CF8] 67 28 76 99 20 03 00 6F
10:54:41.567 [TX CF9] 67 29 83 A3 A0 BC 46 E9
10:54:41.577 [TX CF10] 67 2A B6 91 E4 24 E4 25
10:54:41.588 [TX CF11] 67 2B 37 8C 0D 0A 5B D0
10:54:41.599 [TX CF12] 67 2C 39 E1 08 16 01 28
10:54:41.609 [TX CF13] 67 2D 0F 62 8C 00 40 0D
10:54:41.620 [TX CF14] 67 2E FD F9 1F 87 F5 28
10:54:41.632 [TX CF15] 67 2F BC 68 2E 06 E4 36
10:54:41.642 [TX CF0] 67 20 5F E3 1A 32 87 76
10:54:41.653 [TX CF1] 67 21 08 BD 22 A2 00 6D
10:54:41.665 [TX CF2] 67 22 FF B8 90 86 1E 8F
10:54:41.676 [TX CF3] 67 23 EA 1F E0 48 A1 D5
10:54:41.687 [TX CF4] 67 24 FF 68 51 00 C3 11
10:54:41.699 [TX CF5] 67 25 50 C2 97 D0 4A 52
10:54:41.710 [TX CF6] 67 26 88 A7 20 4A C3 5E
10:54:41.720 [TX CF7] 67 27 47 47 C0 FD 3B 10
10:54:41.732 [TX CF8] 67 28 48 60 92 40 B8 92
10:54:41.742 [TX CF9] 67 29 0D 27 5A 11 5A 66
10:54:41.752 [TX CF10] 67 2A 9E F5 66 B4 60 17
10:54:41.762 [TX CF11] 67 2B F8 40 66 11 88 9D
10:54:41.772 [TX CF12] 67 2C 26 83 60 53 E1 01
10:54:41.783 [TX CF13] 67 2D 5D 01 BF 8B 68 66
10:54:41.794 [TX CF14] 67 2E 0A 6C 3E 17 0F EC
10:54:41.804 [TX CF15] 67 2F 06 4B 10 A4 4D 6A
10:54:41.816 [TX CF0] 67 20 0A 9C 22 6A A8 EE
10:54:41.826 [TX CF1] 67 21 7F D8 6D 21 4E 84
10:54:41.837 [TX CF2] 67 22 06 D1 29 A1 AA 50
10:54:41.848 [TX CF3] 67 23 9C 41 E0 10 F8 5D
10:54:41.858 [TX CF4] 67 24 26 E1 50 90 DA 35
10:54:41.868 [TX CF5] 67 25 50 2C 42 D2 0B 52
10:54:41.878 [TX CF6] 67 26 D7 08 42 C2 38 6D
10:54:41.890 [TX CF7] 67 27 0D 93 87 C7 7B 88
10:54:41.900 [TX CF8] 67 28 69 C2 D7 49 B2 94
10:54:41.911 [TX CF9] 67 29 22 22 BC 82 B1 10
10:54:41.921 [TX CF10] 67 2A 5E E1 44 75 E3 04
10:54:41.932 [TX CF11] 67 2B 8C 2F F0 84 2C C0
10:54:41.942 [TX CF12] 67 2C 70 42 82 C2 1F 27
10:54:41.952 [TX CF13] 67 2D 61 42 C4 64 08 87
10:54:41.964 [TX CF14] 67 2E 02 8C C7 C1 1B 86
10:54:41.974 [TX CF15] 67 2F 6C F4 07 C3 6A 21
10:54:41.985 [TX CF0] 67 20 01 D2 0A 7F 0D FF
10:54:41.995 [TX CF1] 67 21 F9 2E 87 3D 99 0F
10:54:42.005 [TX CF2] 67 22 A5 99 0C 67 FE 9E
10:54:42.017 [TX CF3] 67 23 42 A2 AC 01 96 1E
10:54:42.027 [TX CF4] 67 24 4D A1 2D 2F FE CA
10:54:42.038 [TX CF5] 67 25 D3 FA CE 81 AA 1F
10:54:42.049 [TX CF6] 67 26 1D AD 09 75 2D A5
10:54:42.060 [TX CF7] 67 27 32 15 22 94 DA 35
10:54:42.071 [TX CF8] 67 28 D2 0A 00 13 08 C3
10:54:42.082 [TX CF9] 67 29 23 0C F7 E5 B9 02
10:54:42.092 [TX CF10] 67 2A 79 0B 0F FF 41 80
10:54:42.102 [TX CF11] 67 2B 6F 29 E0 C0 36 B0
10:54:42.114 [TX CF12] 67 2C D4 DA 36 6D C1 71
10:54:42.124 [TX CF13] 67 2D FF 9D 84 D0 47 83
10:54:42.135 [TX CF14] 67 2E 3F 1F FC 83 00 E6
10:54:42.146 [TX CF15] 67 2F 52 C1 80 74 61 52
10:54:42.157 [TX CF0] 67 20 FF B1 F2 81 FC 33
10:54:42.169 [TX CF1] 67 21 9F A7 62 10 AF DA
10:54:42.179 [TX CF2] 67 22 87 04 22 1A 04 28
10:54:42.189 [TX CF3] 67 23 70 5E 88 93 0B 0A
10:54:42.200 [TX CF4] 67 24 42 02 6C 1F 0B 4F
10:54:42.210 [TX CF5] 67 25 E2 2B E0 5E 20 94
10:54:42.220 [TX CF6] 67 26 C1 E1 84 20 38 85
10:54:42.231 [TX CF7] 67 27 79 E4 94 8B F3 0C
10:54:42.241 [TX CF8] 67 28 0B 40 F5 04 98 80
10:54:42.251 [TX CF9] 67 29 DD 07 92 5D 0F C4
10:54:42.262 [TX CF10] 67 2A 13 C1 04 94 40 D0
10:54:42.273 [TX CF11] 67 2B D0 BE D0 CE FE 0C
10:54:42.283 [TX CF12] 67 2C A8 48 6E 1E 07 80
10:54:42.294 [TX CF13] 67 2D 6F AC 01 18 42 1C
10:54:42.304 [TX CF14] 67 2E F0 5C 54 18 78 2E
10:54:42.316 [TX CF15] 67 2F 18 A4 28 18 8A 04
10:54:42.326 [TX CF0] 67 20 71 CF 83 79 28 83
10:54:42.337 [TX CF1] 67 21 7E 50 3E 0E 1C 24
10:54:42.349 [TX CF2] 67 22 A7 F0 26 AE 64 A0
10:54:42.359 [TX CF3] 67 23 C6 18 30 80 BD 2D
10:54:42.371 [TX CF4] 67 24 18 46 4E 1A D0 68
10:54:42.382 [TX CF5] 67 25 18 8B 46 0B 3C E3
10:54:42.392 [TX CF6] 67 26 8E 03 88 A0 E0 9D
10:54:42.403 [TX CF7] 67 27 A8 5D 5D A0 F2 3F
10:54:42.414 [TX CF8] 67 28 52 0C 56 80 6F 05
10:54:42.424 [TX CF9] 67 29 4B 78 A3 C2 B5 AC
10:54:42.435 [TX CF10] 67 2A 98 85 D0 0A A1 D2
10:54:42.446 [TX CF11] 67 2B 77 03 70 DA C1 A0
10:54:42.456 [TX CF12] 67 2C 10 D8 04 52 01 23
10:54:42.466 [TX CF13] 67 2D 34 20 A6 C2 42 EB
10:54:42.477 [TX CF14] 67 2E 4A DF 48 D6 48 69
10:54:42.487 [TX CF15] 67 2F D4 3C 04 66 0B 72
10:54:42.498 [TX CF0] 67 20 A2 60 5E 88 42 26
10:54:42.508 [TX CF1] 67 21 34 AB CC 06 47 13
10:54:42.519 [TX CF2] 67 22 A1 D2 EE 30 1B DE
10:54:42.530 [TX CF3] 67 23 06 E8 FF 42 03 73
10:54:42.541 [TX CF4] 67 24 B8 06 C1 5F C0 1C
10:54:42.552 [TX CF5] 67 25 42 2C BB 03 E1 F6
10:54:42.564 [TX CF6] 67 26 FE 40 A5 A7 44 2C
10:54:42.575 [TX CF7] 67 27 54 82 FE 1A C9 15
10:54:42.585 [TX CF8] 67 28 46 87 40 5C 01 21
10:54:42.597 [TX CF9] 67 29 81 5E E1 54 28 5F
10:54:42.609 [TX CF10] 67 2A 40 FE 84 0A F4 2F
10:54:42.620 [TX CF11] 67 2B C2 3A 8A 82 43 40
10:54:42.633 [TX CF12] 67 2C AF 57 69 30 9B 44
10:54:42.645 [TX CF13] 67 2D 6A 45 89 AF 1C 70
10:54:42.655 [TX CF14] 67 2E 92 76 E6 43 CC 00
10:54:42.665 [TX CF15] 67 2F D8 18 21 E2 7F C4
10:54:42.677 [TX CF0] 67 20 F8 40 65 BF 7E 8D
10:54:42.687 [TX CF1] 67 21 50 59 5D 4A 10 31
10:54:42.698 [TX CF2] 67 22 C3 DA 30 94 F0 80
10:54:42.708 [TX CF3] 67 23 74 08 0C 8A 1D 21
10:54:42.719 [TX CF4] 67 24 1B E0 1E C8 72 85
10:54:42.729 [TX CF5] 67 25 2C 68 0C 70 6A 09
10:54:42.740 [TX CF6] 67 26 31 0C 05 79 13 87
10:54:42.751 [TX CF7] 67 27 6B B5 45 1D 8F 90
10:54:42.761 [TX CF8] 67 28 90 D0 EB 50 29 17
10:54:42.773 [TX CF9] 67 29 A7 CE 5D 56 46 FA
10:54:42.784 [TX CF10] 67 2A 02 04 1E 8E 7A 20
10:54:42.796 [TX CF11] 67 2B 06 9A 4B 02 33 84
10:54:42.806 [TX CF12] 67 2C B9 C3 A6 14 10 04
10:54:42.818 [TX CF13] 67 2D 12 28 55 0E 84 A1
10:54:42.829 [TX CF14] 67 2E 87 03 B0 9B D2 78
10:54:42.840 [TX CF15] 67 2F 1B 21 6A 15 0A 1C
10:54:42.850 [TX CF0] 67 20 21 81 06 28 FE 04
10:54:42.861 [TX CF1] 67 21 07 60 6D 42 65 49
10:54:42.872 [TX CF2] 67 22 2C 68 4B C0 66 81
10:54:42.882 [TX CF3] 67 23 6F 09 79 72 5C C4
10:54:42.892 [TX CF4] 67 24 86 83 5C E4 41 F8
10:54:42.903 [TX CF5] 67 25 10 F2 DE 02 86 2F
10:54:42.914 [TX CF6] 67 26 DF C9 39 26 7A 2E
10:54:42.925 [TX CF7] 67 27 10 61 84 15 D0 05
10:54:42.935 [TX CF8] 67 28 E8 AA 94 0A E5 86
10:54:42.946 [TX CF9] 67 29 B8 C8 E9 10 0B 44
10:54:42.956 [TX CF10] 67 2A B8 66 05 71 15 84
10:54:42.966 [TX CF11] 67 2B 0B A0 80 40 1F 86
10:54:42.977 [TX CF12] 67 2C C7 FD AB D9 0D B0
10:54:42.987 [TX CF13] 67 2D 86 10 C7 32 28 14
10:54:42.998 [TX CF14] 67 2E 42 B9 FC 8B 12 65
10:54:43.009 [TX CF15] 67 2F A3 12 E0 9B 4C 2F
10:54:43.019 [TX CF0] 67 20 5F E1 38 14 09 8D
10:54:43.030 [TX CF1] 67 21 CB EB 71 89 9B 81
10:54:43.040 [TX CF2] 67 22 97 9B C9 C8 FF A6
10:54:43.052 [TX CF3] 67 23 78 80 EE 10 D3 9C
10:54:43.062 [TX CF4] 67 24 ED 54 21 70 05 EC
10:54:43.073 [TX CF5] 67 25 11 A4 08 35 0F F3
10:54:43.083 [TX CF6] 67 26 4B 08 2D 2B 59 23
10:54:43.093 [TX CF7] 67 27 AC 50 E2 11 8C 0E
10:54:43.104 [TX CF8] 67 28 0E 10 54 82 F2 4C
10:54:43.115 [TX CF9] 67 29 C0 AB 8D C4 BE 82
10:54:43.125 [TX CF10] 67 2A EE 0E 84 30 30 06
10:54:43.138 [TX CF11] 67 2B A1 41 84 81 5D 82
10:54:43.149 [TX CF12] 67 2C 43 08 81 D8 13 BA
10:54:43.159 [TX CF13] 67 2D 15 7F E2 03 13 80
10:54:43.170 [TX CF14] 67 2E 1D 2E 54 84 70 85
10:54:43.181 [TX CF15] 67 2F B4 06 01 98 1C 77
10:54:43.192 [TX CF0] 67 20 F2 21 BD 4A 61 00
10:54:43.202 [TX CF1] 67 21 E9 98 F0 63 A0 96
10:54:43.213 [TX CF2] 67 22 42 30 D4 85 32 C5
10:54:43.223 [TX CF3] 67 23 71 38 5F 31 38 0A
10:54:43.234 [TX CF4] 67 24 F1 10 60 FF FF FF
10:54:43.253 [RX SF ] 67 02 76 03 FF FF FF FF
10:54:43.254 [RX    ] 76 03
10:54:43.254 [PASS  ] TransferData block=3 | expected: 76 ... | received: 76 03
10:54:43.264 ------------------------------------------------------------------------
10:54:43.264 [STEP  ] 0x36 block=4  offset=6120/45254  (13%)
10:54:43.264 [TX TransferData block=4 len=2040] 36 04 03 74 13 41 D9 69 10 27 80 12 A8 17 44 D2...
10:54:43.265 [TX FF ] 67 17 FA 36 04 03 74 13
10:54:43.276 [TX CF1] 67 21 41 D9 69 10 27 80
10:54:43.286 [TX CF2] 67 22 12 A8 17 44 D2 85
10:54:43.298 [TX CF3] 67 23 00 04 06 F6 10 38
10:54:43.309 [TX CF4] 67 24 06 AF FF 05 81 68
10:54:43.319 [TX CF5] 67 25 A3 40 6F 06 2C 9A
10:54:43.330 [TX CF6] 67 26 D9 57 29 30 A5 3C
10:54:43.341 [TX CF7] 67 27 30 45 44 02 30 23
10:54:43.352 [TX CF8] 67 28 10 41 98 2A E4 15
10:54:43.362 [TX CF9] 67 29 58 53 D9 F0 21 61
10:54:43.373 [TX CF10] 67 2A 85 29 00 4B 03 59
10:54:43.384 [TX CF11] 67 2B 4F C3 53 A4 F2 2E
10:54:43.395 [TX CF12] 67 2C 4A 14 3F 1B 5C 66
10:54:43.408 [TX CF13] 67 2D C0 54 87 7F F6 15
10:54:43.418 [TX CF14] 67 2E 43 3B FD 5D 61 F3
10:54:43.429 [TX CF15] 67 2F 5E 43 2D FF 2E B1
10:54:43.441 [TX CF0] 67 20 FF 53 0F C0 3C 01
10:54:43.452 [TX CF1] 67 21 84 F4 69 4C 00 0D
10:54:43.463 [TX CF2] 67 22 70 30 41 01 E0 96
10:54:43.474 [TX CF3] 67 23 43 34 AB 82 41 46
10:54:43.485 [TX CF4] 67 24 A4 C2 2E 44 94 18
10:54:43.496 [TX CF5] 67 25 09 41 FA 34 3A 65
10:54:43.506 [TX CF6] 67 26 81 85 0B F5 06 22
10:54:43.517 [TX CF7] 67 27 18 D6 28 36 0B 94
10:54:43.529 [TX CF8] 67 28 FE 91 80 61 43 0A
10:54:43.539 [TX CF9] 67 29 E8 F2 45 98 48 20
10:54:43.550 [TX CF10] 67 2A 9F 0E AF E1 9D 83
10:54:43.560 [TX CF11] 67 2B A1 06 7E 1D 17 F8
10:54:43.571 [TX CF12] 67 2C 12 09 C5 27 11 72
10:54:43.581 [TX CF13] 67 2D 5E E1 46 FE 34 70
10:54:43.592 [TX CF14] 67 2E BE FE 63 12 29 B5
10:54:43.602 [TX CF15] 67 2F 26 0D A8 80 B9 40
10:54:43.614 [TX CF0] 67 20 FF B5 90 9A 52 55
10:54:43.624 [TX CF1] 67 21 88 FC 34 8C B8 24
10:54:43.636 [TX CF2] 67 22 8C F4 20 DA 99 95
10:54:43.647 [TX CF3] 67 23 2A D7 46 99 53 60
10:54:43.657 [TX CF4] 67 24 12 C8 CF 46 1D 78
10:54:43.668 [TX CF5] 67 25 8B DE 37 D4 28 67
10:54:43.679 [TX CF6] 67 26 46 9D 78 AB B8 01
10:54:43.690 [TX CF7] 67 27 84 74 71 D7 8C BB
10:54:43.700 [TX CF8] 67 28 88 15 86 1C 08 E7
10:54:43.710 [TX CF9] 67 29 3A F1 D7 70 03 19
10:54:43.721 [TX CF10] 67 2A E8 49 29 0D 8C 04
10:54:43.731 [TX CF11] 67 2B 58 49 26 30 C9 83
10:54:43.742 [TX CF12] 67 2C 5F 0B 57 FE 07 20
10:54:43.752 [TX CF13] 67 2D 8F 78 23 D7 89 7B
10:54:43.762 [TX CF14] 67 2E 9A 18 A7 46 BD 78
10:54:43.772 [TX CF15] 67 2F B7 BB 41 88 74 73
10:54:43.784 [TX CF0] 67 20 D7 8D 7B 80 37 2A
10:54:43.795 [TX CF1] 67 21 1D EB C7 BD C8 0B
10:54:43.806 [TX CF2] 67 22 21 00 2E 12 D8 EC
10:54:43.817 [TX CF3] 67 23 6E 3B 12 8E C2 63
10:54:43.827 [TX CF4] 67 24 B1 89 47 2F B7 07
10:54:43.838 [TX CF5] 67 25 F0 3A 10 8A 52 4F
10:54:43.849 [TX CF6] 67 26 08 3A 90 B2 7F E0
10:54:43.860 [TX CF7] 67 27 88 3C 3E 17 1F FD
10:54:43.871 [TX CF8] 67 28 92 39 02 96 6E BA
10:54:43.881 [TX CF9] 67 29 70 DD 87 C3 7A 92
10:54:43.892 [TX CF10] 67 2A 41 75 93 55 08 3F
10:54:43.902 [TX CF11] 67 2B E6 15 4C 7C 60 CF
10:54:43.913 [TX CF12] 67 2C 02 19 31 4B A1 24
10:54:43.923 [TX CF13] 67 2D 75 03 35 6C 43 09
10:54:43.933 [TX CF14] 67 2E A4 80 F0 9F 01 21
10:54:43.944 [TX CF15] 67 2F A4 BA C0 F8 75 C1
10:54:43.954 [TX CF0] 67 20 10 E7 FF C9 8C 14
10:54:43.965 [TX CF1] 67 21 80 02 E0 8E 44 52
10:54:43.977 [TX CF2] 67 22 18 50 01 90 D6 81
10:54:43.988 [TX CF3] 67 23 90 CA 01 B0 E5 22
10:54:44.000 [TX CF4] 67 24 68 FC 17 38 61 36
10:54:44.011 [TX CF5] 67 25 10 09 34 AA 9B 2A
10:54:44.022 [TX CF6] 67 26 A6 7C 36 40 0C 2D
10:54:44.033 [TX CF7] 67 27 3F A8 1E 42 52 78
10:54:44.043 [TX CF8] 67 28 82 F5 09 3E 20 F7
10:54:44.054 [TX CF9] 67 29 42 93 40 AC 58 71
10:54:44.064 [TX CF10] 67 2A 4B 14 63 52 8C 05
10:54:44.074 [TX CF11] 67 2B 8B 15 81 D9 64 68
10:54:44.085 [TX CF12] 67 2C 51 BE 90 69 09 06
10:54:44.096 [TX CF13] 67 2D 2A D3 46 C4 60 25
10:54:44.107 [TX CF14] 67 2E 18 88 46 05 58 84
10:54:44.117 [TX CF15] 67 2F 03 13 89 C4 35 50
10:54:44.129 [TX CF0] 67 20 D3 7E A0 E7 E4 31
10:54:44.140 [TX CF1] 67 21 01 DC 39 18 08 06
10:54:44.151 [TX CF2] 67 22 5D B3 87 03 10 20
10:54:44.161 [TX CF3] 67 23 CB 39 FA DC EC B0
10:54:44.172 [TX CF4] 67 24 1B 22 42 11 FE 84
10:54:44.182 [TX CF5] 67 25 E2 08 80 42 05 E0
10:54:44.192 [TX CF6] 67 26 61 E1 E1 F3 F9 F1
10:54:44.202 [TX CF7] 67 27 37 F8 F0 93 0C 06
10:54:44.213 [TX CF8] 67 28 22 8F 43 16 65 42
10:54:44.223 [TX CF9] 67 29 49 81 98 9F C1 3F
10:54:44.234 [TX CF10] 67 2A 30 BA 0C 62 17 48
10:54:44.244 [TX CF11] 67 2B D1 E2 AB 64 38 23
10:54:44.254 [TX CF12] 67 2C 08 BC 1B 48 7C 3F
10:54:44.265 [TX CF13] 67 2D DF 2D 90 93 0E 0E
10:54:44.276 [TX CF14] 67 2E 20 40 81 43 20 F6
10:54:44.286 [TX CF15] 67 2F 16 8C 05 DA 39 20
10:54:44.297 [TX CF0] 67 20 9A 3D 50 81 4B B5
10:54:44.307 [TX CF1] 67 21 FD 38 2B FA 10 5E
10:54:44.318 [TX CF2] 67 22 10 40 84 38 8E 08
10:54:44.329 [TX CF3] 67 23 2E 1D 05 0A 81 0C
10:54:44.340 [TX CF4] 67 24 89 0F C0 4F 25 9D
10:54:44.351 [TX CF5] 67 25 5B C2 B5 40 42 86
10:54:44.361 [TX CF6] 67 26 EF F4 43 C3 97 FB
10:54:44.371 [TX CF7] 67 27 21 69 DD 00 43 C2
10:54:44.382 [TX CF8] 67 28 FD 22 30 26 E0 FB
10:54:44.392 [TX CF9] 67 29 C2 E7 F9 37 E1 25
10:54:44.403 [TX CF10] 67 2A E8 6C E9 34 8B F4
10:54:44.414 [TX CF11] 67 2B 0A 01 FD 95 42 BA
10:54:44.425 [TX CF12] 67 2C 7B 1A 5E 32 FF 65
10:54:44.436 [TX CF13] 67 2D 6F 23 A4 80 46 E3
10:54:44.448 [TX CF14] 67 2E 3D BB D5 6E 0F 14
10:54:44.459 [TX CF15] 67 2F EA FF E5 11 2E 86
10:54:44.469 [TX CF0] 67 20 B6 91 03 91 F0 EE
10:54:44.479 [TX CF1] 67 21 70 29 1E 0E E5 8B
10:54:44.490 [TX CF2] 67 22 BF 76 D2 A8 40 33
10:54:44.500 [TX CF3] 67 23 51 8D 4D 2F A5 18
10:54:44.511 [TX CF4] 67 24 81 58 21 13 1A 0D
10:54:44.521 [TX CF5] 67 25 82 02 7C 03 02 14
10:54:44.532 [TX CF6] 67 26 42 4F FE 98 EF 71
10:54:44.543 [TX CF7] 67 27 17 E7 DE 14 BF D1
10:54:44.554 [TX CF8] 67 28 73 05 CE 19 F6 48
10:54:44.565 [TX CF9] 67 29 17 F8 9C A2 8F D2
10:54:44.575 [TX CF10] 67 2A 90 C6 24 13 1D 05
10:54:44.585 [TX CF11] 67 2B 2A 24 33 82 F1 43
10:54:44.596 [TX CF12] 67 2C 8F 66 E8 3D B8 7C
10:54:44.606 [TX CF13] 67 2D 56 F1 6D 8F 6B 68
10:54:44.618 [TX CF14] 67 2E 3E D8 7E AD C5 09
10:54:44.628 [TX CF15] 67 2F 81 07 A6 16 0B BD
10:54:44.639 [TX CF0] 67 20 4A 39 49 8E 70 36
10:54:44.649 [TX CF1] 67 21 46 0C 3D BD 39 87
10:54:44.660 [TX CF2] 67 22 82 03 27 C9 D3 60
10:54:44.671 [TX CF3] 67 23 52 62 56 0E 74 21
10:54:44.681 [TX CF4] 67 24 12 2C 8D 27 46 56
10:54:44.691 [TX CF5] 67 25 87 93 18 E0 40 21
10:54:44.701 [TX CF6] 67 26 26 20 03 30 4C 08
10:54:44.713 [TX CF7] 67 27 78 6B 7F DA EB 97
10:54:44.724 [TX CF8] 67 28 82 FD C0 81 48 6F
10:54:44.735 [TX CF9] 67 29 FC 98 02 A3 0C 48
10:54:44.745 [TX CF10] 67 2A 60 00 BC 16 03 9A
10:54:44.755 [TX CF11] 67 2B 56 8B 04 BF 02 99
10:54:44.766 [TX CF12] 67 2C 82 77 E0 30 20 49
10:54:44.776 [TX CF13] 67 2D C3 F1 F9 3A B5 80
10:54:44.787 [TX CF14] 67 2E 3C 5B 29 F0 23 E1
10:54:44.798 [TX CF15] 67 2F BB 68 2F DE 5B F6
10:54:44.810 [TX CF0] 67 20 DA 93 A1 C0 C1 64
10:54:44.820 [TX CF1] 67 21 3A 1B 99 4B 08 57
10:54:44.831 [TX CF2] 67 22 42 09 22 BB 52 4F
10:54:44.841 [TX CF3] 67 23 E8 1C B6 BD 7F B4
10:54:44.851 [TX CF4] 67 24 16 87 A6 10 01 54
10:54:44.862 [TX CF5] 67 25 3A 0B 05 56 45 07
10:54:44.872 [TX CF6] 67 26 90 9C D4 DB 7F BC
10:54:44.883 [TX CF7] 67 27 17 3B 62 9C 09 0E
10:54:44.893 [TX CF8] 67 28 06 E5 E9 81 5A E9
10:54:44.903 [TX CF9] 67 29 58 98 C4 06 C0 02
10:54:44.914 [TX CF10] 67 2A C0 B3 C6 A7 FB F1
10:54:44.926 [TX CF11] 67 2B 2F 83 62 A7 FE 2F
10:54:44.937 [TX CF12] 67 2C F8 14 8E 1D 5F E9
10:54:44.948 [TX CF13] 67 2D 6C 0A 07 E6 EE 12
10:54:44.959 [TX CF14] 67 2E 42 79 00 9E C0 26
10:54:44.970 [TX CF15] 67 2F 93 57 5A 01 DC 21
10:54:44.981 [TX CF0] 67 20 17 09 03 1E 08 3C
10:54:44.991 [TX CF1] 67 21 3F AB FB 4F 83 21
10:54:45.002 [TX CF2] 67 22 B8 07 F1 BC 42 28
10:54:45.012 [TX CF3] 67 23 10 26 50 1D 0E 3C
10:54:45.024 [TX CF4] 67 24 81 4F 84 82 E1 03
10:54:45.035 [TX CF5] 67 25 F0 4A 6D 01 3C 0F
10:54:45.046 [TX CF6] 67 26 A8 67 BF 43 94 1E
10:54:45.056 [TX CF7] 67 27 A8 3F 30 83 CB BC
10:54:45.066 [TX CF8] 67 28 FD 34 EA 10 84 F8
10:54:45.077 [TX CF9] 67 29 14 34 FE 09 BC 89
10:54:45.087 [TX CF10] 67 2A 98 52 E9 9A 38 C4
10:54:45.098 [TX CF11] 67 2B 66 F1 0D 83 DD 54
10:54:45.109 [TX CF12] 67 2C A0 49 A1 D4 08 F2
10:54:45.119 [TX CF13] 67 2D AA 09 2C 0E 43 31
10:54:45.131 [TX CF14] 67 2E A0 2A 30 81 4A 6C
10:54:45.141 [TX CF15] 67 2F 1D 09 DF 4E CF E0
10:54:45.151 [TX CF0] 67 20 C8 C0 2C 31 8A 4D
10:54:45.162 [TX CF1] 67 21 AE 42 4F 42 53 61
10:54:45.172 [TX CF2] 67 22 E8 68 2E F5 02 08
10:54:45.184 [TX CF3] 67 23 08 10 20 13 FA 5C
10:54:45.194 [TX CF4] 67 24 69 31 04 CA 2F 5C
10:54:45.204 [TX CF5] 67 25 9D 01 C0 A7 41 E5
10:54:45.215 [TX CF6] 67 26 50 CE 9C 62 31 83
10:54:45.225 [TX CF7] 67 27 BD 5C EE 9C 0B D7
10:54:45.235 [TX CF8] 67 28 02 0F 06 EA 01 B0
10:54:45.245 [TX CF9] 67 29 AA 3A 81 E4 7F 58
10:54:45.256 [TX CF10] 67 2A E9 48 2C B3 7B A1
10:54:45.266 [TX CF11] 67 2B 77 0B 83 4A 02 98
10:54:45.277 [TX CF12] 67 2C 3F 52 A8 12 0D 85
10:54:45.287 [TX CF13] 67 2D C9 0D 81 D9 0B 0D
10:54:45.298 [TX CF14] 67 2E F9 00 94 C0 F1 0C
10:54:45.309 [TX CF15] 67 2F C0 F3 1D C0 B5 04
10:54:45.320 [TX CF0] 67 20 82 61 81 98 0F 40
10:54:45.331 [TX CF1] 67 21 F8 4C D9 20 17 60
10:54:45.342 [TX CF2] 67 22 94 4A FA 32 FF 04
10:54:45.352 [TX CF3] 67 23 82 43 59 AE 2F 50
10:54:45.362 [TX CF4] 67 24 73 A0 BE 40 BB 84
10:54:45.373 [TX CF5] 67 25 F3 F3 24 A7 33 7C
10:54:45.383 [TX CF6] 67 26 90 B4 6F 2D E1 15
10:54:45.393 [TX CF7] 67 27 FE B3 50 82 A1 81
10:54:45.404 [TX CF8] 67 28 86 78 3E EE 38 28
10:54:45.415 [TX CF9] 67 29 11 05 84 31 9B 84
10:54:45.426 [TX CF10] 67 2A 2D 76 2B 6D 08 F7
10:54:45.436 [TX CF11] 67 2B E9 50 84 13 A0 D4
10:54:45.448 [TX CF12] 67 2C 43 E5 BD F3 BA 01
10:54:45.459 [TX CF13] 67 2D 8C 5C 05 58 3B B0
10:54:45.470 [TX CF14] 67 2E B8 6D 61 94 8E 05
10:54:45.480 [TX CF15] 67 2F FF 01 07 89 75 40
10:54:45.491 [TX CF0] 67 20 80 42 E9 B0 49 37
10:54:45.502 [TX CF1] 67 21 A2 F5 30 A1 41 7A
10:54:45.512 [TX CF2] 67 22 2A E4 21 93 5F 06
10:54:45.523 [TX CF3] 67 23 CA 0F 28 FB F4 E0
10:54:45.533 [TX CF4] 67 24 DE 07 C2 04 1C 2D
10:54:45.544 [TX CF5] 67 25 BF F6 BA 1F 47 70
10:54:45.555 [TX CF6] 67 26 37 01 E4 0F D0 A0
10:54:45.565 [TX CF7] 67 27 1B 08 80 43 0F 27
10:54:45.576 [TX CF8] 67 28 08 79 8C 50 1D 83
10:54:45.586 [TX CF9] 67 29 FB 0E 85 07 80 10
10:54:45.597 [TX CF10] 67 2A 8F 99 4E E1 53 E2
10:54:45.608 [TX CF11] 67 2B 7E 08 34 8A 53 00
10:54:45.619 [TX CF12] 67 2C 6A A0 8D 4A 25 FE
10:54:45.629 [TX CF13] 67 2D 37 61 24 E8 EE 2F
10:54:45.639 [TX CF14] 67 2E 66 94 37 17 3B C5
10:54:45.650 [TX CF15] 67 2F F0 15 85 E2 E9 38
10:54:45.661 [TX CF0] 67 20 BE 7E A6 13 8B A4
10:54:45.671 [TX CF1] 67 21 C2 DB 80 8E CC 2C
10:54:45.682 [TX CF2] 67 22 A0 A4 20 B2 8A 9F
10:54:45.692 [TX CF3] 67 23 48 1D 84 E6 F9 06
10:54:45.702 [TX CF4] 67 24 94 CE 7B 37 CB E4
10:54:45.713 [TX CF5] 67 25 14 0F 00 1A 0A 46
10:54:45.723 [TX CF6] 67 26 C5 A0 04 09 E0 04
10:54:45.734 [TX CF7] 67 27 C5 FB 84 C6 13 5D
10:54:45.744 [TX CF8] 67 28 3B A0 31 40 0E A5
10:54:45.754 [TX CF9] 67 29 83 FA FB C3 A5 D0
10:54:45.765 [TX CF10] 67 2A 03 60 06 40 0E 93
10:54:45.775 [TX CF11] 67 2B 21 08 DF F7 FF 22
10:54:45.787 [TX CF12] 67 2C 80 48 43 38 43 83
10:54:45.799 [TX CF13] 67 2D D0 D4 7F 1B 4B 9A
10:54:45.810 [TX CF14] 67 2E 45 20 CE 99 2F E9
10:54:45.822 [TX CF15] 67 2F 28 0D 85 FE 64 17
10:54:45.833 [TX CF0] 67 20 82 65 12 6C C1 2A
10:54:45.845 [TX CF1] 67 21 85 F4 38 D4 AA 1C
10:54:45.856 [TX CF2] 67 22 02 32 78 02 01 51
10:54:45.867 [TX CF3] 67 23 8C 72 6F 50 98 3C
10:54:45.877 [TX CF4] 67 24 0F A8 AC 43 2F F8
10:54:45.888 [TX CF5] 67 25 83 48 20 FE 08 3C
10:54:45.899 [TX CF6] 67 26 82 0A FA 40 FA 0D
10:54:45.910 [TX CF7] 67 27 59 98 0A E3 08 4B
10:54:45.921 [TX CF8] 67 28 BE 0B B3 B9 21 36
10:54:45.931 [TX CF9] 67 29 13 04 BC 17 88 84
10:54:45.942 [TX CF10] 67 2A 8A 15 43 81 5C 22
10:54:45.953 [TX CF11] 67 2B 34 6F B8 DC 05 40
10:54:45.964 [TX CF12] 67 2C 0F 08 46 78 3C 50
10:54:45.974 [TX CF13] 67 2D 84 0C E1 78 64 FE
10:54:45.984 [TX CF14] 67 2E C2 5F DF 00 60 02
10:54:45.995 [TX CF15] 67 2F 49 E3 86 1E 91 C2
10:54:46.006 [TX CF0] 67 20 BD E3 E9 22 8C 24
10:54:46.018 [TX CF1] 67 21 9D 0A 94 7B 85 73
10:54:46.029 [TX CF2] 67 22 A5 5F A2 64 D0 25
10:54:46.040 [TX CF3] 67 23 64 DC 35 34 CC 6D
10:54:46.050 [TX CF4] 67 24 FE DD 00 BA C6 75
10:54:46.061 [TX CF5] 67 25 B0 0B 24 67 C9 7A
10:54:46.072 [TX CF6] 67 26 B2 41 E2 25 28 25
10:54:46.083 [TX CF7] 67 27 50 F5 C8 12 2C 15
10:54:46.093 [TX CF8] 67 28 CB 15 7E E9 40 BB
10:54:46.104 [TX CF9] 67 29 70 02 C6 1A C2 C5
10:54:46.115 [TX CF10] 67 2A B3 AF E3 F5 02 EA
10:54:46.125 [TX CF11] 67 2B 55 EF C1 4D 15 80
10:54:46.136 [TX CF12] 67 2C 04 F8 2F 15 38 3C
10:54:46.147 [TX CF13] 67 2D 0B A9 E7 91 C4 D7
10:54:46.158 [TX CF14] 67 2E 10 5C 0A D8 77 CB
10:54:46.169 [TX CF15] 67 2F 11 8E 90 84 5D 8A
10:54:46.180 [TX CF0] 67 20 A8 7C B6 B0 78 04
10:54:46.190 [TX CF1] 67 21 54 42 05 1A E3 4C
10:54:46.200 [TX CF2] 67 22 37 E1 9A A4 68 42
10:54:46.211 [TX CF3] 67 23 C1 D8 63 32 09 1F
10:54:46.222 [TX CF4] 67 24 26 B8 18 C9 24 A7
10:54:46.232 [TX CF5] 67 25 2B F8 32 42 0F D1
10:54:46.243 [TX CF6] 67 26 13 A1 39 2D E0 1A
10:54:46.253 [TX CF7] 67 27 0E 9E 1B 86 37 D0
10:54:46.264 [TX CF8] 67 28 33 EC 21 C2 FB FC
10:54:46.275 [TX CF9] 67 29 0F E0 2E C1 45 84
10:54:46.286 [TX CF10] 67 2A 26 F1 41 8D 72 76
10:54:46.297 [TX CF11] 67 2B 4E 1C AD 74 68 DD
10:54:46.308 [TX CF12] 67 2C E3 81 18 56 21 AC
10:54:46.319 [TX CF13] 67 2D FF E9 44 61 99 34
10:54:46.329 [TX CF14] 67 2E F6 FF 12 88 0D 12
10:54:46.340 [TX CF15] 67 2F 9C 6D 42 88 55 69
10:54:46.350 [TX CF0] 67 20 86 EC 11 18 1B 32
10:54:46.360 [TX CF1] 67 21 3A 21 AD FF D9 51
10:54:46.370 [TX CF2] 67 22 30 24 20 3A D3 D8
10:54:46.381 [TX CF3] 67 23 3C 43 31 DE D6 36
10:54:46.391 [TX CF4] 67 24 B0 18 02 CB 0D C2
10:54:46.402 [TX CF5] 67 25 CE 0B F3 0D 08 0F
10:54:46.412 [TX CF6] 67 26 4E 00 20 03 C1 52
10:54:46.422 [TX CF7] 67 27 8E 74 B6 58 2A 14
10:54:46.434 [TX CF8] 67 28 1B A1 9A A1 7D 7A
10:54:46.444 [TX CF9] 67 29 12 68 04 42 6D B6
10:54:46.455 [TX CF10] 67 2A AE 41 65 DF 0E 87
10:54:46.465 [TX CF11] 67 2B 8A ED 10 A3 60 68
10:54:46.475 [TX CF12] 67 2C 50 1E 8B 8D 07 52
10:54:46.486 [TX CF13] 67 2D 09 84 22 01 80 2B
10:54:46.497 [TX CF14] 67 2E 90 39 4A 3F 21 7A
10:54:46.507 [TX CF15] 67 2F 10 19 4B B7 01 8A
10:54:46.518 [TX CF0] 67 20 14 5F C4 29 CD 0D
10:54:46.528 [TX CF1] 67 21 45 FB 0B B1 08 0F
10:54:46.539 [TX CF2] 67 22 E1 2F 82 C9 09 B5
10:54:46.549 [TX CF3] 67 23 30 D5 8F 46 4A 27
10:54:46.560 [TX CF4] 67 24 82 6B 52 61 81 27
10:54:46.571 [TX CF5] 67 25 94 5E 0C D8 3B 70
10:54:46.581 [TX CF6] 67 26 86 4D AD B1 CB FC
10:54:46.591 [TX CF7] 67 27 7B F1 D1 84 F8 2E
10:54:46.602 [TX CF8] 67 28 37 A5 EA 1F 7E 83
10:54:46.613 [TX CF9] 67 29 1D 06 A4 1B 2B D2
10:54:46.625 [TX CF10] 67 2A FD 02 A2 15 9F FF
10:54:46.635 [TX CF11] 67 2B C3 CF 13 90 E5 E9
10:54:46.646 [TX CF12] 67 2C 03 14 7F E9 04 24
10:54:46.657 [TX CF13] 67 2D 0D B0 24 16 0B B9
10:54:46.668 [TX CF14] 67 2E 83 0F FA 54 18 5A
10:54:46.679 [TX CF15] 67 2F 5C 17 D6 16 1F EF
10:54:46.690 [TX CF0] 67 20 C7 7B 0C 90 C8 6E
10:54:46.702 [TX CF1] 67 21 DE 5B F1 07 0D 0E
10:54:46.713 [TX CF2] 67 22 04 F8 86 86 E7 A0
10:54:46.723 [TX CF3] 67 23 B0 20 18 B9 1E 21
10:54:46.733 [TX CF4] 67 24 10 21 28 01 21 F0
10:54:46.744 [TX CF5] 67 25 90 FE 15 D8 60 10
10:54:46.754 [TX CF6] 67 26 90 C3 69 10 12 60
10:54:46.765 [TX CF7] 67 27 26 14 30 94 AC 48
10:54:46.775 [TX CF8] 67 28 D8 0B 04 0A 42 90
10:54:46.786 [TX CF9] 67 29 C1 72 82 15 08 45
10:54:46.797 [TX CF10] 67 2A 22 09 23 C1 DC 89
10:54:46.808 [TX CF11] 67 2B A8 06 30 15 E1 38
10:54:46.818 [TX CF12] 67 2C 5E 46 51 48 40 81
10:54:46.829 [TX CF13] 67 2D 43 03 4E 15 2F DC
10:54:46.840 [TX CF14] 67 2E 04 7B 08 05 25 F6
10:54:46.851 [TX CF15] 67 2F 57 7A 44 09 81 3C
10:54:46.861 [TX CF0] 67 20 B5 79 1D D2 92 50
10:54:46.871 [TX CF1] 67 21 D3 D3 E7 7F A4 9A
10:54:46.883 [TX CF2] 67 22 41 E8 85 C2 9D 1C
10:54:46.893 [TX CF3] 67 23 A6 EA 2F 46 FC 21
10:54:46.905 [TX CF4] 67 24 17 0B 45 FF FF FF
10:54:46.925 [RX SF ] 67 02 76 04 FF FF FF FF
10:54:46.925 [RX    ] 76 04
10:54:46.925 [PASS  ] TransferData block=4 | expected: 76 ... | received: 76 04
10:54:46.935 ------------------------------------------------------------------------
10:54:46.935 [STEP  ] 0x36 block=5  offset=8160/45254  (18%)
10:54:46.935 [TX TransferData block=5 len=2040] 36 05 1A 01 78 B4 DE A8 F1 8F FE CB FB F7 FD FF...
10:54:46.936 [TX FF ] 67 17 FA 36 05 1A 01 78
10:54:46.948 [TX CF1] 67 21 B4 DE A8 F1 8F FE
10:54:46.958 [TX CF2] 67 22 CB FB F7 FD FF DA
10:54:46.968 [TX CF3] 67 23 88 6E 28 51 0E D5
10:54:46.979 [TX CF4] 67 24 A6 90 6F C8 C3 85
10:54:46.989 [TX CF5] 67 25 A2 93 62 80 44 A3
10:54:46.999 [TX CF6] 67 26 39 28 06 26 B9 79
10:54:47.010 [TX CF7] 67 27 8D 15 B0 14 61 00
10:54:47.021 [TX CF8] 67 28 33 C1 70 06 21 49
10:54:47.031 [TX CF9] 67 29 50 83 30 4F 45 D1
10:54:47.042 [TX CF10] 67 2A 43 E1 E1 D9 57 95
10:54:47.052 [TX CF11] 67 2B 00 C5 3F 0F 5C 1E
10:54:47.062 [TX CF12] 67 2C 68 41 7A 92 9B 42
10:54:47.074 [TX CF13] 67 2D 8B 08 17 41 F0 82
10:54:47.085 [TX CF14] 67 2E DF 27 BA 57 68 E4
10:54:47.095 [TX CF15] 67 2F 1E 59 CB E9 B6 10
10:54:47.106 [TX CF0] 67 20 E7 FF D5 D8 2D E0
10:54:47.116 [TX CF1] 67 21 00 25 07 03 61 D3
10:54:47.127 [TX CF2] 67 22 B8 51 E2 1B 58 35
10:54:47.137 [TX CF3] 67 23 2D 36 05 84 56 0D
10:54:47.147 [TX CF4] 67 24 6E 31 59 51 42 32
10:54:47.158 [TX CF5] 67 25 C3 37 7A 39 E5 A4
10:54:47.169 [TX CF6] 67 26 FF 44 1D F2 80 92
10:54:47.180 [TX CF7] 67 27 FF 6D 61 90 00 A2
10:54:47.190 [TX CF8] 67 28 14 6A 45 02 33 01
10:54:47.201 [TX CF9] 67 29 C8 40 73 0D 64 0D
10:54:47.211 [TX CF10] 67 2A 58 46 7A 3B A6 D8
10:54:47.222 [TX CF11] 67 2B 10 0A 4C 64 56 81
10:54:47.234 [TX CF12] 67 2C 87 09 D5 26 9B 19
10:54:47.244 [TX CF13] 67 2D A0 BA 41 84 92 E0
10:54:47.254 [TX CF14] 67 2E BD 1F 30 10 E1 4A
10:54:47.265 [TX CF15] 67 2F FD A7 90 88 31 20
10:54:47.275 [TX CF0] 67 20 A1 CA 6E 10 39 35
10:54:47.285 [TX CF1] 67 21 8B C0 08 43 DE 09
10:54:47.296 [TX CF2] 67 22 02 80 09 C2 01 26
10:54:47.306 [TX CF3] 67 23 AE 78 25 F4 8E 05
10:54:47.316 [TX CF4] 67 24 FF 80 2D 03 AA B5
10:54:47.327 [TX CF5] 67 25 42 DB FB 00 21 11
10:54:47.337 [TX CF6] 67 26 E8 CA E9 1A 90 C8
10:54:47.348 [TX CF7] 67 27 34 CB 1D 06 33 0A
10:54:47.358 [TX CF8] 67 28 BC 7F 0B 10 C3 A4
10:54:47.369 [TX CF9] 67 29 51 AA 1C 28 B3 04
10:54:47.379 [TX CF10] 67 2A 9B 83 7F 1C 65 32
10:54:47.390 [TX CF11] 67 2B A1 F0 AE F4 2F 06
10:54:47.400 [TX CF12] 67 2C 80 03 3E 1D 45 05
10:54:47.411 [TX CF13] 67 2D E8 14 84 7A 92 02
10:54:47.421 [TX CF14] 67 2E 42 01 91 80 66 4E
10:54:47.433 [TX CF15] 67 2F 08 06 32 04 61 11
10:54:47.444 [TX CF0] 67 20 15 21 9A 88 DC 1F
10:54:47.454 [TX CF1] 67 21 A8 45 7C 10 69 12
10:54:47.465 [TX CF2] 67 22 91 0F DE CB 81 5C
10:54:47.475 [TX CF3] 67 23 E0 40 21 26 48 4D
10:54:47.485 [TX CF4] 67 24 38 50 FF 70 29 44
10:54:47.497 [TX CF5] 67 25 19 C9 02 2F 07 FC
10:54:47.507 [TX CF6] 67 26 20 BC 85 78 40 6E
10:54:47.519 [TX CF7] 67 27 1A 48 EF EA 6B ED
10:54:47.529 [TX CF8] 67 28 D9 5F E3 8B A4 31
10:54:47.540 [TX CF9] 67 29 74 9C 11 34 16 6E
10:54:47.550 [TX CF10] 67 2A 10 79 6F 8B A4 98
10:54:47.562 [TX CF11] 67 2B 81 C1 04 07 36 73
10:54:47.572 [TX CF12] 67 2C 40 9B 87 26 30 52
10:54:47.584 [TX CF13] 67 2D 42 4E 2A 3C 5C 81
10:54:47.594 [TX CF14] 67 2E F6 08 1E C3 E1 BD
10:54:47.604 [TX CF15] 67 2F 68 A5 C0 89 A5 C0
10:54:47.615 [TX CF0] 67 20 97 F7 DF 5A 32 12
10:54:47.625 [TX CF1] 67 21 DC 0F A1 E8 10 E1
10:54:47.636 [TX CF2] 67 22 F7 3C 21 7E 21 00
10:54:47.646 [TX CF3] 67 23 93 DD A9 14 7C 09
10:54:47.657 [TX CF4] 67 24 1D 00 C2 0B AC 21
10:54:47.668 [TX CF5] 67 25 41 A0 46 E8 44 FF
10:54:47.679 [TX CF6] 67 26 47 F4 1A 99 03 50
10:54:47.690 [TX CF7] 67 27 B7 D3 6E 05 F8 5E
10:54:47.701 [TX CF8] 67 28 30 1D B4 FA 7E 87
10:54:47.711 [TX CF9] 67 29 08 F4 34 17 B8 2C
10:54:47.721 [TX CF10] 67 2A A2 07 D1 D0 62 6D
10:54:47.732 [TX CF11] 67 2B 74 9C 45 0A 0F D0
10:54:47.742 [TX CF12] 67 2C 76 61 80 03 63 2D
10:54:47.753 [TX CF13] 67 2D 8C 7C 36 50 89 47
10:54:47.763 [TX CF14] 67 2E A7 A7 13 F0 1D 70
10:54:47.774 [TX CF15] 67 2F 84 2D 05 92 04 41
10:54:47.784 [TX CF0] 67 20 F7 95 00 B4 1B F2
10:54:47.795 [TX CF1] 67 21 55 E0 53 C0 BD 84
10:54:47.805 [TX CF2] 67 22 3A E1 07 80 79 BC
10:54:47.816 [TX CF3] 67 23 F8 7A 17 93 A5 F8
10:54:47.826 [TX CF4] 67 24 F3 B5 72 92 D1 B5
10:54:47.837 [TX CF5] 67 25 17 6A BD 3C B1 83
10:54:47.849 [TX CF6] 67 26 C7 0C DF 81 DC 87
10:54:47.860 [TX CF7] 67 27 6F FD AE BF 34 B0
10:54:47.871 [TX CF8] 67 28 B2 47 A0 64 30 2E
10:54:47.882 [TX CF9] 67 29 5F 05 EE 10 6A 4C
10:54:47.893 [TX CF10] 67 2A 34 06 85 3E 92 03
10:54:47.903 [TX CF11] 67 2B 42 70 C4 00 68 86
10:54:47.915 [TX CF12] 67 2C 42 70 C5 02 41 78
10:54:47.926 [TX CF13] 67 2D B0 4E 05 20 FE BF
10:54:47.937 [TX CF14] 67 2E 30 5F 03 15 03 8E
10:54:47.949 [TX CF15] 67 2F 53 9F D3 B9 0E 07
10:54:47.961 [TX CF0] 67 20 FB F0 F6 02 51 F6
10:54:47.972 [TX CF1] 67 21 E8 40 65 10 2E 8C
10:54:47.982 [TX CF2] 67 22 82 0D DF E8 CE FC
10:54:47.994 [TX CF3] 67 23 0E A4 3F F2 89 D7
10:54:48.005 [TX CF4] 67 24 44 97 85 A2 ED 3F
10:54:48.016 [TX CF5] 67 25 5D 41 90 97 13 20
10:54:48.026 [TX CF6] 67 26 91 3F D0 D8 DF 97
10:54:48.038 [TX CF7] 67 27 78 1B 90 36 24 13
10:54:48.048 [TX CF8] 67 28 40 79 81 41 2C 71
10:54:48.059 [TX CF9] 67 29 46 18 2F 44 EB 86
10:54:48.071 [TX CF10] 67 2A 83 FC 6A 40 F2 87
10:54:48.082 [TX CF11] 67 2B B3 A3 2A F0 6D 6F
10:54:48.092 [TX CF12] 67 2C 7F F9 6B 83 0B AD
10:54:48.103 [TX CF13] 67 2D EE 27 2D F9 F4 AE
10:54:48.115 [TX CF14] 67 2E 11 99 04 86 81 5C
10:54:48.126 [TX CF15] 67 2F 2E A1 EE E8 96 92
10:54:48.137 [TX CF0] 67 20 41 69 BC FD 23 50
10:54:48.148 [TX CF1] 67 21 F3 74 76 08 90 25
10:54:48.159 [TX CF2] 67 22 11 0E 8D C5 18 04
10:54:48.169 [TX CF3] 67 23 8B 11 54 FF 93 C1
10:54:48.180 [TX CF4] 67 24 47 A0 26 41 5B 86
10:54:48.191 [TX CF5] 67 25 CB FD D9 F3 FF E4
10:54:48.203 [TX CF6] 67 26 9C 4F 3D 82 38 7C
10:54:48.214 [TX CF7] 67 27 C0 F2 87 0B A3 03
10:54:48.227 [TX CF8] 67 28 F0 22 F2 A2 55 39
10:54:48.237 [TX CF9] 67 29 DE 79 05 21 39 85
10:54:48.249 [TX CF10] 67 2A 06 B8 5F C0 F1 82
10:54:48.260 [TX CF11] 67 2B DB 04 A2 18 1A A0
10:54:48.272 [TX CF12] 67 2C 83 04 78 0D FC 3F
10:54:48.283 [TX CF13] 67 2D F2 A8 47 42 93 1C
10:54:48.294 [TX CF14] 67 2E A1 28 E1 2A E0 A4
10:54:48.305 [TX CF15] 67 2F C3 04 A3 8B A2 73
10:54:48.317 [TX CF0] 67 20 46 45 02 B8 7C FC
10:54:48.329 [TX CF1] 67 21 EA 94 28 57 0F A2
10:54:48.340 [TX CF2] 67 22 AA 1C 15 C1 4D 87
10:54:48.351 [TX CF3] 67 23 02 39 13 94 F9 FA
10:54:48.362 [TX CF4] 67 24 69 74 28 9F E8 75
10:54:48.373 [TX CF5] 67 25 23 03 7E 82 48 90
10:54:48.384 [TX CF6] 67 26 18 40 AE 8F 14 20
10:54:48.395 [TX CF7] 67 27 3D 35 06 10 0F 02
10:54:48.405 [TX CF8] 67 28 93 09 CD CE 11 E0
10:54:48.417 [TX CF9] 67 29 57 A1 36 FF 1C 30
10:54:48.429 [TX CF10] 67 2A 9C 5C CF 89 41 E4
10:54:48.440 [TX CF11] 67 2B 0A F4 32 7F D1 EA
10:54:48.452 [TX CF12] 67 2C 4F 9E 08 49 0F 92
10:54:48.462 [TX CF13] 67 2D 20 24 D2 42 77 4C
10:54:48.473 [TX CF14] 67 2E F0 03 C1 B8 F5 45
10:54:48.484 [TX CF15] 67 2F 68 4E 5A 80 B8 F0
10:54:48.496 [TX CF0] 67 20 80 F4 75 D7 38 39
10:54:48.506 [TX CF1] 67 21 CE 13 38 09 04 32
10:54:48.518 [TX CF2] 67 22 5F 96 32 0C 4C AC
10:54:48.528 [TX CF3] 67 23 47 90 2F D0 C3 38
10:54:48.539 [TX CF4] 67 24 1D 9C 37 82 03 A1
10:54:48.551 [TX CF5] 67 25 1D C1 09 AD 63 E8
10:54:48.562 [TX CF6] 67 26 8F 80 20 90 18 54
10:54:48.573 [TX CF7] 67 27 04 DE 05 E2 03 8C
10:54:48.585 [TX CF8] 67 28 80 9E 00 FF 40 7F
10:54:48.596 [TX CF9] 67 29 10 19 54 0A BD 02
10:54:48.608 [TX CF10] 67 2A C6 40 BB 50 2F 08
10:54:48.618 [TX CF11] 67 2B 62 09 04 22 81 E0
10:54:48.629 [TX CF12] 67 2C 25 41 27 9C 50 AD
10:54:48.640 [TX CF13] 67 2D 5D 1B 05 FB FB 28
10:54:48.652 [TX CF14] 67 2E B3 F4 96 C8 4B 3F
10:54:48.663 [TX CF15] 67 2F 8C A4 27 FD 16 12
10:54:48.674 [TX CF0] 67 20 0E 7C 24 4C 38 17
10:54:48.684 [TX CF1] 67 21 30 E9 42 20 CD FA
10:54:48.695 [TX CF2] 67 22 26 F4 1B D8 68 1B
10:54:48.707 [TX CF3] 67 23 F0 CC BA 30 27 08
10:54:48.717 [TX CF4] 67 24 39 B7 10 32 D4 DC
10:54:48.727 [TX CF5] 67 25 0E 38 72 CE 48 65
10:54:48.738 [TX CF6] 67 26 1D 18 22 E6 1C 8B
10:54:48.748 [TX CF7] 67 27 9C 19 1A A2 07 44
10:54:48.759 [TX CF8] 67 28 38 C7 4C 31 EE 8C
10:54:48.771 [TX CF9] 67 29 19 D6 0E 1D D8 08
10:54:48.781 [TX CF10] 67 2A 03 09 0D F9 84 87
10:54:48.792 [TX CF11] 67 2B F5 53 05 03 C5 77
10:54:48.802 [TX CF12] 67 2C 94 5E E4 50 08 84
10:54:48.813 [TX CF13] 67 2D CA 24 8D 02 55 13
10:54:48.823 [TX CF14] 67 2E 72 C1 27 D7 DC B8
10:54:48.833 [TX CF15] 67 2F 10 2D 81 B8 19 45
10:54:48.844 [TX CF0] 67 20 80 AD 83 37 09 46
10:54:48.854 [TX CF1] 67 21 06 DD 60 63 E5 E9
10:54:48.866 [TX CF2] 67 22 FC 4E 68 D2 1B B7
10:54:48.876 [TX CF3] 67 23 C4 7C 1A F9 28 13
10:54:48.888 [TX CF4] 67 24 4F 0E 8B B7 0B 87
10:54:48.898 [TX CF5] 67 25 F5 54 84 0A 01 A0
10:54:48.910 [TX CF6] 67 26 BF 74 F6 50 79 5A
10:54:48.921 [TX CF7] 67 27 CD 17 96 1E 0A 94
10:54:48.933 [TX CF8] 67 28 70 05 86 0E 84 77
10:54:48.943 [TX CF9] 67 29 C2 57 46 8D 5C FC
10:54:48.953 [TX CF10] 67 2A 57 F8 44 96 2B 43
10:54:48.964 [TX CF11] 67 2B F2 DD EB 57 BB 1D
10:54:48.974 [TX CF12] 67 2C FB 35 42 EF F4 A2
10:54:48.985 [TX CF13] 67 2D 30 00 02 16 2F E9
10:54:48.996 [TX CF14] 67 2E B0 0E D7 9C 04 82
10:54:49.006 [TX CF15] 67 2F 5D 0F 47 F1 F9 83
10:54:49.016 [TX CF0] 67 20 6B 08 AF ED F9 85
10:54:49.028 [TX CF1] 67 21 A6 F7 E8 BD 1E 10
10:54:49.038 [TX CF2] 67 22 8B 74 20 12 9F 97
10:54:49.048 [TX CF3] 67 23 41 FB 84 82 B9 81
10:54:49.058 [TX CF4] 67 24 A1 7B 8F 00 28 50
10:54:49.068 [TX CF5] 67 25 63 A1 32 89 DE 33
10:54:49.080 [TX CF6] 67 26 34 2F 47 42 A6 19
10:54:49.090 [TX CF7] 67 27 07 CB D0 C9 86 A1
10:54:49.100 [TX CF8] 67 28 F1 74 15 B8 74 A3
10:54:49.111 [TX CF9] 67 29 9C 3D 94 4E 57 F1
10:54:49.121 [TX CF10] 67 2A E9 A9 B0 B4 DC DB
10:54:49.132 [TX CF11] 67 2B 98 40 20 F0 8E AD
10:54:49.142 [TX CF12] 67 2C 8A FD C8 D9 64 28
10:54:49.152 [TX CF13] 67 2D 50 4E 97 27 64 0E
10:54:49.163 [TX CF14] 67 2E CA 63 FD 08 E1 26
10:54:49.173 [TX CF15] 67 2F 7E 42 34 42 21 30
10:54:49.183 [TX CF0] 67 20 94 DE CD A8 7A 42
10:54:49.194 [TX CF1] 67 21 60 28 00 E8 40 92
10:54:49.205 [TX CF2] 67 22 B8 74 20 A3 B0 2E
10:54:49.215 [TX CF3] 67 23 1F 14 F0 02 82 45
10:54:49.227 [TX CF4] 67 24 7A 79 D3 30 5F A8
10:54:49.237 [TX CF5] 67 25 11 CB 05 D8 25 94
10:54:49.248 [TX CF6] 67 26 63 A3 A1 BF D8 16
10:54:49.258 [TX CF7] 67 27 40 5E 2A 70 78 27
10:54:49.269 [TX CF8] 67 28 53 EF 23 89 D0 22
10:54:49.280 [TX CF9] 67 29 12 28 D5 0D 53 82
10:54:49.292 [TX CF10] 67 2A AB 09 04 8F 85 54
10:54:49.302 [TX CF11] 67 2B 13 E0 96 CA CD FD
10:54:49.313 [TX CF12] 67 2C 1A E1 8E A4 25 50
10:54:49.324 [TX CF13] 67 2D A1 28 80 91 03 30
10:54:49.334 [TX CF14] 67 2E AF FF 79 09 88 3E
10:54:49.344 [TX CF15] 67 2F FF A0 8C 23 2E 3E
10:54:49.355 [TX CF0] 67 20 C5 E0 2F F2 18 C4
10:54:49.367 [TX CF1] 67 21 2A F0 3B 42 27 43
10:54:49.378 [TX CF2] 67 22 85 DC 12 88 63 92
10:54:49.388 [TX CF3] 67 23 A0 48 70 34 A8 8A
10:54:49.399 [TX CF4] 67 24 54 0F BF E3 F2 10
10:54:49.409 [TX CF5] 67 25 4B EA 4D 04 87 A0
10:54:49.420 [TX CF6] 67 26 A7 23 CE 16 9B E5
10:54:49.431 [TX CF7] 67 27 02 3D 23 5B A1 33
10:54:49.441 [TX CF8] 67 28 AC 55 2F 14 8A 35
10:54:49.452 [TX CF9] 67 29 50 3F 8D D2 51 7C
10:54:49.462 [TX CF10] 67 2A FD 4C 25 17 49 05
10:54:49.473 [TX CF11] 67 2B B7 01 1D 90 59 7C
10:54:49.483 [TX CF12] 67 2C 63 29 45 39 72 46
10:54:49.494 [TX CF13] 67 2D B0 D8 A3 01 8C 2B
10:54:49.505 [TX CF14] 67 2E A3 78 A4 B1 D1 C8
10:54:49.515 [TX CF15] 67 2F 12 39 5D 0E 27 70
10:54:49.525 [TX CF0] 67 20 0C 61 DF 30 03 15
10:54:49.535 [TX CF1] 67 21 B8 14 B0 1D A1 D0
10:54:49.545 [TX CF2] 67 22 AA 59 E9 55 6A A5
10:54:49.556 [TX CF3] 67 23 FB CF E0 BF 11 D0
10:54:49.566 [TX CF4] 67 24 F5 14 40 95 43 9C
10:54:49.577 [TX CF5] 67 25 10 C2 2E 8D 94 12
10:54:49.588 [TX CF6] 67 26 58 29 90 08 61 09
10:54:49.599 [TX CF7] 67 27 77 42 2B C2 36 42
10:54:49.609 [TX CF8] 67 28 06 AA 10 05 BC 87
10:54:49.620 [TX CF9] 67 29 EB CF 05 91 42 AE
10:54:49.631 [TX CF10] 67 2A 93 83 38 70 33 8C
10:54:49.642 [TX CF11] 67 2B 26 84 A1 7D 1B 15
10:54:49.652 [TX CF12] 67 2C FE AD 4B CD C6 23
10:54:49.663 [TX CF13] 67 2D AA 78 25 A2 AC 24
10:54:49.674 [TX CF14] 67 2E B7 F8 E8 EA 0F 04
10:54:49.684 [TX CF15] 67 2F 7A E0 05 42 C5 77
10:54:49.695 [TX CF0] 67 20 91 5F CF 68 48 AE
10:54:49.705 [TX CF1] 67 21 FD 2D 92 97 07 FE
10:54:49.716 [TX CF2] 67 22 10 23 8C 31 C2 D0
10:54:49.726 [TX CF3] 67 23 26 B4 20 86 C0 7B
10:54:49.738 [TX CF4] 67 24 A9 10 57 B0 7B FC
10:54:49.749 [TX CF5] 67 25 C8 24 36 64 E8 48
10:54:49.760 [TX CF6] 67 26 A9 46 88 D0 1A C1
10:54:49.770 [TX CF7] 67 27 85 74 25 17 30 6E
10:54:49.780 [TX CF8] 67 28 0F 2C 89 78 44 D6
10:54:49.791 [TX CF9] 67 29 30 52 47 89 40 7E
10:54:49.801 [TX CF10] 67 2A 12 3F C1 CB 08 22
10:54:49.811 [TX CF11] 67 2B 28 08 C4 46 E9 A0
10:54:49.822 [TX CF12] 67 2C 4D 40 36 02 ED 6E
10:54:49.832 [TX CF13] 67 2D 10 43 FB 18 C1 40
10:54:49.842 [TX CF14] 67 2E F0 9F 00 39 42 89
10:54:49.853 [TX CF15] 67 2F C5 20 0F BB CD 36
10:54:49.865 [TX CF0] 67 20 A4 70 18 50 C0 3A
10:54:49.875 [TX CF1] 67 21 97 0A 3E 03 6B 5E
10:54:49.885 [TX CF2] 67 22 58 40 CA 00 55 0C
10:54:49.897 [TX CF3] 67 23 06 43 03 F8 7A 3F
10:54:49.907 [TX CF4] 67 24 F0 1D EC BD 30 1C
10:54:49.918 [TX CF5] 67 25 17 AB 58 A4 60 2F
10:54:49.928 [TX CF6] 67 26 45 2C 30 14 1E 04
10:54:49.939 [TX CF7] 67 27 3D 33 80 5D 05 1A
10:54:49.950 [TX CF8] 67 28 12 94 C0 30 18 3F
10:54:49.961 [TX CF9] 67 29 21 46 0A F5 29 2D
10:54:49.971 [TX CF10] 67 2A 23 83 7F E5 26 43
10:54:49.982 [TX CF11] 67 2B 88 6D 7F C7 F8 28
10:54:49.994 [TX CF12] 67 2C 1C 2B BD 32 99 03
10:54:50.005 [TX CF13] 67 2D 63 82 2D C1 3A 87
10:54:50.015 [TX CF14] 67 2E 17 FF A0 65 02 81
10:54:50.027 [TX CF15] 67 2F C3 FB F7 A4 FF 15
10:54:50.038 [TX CF0] 67 20 F9 7C FA 27 04 2C
10:54:50.049 [TX CF1] 67 21 17 38 86 F6 61 B4
10:54:50.060 [TX CF2] 67 22 83 CA 22 9D 28 BD
10:54:50.070 [TX CF3] 67 23 26 14 5E 06 39 07
10:54:50.081 [TX CF4] 67 24 88 F5 73 90 7D 24
10:54:50.092 [TX CF5] 67 25 3C 55 8C B1 11 84
10:54:50.102 [TX CF6] 67 26 2F C1 3E A6 51 60
10:54:50.112 [TX CF7] 67 27 12 D8 C6 B6 01 64
10:54:50.122 [TX CF8] 67 28 AC E1 60 14 D8 CD
10:54:50.132 [TX CF9] 67 29 B6 D7 AC A1 34 81
10:54:50.143 [TX CF10] 67 2A 90 44 FC 13 85 E4
10:54:50.154 [TX CF11] 67 2B F8 08 04 22 31 44
10:54:50.165 [TX CF12] 67 2C B1 FF 24 11 8A 04
10:54:50.175 [TX CF13] 67 2D 32 47 03 30 C3 C8
10:54:50.186 [TX CF14] 67 2E 6B 00 F1 05 C6 84
10:54:50.197 [TX CF15] 67 2F 42 87 C8 BB B2 90
10:54:50.208 [TX CF0] 67 20 98 6F 13 38 70 22
10:54:50.218 [TX CF1] 67 21 61 58 1F A9 5C 36
10:54:50.229 [TX CF2] 67 22 B2 AA 62 4B 04 FE
10:54:50.239 [TX CF3] 67 23 14 DE AC 42 4B 28
10:54:50.250 [TX CF4] 67 24 A7 4C 2D 0B 04 20
10:54:50.261 [TX CF5] 67 25 BD 0F 85 EA 51 42
10:54:50.271 [TX CF6] 67 26 4E 20 DE 4B 79 FF
10:54:50.281 [TX CF7] 67 27 F8 34 C4 BE B5 32
10:54:50.292 [TX CF8] 67 28 70 65 B3 FF EC 2D
10:54:50.302 [TX CF9] 67 29 2D 7C 20 DD 09 1B
10:54:50.313 [TX CF10] 67 2A 30 0A E3 65 26 5E
10:54:50.323 [TX CF11] 67 2B 08 4C 35 3F FB 85
10:54:50.334 [TX CF12] 67 2C A9 B8 94 BD BB 2C
10:54:50.344 [TX CF13] 67 2D 0D BF 0E 7F FF 30
10:54:50.354 [TX CF14] 67 2E B5 B8 52 9D B8 A5
10:54:50.364 [TX CF15] 67 2F 82 39 21 CA B5 C0
10:54:50.375 [TX CF0] 67 20 73 07 47 73 CB 05
10:54:50.386 [TX CF1] 67 21 74 C3 8B 6D C1 6C
10:54:50.397 [TX CF2] 67 22 75 A1 0B 0D 00 EC
10:54:50.408 [TX CF3] 67 23 8C D7 84 19 DD 0E
10:54:50.418 [TX CF4] 67 24 07 FE AD 41 62 87
10:54:50.429 [TX CF5] 67 25 07 F6 EE C3 29 FD
10:54:50.440 [TX CF6] 67 26 68 21 80 83 FE 13
10:54:50.451 [TX CF7] 67 27 30 6F 5F C9 33 92
10:54:50.461 [TX CF8] 67 28 F2 70 94 E8 26 90
10:54:50.472 [TX CF9] 67 29 84 48 93 D8 40 3E
10:54:50.483 [TX CF10] 67 2A 15 DF FB F5 0A 08
10:54:50.493 [TX CF11] 67 2B 4C 09 14 2A 87 42
10:54:50.503 [TX CF12] 67 2C B9 23 40 81 6F 55
10:54:50.514 [TX CF13] 67 2D 58 41 18 A0 31 40
10:54:50.525 [TX CF14] 67 2E 91 4A A9 2F DC 29
10:54:50.535 [TX CF15] 67 2F FF F8 06 FE 5F A0
10:54:50.545 [TX CF0] 67 20 F0 C0 28 15 C5 A6
10:54:50.555 [TX CF1] 67 21 12 5A 50 05 08 80
10:54:50.568 [TX CF2] 67 22 04 0D FC A7 41 03
10:54:50.579 [TX CF3] 67 23 E4 40 F8 4A A4 24
10:54:50.590 [TX CF4] 67 24 20 89 64 FF FF FF
10:54:50.610 [RX SF ] 67 02 76 05 FF FF FF FF
10:54:50.616 [RX    ] 76 05
10:54:50.617 [PASS  ] TransferData block=5 | expected: 76 ... | received: 76 05
10:54:50.627 ------------------------------------------------------------------------
10:54:50.627 [STEP  ] 0x36 block=6  offset=10200/45254  (22%)
10:54:50.627 [TX TransferData block=6 len=2040] 36 06 A0 A8 D8 28 47 E9 30 8B 82 9B 27 E2 11 B0...
10:54:50.629 [TX FF ] 67 17 FA 36 06 A0 A8 D8
10:54:50.639 [TX CF1] 67 21 28 47 E9 30 8B 82
10:54:50.651 [TX CF2] 67 22 9B 27 E2 11 B0 44
10:54:50.663 [TX CF3] 67 23 71 F0 74 60 DC 23
10:54:50.675 [TX CF4] 67 24 60 A8 63 34 A0 5A
10:54:50.685 [TX CF5] 67 25 06 EC 2A 9F 87 EE
10:54:50.696 [TX CF6] 67 26 18 EF CA 79 07 DE
10:54:50.706 [TX CF7] 67 27 00 24 22 54 C9 02
10:54:50.717 [TX CF8] 67 28 C0 13 C6 06 44 6E
10:54:50.727 [TX CF9] 67 29 4F 4C 22 80 A8 B8
10:54:50.739 [TX CF10] 67 2A 90 89 E0 65 0E 8F
10:54:50.751 [TX CF11] 67 2B E6 C1 7A E0 C1 E0
10:54:50.762 [TX CF12] 67 2C FD 5F F2 4E 1B 0D
10:54:50.773 [TX CF13] 67 2D CA C8 CE C2 E5 06
10:54:50.783 [TX CF14] 67 2E A4 07 F2 10 A1 CD
10:54:50.793 [TX CF15] 67 2F FC 89 F0 E1 7E 60
10:54:50.803 [TX CF0] 67 20 E2 68 60 81 78 45
10:54:50.959 [TX CF1] 67 21 18 71 7F 2B 4C 2B
10:54:50.971 [TX CF2] 67 22 0F 98 67 82 D8 6A
10:54:50.981 [TX CF3] 67 23 02 D8 60 6C D8 6C
10:54:50.991 [TX CF4] 67 24 0F 98 7A D8 10 D6
10:54:51.002 [TX CF5] 67 25 03 32 A3 03 58 61
10:54:51.013 [TX CF6] 67 26 3F 01 B6 00 34 14
10:54:51.025 [TX CF7] 67 27 E8 7C 7D E1 1C 35
10:54:51.035 [TX CF8] 67 28 4F D8 12 70 5C B8
10:54:51.046 [TX CF9] 67 29 37 2D 4D 22 03 68
10:54:51.056 [TX CF10] 67 2A C0 48 B2 34 38 0D
10:54:51.067 [TX CF11] 67 2B 80 78 93 FF 01 EE
10:54:51.077 [TX CF12] 67 2C 49 9C 89 B8 7B 93
10:54:51.088 [TX CF13] 67 2D C0 FE 36 BA 26 94
10:54:51.099 [TX CF14] 67 2E 39 FA 67 03 65 05
10:54:51.110 [TX CF15] 67 2F 69 C3 08 41 C1 D1
10:54:51.120 [TX CF0] 67 20 DA 78 21 68 38 7E
10:54:51.132 [TX CF1] 67 21 BE 0E 44 82 80 B3
10:54:51.142 [TX CF2] 67 22 C3 05 9D A6 CA 2D
10:54:51.153 [TX CF3] 67 23 59 09 0C 26 02 24
10:54:51.164 [TX CF4] 67 24 40 8B 82 6F 09 67
10:54:51.175 [TX CF5] 67 25 43 55 0D 88 D0 A0
10:54:51.185 [TX CF6] 67 26 6E C0 23 DB FA 0F
10:54:51.197 [TX CF7] 67 27 FE 1E 7A 42 01 27
10:54:51.207 [TX CF8] 67 28 F0 28 60 83 43 FA
10:54:51.218 [TX CF9] 67 29 81 C4 65 EE 3C 65
10:54:51.228 [TX CF10] 67 2A 10 3E C4 33 C0 56
10:54:51.239 [TX CF11] 67 2B C2 01 D2 C7 F8 15
10:54:51.249 [TX CF12] 67 2C 78 30 32 29 60 F3
10:54:51.260 [TX CF13] 67 2D 41 5D 84 78 DA 04
10:54:51.272 [TX CF14] 67 2E BC 8F 86 17 C1 20
10:54:51.282 [TX CF15] 67 2F BD 88 F2 90 DC D9
10:54:51.293 [TX CF0] 67 20 B0 4A 2C 7A 09 03
10:54:51.303 [TX CF1] 67 21 13 0D 85 8B 60 3D
10:54:51.314 [TX CF2] 67 22 00 76 05 0F 63 60
10:54:51.324 [TX CF3] 67 23 6D 21 BC F0 48 4E
10:54:51.335 [TX CF4] 67 24 A0 4A 60 7D 1A AC
10:54:51.345 [TX CF5] 67 25 A2 E2 7F 02 41 B5
10:54:51.355 [TX CF6] 67 26 F0 40 A5 32 DE 8D
10:54:51.366 [TX CF7] 67 27 82 E5 21 57 43 8E
10:54:51.376 [TX CF8] 67 28 FD 78 01 B0 4A 2C
10:54:51.386 [TX CF9] 67 29 DD 0C 0C 1A 03 D5
10:54:51.397 [TX CF10] 67 2A 1D 60 7A 42 C3 7A
10:54:51.407 [TX CF11] 67 2B D0 DC B8 10 64 CA
10:54:51.417 [TX CF12] 67 2C 1A 2F 04 A2 D6 9C
10:54:51.428 [TX CF13] 67 2D C3 11 43 30 A1 E8
10:54:51.439 [TX CF14] 67 2E 70 81 0C 80 41 3D
10:54:51.450 [TX CF15] 67 2F 16 2B 43 98 03 AC
10:54:51.460 [TX CF0] 67 20 38 8A 49 91 0B 4D
10:54:51.472 [TX CF1] 67 21 8C E5 85 40 E7 09
10:54:51.482 [TX CF2] 67 22 80 03 C6 12 9B 1E
10:54:51.493 [TX CF3] 67 23 01 F4 05 8B 63 68
10:54:51.504 [TX CF4] 67 24 84 50 F6 16 03 96
10:54:51.516 [TX CF5] 67 25 47 BC 90 B8 40 E5
10:54:51.526 [TX CF6] 67 26 33 DE 9F 2A 3D 00
10:54:51.536 [TX CF7] 67 27 C9 78 AF 51 38 3C
10:54:51.546 [TX CF8] 67 28 6E 1F A6 2A C1 9F
10:54:51.557 [TX CF9] 67 29 CF D0 A4 1D 2A 4C
10:54:51.567 [TX CF10] 67 2A 72 43 72 98 C6 39
10:54:51.577 [TX CF11] 67 2B DB 2C 35 08 B1 82
10:54:51.588 [TX CF12] 67 2C 1D 03 86 10 0C CD
10:54:51.599 [TX CF13] 67 2D 86 31 D6 83 44 BA
10:54:51.610 [TX CF14] 67 2E B0 EB C6 C0 A1 0D
10:54:51.622 [TX CF15] 67 2F 42 0D 23 EA 3A 50
10:54:51.633 [TX CF0] 67 20 8F 94 C0 CC 56 E3
10:54:51.644 [TX CF1] 67 21 D9 87 6C 1D 2A 45
10:54:51.654 [TX CF2] 67 22 E3 D1 61 40 A0 B2
10:54:51.665 [TX CF3] 67 23 43 83 43 E4 EC BD
10:54:51.676 [TX CF4] 67 24 29 38 42 18 24 F0
10:54:51.687 [TX CF5] 67 25 F8 A5 41 C4 50 A1
10:54:51.698 [TX CF6] 67 26 46 A8 2F 5D 18 34
10:54:51.708 [TX CF7] 67 27 0F AA 6B 4B 19 FA
10:54:51.719 [TX CF8] 67 28 84 19 80 4D C3 6F
10:54:51.730 [TX CF9] 67 29 FD 41 3C 08 EC 20
10:54:51.740 [TX CF10] 67 2A 5D 46 52 06 BC 32
10:54:51.752 [TX CF11] 67 2B BF A0 C2 12 FF FA
10:54:51.763 [TX CF12] 67 2C 59 02 AA 10 19 44
10:54:51.774 [TX CF13] 67 2D C7 A2 5E C0 45 84
10:54:51.785 [TX CF14] 67 2E 0F A8 7F C8 C0 82
10:54:51.795 [TX CF15] 67 2F 8B 0A 03 FC 0B 5E
10:54:51.806 [TX CF0] 67 20 27 65 B2 1E 81 23
10:54:51.818 [TX CF1] 67 21 CD 50 F6 56 08 11
10:54:51.828 [TX CF2] 67 22 CC 05 54 30 2B 1C
10:54:51.839 [TX CF3] 67 23 CA D3 92 82 CA FA
10:54:51.851 [TX CF4] 67 24 96 2A 5F 2A 35 D1
10:54:51.861 [TX CF5] 67 25 91 D6 D0 68 6C B3
10:54:51.871 [TX CF6] 67 26 54 29 27 4B 85 68
10:54:51.882 [TX CF7] 67 27 89 43 22 50 4A 5C
10:54:51.893 [TX CF8] 67 28 26 35 43 E1 2A E0
10:54:51.903 [TX CF9] 67 29 B4 CF D5 50 F2 60
10:54:51.913 [TX CF10] 67 2A D8 98 70 01 08 15
10:54:51.924 [TX CF11] 67 2B 84 7E 84 08 7F 02
10:54:51.934 [TX CF12] 67 2C DA 1E 5C 1F B7 0F
10:54:51.944 [TX CF13] 67 2D 89 D0 E0 76 04 BA
10:54:51.955 [TX CF14] 67 2E 07 DC 07 A9 19 30
10:54:51.966 [TX CF15] 67 2F 94 D2 61 4A C0 E1
10:54:51.976 [TX CF0] 67 20 56 38 11 5C 05 24
10:54:51.987 [TX CF1] 67 21 17 8E 45 85 C8 80
10:54:51.997 [TX CF2] 67 22 97 04 0A 01 AC B0
10:54:52.009 [TX CF3] 67 23 12 49 24 0A 97 48
10:54:52.021 [TX CF4] 67 24 82 58 37 FF 3A 7E
10:54:52.032 [TX CF5] 67 25 3D 91 85 BF 1F 49
10:54:52.044 [TX CF6] 67 26 A4 52 69 34 1B 03
10:54:52.054 [TX CF7] 67 27 2D 02 06 10 82 D8
10:54:52.066 [TX CF8] 67 28 1F 08 EF FB 2C 62
10:54:52.077 [TX CF9] 67 29 06 2B 49 E4 60 68
10:54:52.088 [TX CF10] 67 2A D4 88 11 90 0B 0C
10:54:52.098 [TX CF11] 67 2B 21 A3 05 82 89 49
10:54:52.109 [TX CF12] 67 2C 8C 48 A1 56 0C 13
10:54:52.119 [TX CF13] 67 2D 50 0B 0C 36 45 4A
10:54:52.130 [TX CF14] 67 2E B0 CC 1A C0 58 3C
10:54:52.141 [TX CF15] 67 2F 12 2E 94 03 15 61
10:54:52.151 [TX CF0] 67 20 85 2E 81 5E 21 0B
10:54:52.162 [TX CF1] 67 21 B0 4F 59 90 59 20
10:54:52.172 [TX CF2] 67 22 36 A6 A6 0D 84 17
10:54:52.183 [TX CF3] 67 23 08 D8 A7 6C 80 5B
10:54:52.193 [TX CF4] 67 24 D9 0B 30 20 E0 4A
10:54:52.204 [TX CF5] 67 25 4A 72 10 83 04 42
10:54:52.215 [TX CF6] 67 26 43 86 43 07 E0 30
10:54:52.226 [TX CF7] 67 27 86 51 90 88 50 24
10:54:52.236 [TX CF8] 67 28 0E 68 66 99 17 36
10:54:52.247 [TX CF9] 67 29 10 47 44 33 86 34
10:54:52.257 [TX CF10] 67 2A 72 76 41 32 D2 60
10:54:52.267 [TX CF11] 67 2B 18 A0 E6 10 4E 8F
10:54:52.278 [TX CF12] 67 2C A3 13 01 80 44 83
10:54:52.288 [TX CF13] 67 2D B0 C4 3C 0F 24 20
10:54:52.299 [TX CF14] 67 2E 30 44 CA 04 B0 25
10:54:52.310 [TX CF15] 67 2F 0E 38 72 DF E5 0E
10:54:52.321 [TX CF0] 67 20 12 1F F3 C3 09 4B
10:54:52.332 [TX CF1] 67 21 BE 09 4C 07 A3 ED
10:54:52.343 [TX CF2] 67 22 F3 BD 50 67 65 E8
10:54:52.354 [TX CF3] 67 23 C0 C7 9C 00 CC 77
10:54:52.366 [TX CF4] 67 24 AF C4 1B 10 07 70
10:54:52.377 [TX CF5] 67 25 C0 50 78 10 F0 8A
10:54:52.387 [TX CF6] 67 26 51 18 23 17 68 7B
10:54:52.399 [TX CF7] 67 27 20 97 AE 17 4F F3
10:54:52.411 [TX CF8] 67 28 D3 08 9B 8C 18 8B
10:54:52.421 [TX CF9] 67 29 80 42 D8 10 28 38
10:54:52.432 [TX CF10] 67 2A 42 00 24 E4 14 41
10:54:52.442 [TX CF11] 67 2B 60 C2 81 80 80 12
10:54:52.453 [TX CF12] 67 2C BB 14 A0 80 60 3C
10:54:52.463 [TX CF13] 67 2D 25 2C 71 0E 8C 20
10:54:52.473 [TX CF14] 67 2E 63 8C 36 2F 14 20
10:54:52.485 [TX CF15] 67 2F 12 68 43 9A 18 03
10:54:52.495 [TX CF0] 67 20 A6 1F FF FC 2A 86
10:54:52.506 [TX CF1] 67 21 03 C4 13 C4 27 0B
10:54:52.517 [TX CF2] 67 22 95 29 23 F8 0B 41
10:54:52.528 [TX CF3] 67 23 C5 0E 04 3A 43 49
10:54:52.538 [TX CF4] 67 24 82 4A 20 3D A3 2A
10:54:52.550 [TX CF5] 67 25 05 7C 08 E8 08 10
10:54:52.561 [TX CF6] 67 26 50 20 9C C2 20 22
10:54:52.571 [TX CF7] 67 27 05 88 82 7B 08 E0
10:54:52.581 [TX CF8] 67 28 90 14 7E 01 AC 20
10:54:52.592 [TX CF9] 67 29 A2 30 2E 0C D4 29
10:54:52.602 [TX CF10] 67 2A 17 02 0A 4A 0C 3B
10:54:52.613 [TX CF11] 67 2B 9F D6 7E 14 AB C3
10:54:52.623 [TX CF12] 67 2C BF 02 86 11 00 7E
10:54:52.634 [TX CF13] 67 2D 1D 0A 92 0C 01 0C
10:54:52.644 [TX CF14] 67 2E 0D 60 2E 0E 4C 08
10:54:52.654 [TX CF15] 67 2F 39 65 BF EE FC 1E
10:54:52.664 [TX CF0] 67 20 38 00 F0 0A 20 32
10:54:52.674 [TX CF1] 67 21 C2 1D D1 71 E1 DC
10:54:52.684 [TX CF2] 67 22 FE 0D 30 85 74 1E
10:54:52.695 [TX CF3] 67 23 D8 4B 7F A3 5C 3B
10:54:52.705 [TX CF4] 67 24 A3 68 19 B0 F7 3F
10:54:52.716 [TX CF5] 67 25 27 34 1C E0 7F 7E
10:54:52.727 [TX CF6] 67 26 FE 2F F4 0E 91 40
10:54:52.738 [TX CF7] 67 27 16 42 F9 40 6B 87
10:54:52.749 [TX CF8] 67 28 51 C9 08 47 0B C4
10:54:52.761 [TX CF9] 67 29 50 39 84 82 05 0B
10:54:52.771 [TX CF10] 67 2A A0 7F 9C B0 8A 92
10:54:52.782 [TX CF11] 67 2B B4 FF 60 4E 10 47
10:54:52.793 [TX CF12] 67 2C 48 72 FF 83 0C 8D
10:54:52.803 [TX CF13] 67 2D 78 64 7F B4 0D 91
10:54:52.814 [TX CF14] 67 2E 17 00 B4 11 28 34
10:54:52.825 [TX CF15] 67 2F 4E 14 B4 C2 27 0C
10:54:52.835 [TX CF0] 67 20 26 21 00 DF C2 68
10:54:52.845 [TX CF1] 67 21 50 5E 86 0E 0F 0F
10:54:52.855 [TX CF2] 67 22 E8 40 AE 14 08 E5
10:54:52.866 [TX CF3] 67 23 26 3D F9 E8 80 12
10:54:52.876 [TX CF4] 67 24 80 48 BE 7E 72 9A
10:54:52.887 [TX CF5] 67 25 10 5F 01 2D A8 98
10:54:52.897 [TX CF6] 67 26 08 09 CC 1B A7 30
10:54:52.909 [TX CF7] 67 27 DA 45 19 F0 16 21
10:54:52.920 [TX CF8] 67 28 9E 70 3F 9D 29 86
10:54:52.930 [TX CF9] 67 29 F2 93 07 80 74 E1
10:54:52.940 [TX CF10] 67 2A 9C 08 07 56 09 C0
10:54:52.951 [TX CF11] 67 2B C4 8B 80 E9 C0 B0
10:54:52.961 [TX CF12] 67 2C 18 08 E3 E3 02 F6
10:54:52.973 [TX CF13] 67 2D 05 04 02 29 2F 90
10:54:52.984 [TX CF14] 67 2E A9 40 70 51 88 5D
10:54:52.995 [TX CF15] 67 2F E3 27 60 A5 DE 22
10:54:53.005 [TX CF0] 67 20 76 0C 4D E2 3B 4A
10:54:53.016 [TX CF1] 67 21 C0 D4 0C 68 44 36
10:54:53.026 [TX CF2] 67 22 94 AB 44 72 97 C0
10:54:53.036 [TX CF3] 67 23 8C 50 AC 10 A1 64
10:54:53.046 [TX CF4] 67 24 12 A8 89 40 09 51
10:54:53.056 [TX CF5] 67 25 3F 08 84 A8 9D 84
10:54:53.067 [TX CF6] 67 26 4A 54 8E 42 41 2A
10:54:53.078 [TX CF7] 67 27 80 F4 24 52 A8 5F
10:54:53.088 [TX CF8] 67 28 45 73 84 52 97 13
10:54:53.098 [TX CF9] 67 29 A0 2F 90 57 20 57
10:54:53.110 [TX CF10] 67 2A 42 05 60 81 F8 0E
10:54:53.121 [TX CF11] 67 2B 58 44 0E 70 AF 30
10:54:53.132 [TX CF12] 67 2C 85 5A 56 A8 70 ED
10:54:53.144 [TX CF13] 67 2D 50 EA 54 6A 81 CB
10:54:53.156 [TX CF14] 67 2E B4 43 A9 91 CA 04
10:54:53.167 [TX CF15] 67 2F 52 87 C4 B1 1D B0
10:54:53.177 [TX CF0] 67 20 86 1D E3 39 60 B6
10:54:53.189 [TX CF1] 67 21 48 CB 84 26 F5 19
10:54:53.201 [TX CF2] 67 22 A1 E2 56 F0 C4 68
10:54:53.211 [TX CF3] 67 23 6C CC 22 1B C2 92
10:54:53.222 [TX CF4] 67 24 50 C8 8A 17 08 24
10:54:53.233 [TX CF5] 67 25 60 2B 00 65 0F FF
10:54:53.245 [TX CF6] 67 26 3F 11 88 1C 41 77
10:54:53.257 [TX CF7] 67 27 BB C0 A0 17 F4 40
10:54:53.267 [TX CF8] 67 28 39 23 20 11 89 49
10:54:53.278 [TX CF9] 67 29 A2 32 FE 14 08 C4
10:54:53.289 [TX CF10] 67 2A 9E 93 40 AC 1A 52
10:54:53.299 [TX CF11] 67 2B CD C0 0D 68 44 4D
10:54:53.311 [TX CF12] 67 2C 60 C0 D7 30 1F 01
10:54:53.321 [TX CF13] 67 2D 6E E1 0F A4 CE 42
10:54:53.332 [TX CF14] 67 2E 80 05 10 44 C2 8C
10:54:53.343 [TX CF15] 67 2F 4A 15 4A 4C 60 7F
10:54:53.354 [TX CF0] 67 20 C2 3C 73 85 AF 85
10:54:53.365 [TX CF1] 67 21 4A 07 0A A0 1D 52
10:54:53.376 [TX CF2] 67 22 34 A5 01 CE 25 50
10:54:53.386 [TX CF3] 67 23 6D 21 A1 47 83 18
10:54:53.398 [TX CF4] 67 24 A4 D0 EA 08 4D 26
10:54:53.408 [TX CF5] 67 25 08 78 51 49 24 72
10:54:53.418 [TX CF6] 67 26 3B A0 93 4A 37 01
10:54:53.429 [TX CF7] 67 27 8D C2 53 F8 44 61
10:54:53.440 [TX CF8] 67 28 F0 98 3A 09 06 96
10:54:53.450 [TX CF9] 67 29 09 0D B8 92 3A DC
10:54:53.460 [TX CF10] 67 2A 05 4F 96 3E 49 A3
10:54:53.472 [TX CF11] 67 2B 60 C1 43 C7 C8 62
10:54:53.483 [TX CF12] 67 2C 34 05 5A 3E 05 92
10:54:53.493 [TX CF13] 67 2D 12 14 20 E0 1C 54
10:54:53.503 [TX CF14] 67 2E 90 DC 10 F1 F8 FF
10:54:53.514 [TX CF15] 67 2F F5 05 BC 5B 4A 35
10:54:53.525 [TX CF0] 67 20 28 CA 85 2E F3 01
10:54:53.535 [TX CF1] 67 21 95 CC 7A 30 BB CC
10:54:53.546 [TX CF2] 67 22 02 56 2E 42 41 2B
10:54:53.556 [TX CF3] 67 23 85 F4 04 28 62 24
10:54:53.566 [TX CF4] 67 24 74 1A 65 56 DF 25
10:54:53.577 [TX CF5] 67 25 A0 47 68 75 5B 3E
10:54:53.587 [TX CF6] 67 26 56 DF 2C A0 48 E8
10:54:53.599 [TX CF7] 67 27 79 3B 3B 03 09 ED
10:54:53.610 [TX CF8] 67 28 31 66 86 82 49 A4
10:54:53.620 [TX CF9] 67 29 80 4E A9 6C 24 23
10:54:53.630 [TX CF10] 67 2A B4 09 2B 0E 39 59
10:54:53.641 [TX CF11] 67 2B 43 0A 1E 52 CF 37
10:54:53.651 [TX CF12] 67 2C A5 D5 2D 67 C4 2A
10:54:53.662 [TX CF13] 67 2D 96 3C A5 AE 47 40
10:54:53.673 [TX CF14] 67 2E C9 D8 E0 12 3A 9D
10:54:53.683 [TX CF15] 67 2F 97 27 65 99 D2 F8
10:54:53.693 [TX CF0] 67 20 71 85 82 1E 4A 1D
10:54:53.704 [TX CF1] 67 21 76 D0 C2 C2 BB 60
10:54:53.715 [TX CF2] 67 22 CE DA 18 98 67 2C
10:54:53.725 [TX CF3] 67 23 10 CB 42 F9 0C 6D
10:54:53.736 [TX CF4] 67 24 E6 32 5A 81 7F 0C
10:54:53.747 [TX CF5] 67 25 83 A3 64 8F 55 2C
10:54:53.757 [TX CF6] 67 26 12 8A 64 9A 93 D6
10:54:53.769 [TX CF7] 67 27 B7 43 A8 12 6A 1F
10:54:53.779 [TX CF8] 67 28 5A CD 16 B7 CC 68
10:54:53.790 [TX CF9] 67 29 10 CA 1C 52 CF 11
10:54:53.801 [TX CF10] 67 2A 6A 41 4C 86 1D 00
10:54:53.811 [TX CF11] 67 2B 90 E2 60 AB 44 22
10:54:53.822 [TX CF12] 67 2C 36 08 CF 81 B5 96
10:54:53.833 [TX CF13] 67 2D 22 43 1C A6 37 30
10:54:53.843 [TX CF14] 67 2E 93 50 21 CD E0 E6
10:54:53.853 [TX CF15] 67 2F 8B 40 62 2C 60 6C
10:54:53.864 [TX CF0] 67 20 30 8A 8D 81 8F 90
10:54:53.875 [TX CF1] 67 21 AF 06 E7 C0 84 3A
10:54:53.885 [TX CF2] 67 22 96 A7 0E 1D 4B 14
10:54:53.895 [TX CF3] 67 23 52 D6 3B 82 22 D0
10:54:53.905 [TX CF4] 67 24 82 42 DA 82 23 65
10:54:53.917 [TX CF5] 67 25 58 E1 C9 A1 F5 2D
10:54:53.927 [TX CF6] 67 26 EF 2C 58 C0 53 20
10:54:53.938 [TX CF7] 67 27 11 98 25 A1 E8 82
10:54:53.948 [TX CF8] 67 28 D3 16 BC 14 98 0B
10:54:53.958 [TX CF9] 67 29 0C 18 5D 22 51 40
10:54:53.968 [TX CF10] 67 2A 84 1D 60 90 C0 68
10:54:53.980 [TX CF11] 67 2B 6E 3C 2E 0B 58 D0
10:54:53.992 [TX CF12] 67 2C E9 49 29 33 E8 04
10:54:54.002 [TX CF13] 67 2D 06 08 96 D3 08 87
10:54:54.013 [TX CF14] 67 2E 94 30 02 23 0D F8
10:54:54.023 [TX CF15] 67 2F CA 09 84 43 6A 04
10:54:54.035 [TX CF0] 67 20 82 C1 68 1B 64 41
10:54:54.046 [TX CF1] 67 21 C6 B8 1F C2 0D D1
10:54:54.056 [TX CF2] 67 22 90 5A 48 D8 66 BF
10:54:54.067 [TX CF3] 67 23 7A 0B 45 86 D1 13
10:54:54.077 [TX CF4] 67 24 A5 62 14 50 6F 5E
10:54:54.088 [TX CF5] 67 25 38 50 96 E1 40 61
10:54:54.099 [TX CF6] 67 26 11 89 50 EE 0A B4
10:54:54.109 [TX CF7] 67 27 06 01 09 EA 0E D0
10:54:54.119 [TX CF8] 67 28 0F 25 81 A0 43 69
10:54:54.130 [TX CF9] 67 29 0A BC 37 FF 3A 7E
10:54:54.141 [TX CF10] 67 2A 3C 34 85 BF 1E 01
10:54:54.151 [TX CF11] 67 2B 4A 10 13 36 0A 17
10:54:54.162 [TX CF12] 67 2C 1E 08 19 85 1C 86
10:54:54.172 [TX CF13] 67 2D 42 24 40 C2 F9 C5
10:54:54.183 [TX CF14] 67 2E 31 E3 E1 17 A1 00
10:54:54.193 [TX CF15] 67 2F 13 C3 F8 DA C1 60
10:54:54.203 [TX CF0] 67 20 10 39 6C 03 B7 7C
10:54:54.214 [TX CF1] 67 21 75 81 49 B5 40 2A
10:54:54.225 [TX CF2] 67 22 51 98 94 07 19 18
10:54:54.235 [TX CF3] 67 23 90 48 6C 35 C9 74
10:54:54.246 [TX CF4] 67 24 8B 45 5C 36 61 6F
10:54:54.256 [TX CF5] 67 25 E8 41 25 36 F1 F8
10:54:54.267 [TX CF6] 67 26 20 94 24 16 8A D5
10:54:54.278 [TX CF7] 67 27 26 82 99 02 D1 01
10:54:54.288 [TX CF8] 67 28 40 43 0A B0 55 46
10:54:54.299 [TX CF9] 67 29 81 D4 A1 55 28 10
10:54:54.309 [TX CF10] 67 2A D9 1A 70 DB 0A 35
10:54:54.320 [TX CF11] 67 2B 43 CF 68 EC C0 91
10:54:54.331 [TX CF12] 67 2C E8 55 06 E0 58 07
10:54:54.342 [TX CF13] 67 2D 98 3E D0 84 48 01
10:54:54.352 [TX CF14] 67 2E E8 4E BF 75 AD 08
10:54:54.363 [TX CF15] 67 2F CD 02 46 1E 2F D9
10:54:54.373 [TX CF0] 67 20 03 0A 80 DC 3C 94
10:54:54.384 [TX CF1] 67 21 2B 25 02 DD C1 73
10:54:54.396 [TX CF2] 67 22 70 D5 02 10 BB 04
10:54:54.406 [TX CF3] 67 23 86 01 20 98 90 50
10:54:54.417 [TX CF4] 67 24 D9 10 80 FF FF FF
10:54:54.437 [RX SF ] 67 02 76 06 FF FF FF FF
10:54:54.438 [RX    ] 76 06
10:54:54.438 [PASS  ] TransferData block=6 | expected: 76 ... | received: 76 06
10:54:54.448 ------------------------------------------------------------------------
10:54:54.448 [STEP  ] 0x36 block=7  offset=12240/45254  (27%)
10:54:54.448 [TX TransferData block=7 len=2040] 36 07 04 41 F7 BF FF E9 34 F2 3C 17 8A AC B8 1A...
10:54:54.449 [TX FF ] 67 17 FA 36 07 04 41 F7
10:54:54.459 [TX CF1] 67 21 BF FF E9 34 F2 3C
10:54:54.471 [TX CF2] 67 22 17 8A AC B8 1A 08
10:54:54.482 [TX CF3] 67 23 2F 0B BF 46 29 21
10:54:54.492 [TX CF4] 67 24 9E 52 35 42 C8 51
10:54:54.503 [TX CF5] 67 25 89 12 70 81 7F B0
10:54:54.513 [TX CF6] 67 26 12 5B 68 22 09 11
10:54:54.524 [TX CF7] 67 27 88 09 C2 18 09 80
10:54:54.534 [TX CF8] 67 28 C9 0F F7 F4 A7 86
10:54:54.544 [TX CF9] 67 29 1A 40 08 42 70 51
10:54:54.554 [TX CF10] 67 2A 07 ED FD 90 9D C0
10:54:54.565 [TX CF11] 67 2B 90 4D 69 58 A5 38
10:54:54.576 [TX CF12] 67 2C 16 41 F6 13 32 D4
10:54:54.587 [TX CF13] 67 2D 56 19 BD 20 3E 81
10:54:54.597 [TX CF14] 67 2E FF 22 32 07 84 26
10:54:54.607 [TX CF15] 67 2F B4 8C 82 70 08 0E
10:54:54.617 [TX CF0] 67 20 16 31 2C 17 C2 2D
10:54:54.628 [TX CF1] 67 21 43 55 18 93 48 FC
10:54:54.638 [TX CF2] 67 22 75 C8 3C AE 11 D1
10:54:54.649 [TX CF3] 67 23 E0 48 F3 70 28 9D
10:54:54.660 [TX CF4] 67 24 82 35 01 83 0A 00
10:54:54.672 [TX CF5] 67 25 94 E3 FA 10 19 07
10:54:54.683 [TX CF6] 67 26 CB 7B 2B 4D 81 60
10:54:54.693 [TX CF7] 67 27 95 D2 A5 A6 50 55
10:54:54.703 [TX CF8] 67 28 18 7A AA 06 2D 17
10:54:54.714 [TX CF9] 67 29 88 4A 29 78 A2 94
10:54:54.725 [TX CF10] 67 2A 10 1A 6C 67 AB 50
10:54:54.735 [TX CF11] 67 2B 96 9B C3 4C 61 24
10:54:54.746 [TX CF12] 67 2C A5 76 27 7C B8 C6
10:54:54.757 [TX CF13] 67 2D 0E A1 A5 B4 C7 A9
10:54:54.767 [TX CF14] 67 2E 1F 49 D2 33 03 16
10:54:54.778 [TX CF15] 67 2F 45 04 0E 08 40 32
10:54:54.790 [TX CF0] 67 20 5B F9 16 FE 47 DB
10:54:54.801 [TX CF1] 67 21 A1 C0 33 F3 FB 44
10:54:54.811 [TX CF2] 67 22 7E 81 15 A0 4F 4F
10:54:54.821 [TX CF3] 67 23 A0 CF 6C 16 5B 4C
10:54:54.832 [TX CF4] 67 24 B6 4F E4 AE BB 30
10:54:54.842 [TX CF5] 67 25 7C E4 CF C2 54 9D
10:54:54.853 [TX CF6] 67 26 0E 15 48 87 54 24
10:54:54.863 [TX CF7] 67 27 13 82 F2 10 1B 41
10:54:54.874 [TX CF8] 67 28 4D 0C 14 C9 2A 82
10:54:54.884 [TX CF9] 67 29 15 02 5A 06 AC 28
10:54:54.895 [TX CF10] 67 2A 11 22 64 12 88 80
10:54:54.905 [TX CF11] 67 2B 97 48 24 45 71 88
10:54:54.917 [TX CF12] 67 2C 83 08 05 21 19 0C
10:54:54.928 [TX CF13] 67 2D 0D 1D 86 C5 1F 0C
10:54:54.939 [TX CF14] 67 2E 9A 10 8E 87 89 0A
10:54:54.950 [TX CF15] 67 2F 06 61 0C 49 C3 00
10:54:54.961 [TX CF0] 67 20 D0 50 8A E8 44 52
10:54:54.972 [TX CF1] 67 21 28 C4 66 01 D0 04
10:54:54.983 [TX CF2] 67 22 B0 C1 13 30 C2 12
10:54:54.993 [TX CF3] 67 23 B8 FC 36 B8 9D 84
10:54:55.004 [TX CF4] 67 24 30 3A 07 43 42 0B
10:54:55.015 [TX CF5] 67 25 82 53 05 E8 48 93
10:54:55.026 [TX CF6] 67 26 D0 4A A0 9D 1B 12
10:54:55.038 [TX CF7] 67 27 80 18 0F 46 07 20
10:54:55.049 [TX CF8] 67 28 F2 78 6D 54 68 85
10:54:55.060 [TX CF9] 67 29 C6 D1 46 82 DE 60
10:54:55.070 [TX CF10] 67 2A 52 D8 77 73 7B 48
10:54:55.081 [TX CF11] 67 2B 16 28 74 C2 0D 90
10:54:55.092 [TX CF12] 67 2C 80 64 24 D2 2C 05
10:54:55.102 [TX CF13] 67 2D 72 1F 28 82 F4 79
10:54:55.113 [TX CF14] 67 2E 10 78 1F 56 17 20
10:54:55.123 [TX CF15] 67 2F E7 F8 60 52 0E 6F
10:54:55.135 [TX CF0] 67 20 86 51 46 2C 21 C4
10:54:55.146 [TX CF1] 67 21 FF 6D 29 D7 08 CC
10:54:55.156 [TX CF2] 67 22 1F 21 07 CC 40 2F
10:54:55.168 [TX CF3] 67 23 10 15 5C 2A 4C 20
10:54:55.178 [TX CF4] 67 24 17 95 7E 1C EF F4
10:54:55.189 [TX CF5] 67 25 26 41 BD 13 C0 B2
10:54:55.202 [TX CF6] 67 26 82 D1 02 C8 6B 48
10:54:55.212 [TX CF7] 67 27 60 56 20 32 2C 8D
10:54:55.223 [TX CF8] 67 28 0F 57 4A C0 D4 20
10:54:55.233 [TX CF9] 67 29 59 8D 55 24 78 82
10:54:55.244 [TX CF10] 67 2A E1 0D 55 3E 0E 8A
10:54:55.254 [TX CF11] 67 2B 03 31 C0 B4 EA 69
10:54:55.265 [TX CF12] 67 2C 30 8B 01 A9 09 05
10:54:55.275 [TX CF13] 67 2D D1 14 87 81 81 0C
10:54:55.286 [TX CF14] 67 2E 1F 33 08 B8 10 31
10:54:55.297 [TX CF15] 67 2F 54 C1 98 97 05 60
10:54:55.308 [TX CF0] 67 20 26 83 00 E8 E8 CD
10:54:55.319 [TX CF1] 67 21 20 48 20 39 08 1E
10:54:55.330 [TX CF2] 67 22 61 7A 80 2D 08 2B
10:54:55.341 [TX CF3] 67 23 14 19 33 18 16 26
10:54:55.351 [TX CF4] 67 24 0B BC 18 D8 40 BA
10:54:55.361 [TX CF5] 67 25 29 8C 0A 98 32 70
10:54:55.372 [TX CF6] 67 26 82 B3 61 81 F4 4A
10:54:55.382 [TX CF7] 67 27 D9 4C 23 0C AC A8
10:54:55.392 [TX CF8] 67 28 00 B8 61 BD 08 06
10:54:55.403 [TX CF9] 67 29 66 41 22 C4 83 60
10:54:55.413 [TX CF10] 67 2A 94 99 90 6A E1 89
10:54:55.423 [TX CF11] 67 2B B4 65 4C 30 AE D0
10:54:55.434 [TX CF12] 67 2C 5B A2 0F 06 03 FA
10:54:55.444 [TX CF13] 67 2D 5B A5 88 5E 42 87
10:54:55.454 [TX CF14] 67 2E C1 73 82 25 2F 7F
10:54:55.465 [TX CF15] 67 2F CE 21 85 B9 6D 9B
10:54:55.475 [TX CF0] 67 20 99 68 98 90 30 E0
10:54:55.486 [TX CF1] 67 21 94 C1 3A 59 2D 94
10:54:55.497 [TX CF2] 67 22 0B 32 48 43 6D FA
10:54:55.508 [TX CF3] 67 23 82 78 2A 50 87 2E
10:54:55.518 [TX CF4] 67 24 5C 4F D1 5D 0C 2B
10:54:55.530 [TX CF5] 67 25 84 0C 42 79 08 4C
10:54:55.542 [TX CF6] 67 26 6A 11 94 80 E7 D5
10:54:55.554 [TX CF7] 67 27 28 41 32 30 B7 3C
10:54:55.566 [TX CF8] 67 28 2E 8C 36 EE 98 70
10:54:55.577 [TX CF9] 67 29 8E A8 60 D9 98 4A
10:54:55.587 [TX CF10] 67 2A A4 0C 8C 11 C8 04
10:54:55.599 [TX CF11] 67 2B 6A 08 CB 05 F4 84
10:54:55.610 [TX CF12] 67 2C 23 31 80 B4 61 E8
10:54:55.622 [TX CF13] 67 2D 53 6E 94 02 4A C9
10:54:55.632 [TX CF14] 67 2E 42 10 B3 83 3D 14
10:54:55.643 [TX CF15] 67 2F E9 5E 23 33 11 70
10:54:55.654 [TX CF0] 67 20 02 A0 3E 17 56 E4
10:54:55.664 [TX CF1] 67 21 12 88 9F 42 DB 1C
10:54:55.675 [TX CF2] 67 22 F6 EC BE BE 77 D2
10:54:55.685 [TX CF3] 67 23 0D 2C 2D 34 6C 4E
10:54:55.696 [TX CF4] 67 24 22 03 70 00 25 09
10:54:55.706 [TX CF5] 67 25 85 50 6E 1A D7 F0
10:54:55.718 [TX CF6] 67 26 30 1D 4B ED 2B 63
10:54:55.728 [TX CF7] 67 27 F2 1F 77 46 0B 96
10:54:55.738 [TX CF8] 67 28 BF C6 5E B8 71 EC
10:54:55.748 [TX CF9] 67 29 10 46 84 3D 2E 83
10:54:55.758 [TX CF10] 67 2A 83 1C 23 87 47 42
10:54:55.770 [TX CF11] 67 2B 10 6C D6 26 31 03
10:54:55.781 [TX CF12] 67 2C CD 42 14 10 66 B7
10:54:55.792 [TX CF13] 67 2D 4E 50 40 B8 57 FF
10:54:55.802 [TX CF14] 67 2E 5B AF 3E 0E 91 20
10:54:55.814 [TX CF15] 67 2F AC 08 90 FD F5 17
10:54:55.824 [TX CF0] 67 20 D8 2D 50 F3 FF 55
10:54:55.835 [TX CF1] 67 21 C8 40 A4 30 7C D4
10:54:55.845 [TX CF2] 67 22 46 E1 08 61 C1 74
10:54:55.855 [TX CF3] 67 23 FB 78 22 92 22 3A
10:54:55.865 [TX CF4] 67 24 17 CA 46 AE 01 5B
10:54:55.875 [TX CF5] 67 25 8C E6 E0 1C 03 D8
10:54:55.887 [TX CF6] 67 26 1F 08 EF E6 61 1D
10:54:55.898 [TX CF7] 67 27 A0 46 59 58 C8 20
10:54:55.910 [TX CF8] 67 28 B9 A8 85 C2 64 99
10:54:55.920 [TX CF9] 67 29 02 65 50 AA 83 70
10:54:55.932 [TX CF10] 67 2A 87 AF A0 79 01 68
10:54:55.943 [TX CF11] 67 2B B9 D2 81 D8 10 F0
10:54:55.954 [TX CF12] 67 2C FF C8 F0 53 32 32
10:54:55.965 [TX CF13] 67 2D 4E 3C 13 D8 28 90
10:54:55.976 [TX CF14] 67 2E 98 95 20 98 BB 70
10:54:55.988 [TX CF15] 67 2F B0 A7 A1 67 21 86
10:54:55.998 [TX CF0] 67 20 90 D2 60 17 15 E8
10:54:56.010 [TX CF1] 67 21 19 16 C2 0A A4 31
10:54:56.020 [TX CF2] 67 22 55 C4 F2 0E 44 20
10:54:56.032 [TX CF3] 67 23 1D 98 40 5E 09 54
10:54:56.043 [TX CF4] 67 24 55 B0 04 A6 65 D0
10:54:56.054 [TX CF5] 67 25 91 DA 23 A9 60 33
10:54:56.065 [TX CF6] 67 26 51 6B 45 82 9F F6
10:54:56.076 [TX CF7] 67 27 8C CD ED 1B F8 3C
10:54:56.087 [TX CF8] 67 28 A3 AB 40 8E 40 25
10:54:56.098 [TX CF9] 67 29 70 1E 84 BE F1 00
10:54:56.109 [TX CF10] 67 2A F0 7F E4 F3 7B 1B
10:54:56.121 [TX CF11] 67 2B F7 0A 4C 7A 3D D0
10:54:56.132 [TX CF12] 67 2C F7 79 E1 F2 A8 E7
10:54:56.142 [TX CF13] 67 2D 45 80 04 69 3F 0C
10:54:56.153 [TX CF14] 67 2E 0F 25 13 A3 55 E9
10:54:56.164 [TX CF15] 67 2F 50 73 D2 19 A8 AD
10:54:56.174 [TX CF0] 67 20 A2 A5 4E D6 C6 65
10:54:56.184 [TX CF1] 67 21 D6 8D B4 1E 1B D5
10:54:56.195 [TX CF2] 67 22 C0 47 20 79 E8 04
10:54:56.205 [TX CF3] 67 23 BA 09 D0 8F 5E 26
10:54:56.215 [TX CF4] 67 24 D0 2A FD E2 7C 7D
10:54:56.226 [TX CF5] 67 25 03 C1 07 CF 4B AC
10:54:56.236 [TX CF6] 67 26 79 B1 E8 3E B1 9C
10:54:56.247 [TX CF7] 67 27 19 27 1A 14 CA 5E
10:54:56.257 [TX CF8] 67 28 40 5B 04 06 BB 18
10:54:56.267 [TX CF9] 67 29 C8 50 A6 1D 36 16
10:54:56.277 [TX CF10] 67 2A 10 56 1C 2C B4 25
10:54:56.287 [TX CF11] 67 2B 8C 60 96 68 37 A1
10:54:56.299 [TX CF12] 67 2C 81 2E 81 80 D8 28
10:54:56.309 [TX CF13] 67 2D 94 88 C0 76 0C C9
10:54:56.319 [TX CF14] 67 2E CD 06 B6 10 98 0C
10:54:56.330 [TX CF15] 67 2F 0B 35 42 A8 68 14
10:54:56.341 [TX CF0] 67 20 00 0B E1 2C E1 0F
10:54:56.352 [TX CF1] 67 21 18 C1 D1 A0 42 27
10:54:56.363 [TX CF2] 67 22 B4 9A C9 62 0C D1
10:54:56.373 [TX CF3] 67 23 B3 0E 91 D0 2D 96
10:54:56.384 [TX CF4] 67 24 22 A1 57 34 81 BF
10:54:56.394 [TX CF5] 67 25 46 A4 94 49 1C 92
10:54:56.405 [TX CF6] 67 26 41 24 7A 7B 04 B6
10:54:56.416 [TX CF7] 67 27 11 18 D4 90 B8 04
10:54:56.427 [TX CF8] 67 28 B0 74 84 82 30 F4
10:54:56.438 [TX CF9] 67 29 42 0C CB 82 49 04
10:54:56.449 [TX CF10] 67 2A AE C3 CD 70 0F E1
10:54:56.460 [TX CF11] 67 2B 73 E0 9E C2 0F D0
10:54:56.472 [TX CF12] 67 2C 96 1B 81 92 40 65
10:54:56.484 [TX CF13] 67 2D 91 99 35 A2 18 3C
10:54:56.494 [TX CF14] 67 2E 02 87 27 5F 41 2A
10:54:56.505 [TX CF15] 67 2F 38 A1 2D 39 1A 71
10:54:56.516 [TX CF0] 67 20 DA 05 26 FB 1E 80
10:54:56.526 [TX CF1] 67 21 B4 4D E8 07 A4 0E
10:54:56.538 [TX CF2] 67 22 DB 49 6D 12 EA 04
10:54:56.548 [TX CF3] 67 23 98 F5 2C 72 33 19
10:54:56.558 [TX CF4] 67 24 A6 C1 33 D6 6A 8C
10:54:56.570 [TX CF5] 67 25 5A 98 84 43 13 B2
10:54:56.580 [TX CF6] 67 26 96 49 68 B5 D9 6C
10:54:56.591 [TX CF7] 67 27 06 C3 51 89 17 E1
10:54:56.601 [TX CF8] 67 28 30 61 C3 AE 46 CB
10:54:56.611 [TX CF9] 67 29 50 67 79 B5 00 8A
10:54:56.622 [TX CF10] 67 2A 12 D2 A0 72 26 D4
10:54:56.632 [TX CF11] 67 2B 56 88 73 78 95 A2
10:54:56.642 [TX CF12] 67 2C 90 FF E8 81 08 4E
10:54:56.652 [TX CF13] 67 2D C3 E1 BD 88 19 A1
10:54:56.662 [TX CF14] 67 2E A0 44 98 20 4A 0C
10:54:56.673 [TX CF15] 67 2F F1 7F D2 F8 40 34
10:54:56.683 [TX CF0] 67 20 06 9C 21 11 24 D6
10:54:56.694 [TX CF1] 67 21 10 C4 E4 30 44 EC
10:54:56.704 [TX CF2] 67 22 46 68 6E 1B 48 84
10:54:56.716 [TX CF3] 67 23 EA 07 D3 BC 72 54
10:54:56.726 [TX CF4] 67 24 18 5E 38 1F BE 95
10:54:56.737 [TX CF5] 67 25 4E 0F 01 E9 C6 39
10:54:56.747 [TX CF6] 67 26 31 8E 04 07 AB 08
10:54:56.757 [TX CF7] 67 27 E4 C2 38 1D 28 3C
10:54:56.768 [TX CF8] 67 28 13 A7 0B C4 40 F0
10:54:56.778 [TX CF9] 67 29 18 98 E1 1B 03 AE
10:54:56.788 [TX CF10] 67 2A 0A 5C 21 77 88 1D
10:54:56.800 [TX CF11] 67 2B C2 E1 BC B8 51 F1
10:54:56.810 [TX CF12] 67 2C 6A 40 3A 38 38 3F
10:54:56.821 [TX CF13] 67 2D 87 A1 12 A1 41 7A
10:54:56.832 [TX CF14] 67 2E 0A B4 29 24 70 2E
10:54:56.842 [TX CF15] 67 2F 03 94 2A 51 EF CF
10:54:56.854 [TX CF0] 67 20 45 59 82 77 08 4A
10:54:56.865 [TX CF1] 67 21 F2 0A C6 06 0F C8
10:54:56.875 [TX CF2] 67 22 87 AC D0 84 52 B0
10:54:56.885 [TX CF3] 67 23 0B D0 1B E0 48 F3
10:54:56.897 [TX CF4] 67 24 54 3E 5C 1F B7 0F
10:54:56.907 [TX CF5] 67 25 13 E1 03 B0 2D 90
10:54:56.918 [TX CF6] 67 26 82 52 68 35 8E 44
10:54:56.929 [TX CF7] 67 27 1F 80 B6 0A E4 9C
10:54:56.939 [TX CF8] 67 28 C2 30 53 01 7E 1C
10:54:56.950 [TX CF9] 67 29 5A 96 1D 42 03 2A
10:54:56.960 [TX CF10] 67 2A 5B E0 CE 42 22 57
10:54:56.971 [TX CF11] 67 2B 05 7B 86 29 26 0A
10:54:56.982 [TX CF12] 67 2C CD 28 8B 06 15 52
10:54:56.993 [TX CF13] 67 2D 0C 2C 98 AA 30 F4
10:54:57.003 [TX CF14] 67 2E 88 6D 31 30 7C 4C
10:54:57.015 [TX CF15] 67 2F 3E 16 C1 86 06 B8
10:54:57.025 [TX CF0] 67 20 02 49 8C A0 68 E8
10:54:57.037 [TX CF1] 67 21 78 AA 04 69 26 0C
10:54:57.048 [TX CF2] 67 22 41 59 0C 1D 69 0B
10:54:57.058 [TX CF3] 67 23 4D 08 2D 2F 83 50
10:54:57.068 [TX CF4] 67 24 82 D2 4B 68 31 92
10:54:57.078 [TX CF5] 67 25 AA 2F E1 6A 40 D8
10:54:57.089 [TX CF6] 67 26 C2 B8 D8 85 AE 02
10:54:57.101 [TX CF7] 67 27 FB 09 02 FA 1C 0C
10:54:57.111 [TX CF8] 67 28 7A 13 1F 31 E1 FC
10:54:57.121 [TX CF9] 67 29 E9 31 92 88 6D 60
10:54:57.132 [TX CF10] 67 2A 12 28 1C 86 3F 20
10:54:57.142 [TX CF11] 67 2B 74 61 EC FC 38 32
10:54:57.152 [TX CF12] 67 2C 32 E0 E2 43 CF F8
10:54:57.163 [TX CF13] 67 2D 97 D2 25 EB C0 2C
10:54:57.173 [TX CF14] 67 2E 0E 64 0A E8 42 24
10:54:57.185 [TX CF15] 67 2F 01 5C 7F F2 EA 64
10:54:57.196 [TX CF0] 67 20 E7 42 FB 4B 1D F8
10:54:57.206 [TX CF1] 67 21 9A 3A A3 B4 7E 25
10:54:57.217 [TX CF2] 67 22 46 FC 2D 18 08 56
10:54:57.227 [TX CF3] 67 23 02 05 27 91 40 A8
10:54:57.238 [TX CF4] 67 24 70 AB 04 A0 CE 83
10:54:57.248 [TX CF5] 67 25 C2 0B 05 2A D1 3F
10:54:57.259 [TX CF6] 67 26 91 89 F0 A5 D8 24
10:54:57.269 [TX CF7] 67 27 B4 9E 04 8B 25 02
10:54:57.280 [TX CF8] 67 28 78 A1 24 A5 44 C7
10:54:57.291 [TX CF9] 67 29 00 49 1A 18 43 E4
10:54:57.301 [TX CF10] 67 2A 91 CA 1C 52 C1 22
10:54:57.311 [TX CF11] 67 2B A5 62 AC 02 64 21
10:54:57.321 [TX CF12] 67 2C 8F 40 45 08 70 6D
10:54:57.333 [TX CF13] 67 2D E9 24 B8 56 72 8E
10:54:57.343 [TX CF14] 67 2E 11 0D EE 03 6B 19
10:54:57.355 [TX CF15] 67 2F A4 15 76 8D 00 61
10:54:57.366 [TX CF0] 67 20 47 80 56 CB 31 20
10:54:57.378 [TX CF1] 67 21 C0 41 61 AE E8 0E
10:54:57.388 [TX CF2] 67 22 B0 38 45 CE B8 C7
10:54:57.398 [TX CF3] 67 23 CC 7E 20 3B D8 8D
10:54:57.410 [TX CF4] 67 24 2A 21 60 C8 B3 01
10:54:57.421 [TX CF5] 67 25 85 D2 12 08 60 14
10:54:57.433 [TX CF6] 67 26 80 75 5F F8 03 D0
10:54:57.444 [TX CF7] 67 27 86 84 01 E0 C1 96
10:54:57.455 [TX CF8] 67 28 B9 40 35 14 6A 04
10:54:57.467 [TX CF9] 67 29 0D 36 06 C4 D1 0C
10:54:57.477 [TX CF10] 67 2A 99 36 80 57 08 46
10:54:57.487 [TX CF11] 67 2B C4 31 86 23 60 19
10:54:57.498 [TX CF12] 67 2C C2 81 B2 34 E1 20
10:54:57.509 [TX CF13] 67 2D D8 86 F0 A0 06 61
10:54:57.519 [TX CF14] 67 2E 82 07 61 A2 06 E1
10:54:57.530 [TX CF15] 67 2F 88 07 62 4F 61 02
10:54:57.540 [TX CF0] 67 20 59 E1 07 33 C2 22
10:54:57.550 [TX CF1] 67 21 40 E1 00 5E 09 C3
10:54:57.562 [TX CF2] 67 22 82 18 10 24 3B 17
10:54:57.573 [TX CF3] 67 23 E2 6F 48 9C 39 A1
10:54:57.583 [TX CF4] 67 24 14 60 E7 D2 C5 FF
10:54:57.594 [TX CF5] 67 25 9B 53 0C 78 4F DD
10:54:57.605 [TX CF6] 67 26 51 E5 3F 13 E7 64
10:54:57.615 [TX CF7] 67 27 76 CF C4 CA 91 81
10:54:57.626 [TX CF8] 67 28 B7 CC A9 50 AA 06
10:54:57.636 [TX CF9] 67 29 02 43 09 81 30 F0
10:54:57.647 [TX CF10] 67 2A C0 D9 E6 14 97 9A
10:54:57.657 [TX CF11] 67 2B 11 24 EA 10 48 2B
10:54:57.668 [TX CF12] 67 2C D0 3C 53 CE 15 C6
10:54:57.678 [TX CF13] 67 2D 0F B4 38 56 FE 1B
10:54:57.688 [TX CF14] 67 2E F8 07 C4 32 26 8C
10:54:57.699 [TX CF15] 67 2F 2F F4 3C 50 26 92
10:54:57.710 [TX CF0] 67 20 0F BC 20 EF C8 C6
10:54:57.721 [TX CF1] 67 21 38 58 A0 8F EC 30
10:54:57.731 [TX CF2] 67 22 56 79 1B D6 57 D6
10:54:57.742 [TX CF3] 67 23 0F 7C 64 BA BA 1C
10:54:57.752 [TX CF4] 67 24 76 4B 1D A1 C5 6C
10:54:57.762 [TX CF5] 67 25 12 07 D9 23 1C 21
10:54:57.772 [TX CF6] 67 26 94 3C 23 FE 19 90
10:54:57.783 [TX CF7] 67 27 02 18 C0 06 72 76
10:54:57.793 [TX CF8] 67 28 40 4E 21 60 7A 60
10:54:57.803 [TX CF9] 67 29 40 D0 62 40 E1 61
10:54:57.813 [TX CF10] 67 2A 81 02 61 C0 18 57
10:54:57.824 [TX CF11] 67 2B 9A 05 50 88 05 89
10:54:57.835 [TX CF12] 67 2C 30 60 1A 40 C7 87
10:54:57.845 [TX CF13] 67 2D FE FF FE FF C3 36
10:54:57.855 [TX CF14] 67 2E 26 3C 03 6B 1A 10
10:54:57.866 [TX CF15] 67 2F 30 60 16 C0 CD 80
10:54:57.877 [TX CF0] 67 20 7D 20 CA 06 6C 04
10:54:57.887 [TX CF1] 67 21 89 37 F1 36 E5 30
10:54:57.899 [TX CF2] 67 22 37 84 25 42 0B 00
10:54:57.910 [TX CF3] 67 23 94 62 2C 54 A8 95
10:54:57.921 [TX CF4] 67 24 71 84 84 D7 A1 02
10:54:57.932 [TX CF5] 67 25 95 4D BA 32 AB C9
10:54:57.944 [TX CF6] 67 26 CF 08 67 47 01 22
10:54:57.963 [TX CF7] 67 27 89 40 B2 34 28 0F
10:54:57.974 [TX CF8] 67 28 62 A9 1A 80 78 20
10:54:57.985 [TX CF9] 67 29 12 44 FC 1C 0D 91
10:54:57.997 [TX CF10] 67 2A 5D 0A 3F E3 43 B2
10:54:58.007 [TX CF11] 67 2B 8F F8 0E 98 1D B1
10:54:58.019 [TX CF12] 67 2C 92 49 20 5A 13 C4
10:54:58.029 [TX CF13] 67 2D 36 13 CC 52 14 3A
10:54:58.040 [TX CF14] 67 2E 07 B4 A7 1F 89 0B
10:54:58.052 [TX CF15] 67 2F 80 0F 04 0E 55 07
10:54:58.062 [TX CF0] 67 20 3F 46 84 41 05 94
10:54:58.073 [TX CF1] 67 21 B9 08 0C 18 F4 04
10:54:58.083 [TX CF2] 67 22 AA 17 D1 40 E0 87
10:54:58.094 [TX CF3] 67 23 CA 4C 0A 82 42 72
10:54:58.104 [TX CF4] 67 24 41 18 84 FF FF FF
10:54:58.125 [RX SF ] 67 02 76 07 FF FF FF FF
10:54:58.125 [RX    ] 76 07
10:54:58.126 [PASS  ] TransferData block=7 | expected: 76 ... | received: 76 07
10:54:58.137 ------------------------------------------------------------------------
10:54:58.137 [STEP  ] 0x36 block=8  offset=14280/45254  (31%)
10:54:58.137 [TX TransferData block=8 len=2040] 36 08 AB F1 31 DE A2 F2 8F 23 C1 80 62 28 54 98...
10:54:58.138 [TX FF ] 67 17 FA 36 08 AB F1 31
10:54:58.148 [TX CF1] 67 21 DE A2 F2 8F 23 C1
10:54:58.159 [TX CF2] 67 22 80 62 28 54 98 49
10:54:58.170 [TX CF3] 67 23 CE 09 4C 03 A0 CA
10:54:58.181 [TX CF4] 67 24 C0 01 82 3F 08 07
10:54:58.192 [TX CF5] 67 25 C3 5B FA 2C 21 F8
10:54:58.202 [TX CF6] 67 26 70 40 63 02 49 3D
10:54:58.213 [TX CF7] 67 27 A6 CE E9 F2 88 05
10:54:58.224 [TX CF8] 67 28 E2 61 04 C0 51 B0
10:54:58.235 [TX CF9] 67 29 10 6B 8A 47 09 CA
10:54:58.246 [TX CF10] 67 2A 4C 15 7E 16 48 E6
10:54:58.258 [TX CF11] 67 2B B6 3B A0 D9 40 A5
10:54:58.270 [TX CF12] 67 2C 1F 1E 9F C5 1F 0A
10:54:58.280 [TX CF13] 67 2D 57 0C AF EB EB E7
10:54:58.291 [TX CF14] 67 2E 4F E1 00 E9 A5 10
10:54:58.302 [TX CF15] 67 2F B8 6D 61 C6 FC 29
10:54:58.313 [TX CF0] 67 20 34 36 00 11 83 50
10:54:58.324 [TX CF1] 67 21 10 C8 C5 E2 69 66
10:54:58.334 [TX CF2] 67 22 3B A0 9C 02 55 4C
10:54:58.346 [TX CF3] 67 23 3A 43 13 3A 41 D3
10:54:58.356 [TX CF4] 67 24 42 A1 20 E8 52 7C
10:54:58.367 [TX CF5] 67 25 12 0C 44 99 25 1C
10:54:58.377 [TX CF6] 67 26 13 A1 43 56 01 29
10:54:58.388 [TX CF7] 67 27 90 F4 25 DD 39 FF
10:54:58.399 [TX CF8] 67 28 80 66 94 0B E1 DF
10:54:58.410 [TX CF9] 67 29 FF B8 F0 94 2B 61
10:54:58.422 [TX CF10] 67 2A 8F 24 A1 80 4A 62
10:54:58.432 [TX CF11] 67 2B 8A A8 25 2A CC 15
10:54:58.443 [TX CF12] 67 2C 78 CA 61 EB 18 10
10:54:58.455 [TX CF13] 67 2D 30 AC F0 E7 AD 21
10:54:58.467 [TX CF14] 67 2E 8C 2D 61 8B 2D A3
10:54:58.478 [TX CF15] 67 2F 57 E0 B8 42 21 D0
10:54:58.489 [TX CF0] 67 20 8A AE 61 8F F4 62
10:54:58.500 [TX CF1] 67 21 54 D8 0B 90 0C 44
10:54:58.511 [TX CF2] 67 22 A2 31 80 BC 25 70
10:54:58.521 [TX CF3] 67 23 F7 7E 58 6A 40 2F
10:54:58.531 [TX CF4] 67 24 2C 54 3D 1F 98 89
10:54:58.542 [TX CF5] 67 25 F6 06 1C 2A 14 A8
10:54:58.554 [TX CF6] 67 26 5F A8 5A 14 04 5C
10:54:58.564 [TX CF7] 67 27 2C B4 27 BF A5 DA
10:54:58.575 [TX CF8] 67 28 02 DC 05 68 50 7F
10:54:58.586 [TX CF9] 67 29 F0 25 EC 0C F8 6F
10:54:58.597 [TX CF10] 67 2A DF F9 8B 70 06 7C
10:54:58.607 [TX CF11] 67 2B 33 9F FD C3 7B B6
10:54:58.619 [TX CF12] 67 2C 69 81 20 A8 43 DA
10:54:58.630 [TX CF13] 67 2D B8 38 10 10 A1 22
10:54:58.641 [TX CF14] 67 2E 12 81 32 43 A1 36
10:54:58.652 [TX CF15] 67 2F 98 CC 9A B8 57 17
10:54:58.664 [TX CF0] 67 20 78 54 7F E7 20 2A
10:54:58.674 [TX CF1] 67 21 9D 19 A3 6A 18 54
10:54:58.684 [TX CF2] 67 22 A2 05 D2 A0 47 26
10:54:58.695 [TX CF3] 67 23 92 1B 05 52 41 8F
10:54:58.707 [TX CF4] 67 24 DC 52 52 40 2A 90
10:54:58.717 [TX CF5] 67 25 A0 C1 0B 88 25 50
10:54:58.729 [TX CF6] 67 26 80 F8 26 CD D8 66
10:54:58.740 [TX CF7] 67 27 12 1B 0B 78 08 04
10:54:58.751 [TX CF8] 67 28 46 55 1A ED 2F D0
10:54:58.761 [TX CF9] 67 29 81 74 42 E8 7F A4
10:54:58.772 [TX CF10] 67 2A 10 8A 06 86 31 88
10:54:58.783 [TX CF11] 67 2B B8 CE 9C A0 F0 20
10:54:58.794 [TX CF12] 67 2C F3 6E A3 75 2D 62
10:54:58.804 [TX CF13] 67 2D BA 0B C2 48 09 87
10:54:58.816 [TX CF14] 67 2E 4E 19 20 97 B8 01
10:54:58.827 [TX CF15] 67 2F 75 E5 FD 90 C0 68
10:54:58.838 [TX CF0] 67 20 0F 24 24 35 40 02
10:54:58.848 [TX CF1] 67 21 33 A8 34 AA 07 D2
10:54:58.858 [TX CF2] 67 22 C0 4C 79 3B 27 8E
10:54:58.869 [TX CF3] 67 23 1E 4F 3C 2D E2 7C
10:54:58.880 [TX CF4] 67 24 82 FD 40 83 50 21
10:54:58.891 [TX CF5] 67 25 D2 0B B3 56 09 54
10:54:58.901 [TX CF6] 67 26 8B 41 54 96 38 01
10:54:58.911 [TX CF7] 67 27 82 48 25 6E 60 60
10:54:58.921 [TX CF8] 67 28 34 39 5C 8B 43 54
10:54:58.932 [TX CF9] 67 29 96 80 C1 84 50 C0
10:54:58.942 [TX CF10] 67 2A A8 39 10 15 60 F1
10:54:58.952 [TX CF11] 67 2B 49 EA 83 5D 08 94
10:54:58.963 [TX CF12] 67 2C A6 1B DA D6 D2 C5
10:54:58.974 [TX CF13] 67 2D 90 58 A3 15 28 06
10:54:58.985 [TX CF14] 67 2E 6A B5 30 91 F0 6A
10:54:58.995 [TX CF15] 67 2F 83 34 39 30 11 A2
10:54:59.005 [TX CF0] 67 20 1C 1C 33 47 0C 5F
10:54:59.015 [TX CF1] 67 21 FC 12 84 2E 01 81
10:54:59.026 [TX CF2] 67 22 9D C1 65 7F AE 96
10:54:59.037 [TX CF3] 67 23 96 97 4A 06 81 18
10:54:59.047 [TX CF4] 67 24 0A 21 D2 AD 7B 3C
10:54:59.057 [TX CF5] 67 25 F1 14 9C 1D B4 A2
10:54:59.069 [TX CF6] 67 26 09 74 28 71 88 E5
10:54:59.080 [TX CF7] 67 27 FB 3B 79 D6 50 A2
10:54:59.090 [TX CF8] 67 28 3D 0C ED 3A 9F 00
10:54:59.101 [TX CF9] 67 29 BD 03 21 DB 46 26
10:54:59.111 [TX CF10] 67 2A 58 89 BD E6 67 26
10:54:59.121 [TX CF11] 67 2B C3 57 66 F4 28 37
10:54:59.132 [TX CF12] 67 2C 42 61 26 C0 D5 63
10:54:59.144 [TX CF13] 67 2D 97 69 10 F6 00 84
10:54:59.154 [TX CF14] 67 2E 36 5F FA 83 04 BA
10:54:59.165 [TX CF15] 67 2F 2D 34 32 19 5A 63
10:54:59.175 [TX CF0] 67 20 19 1B C2 CF 0F 0F
10:54:59.185 [TX CF1] 67 21 FA C1 88 5D E1 D3
10:54:59.196 [TX CF2] 67 22 FF 70 29 90 29 3C
10:54:59.206 [TX CF3] 67 23 03 30 D9 00 03 83
10:54:59.217 [TX CF4] 67 24 FF 09 88 B2 2C C3
10:54:59.227 [TX CF5] 67 25 8F 06 DA 19 DF F3
10:54:59.239 [TX CF6] 67 26 71 04 9E 18 3F 04
10:54:59.250 [TX CF7] 67 27 06 4A EB C8 4E 80
10:54:59.260 [TX CF8] 67 28 0F 07 E6 53 39 0D
10:54:59.271 [TX CF9] 67 29 94 5A 0B 7F 21 96
10:54:59.282 [TX CF10] 67 2A 4C 9C 06 8A 43 64
10:54:59.293 [TX CF11] 67 2B CF 9C 2C D5 4C 23
10:54:59.303 [TX CF12] 67 2C 3C 3C B7 FC 70 94
10:54:59.315 [TX CF13] 67 2D E2 84 BA 42 40 C8
10:54:59.325 [TX CF14] 67 2E 02 0F 00 87 C3 5B
10:54:59.336 [TX CF15] 67 2F D0 74 46 B8 59 EA
10:54:59.347 [TX CF0] 67 20 90 74 50 12 88 1F
10:54:59.357 [TX CF1] 67 21 44 04 80 D7 01 72
10:54:59.368 [TX CF2] 67 22 00 74 06 B9 60 47
10:54:59.378 [TX CF3] 67 23 A1 B4 90 1F 65 05
10:54:59.389 [TX CF4] 67 24 1A 43 25 1B 41 25
10:54:59.399 [TX CF5] 67 25 1B A0 48 40 71 C4
10:54:59.410 [TX CF6] 67 26 BE 41 26 AA 68 2F
10:54:59.421 [TX CF7] 67 27 39 9A 48 D1 0F 0E
10:54:59.432 [TX CF8] 67 28 19 A6 94 0F FE 26
10:54:59.442 [TX CF9] 67 29 02 C5 49 89 48 B1
10:54:59.453 [TX CF10] 67 2A 77 8C 1D C4 AE 84
10:54:59.463 [TX CF11] 67 2B 0E ED 89 8E B7 D0
10:54:59.474 [TX CF12] 67 2C A9 47 BE FD 19 09
10:54:59.485 [TX CF13] 67 2D 38 18 33 3C 1F F7
10:54:59.496 [TX CF14] 67 2E DF D5 FF AD 52 13
10:54:59.506 [TX CF15] 67 2F 00 1E 90 38 E0 4C
10:54:59.517 [TX CF0] 67 20 42 60 3F 86 33 D0
10:54:59.527 [TX CF1] 67 21 B4 5E 5D 98 40 FA
10:54:59.538 [TX CF2] 67 22 BE 1D 91 C0 01 1E
10:54:59.549 [TX CF3] 67 23 16 3F FA 79 28 94
10:54:59.559 [TX CF4] 67 24 B3 E1 DB 9A 18 01
10:54:59.570 [TX CF5] 67 25 1F A5 07 E8 12 34
10:54:59.581 [TX CF6] 67 26 9D 8F A5 82 F4 60
10:54:59.592 [TX CF7] 67 27 D2 08 27 80 DC 80
10:54:59.602 [TX CF8] 67 28 EF 0B 85 50 2D 84
10:54:59.612 [TX CF9] 67 29 1C 10 1C 16 40 46
10:54:59.623 [TX CF10] 67 2A C8 A2 84 9C 5D 0B
10:54:59.633 [TX CF11] 67 2B 7D 01 32 13 C9 A2
10:54:59.643 [TX CF12] 67 2C 8D 1E 95 97 CE 24
10:54:59.655 [TX CF13] 67 2D CB 55 48 80 DA 29
10:54:59.665 [TX CF14] 67 2E 31 C8 0D 82 DF 4D
10:54:59.676 [TX CF15] 67 2F 81 49 A7 94 F3 A2
10:54:59.687 [TX CF0] 67 20 12 8A E4 0E 51 31
10:54:59.699 [TX CF1] 67 21 ED A2 D0 9A 48 B5
10:54:59.710 [TX CF2] 67 22 35 48 14 82 75 22
10:54:59.721 [TX CF3] 67 23 D5 13 C0 91 C4 C9
10:54:59.733 [TX CF4] 67 24 80 48 B5 63 B0 24
10:54:59.743 [TX CF5] 67 25 52 F9 1F A8 9A 04
10:54:59.754 [TX CF6] 67 26 92 62 81 86 25 2A
10:54:59.765 [TX CF7] 67 27 80 F6 D0 C8 20 10
10:54:59.775 [TX CF8] 67 28 16 E1 69 AE 5E E3
10:54:59.785 [TX CF9] 67 29 B9 CA 35 2E 01 5A
10:54:59.796 [TX CF10] 67 2A 06 43 63 A3 66 90
10:54:59.806 [TX CF11] 67 2B 40 50 A0 5D 05 1C
10:54:59.817 [TX CF12] 67 2C 03 DC 3E 7F EB C4
10:54:59.827 [TX CF13] 67 2D 74 C7 80 53 0A 8C
10:54:59.838 [TX CF14] 67 2E 62 93 00 A0 57 28
10:54:59.849 [TX CF15] 67 2F 06 30 D1 D9 40 8C
10:54:59.859 [TX CF0] 67 20 B0 F8 36 51 29 47
10:54:59.870 [TX CF1] 67 21 BF B7 3C 9A DD A3
10:54:59.881 [TX CF2] 67 22 DC 6E 89 E3 0F FB
10:54:59.892 [TX CF3] 67 23 70 08 07 05 AB 09
10:54:59.903 [TX CF4] 67 24 E5 0C 41 E8 5A 60
10:54:59.913 [TX CF5] 67 25 AC 09 2C 6A 91 40
10:54:59.924 [TX CF6] 67 26 C4 5A 68 D0 8C 05
10:54:59.934 [TX CF7] 67 27 FE 4D 08 93 94 50
10:54:59.945 [TX CF8] 67 28 25 A1 04 22 81 DA
10:54:59.955 [TX CF9] 67 29 3B 61 6D 8F 7E 13
10:54:59.966 [TX CF10] 67 2A 30 92 34 E1 0A 40
10:54:59.977 [TX CF11] 67 2B BC 1A 50 85 F4 30
10:54:59.987 [TX CF12] 67 2C 46 08 1F 40 DA 28
10:54:59.998 [TX CF13] 67 2D D0 0C 47 E6 04 53
10:55:00.009 [TX CF14] 67 2E 5A 9F FE 72 20 93
10:55:00.020 [TX CF15] 67 2F 43 CC 40 82 FD 30
10:55:00.030 [TX CF0] 67 20 A0 3F DA 29 21 36
10:55:00.041 [TX CF1] 67 21 29 8F 3D FF 75 BC
10:55:00.052 [TX CF2] 67 22 F0 4E 2A 6B 0B 82
10:55:00.064 [TX CF3] 67 23 E6 1F F7 F9 34 86
10:55:00.075 [TX CF4] 67 24 F1 AB 09 F9 08 07
10:55:00.086 [TX CF5] 67 25 74 30 87 C3 69 44
10:55:00.097 [TX CF6] 67 26 84 40 64 51 0A 04
10:55:00.107 [TX CF7] 67 27 06 47 43 A0 4A 69
10:55:00.119 [TX CF8] 67 28 B2 68 0C D2 37 A4
10:55:00.130 [TX CF9] 67 29 80 4B 23 32 F9 2D
10:55:00.141 [TX CF10] 67 2A 96 BB 03 96 D1 CF
10:55:00.152 [TX CF11] 67 2B E0 49 65 D2 6D 2D
10:55:00.164 [TX CF12] 67 2C 56 CF 7E CF C9 A7
10:55:00.175 [TX CF13] 67 2D D4 0B 32 CA 07 44
10:55:00.186 [TX CF14] 67 2E 1D 08 0C A6 3F D0
10:55:00.196 [TX CF15] 67 2F 9D F8 28 30 0B 0C
10:55:00.207 [TX CF0] 67 20 60 00 86 36 A9 59
10:55:00.218 [TX CF1] 67 21 66 43 89 AE 3A 10
10:55:00.229 [TX CF2] 67 22 87 F4 60 72 2F 05
10:55:00.240 [TX CF3] 67 23 E5 80 84 86 FD 49
10:55:00.252 [TX CF4] 67 24 83 52 61 D2 1B B5
10:55:00.263 [TX CF5] 67 25 86 FD 0A A0 64 28
10:55:00.273 [TX CF6] 67 26 52 7E 87 F2 44 D4
10:55:00.284 [TX CF7] 67 27 C2 21 43 B0 08 A0
10:55:00.294 [TX CF8] 67 28 F0 35 10 81 48 B8
10:55:00.305 [TX CF9] 67 29 54 08 55 0E C5 76
10:55:00.316 [TX CF10] 67 2A 4B 40 4F 41 3E 87
10:55:00.328 [TX CF11] 67 2B 16 81 AE A1 B2 50
10:55:00.340 [TX CF12] 67 2C A0 09 70 66 81 25
10:55:00.351 [TX CF13] 67 2D A1 55 40 88 60 AB
10:55:00.361 [TX CF14] 67 2E 9F C9 2C 56 80 E0
10:55:00.373 [TX CF15] 67 2F 43 0B 54 AC 37 A2
10:55:00.384 [TX CF0] 67 20 91 60 19 F0 11 41
10:55:00.394 [TX CF1] 67 21 B0 5F BB 2C 08 28
10:55:00.405 [TX CF2] 67 22 76 1B B3 F7 00 76
10:55:00.416 [TX CF3] 67 23 00 3C 1A 78 7C 37
10:55:00.427 [TX CF4] 67 24 8B E4 2A 10 F5 E6
10:55:00.437 [TX CF5] 67 25 10 18 21 7C 03 BA
10:55:00.449 [TX CF6] 67 26 3D 37 56 13 0D A4
10:55:00.460 [TX CF7] 67 27 DA 95 03 80 C6 23
10:55:00.470 [TX CF8] 67 28 58 08 04 42 31 2F
10:55:00.481 [TX CF9] 67 29 70 43 03 95 4F 3B
10:55:00.492 [TX CF10] 67 2A 70 A8 04 13 A1 02
10:55:00.502 [TX CF11] 67 2B 94 AA 70 81 CA 62
10:55:00.514 [TX CF12] 67 2C BD 09 7B 6E 0B F5
10:55:00.524 [TX CF13] 67 2D 4A 0D 52 87 40 99
10:55:00.536 [TX CF14] 67 2E 30 48 A5 52 3E 12
10:55:00.547 [TX CF15] 67 2F D0 09 1C 91 EE 0E
10:55:00.558 [TX CF0] 67 20 01 05 09 63 0A 13
10:55:00.570 [TX CF1] 67 21 20 07 E4 14 0A 04
10:55:00.581 [TX CF2] 67 22 8A 35 43 A1 5D 90
10:55:00.592 [TX CF3] 67 23 48 42 9F 76 C8 1F
10:55:00.602 [TX CF4] 67 24 F1 C0 E4 72 A9 24
10:55:00.613 [TX CF5] 67 25 0E AA D6 42 57 24
10:55:00.625 [TX CF6] 67 26 82 57 62 8E 20 24
10:55:00.636 [TX CF7] 67 27 B4 4A AC B0 0F 0C
10:55:00.647 [TX CF8] 67 28 B6 47 C3 AE 46 A8
10:55:00.657 [TX CF9] 67 29 00 C4 1F 48 40 FC
10:55:00.668 [TX CF10] 67 2A 0F DD 28 77 69 74
10:55:00.679 [TX CF11] 67 2B 8B 03 54 98 3A A1
10:55:00.690 [TX CF12] 67 2C 5E A9 10 DA 70 A0
10:55:00.700 [TX CF13] 67 2D FD 28 7C 3E 97 40
10:55:00.711 [TX CF14] 67 2E 84 41 20 32 07 84
10:55:00.722 [TX CF15] 67 2F 31 87 8C 00 C8 60
10:55:00.732 [TX CF0] 67 20 72 B8 77 6E 07 7E
10:55:00.744 [TX CF1] 67 21 90 49 3A 87 5C 28
10:55:00.754 [TX CF2] 67 22 70 4B B4 22 47 D3
10:55:00.766 [TX CF3] 67 23 A0 00 F0 64 E1 01
10:55:00.776 [TX CF4] 67 24 E8 00 B0 57 E1 9A
10:55:00.786 [TX CF5] 67 25 A1 C4 E0 01 0C 22
10:55:00.797 [TX CF6] 67 26 01 28 57 38 C5 13
10:55:00.807 [TX CF7] 67 27 78 5D 04 90 BA D3
10:55:00.817 [TX CF8] 67 28 80 42 E9 10 A9 4C
10:55:00.828 [TX CF9] 67 29 13 A5 0A A4 24 91
10:55:00.840 [TX CF10] 67 2A 8C 0F 30 A0 56 9D
10:55:00.851 [TX CF11] 67 2B C8 4E 36 A8 5C 20
10:55:00.861 [TX CF12] 67 2C D4 DD 06 CA 05 F0
10:55:00.871 [TX CF13] 67 2D FF 7F 05 58 5A 2A
10:55:00.882 [TX CF14] 67 2E 46 5C 63 82 DC 21
10:55:00.892 [TX CF15] 67 2F 52 8F AF 4E 62 9A
10:55:00.902 [TX CF0] 67 20 0D D6 94 43 6B 05
10:55:00.914 [TX CF1] 67 21 A6 48 2F 0A 7C 3B
10:55:00.925 [TX CF2] 67 22 FF F5 46 03 6C 3B
10:55:00.936 [TX CF3] 67 23 9F FD 00 E0 1E CF
10:55:00.946 [TX CF4] 67 24 FE 21 BD D0 2F 21
10:55:00.958 [TX CF5] 67 25 76 A1 09 E9 44 A9
10:55:00.968 [TX CF6] 67 26 31 3A 54 42 B9 42
10:55:00.979 [TX CF7] 67 27 78 82 DE 42 11 18
10:55:00.990 [TX CF8] 67 28 D0 0A C0 AF 08 D1
10:55:01.001 [TX CF9] 67 29 90 2F 90 4E 21 0E
10:55:01.012 [TX CF10] 67 2A A6 42 CF 80 C3 69
10:55:01.023 [TX CF11] 67 2B E3 64 B8 1F F9 4C
10:55:01.033 [TX CF12] 67 2C 03 41 31 DC 50 A0
10:55:01.043 [TX CF13] 67 2D DD 08 55 2B 01 18
10:55:01.053 [TX CF14] 67 2E D2 48 AA 50 1A 85
10:55:01.064 [TX CF15] 67 2F 0F 00 F3 C3 C0 E3
10:55:01.075 [TX CF0] 67 20 81 42 81 99 01 82
10:55:01.085 [TX CF1] 67 21 09 8C 3D 6A 60 46
10:55:01.096 [TX CF2] 67 22 89 6D 13 70 EC 93
10:55:01.107 [TX CF3] 67 23 70 8C D2 81 7E 17
10:55:01.118 [TX CF4] 67 24 78 2F 50 1E 61 1E
10:55:01.129 [TX CF5] 67 25 A4 C7 C7 C4 EA 88
10:55:01.140 [TX CF6] 67 26 24 C6 A9 91 7A 6C
10:55:01.150 [TX CF7] 67 27 0E 4D 2F 80 6A A6
10:55:01.161 [TX CF8] 67 28 E4 5C B1 BF F8 BD
10:55:01.173 [TX CF9] 67 29 27 11 42 84 74 22
10:55:01.183 [TX CF10] 67 2A D4 9A 41 2E 01 3A
10:55:01.194 [TX CF11] 67 2B 10 CC 1C 85 24 85
10:55:01.205 [TX CF12] 67 2C 06 87 88 26 07 78
10:55:01.216 [TX CF13] 67 2D C0 0D F2 BE 7F E1
10:55:01.226 [TX CF14] 67 2E C6 10 CD 28 18 BF
10:55:01.237 [TX CF15] 67 2F 90 6E 30 17 8C 46
10:55:01.247 [TX CF0] 67 20 E7 11 40 8D 4E 09
10:55:01.258 [TX CF1] 67 21 B0 E9 09 D0 F4 C9
10:55:01.269 [TX CF2] 67 22 F0 8C F4 CE 14 61
10:55:01.279 [TX CF3] 67 23 CA 14 A5 CB C7 4F
10:55:01.290 [TX CF4] 67 24 18 60 36 B0 19 53
10:55:01.301 [TX CF5] 67 25 29 08 11 EC 18 2F
10:55:01.312 [TX CF6] 67 26 81 A1 84 13 C1 01
10:55:01.322 [TX CF7] 67 27 95 C0 BA 2B FC 0D
10:55:01.332 [TX CF8] 67 28 D8 C8 95 D8 50 FF
10:55:01.344 [TX CF9] 67 29 90 1D E8 D5 08 E4
10:55:01.354 [TX CF10] 67 2A 02 97 1E CD D0 7B
10:55:01.365 [TX CF11] 67 2B 74 3E DC 3E 43 00
10:55:01.376 [TX CF12] 67 2C FE FD F3 3F 81 D6
10:55:01.387 [TX CF13] 67 2D 03 54 04 E8 40 4F
10:55:01.397 [TX CF14] 67 2E E0 21 50 6D C3 04
10:55:01.408 [TX CF15] 67 2F A5 6B 24 75 8A 1C
10:55:01.418 [TX CF0] 67 20 50 B3 04 D2 10 BB
10:55:01.428 [TX CF1] 67 21 03 EF 4E FD 10 A0
10:55:01.438 [TX CF2] 67 22 1D 61 D0 86 1D B0
10:55:01.450 [TX CF3] 67 23 3D 20 85 C3 0F F8
10:55:01.460 [TX CF4] 67 24 81 6F 52 0B 10 D0
10:55:01.472 [TX CF5] 67 25 80 49 C5 98 53 52
10:55:01.482 [TX CF6] 67 26 B8 53 BC 05 24 3E
10:55:01.492 [TX CF7] 67 27 11 CF F4 A3 11 70
10:55:01.503 [TX CF8] 67 28 C2 5A 31 1B 0C 20
10:55:01.514 [TX CF9] 67 29 D3 09 85 73 F6 E9
10:55:01.525 [TX CF10] 67 2A 02 81 28 BD 0F F0
10:55:01.535 [TX CF11] 67 2B 82 30 01 84 50 E4
10:55:01.546 [TX CF12] 67 2C 12 1B 85 53 EE 9B
10:55:01.556 [TX CF13] 67 2D 96 10 9D 9D 2D 8C
10:55:01.567 [TX CF14] 67 2E 83 81 46 4F 61 71
10:55:01.578 [TX CF15] 67 2F 70 80 D6 87 01 07
10:55:01.588 [TX CF0] 67 20 C0 43 DA E8 28 D2
10:55:01.598 [TX CF1] 67 21 98 40 34 93 08 3D
10:55:01.608 [TX CF2] 67 22 C2 73 49 84 DA 31
10:55:01.619 [TX CF3] 67 23 37 8A 0D C0 9C 86
10:55:01.631 [TX CF4] 67 24 B2 6D 0A 9A C0 A5
10:55:01.641 [TX CF5] 67 25 9C CE 99 3F 02 E2
10:55:01.651 [TX CF6] 67 26 13 2A 5B B2 0D 64
10:55:01.661 [TX CF7] 67 27 96 D9 43 8D C6 63
10:55:01.672 [TX CF8] 67 28 98 D2 72 11 CC 2A
10:55:01.682 [TX CF9] 67 29 0B 0A D4 D2 C9 78
10:55:01.693 [TX CF10] 67 2A B6 D1 A5 97 0A D4
10:55:01.703 [TX CF11] 67 2B 92 39 5D B2 C7 3D
10:55:01.715 [TX CF12] 67 2C DB 28 84 B9 DB 83
10:55:01.725 [TX CF13] 67 2D 19 0B 7D 1A 7F 78
10:55:01.735 [TX CF14] 67 2E 5C A1 BE A1 44 0F
10:55:01.745 [TX CF15] 67 2F E0 49 2B 92 5A ED
10:55:01.756 [TX CF0] 67 20 75 BF 04 4F A3 2A
10:55:01.766 [TX CF1] 67 21 99 CC 97 D0 CB 28
10:55:01.776 [TX CF2] 67 22 6C 0C 2B 95 51 0E
10:55:01.786 [TX CF3] 67 23 04 C0 21 32 15 2A
10:55:01.797 [TX CF4] 67 24 0C 4C 16 FF FF FF
10:55:01.816 [RX SF ] 67 02 76 08 FF FF FF FF
10:55:01.816 [RX    ] 76 08
10:55:01.816 [PASS  ] TransferData block=8 | expected: 76 ... | received: 76 08
10:55:01.827 ------------------------------------------------------------------------
10:55:01.827 [STEP  ] 0x36 block=9  offset=16320/45254  (36%)
10:55:01.827 [TX TransferData block=9 len=2040] 36 09 08 58 03 10 D0 B0 B1 88 CD 28 23 0D 6A 41...
10:55:01.828 [TX FF ] 67 17 FA 36 09 08 58 03
10:55:01.839 [TX CF1] 67 21 10 D0 B0 B1 88 CD
10:55:01.850 [TX CF2] 67 22 28 23 0D 6A 41 1D
10:55:01.860 [TX CF3] 67 23 AA 2C 12 82 C0 0C
10:55:01.871 [TX CF4] 67 24 18 60 A0 11 28 C5
10:55:01.882 [TX CF5] 67 25 4A 01 89 8C 45 51
10:55:01.892 [TX CF6] 67 26 50 D0 E8 7D 28 C5
10:55:01.902 [TX CF7] 67 27 4F 19 0B C0 64 F1
10:55:01.912 [TX CF8] 67 28 94 BC 04 52 01 92
10:55:01.923 [TX CF9] 67 29 9A 48 F1 18 B7 E2
10:55:01.934 [TX CF10] 67 2A 17 9C 5D C6 C7 79
10:55:01.945 [TX CF11] 67 2B E5 DC 61 D7 AF C4
10:55:01.956 [TX CF12] 67 2C 8E 67 40 D3 5E 7E
10:55:01.966 [TX CF13] 67 2D F0 7F FC 3E 3E 9E
10:55:01.976 [TX CF14] 67 2E 82 47 D2 AE 54 A1
10:55:01.986 [TX CF15] 67 2F 10 60 24 33 BA 1C
10:55:01.998 [TX CF0] 67 20 2E E5 0A 91 42 29
10:55:02.010 [TX CF1] 67 21 7C 06 34 15 82 FE
10:55:02.020 [TX CF2] 67 22 19 AF C8 4E 03 42
10:55:02.031 [TX CF3] 67 23 14 BF FC 82 EC 74
10:55:02.042 [TX CF4] 67 24 4A 59 0E 29 60 8F
10:55:02.054 [TX CF5] 67 25 49 54 83 8F 0E 03
10:55:02.065 [TX CF6] 67 26 79 04 68 09 48 24
10:55:02.076 [TX CF7] 67 27 BA CA 67 A1 2E 0D
10:55:02.087 [TX CF8] 67 28 E3 FB AB A4 40 2D
10:55:02.098 [TX CF9] 67 29 10 03 3A 10 6B AF
10:55:02.109 [TX CF10] 67 2A 55 D1 95 C3 FB 26
10:55:02.119 [TX CF11] 67 2B 80 62 26 D3 0C 66
10:55:02.129 [TX CF12] 67 2C 9E 92 2A 42 61 84
10:55:02.140 [TX CF13] 67 2D 76 62 A5 07 E1 83
10:55:02.151 [TX CF14] 67 2E 99 5F FA 10 7A 47
10:55:02.161 [TX CF15] 67 2F 56 40 EE 82 60 88
10:55:02.172 [TX CF0] 67 20 C1 B5 84 2A 85 11
10:55:02.182 [TX CF1] 67 21 E8 22 40 C4 4C 79
10:55:02.192 [TX CF2] 67 22 38 BC E5 2A 25 68
10:55:02.204 [TX CF3] 67 23 89 63 32 34 2A BF
10:55:02.215 [TX CF4] 67 24 4A 05 7F FE C8 62
10:55:02.225 [TX CF5] 67 25 34 08 0D DD 3A 84
10:55:02.235 [TX CF6] 67 26 2A 87 02 BB C0 B1
10:55:02.246 [TX CF7] 67 27 90 09 0C 51 13 05
10:55:02.256 [TX CF8] 67 28 FF 24 F6 86 29 D0
10:55:02.268 [TX CF9] 67 29 C9 AB 01 7C 60 7F
10:55:02.279 [TX CF10] 67 2A 83 11 32 E9 62 DF
10:55:02.290 [TX CF11] 67 2B 58 50 5F 70 48 40
10:55:02.301 [TX CF12] 67 2C 18 44 44 10 5D FF
10:55:02.311 [TX CF13] 67 2D 6A 70 5F D9 3D 70
10:55:02.322 [TX CF14] 67 2E 74 60 E0 C2 91 FF
10:55:02.332 [TX CF15] 67 2F 9A 78 38 38 BC 43
10:55:02.342 [TX CF0] 67 20 E6 18 9E 33 32 48
10:55:02.353 [TX CF1] 67 21 83 A4 FC 40 0E 8B
10:55:02.363 [TX CF2] 67 22 F4 58 47 80 0A 86
10:55:02.373 [TX CF3] 67 23 2A 85 24 03 5B 1C
10:55:02.384 [TX CF4] 67 24 F0 3D 32 A0 5F E0
10:55:02.394 [TX CF5] 67 25 12 88 BF 42 81 1E
10:55:02.404 [TX CF6] 67 26 7B E5 48 BB C0 20
10:55:02.415 [TX CF7] 67 27 D1 1E 88 11 28 0C
10:55:02.425 [TX CF8] 67 28 82 23 7F 51 61 10
10:55:02.436 [TX CF9] 67 29 BB 84 10 4D E1 11
10:55:02.447 [TX CF10] 67 2A 04 40 4D 02 80 21
10:55:02.457 [TX CF11] 67 2B 41 3F 90 8B 0F 78
10:55:02.467 [TX CF12] 67 2C 8E 38 0E 56 DB 4F
10:55:02.478 [TX CF13] 67 2D 3E 60 E4 C2 40 A6
10:55:02.488 [TX CF14] 67 2E 80 44 08 A5 09 0D
10:55:02.499 [TX CF15] 67 2F 51 E9 85 6A 61 41
10:55:02.510 [TX CF0] 67 20 BC 56 A4 5A 3A E5
10:55:02.521 [TX CF1] 67 21 2A 39 D5 5C C1 2D
10:55:02.532 [TX CF2] 67 22 96 04 F0 A1 4B 3A
10:55:02.542 [TX CF3] 67 23 14 B8 07 8E 31 5D
10:55:02.552 [TX CF4] 67 24 C6 D8 63 14 A9 1F
10:55:02.563 [TX CF5] 67 25 26 B9 6B A3 46 6E
10:55:02.573 [TX CF6] 67 26 14 25 5C 16 88 55
10:55:02.584 [TX CF7] 67 27 E2 A7 06 80 75 38
10:55:02.595 [TX CF8] 67 28 22 90 24 36 1A E6
10:55:02.606 [TX CF9] 67 29 26 0F 89 87 DA A8
10:55:02.616 [TX CF10] 67 2A D1 2B C4 4A 0F 4A
10:55:02.627 [TX CF11] 67 2B EA 0E B2 02 E1 3B
10:55:02.637 [TX CF12] 67 2C E8 0F 32 E9 C1 D0
10:55:02.648 [TX CF13] 67 2D 98 72 A0 FD 28 7B
10:55:02.658 [TX CF14] 67 2E D7 0A 8D 02 17 42
10:55:02.669 [TX CF15] 67 2F 98 BD E0 BE 52 61
10:55:02.679 [TX CF0] 67 20 1C 98 3D 87 19 2A
10:55:02.690 [TX CF1] 67 21 EA D2 63 92 94 00
10:55:02.701 [TX CF2] 67 22 3D 0F 3C 07 3B 01
10:55:02.711 [TX CF3] 67 23 93 E0 6F 13 93 0C
10:55:02.721 [TX CF4] 67 24 3F E5 38 38 2B 84
10:55:02.733 [TX CF5] 67 25 02 46 47 42 14 0B
10:55:02.743 [TX CF6] 67 26 05 89 93 B9 0D 5C
10:55:02.753 [TX CF7] 67 27 DA E1 78 9C 15 F0
10:55:02.763 [TX CF8] 67 28 E8 EE FC 2F 4C A3
10:55:02.773 [TX CF9] 67 29 52 1A 0D 79 43 86
10:55:02.784 [TX CF10] 67 2A 02 BD 81 A1 40 FA
10:55:02.794 [TX CF11] 67 2B 13 F7 54 3C 0C 64
10:55:02.805 [TX CF12] 67 2C C2 E1 30 BC 06 B0
10:55:02.815 [TX CF13] 67 2D 28 A1 A4 F0 86 F0
10:55:02.825 [TX CF14] 67 2E 2B E1 A8 F0 D2 63
10:55:02.837 [TX CF15] 67 2F D6 14 D0 03 90 54
10:55:02.848 [TX CF0] 67 20 D9 5A 68 D0 9B C0
10:55:02.858 [TX CF1] 67 21 E7 20 B2 12 09 16
10:55:02.869 [TX CF2] 67 22 86 A9 32 01 81 88
10:55:02.880 [TX CF3] 67 23 C1 5F 7A 50 78 67
10:55:02.890 [TX CF4] 67 24 57 07 7D 25 61 1A
10:55:02.903 [TX CF5] 67 25 25 C1 75 FE B6 E1
10:55:02.913 [TX CF6] 67 26 C1 DD 49 98 70 AE
10:55:02.925 [TX CF7] 67 27 B0 2B B6 22 47 E2
10:55:02.935 [TX CF8] 67 28 A8 50 70 7C 2B EC
10:55:02.947 [TX CF9] 67 29 02 55 45 E8 50 82
10:55:02.958 [TX CF10] 67 2A 80 46 8D 58 60 71
10:55:02.969 [TX CF11] 67 2B B9 2D 94 9E 97 53
10:55:02.981 [TX CF12] 67 2C A1 D6 A3 1C 09 1C
10:55:02.992 [TX CF13] 67 2D 6E 04 DB C2 17 D0
10:55:03.003 [TX CF14] 67 2E 38 65 1E 80 45 A8
10:55:03.015 [TX CF15] 67 2F 19 EA 14 2F A3 1D
10:55:03.026 [TX CF0] 67 20 A1 42 7A 2D 40 2B
10:55:03.037 [TX CF1] 67 21 70 26 7E 02 8C 0E
10:55:03.048 [TX CF2] 67 22 59 2E 80 8F 1D 21
10:55:03.058 [TX CF3] 67 23 97 F4 22 50 C8 94
10:55:03.068 [TX CF4] 67 24 12 A5 19 A9 46 89
10:55:03.079 [TX CF5] 67 25 90 62 26 71 95 64
10:55:03.090 [TX CF6] 67 26 0C 7C 2C 01 C4 2E
10:55:03.102 [TX CF7] 67 27 D3 18 35 FA EC CD
10:55:03.112 [TX CF8] 67 28 82 B7 59 40 0F 8A
10:55:03.122 [TX CF9] 67 29 A9 C0 6F C4 64 20
10:55:03.134 [TX CF10] 67 2A 37 69 D0 0E 0D 96
10:55:03.144 [TX CF11] 67 2B 5B 1B B1 A1 47 3A
10:55:03.154 [TX CF12] 67 2C 59 1C 69 AD 01 EE
10:55:03.166 [TX CF13] 67 2D 04 10 0F D8 56 8F
10:55:03.176 [TX CF14] 67 2E E0 46 8F F8 60 6F
10:55:03.187 [TX CF15] 67 2F B0 20 94 26 64 30
10:55:03.198 [TX CF0] 67 20 B8 5E 0D F7 FF 29
10:55:03.209 [TX CF1] 67 21 2C A1 33 F3 91 90
10:55:03.220 [TX CF2] 67 22 E0 DD 66 1E 7D 05
10:55:03.231 [TX CF3] 67 23 2F 8B E7 80 6F DC
10:55:03.242 [TX CF4] 67 24 8B 78 96 38 25 F0
10:55:03.253 [TX CF5] 67 25 50 01 76 EF F9 FA
10:55:03.263 [TX CF6] 67 26 10 94 8A 12 1F 3D
10:55:03.274 [TX CF7] 67 27 22 F1 C0 83 C0 73
10:55:03.285 [TX CF8] 67 28 03 7C 32 07 88 1D
10:55:03.296 [TX CF9] 67 29 A0 C3 BF 82 94 B0
10:55:03.306 [TX CF10] 67 2A D0 7D B4 3E 08 BA
10:55:03.316 [TX CF11] 67 2B 03 B7 0C F3 DA 28
10:55:03.326 [TX CF12] 67 2C CE B4 20 85 90 3B
10:55:03.337 [TX CF13] 67 2D 70 D5 14 79 1D 0E
10:55:03.347 [TX CF14] 67 2E 26 BB 88 A1 4F FA
10:55:03.358 [TX CF15] 67 2F 29 F4 86 C8 17 D2
10:55:03.368 [TX CF0] 67 20 85 75 44 99 0A D2
10:55:03.378 [TX CF1] 67 21 82 08 E0 30 81 21
10:55:03.388 [TX CF2] 67 22 B0 55 2C 18 C0 DE
10:55:03.399 [TX CF3] 67 23 10 9F 04 21 31 02
10:55:03.411 [TX CF4] 67 24 B8 01 5C 22 34 95
10:55:03.421 [TX CF5] 67 25 CA C7 2C 18 44 E2
10:55:03.433 [TX CF6] 67 26 09 DC BB 9F B4 0E
10:55:03.443 [TX CF7] 67 27 13 8B 46 02 33 80
10:55:03.454 [TX CF8] 67 28 C4 DE A9 34 1A 1D
10:55:03.466 [TX CF9] 67 29 A2 11 08 8C 24 40
10:55:03.476 [TX CF10] 67 2A 80 FC 2E 5F BB C5
10:55:03.486 [TX CF11] 67 2B 25 4E 84 3F B1 A0
10:55:03.497 [TX CF12] 67 2C 2E 41 00 AF 4C 30
10:55:03.507 [TX CF13] 67 2D B5 31 4A CA 54 B0
10:55:03.517 [TX CF14] 67 2E 10 7C 04 3D 5B A7
10:55:03.529 [TX CF15] 67 2F 27 CD 08 A3 7B 54
10:55:03.541 [TX CF0] 67 20 A1 DB 54 D1 C0 3A
10:55:03.551 [TX CF1] 67 21 18 21 48 6A 95 96
10:55:03.561 [TX CF2] 67 22 1F AD 41 58 20 AB
10:55:03.572 [TX CF3] 67 23 7D 5F 0A D7 6C AA
10:55:03.582 [TX CF4] 67 24 E0 7A BA EA 99 5F
10:55:03.594 [TX CF5] 67 25 EE A8 BE 06 08 BF
10:55:03.605 [TX CF6] 67 26 07 41 19 60 21 05
10:55:03.616 [TX CF7] 67 27 C0 ED FC F0 88 07
10:55:03.626 [TX CF8] 67 28 E3 CE DA 4A FA B2
10:55:03.637 [TX CF9] 67 29 C1 3F 4D EF CC A2
10:55:03.647 [TX CF10] 67 2A DA F8 EB 0D 29 85
10:55:03.657 [TX CF11] 67 2B 29 93 1C C1 50 7A
10:55:03.668 [TX CF12] 67 2C B1 F5 85 EB 4E A9
10:55:03.678 [TX CF13] 67 2D 4D B9 E6 2B AA 7C
10:55:03.689 [TX CF14] 67 2E 1F A9 7B 86 18 07
10:55:03.700 [TX CF15] 67 2F 62 D8 E5 06 D4 A2
10:55:03.711 [TX CF0] 67 20 8D DD 84 B5 DF 1C
10:55:03.721 [TX CF1] 67 21 37 A1 F7 7D 62 39
10:55:03.732 [TX CF2] 67 22 41 F8 A7 EC 55 2F
10:55:03.742 [TX CF3] 67 23 81 6A 0F 83 09 59
10:55:03.752 [TX CF4] 67 24 F3 B2 FF 68 1E F4
10:55:03.764 [TX CF5] 67 25 7D B1 4C 10 02 3C
10:55:03.774 [TX CF6] 67 26 38 07 4E 6B F5 0C
10:55:03.786 [TX CF7] 67 27 03 87 6D 04 43 6B
10:55:03.797 [TX CF8] 67 28 F3 93 70 FF FD E7
10:55:03.808 [TX CF9] 67 29 3F D2 82 1F E6 14
10:55:03.818 [TX CF10] 67 2A 37 1B 85 B6 39 AC
10:55:03.829 [TX CF11] 67 2B 9A 40 A5 B0 0E 95
10:55:03.840 [TX CF12] 67 2C AF CB 03 D8 7C 37
10:55:03.850 [TX CF13] 67 2D A9 7C 60 1F FF FE
10:55:03.860 [TX CF14] 67 2E E6 0A 34 48 68 04
10:55:03.871 [TX CF15] 67 2F 0C 6E 0C 06 04 38
10:55:03.882 [TX CF0] 67 20 44 6F 84 0A 04 37
10:55:03.893 [TX CF1] 67 21 02 03 F8 DA C0 24
10:55:03.903 [TX CF2] 67 22 D3 2A 64 CE 9B FE
10:55:03.914 [TX CF3] 67 23 93 FC 1B 50 F3 BF
10:55:03.925 [TX CF4] 67 24 45 90 32 13 0D 0E
10:55:03.936 [TX CF5] 67 25 22 83 80 D0 DE 70
10:55:03.946 [TX CF6] 67 26 37 1F 0D E7 83 71
10:55:03.957 [TX CF7] 67 27 80 DE A7 34 09 15
10:55:03.967 [TX CF8] 67 28 EB A7 07 ED C3 E1
10:55:03.978 [TX CF9] 67 29 74 38 1D CA D3 8C
10:55:03.989 [TX CF10] 67 2A 80 E0 25 25 68 68
10:55:03.999 [TX CF11] 67 2B 0C 40 60 9D 54 72
10:55:04.010 [TX CF12] 67 2C 09 84 07 B8 7F 3E
10:55:04.021 [TX CF13] 67 2D F2 FF F5 D8 61 04
10:55:04.032 [TX CF14] 67 2E D6 14 31 02 5D DC
10:55:04.043 [TX CF15] 67 2F E9 FC 77 A3 B4 64
10:55:04.053 [TX CF0] 67 20 F1 FA 6C 06 4D F8
10:55:04.064 [TX CF1] 67 21 1F 03 A6 FD 4B 20
10:55:04.074 [TX CF2] 67 22 17 09 A4 70 90 0E
10:55:04.085 [TX CF3] 67 23 0B 1B 10 90 C8 A4
10:55:04.095 [TX CF4] 67 24 12 8A F4 09 6F 07
10:55:04.106 [TX CF5] 67 25 E2 41 84 B8 15 A0
10:55:04.116 [TX CF6] 67 26 AE 50 21 13 04 58
10:55:04.126 [TX CF7] 67 27 1D 19 45 F0 B3 96
10:55:04.138 [TX CF8] 67 28 83 19 1C E8 D0 68
10:55:04.150 [TX CF9] 67 29 56 1C 24 6B C1 A1
10:55:04.161 [TX CF10] 67 2A B4 A5 A0 80 4A 61
10:55:04.171 [TX CF11] 67 2B 9D 08 85 20 AE 87
10:55:04.183 [TX CF12] 67 2C AB F1 61 BC 43 69
10:55:04.193 [TX CF13] 67 2D 51 2B 46 4B 1B 6B
10:55:04.203 [TX CF14] 67 2E A3 46 B0 16 AA 34
10:55:04.214 [TX CF15] 67 2F 4B 11 8A A1 40 7A
10:55:04.224 [TX CF0] 67 20 4E 2C 3C 9E 73 2E
10:55:04.235 [TX CF1] 67 21 54 98 F2 1F 02 BA
10:55:04.245 [TX CF2] 67 22 1C AF C7 DB CE B5
10:55:04.256 [TX CF3] 67 23 C2 FE 4D 06 05 2F
10:55:04.266 [TX CF4] 67 24 E2 93 C1 96 43 92
10:55:04.277 [TX CF5] 67 25 D8 25 56 1F C1 D0
10:55:04.287 [TX CF6] 67 26 81 FF A4 16 BA 4C
10:55:04.298 [TX CF7] 67 27 2A 01 9A 99 44 EF
10:55:04.309 [TX CF8] 67 28 10 3A 04 4E E1 A3
10:55:04.319 [TX CF9] 67 29 91 54 90 40 46 21
10:55:04.330 [TX CF10] 67 2A 57 88 81 6F 0B 85
10:55:04.340 [TX CF11] 67 2B C2 8E 4F CA C7 4E
10:55:04.351 [TX CF12] 67 2C 80 C9 4A 39 54 7F
10:55:04.362 [TX CF13] 67 2D 53 0B E4 04 21 0C
10:55:04.372 [TX CF14] 67 2E D0 E4 84 D2 45 7C
10:55:04.383 [TX CF15] 67 2F 95 50 A2 3D 13 02
10:55:04.393 [TX CF0] 67 20 11 10 68 07 E8 66
10:55:04.403 [TX CF1] 67 21 37 4D 05 E8 FC 8D
10:55:04.413 [TX CF2] 67 22 0F 43 72 AC 95 21
10:55:04.424 [TX CF3] 67 23 C0 62 B4 18 19 05
10:55:04.434 [TX CF4] 67 24 FC 5D 94 86 EF 01
10:55:04.444 [TX CF5] 67 25 F0 20 70 87 74 10
10:55:04.455 [TX CF6] 67 26 88 4A 28 56 8E 84
10:55:04.465 [TX CF7] 67 27 48 DF 85 79 30 85
10:55:04.476 [TX CF8] 67 28 86 BC F0 42 25 D1
10:55:04.486 [TX CF9] 67 29 D0 62 60 12 88 A7
10:55:04.498 [TX CF10] 67 2A 41 B1 82 1F 09 57
10:55:04.508 [TX CF11] 67 2B 81 17 80 BB 24 2E
10:55:04.519 [TX CF12] 67 2C 08 84 10 99 22 70
10:55:04.529 [TX CF13] 67 2D A4 15 21 E0 63 3C
10:55:04.539 [TX CF14] 67 2E 17 6F 1F 9E 8C 86
10:55:04.551 [TX CF15] 67 2F 97 CF E7 3E E0 17
10:55:04.561 [TX CF0] 67 20 49 07 81 47 0F DF
10:55:04.572 [TX CF1] 67 21 DF 59 FA 90 23 01
10:55:04.583 [TX CF2] 67 22 8A F4 27 C4 80 5D
10:55:04.593 [TX CF3] 67 23 78 50 20 F0 32 50
10:55:04.604 [TX CF4] 67 24 12 14 F2 04 BC 2A
10:55:04.615 [TX CF5] 67 25 1F D9 1E 22 01 22
10:55:04.626 [TX CF6] 67 26 85 A9 01 E0 51 94
10:55:04.636 [TX CF7] 67 27 F8 41 A4 13 1A F0
10:55:04.647 [TX CF8] 67 28 23 08 DF 56 91 42
10:55:04.658 [TX CF9] 67 29 C0 6C A3 1E 09 9A
10:55:04.669 [TX CF10] 67 2A 86 18 0D E2 14 16
10:55:04.680 [TX CF11] 67 2B 86 65 7C A9 42 10
10:55:04.691 [TX CF12] 67 2C 18 41 BA 30 19 14
10:55:04.701 [TX CF13] 67 2D 5A 43 41 AF 29 12
10:55:04.711 [TX CF14] 67 2E B0 FF 7B 3E 7E 4C
10:55:04.722 [TX CF15] 67 2F 1B AF D5 98 DF 29
10:55:04.733 [TX CF0] 67 20 30 85 86 11 1A 17
10:55:04.743 [TX CF1] 67 21 4B A1 18 90 FC 7C
10:55:04.753 [TX CF2] 67 22 F2 7A 4C 26 D1 2A
10:55:04.764 [TX CF3] 67 23 91 62 AB D9 0A 14
10:55:04.774 [TX CF4] 67 24 17 B7 E0 C4 C9 29
10:55:04.785 [TX CF5] 67 25 4B AC 20 69 18 23
10:55:04.795 [TX CF6] 67 26 90 04 54 12 0F 06
10:55:04.806 [TX CF7] 67 27 05 77 84 27 1A E1
10:55:04.816 [TX CF8] 67 28 C2 0B D2 36 63 36
10:55:04.826 [TX CF9] 67 29 36 E0 31 C2 DF E7
10:55:04.837 [TX CF10] 67 2A 37 60 BE C9 38 D5
10:55:04.847 [TX CF11] 67 2B 65 3F 1C 3F A1 15
10:55:04.858 [TX CF12] 67 2C 50 DB FD FE 29 7A
10:55:04.868 [TX CF13] 67 2D EE F9 E1 AA CB D6
10:55:04.878 [TX CF14] 67 2E 1C 45 3F BD F5 A0
10:55:04.889 [TX CF15] 67 2F 3D D5 A8 72 9A 17
10:55:04.899 [TX CF0] 67 20 67 A0 B0 C1 6F 91
10:55:04.910 [TX CF1] 67 21 C1 61 B2 47 A4 06
10:55:04.922 [TX CF2] 67 22 B0 43 1C 38 7C 30
10:55:04.933 [TX CF3] 67 23 7F 9D FD 3A 60 D3
10:55:04.943 [TX CF4] 67 24 87 92 CC 86 C3 1E
10:55:04.954 [TX CF5] 67 25 C4 D0 79 30 F5 F2
10:55:04.965 [TX CF6] 67 26 12 18 06 0F 10 4A
10:55:04.975 [TX CF7] 67 27 40 7E 80 B5 09 67
10:55:04.986 [TX CF8] 67 28 EF 71 48 02 A1 AC
10:55:04.996 [TX CF9] 67 29 91 54 68 74 18 C2
10:55:05.007 [TX CF10] 67 2A A7 08 84 C1 6C 84
10:55:05.017 [TX CF11] 67 2B 0E F1 13 23 01 70
10:55:05.028 [TX CF12] 67 2C 85 BB C0 99 C7 EF
10:55:05.038 [TX CF13] 67 2D 1F D9 04 E2 81 64
10:55:05.049 [TX CF14] 67 2E 1C E1 27 9E 50 20
10:55:05.060 [TX CF15] 67 2F 94 38 E5 C1 DD 94
10:55:05.071 [TX CF0] 67 20 8E 8D EF 92 47 1E
10:55:05.081 [TX CF1] 67 21 B0 5C 1C 10 62 30
10:55:05.092 [TX CF2] 67 22 42 BC 2E 13 07 82
10:55:05.102 [TX CF3] 67 23 11 AA 1C 0A E1 48
10:55:05.113 [TX CF4] 67 24 48 43 01 E8 B9 50
10:55:05.123 [TX CF5] 67 25 A0 62 79 18 28 18
10:55:05.134 [TX CF6] 67 26 28 07 80 12 17 56
10:55:05.144 [TX CF7] 67 27 0D 14 8D D8 5F 07
10:55:05.154 [TX CF8] 67 28 70 E8 29 92 03 F0
10:55:05.166 [TX CF9] 67 29 12 5C 0B 72 19 FF
10:55:05.176 [TX CF10] 67 2A 42 43 8B A4 C7 24
10:55:05.186 [TX CF11] 67 2B 38 3B 16 2F 13 B2
10:55:05.197 [TX CF12] 67 2C C8 D0 A4 BD 2B 05
10:55:05.207 [TX CF13] 67 2D ED 93 84 23 A0 88
10:55:05.217 [TX CF14] 67 2E CA C3 73 80 48 C0
10:55:05.229 [TX CF15] 67 2F 18 41 89 60 B4 52
10:55:05.240 [TX CF0] 67 20 05 A1 41 03 42 0C
10:55:05.251 [TX CF1] 67 21 43 FA 0D 3F C0 0B
10:55:05.262 [TX CF2] 67 22 86 76 0C 8F C2 14
10:55:05.272 [TX CF3] 67 23 8E 0E 0F 96 62 BE
10:55:05.283 [TX CF4] 67 24 80 36 09 67 03 F2
10:55:05.294 [TX CF5] 67 25 44 B4 05 A8 70 13
10:55:05.306 [TX CF6] 67 26 F0 5F 3F 48 90 AE
10:55:05.317 [TX CF7] 67 27 92 3C 5F 8A F9 05
10:55:05.328 [TX CF8] 67 28 0B 0B C6 F3 A1 30
10:55:05.339 [TX CF9] 67 29 84 50 A0 1D 1C BA
10:55:05.349 [TX CF10] 67 2A 4C 0C 52 F7 0D 06
10:55:05.360 [TX CF11] 67 2B 0B C3 8A 55 A0 8F
10:55:05.371 [TX CF12] 67 2C 42 31 D2 11 21 40
10:55:05.381 [TX CF13] 67 2D 84 86 10 8E F4 41
10:55:05.391 [TX CF14] 67 2E 69 40 81 92 84 54
10:55:05.403 [TX CF15] 67 2F 18 20 13 50 2F 94
10:55:05.414 [TX CF0] 67 20 F3 A2 4C C4 9C 0E
10:55:05.425 [TX CF1] 67 21 5F A7 73 DE 89 F0
10:55:05.437 [TX CF2] 67 22 25 A5 24 FE 0B 50
10:55:05.448 [TX CF3] 67 23 EF 88 C3 69 20 1C
10:55:05.459 [TX CF4] 67 24 40 A4 87 FF FF FF
10:55:05.479 [RX SF ] 67 02 76 09 FF FF FF FF
10:55:05.479 [RX    ] 76 09
10:55:05.480 [PASS  ] TransferData block=9 | expected: 76 ... | received: 76 09
10:55:05.490 ------------------------------------------------------------------------
10:55:05.491 [STEP  ] 0x36 block=10  offset=18360/45254  (40%)
10:55:05.491 [TX TransferData block=10 len=2040] 36 0A 37 F0 4B 4A 6D FC 90 A1 20 94 C5 FA 10 29...
10:55:05.491 [TX FF ] 67 17 FA 36 0A 37 F0 4B
10:55:05.502 [TX CF1] 67 21 4A 6D FC 90 A1 20
10:55:05.514 [TX CF2] 67 22 94 C5 FA 10 29 4C
10:55:05.525 [TX CF3] 67 23 20 5E 02 E4 19 14
10:55:05.536 [TX CF4] 67 24 8B 13 5E 8E 48 B4
10:55:05.547 [TX CF5] 67 25 55 EC 04 6B 02 A0
10:55:05.557 [TX CF6] 67 26 83 B4 05 42 00 2E
10:55:05.568 [TX CF7] 67 27 07 93 D0 12 A4 D9
10:55:05.578 [TX CF8] 67 28 42 06 3B 9F 81 E7
10:55:05.588 [TX CF9] 67 29 AA 91 09 88 11 C1
10:55:05.599 [TX CF10] 67 2A F4 F6 C5 A8 44 12
10:55:05.610 [TX CF11] 67 2B C1 5D 0D 08 0F 92
10:55:05.620 [TX CF12] 67 2C CF 7E 29 89 78 70
10:55:05.631 [TX CF13] 67 2D 37 92 0E 11 3E 80
10:55:05.641 [TX CF14] 67 2E 6B 21 6A 30 88 2D
10:55:05.652 [TX CF15] 67 2F 01 D9 80 83 2A 40
10:55:05.662 [TX CF0] 67 20 88 14 46 77 47 CE
10:55:05.673 [TX CF1] 67 21 1A 0B A6 8A F7 E2
10:55:05.684 [TX CF2] 67 22 12 02 25 42 36 8A
10:55:05.694 [TX CF3] 67 23 81 21 0F A0 B3 0B
10:55:05.704 [TX CF4] 67 24 77 02 D7 53 12 F0
10:55:05.716 [TX CF5] 67 25 B0 49 04 22 87 20
10:55:05.726 [TX CF6] 67 26 42 01 7B F0 18 01
10:55:05.737 [TX CF7] 67 27 90 60 E6 A8 68 60
10:55:05.747 [TX CF8] 67 28 78 9B 1E 0C 1D 84
10:55:05.759 [TX CF9] 67 29 10 2C 38 65 4C 17
10:55:05.769 [TX CF10] 67 2A 9C 5E 80 A1 08 70
10:55:05.780 [TX CF11] 67 2B BC 12 DA 02 E4 23
10:55:05.791 [TX CF12] 67 2C 5D 10 BE 42 8C 2E
10:55:05.801 [TX CF13] 67 2D FE 70 CB 09 CC 27
10:55:05.812 [TX CF14] 67 2E 5E 76 4A 10 19 44
10:55:05.823 [TX CF15] 67 2F 0F A2 20 CB 83 FE
10:55:05.834 [TX CF0] 67 20 45 21 02 94 41 3A
10:55:05.844 [TX CF1] 67 21 01 14 06 1A 78 BC
10:55:05.855 [TX CF2] 67 22 E8 E4 3E 45 58 E7
10:55:05.865 [TX CF3] 67 23 83 F8 F4 BF B8 06
10:55:05.875 [TX CF4] 67 24 41 10 96 A1 13 04
10:55:05.885 [TX CF5] 67 25 A2 4B D0 8B 9B C1
10:55:05.896 [TX CF6] 67 26 92 48 68 05 08 24
10:55:05.906 [TX CF7] 67 27 36 1A F4 03 35 52
10:55:05.917 [TX CF8] 67 28 8D 60 86 00 76 E0
10:55:05.927 [TX CF9] 67 29 46 E0 2E 50 43 1C
10:55:05.938 [TX CF10] 67 2A 19 AC 49 1C 18 A7
10:55:05.949 [TX CF11] 67 2B 6E 4B 72 91 5F 24
10:55:05.959 [TX CF12] 67 2C 12 18 89 52 19 11
10:55:05.969 [TX CF13] 67 2D 06 09 53 F9 01 3E
10:55:05.979 [TX CF14] 67 2E 10 64 10 12 A5 EA
10:55:05.990 [TX CF15] 67 2F 1D F3 5C 14 03 62
10:55:06.001 [TX CF0] 67 20 09 9C 10 B8 17 32
10:55:06.011 [TX CF1] 67 21 C3 20 61 30 23 83
10:55:06.022 [TX CF2] 67 22 41 A0 34 53 56 85
10:55:06.034 [TX CF3] 67 23 81 46 8B 81 26 FA
10:55:06.044 [TX CF4] 67 24 50 3A 49 E8 08 84
10:55:06.054 [TX CF5] 67 25 62 01 01 84 29 E0
10:55:06.066 [TX CF6] 67 26 8E C2 2C 17 0A 3A
10:55:06.077 [TX CF7] 67 27 91 27 12 10 09 3C
10:55:06.087 [TX CF8] 67 28 02 49 27 A6 CB A0
10:55:06.098 [TX CF9] 67 29 10 89 B7 81 0E 0E
10:55:06.108 [TX CF10] 67 2A 0F F9 29 BC 16 30
10:55:06.118 [TX CF11] 67 2B 3F E0 82 40 25 81
10:55:06.129 [TX CF12] 67 2C FD 08 57 41 5C 82
10:55:06.140 [TX CF13] 67 2D 2B 0E F7 EE 63 78
10:55:06.151 [TX CF14] 67 2E 4A 21 0B 25 01 E0
10:55:06.161 [TX CF15] 67 2F 57 25 17 FC 7D 3C
10:55:06.172 [TX CF0] 67 20 EC D4 3F 3E 79 85
10:55:06.183 [TX CF1] 67 21 C0 FE 82 63 09 7D
10:55:06.193 [TX CF2] 67 22 C2 DF 80 B2 47 25
10:55:06.203 [TX CF3] 67 23 B1 D1 BA 0B 34 16
10:55:06.214 [TX CF4] 67 24 28 77 7A 6C 44 22
10:55:06.225 [TX CF5] 67 25 94 9C 02 B6 08 C0
10:55:06.235 [TX CF6] 67 26 7F 17 CC 0D 80 30
10:55:06.246 [TX CF7] 67 27 0A 9C 27 1B 58 7D
10:55:06.257 [TX CF8] 67 28 2F 09 00 8D C6 6B
10:55:06.268 [TX CF9] 67 29 98 88 75 35 4D 86
10:55:06.278 [TX CF10] 67 2A A8 59 86 2B 28 30
10:55:06.288 [TX CF11] 67 2B 03 A4 BC 42 B9 80
10:55:06.298 [TX CF12] 67 2C 98 EF 79 32 24 3A
10:55:06.309 [TX CF13] 67 2D 17 4F E3 29 08 3B
10:55:06.319 [TX CF14] 67 2E 00 36 12 0C 1C 18
10:55:06.329 [TX CF15] 67 2F 59 29 90 60 23 5C
10:55:06.340 [TX CF0] 67 20 A0 47 B0 14 1E 05
10:55:06.351 [TX CF1] 67 21 0F 81 0F 54 E3 14
10:55:06.361 [TX CF2] 67 22 52 E1 2C 89 B5 30
10:55:06.371 [TX CF3] 67 23 8F D2 45 88 40 93
10:55:06.383 [TX CF4] 67 24 20 48 23 D4 98 45
10:55:06.393 [TX CF5] 67 25 C1 9F 84 72 95 90
10:55:06.404 [TX CF6] 67 26 A1 3F 90 D6 D2 38
10:55:06.415 [TX CF7] 67 27 17 86 CA 11 96 D0
10:55:06.426 [TX CF8] 67 28 7A AA 46 01 B8 0A
10:55:06.436 [TX CF9] 67 29 2F 01 9E 0B 24 21
10:55:06.446 [TX CF10] 67 2A DD 06 1A 1A 6A 45
10:55:06.457 [TX CF11] 67 2B 06 F3 05 94 C0 7A
10:55:06.467 [TX CF12] 67 2C 10 49 4C 53 A3 C1
10:55:06.478 [TX CF13] 67 2D BC 90 B0 5D 60 0F
10:55:06.489 [TX CF14] 67 2E 42 01 E0 3E E1 41
10:55:06.500 [TX CF15] 67 2F B8 B8 70 CF D2 0B
10:55:06.512 [TX CF0] 67 20 08 38 D4 83 26 40
10:55:06.522 [TX CF1] 67 21 BD 39 78 C0 BA 21
10:55:06.533 [TX CF2] 67 22 30 21 98 6C 41 60
10:55:06.544 [TX CF3] 67 23 A4 5C 71 17 13 2E
10:55:06.554 [TX CF4] 67 24 10 AB 8B A6 0C 46
10:55:06.565 [TX CF5] 67 25 05 DF 8A 8E 1A E3
10:55:06.575 [TX CF6] 67 26 9C 08 07 51 AB 0A
10:55:06.585 [TX CF7] 67 27 AD 19 02 23 0A 9F
10:55:06.596 [TX CF8] 67 28 EE 08 A7 C1 F2 0D
10:55:06.608 [TX CF9] 67 29 3F F7 8C A7 CE 6F
10:55:06.619 [TX CF10] 67 2A 9A 15 AC 2F 68 27
10:55:06.630 [TX CF11] 67 2B 97 42 1A 17 9B CC
10:55:06.640 [TX CF12] 67 2C 0D 61 03 AC 17 1E
10:55:06.651 [TX CF13] 67 2D 0E 34 53 20 DE 6E
10:55:06.662 [TX CF14] 67 2E 37 9B E2 D5 28 0C
10:55:06.673 [TX CF15] 67 2F 02 F0 FF 07 71 79
10:55:06.684 [TX CF0] 67 20 81 9F E0 00 80 BA
10:55:06.694 [TX CF1] 67 21 80 04 02 EA 17 D6
10:55:06.705 [TX CF2] 67 22 1B 8B 8C E0 B1 03
10:55:06.715 [TX CF3] 67 23 84 1B C5 E5 BF 88
10:55:06.725 [TX CF4] 67 24 1C 16 FE 60 B0 6F
10:55:06.735 [TX CF5] 67 25 17 12 D4 1F 86 10
10:55:06.746 [TX CF6] 67 26 12 09 C5 C0 22 80
10:55:06.756 [TX CF7] 67 27 2D 08 04 9A 79 00
10:55:06.766 [TX CF8] 67 28 9E C0 2C 17 98 5C
10:55:06.776 [TX CF9] 67 29 A2 01 D9 CC 78 20
10:55:06.788 [TX CF10] 67 2A 3A 18 4D 72 93 00
10:55:06.799 [TX CF11] 67 2B C7 D1 32 30 5C 3D
10:55:06.810 [TX CF12] 67 2C F2 D9 66 AF 57 28
10:55:06.821 [TX CF13] 67 2D B3 88 CC 3B 92 25
10:55:06.833 [TX CF14] 67 2E 85 6E 84 E3 F8 1D
10:55:06.843 [TX CF15] 67 2F 49 67 87 DF F5 5A
10:55:06.855 [TX CF0] 67 20 F0 5A 31 3F A9 15
10:55:06.865 [TX CF1] 67 21 49 13 85 0A 07 D2
10:55:06.876 [TX CF2] 67 22 15 20 58 01 4B 05
10:55:06.886 [TX CF3] 67 23 DC 30 04 82 EA 82
10:55:06.896 [TX CF4] 67 24 00 3B 1D 0F F8 B2
10:55:06.906 [TX CF5] 67 25 42 08 80 04 40 87
10:55:06.918 [TX CF6] 67 26 C3 F4 0D C2 21 D0
10:55:06.928 [TX CF7] 67 27 0E E5 2E 14 80 68
10:55:06.939 [TX CF8] 67 28 04 55 87 83 F4 21
10:55:06.950 [TX CF9] 67 29 C0 48 95 62 92 D6
10:55:06.961 [TX CF10] 67 2A 83 01 B2 29 21 60
10:55:06.973 [TX CF11] 67 2B E9 09 90 AC 88 60
10:55:06.984 [TX CF12] 67 2C C0 C2 E4 15 61 38
10:55:06.994 [TX CF13] 67 2D 12 0F 05 C4 59 94
10:55:07.004 [TX CF14] 67 2E 60 5C 2F 28 57 04
10:55:07.015 [TX CF15] 67 2F 80 6A 84 2A 41 49
10:55:07.025 [TX CF0] 67 20 10 C3 4C 22 01 89
10:55:07.035 [TX CF1] 67 21 6B 63 D2 18 24 BD
10:55:07.046 [TX CF2] 67 22 80 73 97 63 F4 39
10:55:07.056 [TX CF3] 67 23 49 5D 85 DB F6 7F
10:55:07.066 [TX CF4] 67 24 48 76 94 26 41 34
10:55:07.078 [TX CF5] 67 25 13 03 32 23 C3 2E
10:55:07.088 [TX CF6] 67 26 1E 83 3F 1F 07 E6
10:55:07.098 [TX CF7] 67 27 E9 C1 E4 16 0B 8C
10:55:07.109 [TX CF8] 67 28 08 93 0A 2F 09 51
10:55:07.119 [TX CF9] 67 29 66 01 DC 32 72 6C
10:55:07.130 [TX CF10] 67 2A 33 8A 49 2C 00 26
10:55:07.141 [TX CF11] 67 2B 10 11 A0 26 34 06
10:55:07.152 [TX CF12] 67 2C 19 22 12 CD 10 A0
10:55:07.162 [TX CF13] 67 2D 94 46 7A 30 59 04
10:55:07.174 [TX CF14] 67 2E 49 3F 09 19 03 5A
10:55:07.184 [TX CF15] 67 2F 04 CC 25 F4 8A 16
10:55:07.194 [TX CF0] 67 20 23 C3 79 2A A5 77
10:55:07.205 [TX CF1] 67 21 FD 43 3C 01 64 17
10:55:07.215 [TX CF2] 67 22 C8 42 48 B0 84 D0
10:55:07.226 [TX CF3] 67 23 1B 65 03 26 47 38
10:55:07.236 [TX CF4] 67 24 58 01 28 83 74 17
10:55:07.248 [TX CF5] 67 25 A8 6B 63 8B C4 20
10:55:07.259 [TX CF6] 67 26 4A D4 3A 55 CF 39
10:55:07.269 [TX CF7] 67 27 4F 0D C5 E1 04 80
10:55:07.280 [TX CF8] 67 28 21 03 06 1B 85 D0
10:55:07.291 [TX CF9] 67 29 12 0B C5 CB 90 27
10:55:07.301 [TX CF10] 67 2A 8F 37 FB 2E 25 69
10:55:07.311 [TX CF11] 67 2B 2B 42 64 42 32 DB
10:55:07.322 [TX CF12] 67 2C 83 11 69 25 83 99
10:55:07.332 [TX CF13] 67 2D E9 1A 70 EE 79 CD
10:55:07.343 [TX CF14] 67 2E 79 3E D0 A7 7E BE
10:55:07.354 [TX CF15] 67 2F 7E 70 76 0E 0C 21
10:55:07.364 [TX CF0] 67 20 9D 10 6A 05 6C 22
10:55:07.374 [TX CF1] 67 21 E4 58 6F 27 F0 25
10:55:07.386 [TX CF2] 67 22 30 03 BC 17 20 9E
10:55:07.396 [TX CF3] 67 23 40 34 37 37 02 C2
10:55:07.407 [TX CF4] 67 24 0F FC 16 08 2C B0
10:55:07.418 [TX CF5] 67 25 86 03 20 E8 C3 25
10:55:07.428 [TX CF6] 67 26 27 74 1F 18 1A 90
10:55:07.439 [TX CF7] 67 27 3D E4 13 46 E4 BF
10:55:07.450 [TX CF8] 67 28 40 15 8D C0 21 90
10:55:07.461 [TX CF9] 67 29 4B 24 26 0F 6D 1A
10:55:07.472 [TX CF10] 67 2A A9 5C 36 B2 8A 64
10:55:07.483 [TX CF11] 67 2B A1 15 85 72 9B 28
10:55:07.493 [TX CF12] 67 2C 89 74 24 D4 8E 0D
10:55:07.503 [TX CF13] 67 2D E2 13 07 84 C3 EC
10:55:07.515 [TX CF14] 67 2E 37 17 2A 10 39 14
10:55:07.525 [TX CF15] 67 2F 0E 47 0B A0 68 EE
10:55:07.536 [TX CF0] 67 20 98 98 44 2A 81 E2
10:55:07.546 [TX CF1] 67 21 BA 40 2F 3C 18 35
10:55:07.556 [TX CF2] 67 22 25 20 05 CA 81 09
10:55:07.567 [TX CF3] 67 23 D0 5C AF F2 08 ED
10:55:07.577 [TX CF4] 67 24 26 14 68 82 81 23
10:55:07.587 [TX CF5] 67 25 BF F6 E0 31 3A 1C
10:55:07.598 [TX CF6] 67 26 2E E1 4A BC 44 28
10:55:07.608 [TX CF7] 67 27 1A 2B F9 4C 08 15
10:55:07.619 [TX CF8] 67 28 0E 94 C2 02 4D 00
10:55:07.629 [TX CF9] 67 29 92 FA 08 70 D3 BF
10:55:07.640 [TX CF10] 67 2A 60 7C 1C 08 69 AE
10:55:07.650 [TX CF11] 67 2B F2 6B BC 13 C0 9F
10:55:07.661 [TX CF12] 67 2C C0 40 87 F7 F2 29
10:55:07.672 [TX CF13] 67 2D 4A DB 1C 51 E0 BE
10:55:07.683 [TX CF14] 67 2E 43 DD D3 B8 21 40
10:55:07.694 [TX CF15] 67 2F 90 A7 F2 A0 11 21
10:55:07.705 [TX CF0] 67 20 82 F4 5D 70 3B 50
10:55:07.715 [TX CF1] 67 21 12 C1 F0 F3 E8 2E
10:55:07.725 [TX CF2] 67 22 FE E5 C4 2A 94 A6
10:55:07.736 [TX CF3] 67 23 8A A8 7D 1D 13 20
10:55:07.746 [TX CF4] 67 24 1D F5 10 3E 4F 3C
10:55:07.758 [TX CF5] 67 25 03 7F D8 89 23 20
10:55:07.768 [TX CF6] 67 26 9E 35 21 B0 2D 61
10:55:07.780 [TX CF7] 67 27 F0 3E 20 92 C6 69
10:55:07.791 [TX CF8] 67 28 D1 AA 7A BD 28 DF
10:55:07.802 [TX CF9] 67 29 ED 57 97 E6 F8 EE
10:55:07.812 [TX CF10] 67 2A 43 73 7C 03 E0 FF
10:55:07.823 [TX CF11] 67 2B 42 01 29 16 20 7A
10:55:07.833 [TX CF12] 67 2C 41 43 83 B3 04 0A
10:55:07.844 [TX CF13] 67 2D 05 DC 0B 38 42 8B
10:55:07.854 [TX CF14] 67 2E 10 4A 60 EB F0 4D
10:55:07.865 [TX CF15] 67 2F 28 80 20 6B C2 62
10:55:07.876 [TX CF0] 67 20 C0 D3 83 9D 03 CA
10:55:07.887 [TX CF1] 67 21 0A 64 26 17 03 26
10:55:07.899 [TX CF2] 67 22 0A 6C BB 7D 3F 06
10:55:07.910 [TX CF3] 67 23 F6 0E 45 03 B9 05
10:55:07.922 [TX CF4] 67 24 A5 54 6B 90 77 68
10:55:07.933 [TX CF5] 67 25 1D B6 3E 0D C4 20
10:55:07.944 [TX CF6] 67 26 94 AE 4C 02 A3 18
10:55:07.956 [TX CF7] 67 27 84 57 1D 18 4B 96
10:55:07.967 [TX CF8] 67 28 D0 AD 12 E8 70 11
10:55:07.978 [TX CF9] 67 29 18 22 D0 0A 61 57
10:55:07.989 [TX CF10] 67 2A A6 17 F0 67 81 60
10:55:07.999 [TX CF11] 67 2B B8 68 23 90 09 0C
10:55:08.011 [TX CF12] 67 2C 06 E1 E0 8E 36 50
10:55:08.021 [TX CF13] 67 2D 4C 00 DA 42 82 D8
10:55:08.032 [TX CF14] 67 2E 01 B6 18 E7 2C FF
10:55:08.043 [TX CF15] 67 2F E6 40 55 04 5D 07
10:55:08.055 [TX CF0] 67 20 13 F5 60 6F CB A0
10:55:08.065 [TX CF1] 67 21 70 C7 C6 71 81 73
10:55:08.076 [TX CF2] 67 22 80 C9 55 18 38 F2
10:55:08.088 [TX CF3] 67 23 E2 8A E1 8D B1 20
10:55:08.099 [TX CF4] 67 24 73 47 BF 74 03 1A
10:55:08.110 [TX CF5] 67 25 E8 68 2F 6B D4 23
10:55:08.122 [TX CF6] 67 26 9D 1D 01 DA 06 C8
10:55:08.132 [TX CF7] 67 27 14 3D 0D C4 FC 03
10:55:08.143 [TX CF8] 67 28 B9 2F 0D C5 D8 94
10:55:08.153 [TX CF9] 67 29 4D 59 03 B8 39 0D
10:55:08.164 [TX CF10] 67 2A C4 BC 84 16 87 65
10:55:08.174 [TX CF11] 67 2B B8 C3 BC 1A 03 1C
10:55:08.184 [TX CF12] 67 2C 0E E8 AE 1D EF 3F
10:55:08.195 [TX CF13] 67 2D 81 EF 1F 86 E1 DF
10:55:08.206 [TX CF14] 67 2E F3 AC 30 F0 3B 01
10:55:08.217 [TX CF15] 67 2F 65 21 E8 32 43 10
10:55:08.228 [TX CF0] 67 20 9A 38 F0 65 21 AA
10:55:08.238 [TX CF1] 67 21 54 03 2C 0C A1 01
10:55:08.249 [TX CF2] 67 22 84 46 20 37 86 16
10:55:08.259 [TX CF3] 67 23 0A 5C 30 00 38 01
10:55:08.270 [TX CF4] 67 24 41 B3 D0 67 65 25
10:55:08.282 [TX CF5] 67 25 01 13 C0 02 97 1F
10:55:08.292 [TX CF6] 67 26 01 12 94 C0 17 D4
10:55:08.302 [TX CF7] 67 27 60 04 50 48 B6 A6
10:55:08.314 [TX CF8] 67 28 0B 3C 22 20 88 E8
10:55:08.325 [TX CF9] 67 29 17 8A 04 7B 01 41
10:55:08.336 [TX CF10] 67 2A E0 43 DA 38 7D BC
10:55:08.346 [TX CF11] 67 2B F0 C0 E8 74 10 50
10:55:08.356 [TX CF12] 67 2C 81 8A D2 B0 08 78
10:55:08.366 [TX CF13] 67 2D A0 04 8B AA 22 A1
10:55:08.377 [TX CF14] 67 2E FF 2D E0 92 68 E9
10:55:08.387 [TX CF15] 67 2F 51 78 EC 42 01 0C
10:55:08.398 [TX CF0] 67 20 98 44 60 10 89 8C
10:55:08.409 [TX CF1] 67 21 56 01 14 9A C5 85
10:55:08.420 [TX CF2] 67 22 F8 4D A0 39 08 06
10:55:08.431 [TX CF3] 67 23 47 C3 B2 94 5A 20
10:55:08.442 [TX CF4] 67 24 17 8F FF DE 4D FF
10:55:08.452 [TX CF5] 67 25 10 E1 B6 A4 87 70
10:55:08.462 [TX CF6] 67 26 98 58 01 38 4A AD
10:55:08.473 [TX CF7] 67 27 11 3B C6 66 84 C5
10:55:08.484 [TX CF8] 67 28 43 20 37 02 50 C3
10:55:08.494 [TX CF9] 67 29 40 92 85 08 7B 04
10:55:08.505 [TX CF10] 67 2A AA 23 D0 F0 6C B2
10:55:08.517 [TX CF11] 67 2B 14 73 C2 08 DC 0C
10:55:08.527 [TX CF12] 67 2C B8 4D A3 B2 D8 EC
10:55:08.538 [TX CF13] 67 2D 03 31 80 6C 41 90
10:55:08.550 [TX CF14] 67 2E 80 91 21 1A A1 BF
10:55:08.561 [TX CF15] 67 2F 8E 10 30 00 21 D9
10:55:08.571 [TX CF0] 67 20 E9 C7 BC 1A 6A 44
10:55:08.583 [TX CF1] 67 21 26 03 40 0F 01 88
10:55:08.593 [TX CF2] 67 22 9C 60 27 38 89 84
10:55:08.603 [TX CF3] 67 23 82 11 40 61 A3 98
10:55:08.615 [TX CF4] 67 24 81 E2 08 88 40 24
10:55:08.626 [TX CF5] 67 25 58 2A F1 1F 05 4E
10:55:08.636 [TX CF6] 67 26 13 BF C4 C2 D0 3A
10:55:08.647 [TX CF7] 67 27 C0 A1 94 53 F0 36
10:55:08.657 [TX CF8] 67 28 C3 00 3D 87 AE 40
10:55:08.668 [TX CF9] 67 29 86 53 68 C4 DA 31
10:55:08.680 [TX CF10] 67 2A 14 7E 97 9E 07 B0
10:55:08.690 [TX CF11] 67 2B F8 6F 6F 34 8C AD
10:55:08.702 [TX CF12] 67 2C 26 83 61 E0 D8 68
10:55:08.712 [TX CF13] 67 2D 36 2C 0D 86 02 5C
10:55:08.723 [TX CF14] 67 2E 82 C4 2D C1 AA 84
10:55:08.733 [TX CF15] 67 2F 12 01 74 A6 E8 A0
10:55:08.744 [TX CF0] 67 20 1A E8 C5 CA D3 12
10:55:08.754 [TX CF1] 67 21 BC 64 68 47 F4 31
10:55:08.765 [TX CF2] 67 22 94 B8 94 07 35 18
10:55:08.775 [TX CF3] 67 23 F9 58 49 48 56 63
10:55:08.785 [TX CF4] 67 24 17 1B 0F 44 AB 01
10:55:08.796 [TX CF5] 67 25 EA 0E 81 61 0B 85
10:55:08.807 [TX CF6] 67 26 A4 6E 84 A6 32 98
10:55:08.817 [TX CF7] 67 27 C3 05 42 33 E1 08
10:55:08.828 [TX CF8] 67 28 B8 5C 2D 46 94 31
10:55:08.839 [TX CF9] 67 29 46 A8 F1 06 C0 37
10:55:08.850 [TX CF10] 67 2A B3 8D AC 32 00 32
10:55:08.861 [TX CF11] 67 2B 42 35 00 F1 C1 E0
10:55:08.871 [TX CF12] 67 2C 3D 58 14 8D 78 84
10:55:08.882 [TX CF13] 67 2D 06 47 A5 83 40 FA
10:55:08.892 [TX CF14] 67 2E B1 98 03 79 0A 2F
10:55:08.903 [TX CF15] 67 2F E2 63 BD F1 2E C0
10:55:08.913 [TX CF0] 67 20 EA 9D 70 A7 1D A1
10:55:08.924 [TX CF1] 67 21 6C 61 78 A5 50 20
10:55:08.935 [TX CF2] 67 22 11 08 C6 07 00 2C
10:55:08.946 [TX CF3] 67 23 48 F9 94 43 6B 01
10:55:08.956 [TX CF4] 67 24 92 5C E9 26 B0 31
10:55:08.968 [TX CF5] 67 25 31 89 0C 8B 15 80
10:55:08.978 [TX CF6] 67 26 B9 52 AA 58 8C 56
10:55:08.988 [TX CF7] 67 27 04 6F 84 8B FE B7
10:55:08.999 [TX CF8] 67 28 00 FC 81 7D 01 BE
10:55:09.009 [TX CF9] 67 29 19 3F E0 F7 08 4F
10:55:09.020 [TX CF10] 67 2A 46 D7 48 B0 C0 09
10:55:09.031 [TX CF11] 67 2B 58 60 D2 68 48 68
10:55:09.041 [TX CF12] 67 2C 55 EC 0E 21 8E 02
10:55:09.051 [TX CF13] 67 2D 17 0E 32 10 04 2C
10:55:09.062 [TX CF14] 67 2E 23 84 24 9E 03 EE
10:55:09.073 [TX CF15] 67 2F 96 23 FC 72 04 08
10:55:09.084 [TX CF0] 67 20 36 14 10 BF 3F F0
10:55:09.094 [TX CF1] 67 21 63 08 02 F8 09 23
10:55:09.105 [TX CF2] 67 22 1C 08 86 F5 09 A5
10:55:09.115 [TX CF3] 67 23 B5 0D 1C E5 10 7E
10:55:09.126 [TX CF4] 67 24 81 19 1C FF FF FF
10:55:09.145 [RX SF ] 67 02 76 0A FF FF FF FF
10:55:09.145 [RX    ] 76 0A
10:55:09.145 [PASS  ] TransferData block=10 | expected: 76 ... | received: 76 0A
10:55:09.156 ------------------------------------------------------------------------
10:55:09.156 [STEP  ] 0x36 block=11  offset=20400/45254  (45%)
10:55:09.156 [TX TransferData block=11 len=2040] 36 0B 34 71 03 30 0E 8F 32 42 96 C1 D4 85 AF F0...
10:55:09.157 [TX FF ] 67 17 FA 36 0B 34 71 03
10:55:09.168 [TX CF1] 67 21 30 0E 8F 32 42 96
10:55:09.178 [TX CF2] 67 22 C1 D4 85 AF F0 97
10:55:09.189 [TX CF3] 67 23 40 BC A3 97 0A 62
10:55:09.199 [TX CF4] 67 24 6C 1A 34 60 5D 06
10:55:09.209 [TX CF5] 67 25 C3 00 A2 CA 6B F9
10:55:09.219 [TX CF6] 67 26 98 60 53 C9 6D FF
10:55:09.230 [TX CF7] 67 27 D1 F4 24 74 44 D9
10:55:09.241 [TX CF8] 67 28 F7 94 64 7D 8F F7
10:55:09.252 [TX CF9] 67 29 5F CE A4 DA 76 A7
10:55:09.262 [TX CF10] 67 2A 0D A7 02 A3 48 82
10:55:09.272 [TX CF11] 67 2B AA 5C 4A 54 49 2A
10:55:09.283 [TX CF12] 67 2C 56 00 0A 0A D4 A6
10:55:09.293 [TX CF13] 67 2D 4A EB EA 8B 30 F5
10:55:09.303 [TX CF14] 67 2E 5F ED 92 D4 19 55
10:55:09.315 [TX CF15] 67 2F 24 F5 80 3F 03 CE
10:55:09.325 [TX CF0] 67 20 07 BC 70 47 C4 B0
10:55:09.335 [TX CF1] 67 21 1B 58 3A 42 38 56
10:55:09.345 [TX CF2] 67 22 2A 4B 4B CD E2 33
10:55:09.355 [TX CF3] 67 23 54 28 0F 4A A5 1C
10:55:09.366 [TX CF4] 67 24 85 60 B9 72 15 D2
10:55:09.376 [TX CF5] 67 25 10 DF C4 04 F3 04
10:55:09.387 [TX CF6] 67 26 03 58 B8 C0 4E 09
10:55:09.397 [TX CF7] 67 27 F1 63 E2 C6 FC 20
10:55:09.408 [TX CF8] 67 28 A3 18 03 58 40 3F
10:55:09.418 [TX CF9] 67 29 6A C0 3F EB D8 1B
10:55:09.429 [TX CF10] 67 2A 78 62 D4 20 C1 3A
10:55:09.439 [TX CF11] 67 2B 0D 20 1B 99 5D FF
10:55:09.449 [TX CF12] 67 2C E7 94 1B E9 34 90
10:55:09.460 [TX CF13] 67 2D 82 B4 C0 6F C2 B3
10:55:09.470 [TX CF14] 67 2E C3 E5 FE 70 A1 02
10:55:09.481 [TX CF15] 67 2F 69 E1 20 E5 99 E1
10:55:09.492 [TX CF0] 67 20 47 63 B4 84 D2 6A
10:55:09.503 [TX CF1] 67 21 70 0E 5C 62 37 8A
10:55:09.513 [TX CF2] 67 22 84 53 34 98 8D 18
10:55:09.525 [TX CF3] 67 23 F2 0E 90 D6 00 EE
10:55:09.535 [TX CF4] 67 24 26 90 62 1B C7 42
10:55:09.546 [TX CF5] 67 25 10 8E 0B 9A 08 08
10:55:09.556 [TX CF6] 67 26 E6 0A E0 6D 26 A2
10:55:09.567 [TX CF7] 67 27 52 C1 74 33 0D A5
10:55:09.577 [TX CF8] 67 28 A6 91 69 A4 DA A9
10:55:09.588 [TX CF9] 67 29 47 2C 22 97 88 1C
10:55:09.598 [TX CF10] 67 2A B2 0B D1 AA 62 28
10:55:09.609 [TX CF11] 67 2B B8 AB 24 6E 19 80
10:55:09.619 [TX CF12] 67 2C E2 62 69 98 08 D4
10:55:09.629 [TX CF13] 67 2D CA 13 1D 23 21 5B
10:55:09.641 [TX CF14] 67 2E 8F 7C 7A 33 07 7C
10:55:09.652 [TX CF15] 67 2F 35 FA 51 EB 2E 16
10:55:09.662 [TX CF0] 67 20 2F 15 42 82 76 A8
10:55:09.674 [TX CF1] 67 21 18 CC 0B 40 0E D0
10:55:09.685 [TX CF2] 67 22 B1 6F C6 D6 0C DA
10:55:09.695 [TX CF3] 67 23 86 2E E0 06 97 FF
10:55:09.706 [TX CF4] 67 24 99 40 2A F4 98 D4
10:55:09.716 [TX CF5] 67 25 8E A7 43 E6 C6 25
10:55:09.727 [TX CF6] 67 26 22 30 62 09 A8 20
10:55:09.738 [TX CF7] 67 27 13 00 40 34 C5 08
10:55:09.748 [TX CF8] 67 28 12 08 0C 86 03 2C
10:55:09.759 [TX CF9] 67 29 0B E1 A9 B8 95 40
10:55:09.770 [TX CF10] 67 2A 81 48 25 17 0F 8E
10:55:09.780 [TX CF11] 67 2B F7 D3 71 D4 60 25
10:55:09.791 [TX CF12] 67 2C 21 30 60 32 98 D0
10:55:09.803 [TX CF13] 67 2D B0 09 65 15 7C 04
10:55:09.814 [TX CF14] 67 2E A2 87 DD A3 52 EA
10:55:09.824 [TX CF15] 67 2F 90 08 DC 67 B9 8B
10:55:09.835 [TX CF0] 67 20 C2 50 A6 DD AA E6
10:55:09.845 [TX CF1] 67 21 33 41 42 99 F6 82
10:55:09.856 [TX CF2] 67 22 29 40 C2 50 BB 50
10:55:09.866 [TX CF3] 67 23 A0 3D A0 C4 57 31
10:55:09.877 [TX CF4] 67 24 51 28 DC 2A A5 DA
10:55:09.887 [TX CF5] 67 25 C4 E2 5A 20 54 82
10:55:09.899 [TX CF6] 67 26 A8 40 A5 32 AE 8C
10:55:09.910 [TX CF7] 67 27 0A 59 28 0B C3 26
10:55:09.922 [TX CF8] 67 28 EA D0 68 50 CD 94
10:55:09.933 [TX CF9] 67 29 DA 90 E9 C3 81 18
10:55:09.945 [TX CF10] 67 2A E1 E2 DD 88 45 FB
10:55:09.956 [TX CF11] 67 2B 54 3C 66 72 85 14
10:55:09.968 [TX CF12] 67 2C 02 01 23 F5 DC 60
10:55:09.978 [TX CF13] 67 2D 12 3D 5E 02 D2 1E
10:55:09.988 [TX CF14] 67 2E 02 42 14 C3 23 00
10:55:09.999 [TX CF15] 67 2F 97 D2 AD 78 8A 26
10:55:10.011 [TX CF0] 67 20 2A 37 1B A9 D4 B8
10:55:10.022 [TX CF1] 67 21 18 9C 94 72 A1 52
10:55:10.032 [TX CF2] 67 22 06 A9 FD FF 08 F0
10:55:10.044 [TX CF3] 67 23 E5 48 41 B8 38 B0
10:55:10.055 [TX CF4] 67 24 82 14 80 50 03 24
10:55:10.066 [TX CF5] 67 25 FD 8D B0 6C E8 0E
10:55:10.077 [TX CF6] 67 26 42 E1 FE 91 D2 23
10:55:10.087 [TX CF7] 67 27 52 1A 6D 0E 80 75
10:55:10.099 [TX CF8] 67 28 42 43 C1 B8 D1 2E
10:55:10.109 [TX CF9] 67 29 58 1B 8C 12 E5 01
10:55:10.121 [TX CF10] 67 2A B8 39 70 8E 52 70
10:55:10.132 [TX CF11] 67 2B 0E D8 2B C7 DC 23
10:55:10.143 [TX CF12] 67 2C 44 38 A3 10 29 0D
10:55:10.153 [TX CF13] 67 2D 00 89 0C 60 14 04
10:55:10.164 [TX CF14] 67 2E 8A A1 43 78 E4 3B
10:55:10.174 [TX CF15] 67 2F 5B 87 FE 08 21 0E
10:55:10.184 [TX CF0] 67 20 E8 C4 1E D0 20 01
10:55:10.194 [TX CF1] 67 21 A4 E2 E1 F4 AD 5C
10:55:10.206 [TX CF2] 67 22 03 A5 5E A9 B0 80
10:55:10.216 [TX CF3] 67 23 A1 45 7B 75 18 D6
10:55:10.227 [TX CF4] 67 24 22 85 12 ED 81 50
10:55:10.238 [TX CF5] 67 25 99 09 00 96 7E FA
10:55:10.248 [TX CF6] 67 26 2E 94 35 4C D8 60
10:55:10.258 [TX CF7] 67 27 52 2C 4D 7A 0A 31
10:55:10.270 [TX CF8] 67 28 00 A2 04 62 A5 8B
10:55:10.281 [TX CF9] 67 29 C5 94 81 81 76 F1
10:55:10.292 [TX CF10] 67 2A 25 38 7D 80 40 4A
10:55:10.303 [TX CF11] 67 2B A8 3D 12 A4 45 0B
10:55:10.315 [TX CF12] 67 2C F8 50 22 26 0C 1B
10:55:10.327 [TX CF13] 67 2D 38 40 37 F8 1D 0E
10:55:10.338 [TX CF14] 67 2E 08 9E 05 61 9A 84
10:55:10.349 [TX CF15] 67 2F 4E 31 73 A6 79 6B
10:55:10.360 [TX CF0] 67 20 90 99 14 AA 81 64
10:55:10.371 [TX CF1] 67 21 8E 78 EB 90 CB C6
10:55:10.382 [TX CF2] 67 22 50 B8 07 46 99 78
10:55:10.392 [TX CF3] 67 23 15 E1 06 E8 42 AE
10:55:10.402 [TX CF4] 67 24 14 BB 81 8B 0B B6
10:55:10.413 [TX CF5] 67 25 84 93 81 E1 0C 63
10:55:10.424 [TX CF6] 67 26 96 17 46 16 8A 55
10:55:10.435 [TX CF7] 67 27 0E 01 18 8C 1E D0
10:55:10.447 [TX CF8] 67 28 A1 47 30 71 C0 62
10:55:10.457 [TX CF9] 67 29 10 80 B4 17 88 4C
10:55:10.468 [TX CF10] 67 2A 92 19 43 82 1B 20
10:55:10.478 [TX CF11] 67 2B 90 44 2E 05 E4 23
10:55:10.489 [TX CF12] 67 2C 17 08 AF 82 09 78
10:55:10.499 [TX CF13] 67 2D FF 48 48 E0 10 90
10:55:10.510 [TX CF14] 67 2E 8D 83 00 95 93 70
10:55:10.523 [TX CF15] 67 2F 84 C1 E1 9D 58 8D
10:55:10.533 [TX CF0] 67 20 E3 FF 29 81 F4 29
10:55:10.543 [TX CF1] 67 21 31 C8 8D C2 13 06
10:55:10.554 [TX CF2] 67 22 82 F4 0E 88 7D E4
10:55:10.565 [TX CF3] 67 23 70 BA 04 0C EC 1B
10:55:10.576 [TX CF4] 67 24 BD 27 96 17 0D A1
10:55:10.586 [TX CF5] 67 25 53 0A 95 29 93 84
10:55:10.597 [TX CF6] 67 26 47 02 6C C2 B9 A3
10:55:10.607 [TX CF7] 67 27 3A 61 1D B4 4B 8F
10:55:10.618 [TX CF8] 67 28 B0 4B 82 18 5B 91
10:55:10.628 [TX CF9] 67 29 40 C0 7A 21 EC 2D
10:55:10.638 [TX CF10] 67 2A 17 04 4A 52 6A 04
10:55:10.648 [TX CF11] 67 2B 5A E1 6D BC 55 43
10:55:10.659 [TX CF12] 67 2C E0 5C 0F D8 46 E3
10:55:10.670 [TX CF13] 67 2D BD 28 E0 57 0F 57
10:55:10.680 [TX CF14] 67 2E 76 E0 FF 05 4A 85
10:55:10.691 [TX CF15] 67 2F 0E 99 20 C4 D0 23
10:55:10.702 [TX CF0] 67 20 92 06 52 1B 28 A4
10:55:10.712 [TX CF1] 67 21 A2 75 D3 5F 21 25
10:55:10.722 [TX CF2] 67 22 C0 F8 E4 DB 68 14
10:55:10.733 [TX CF3] 67 23 C1 65 84 A2 15 D1
10:55:10.743 [TX CF4] 67 24 B8 26 C1 83 F4 76
10:55:10.753 [TX CF5] 67 25 09 C8 42 18 7C 13
10:55:10.765 [TX CF6] 67 26 C0 A3 10 43 61 00
10:55:10.775 [TX CF7] 67 27 F0 03 F0 73 60 C6
10:55:10.786 [TX CF8] 67 28 43 30 0F 05 64 85
10:55:10.796 [TX CF9] 67 29 EB FF E0 BC 4C 6D
10:55:10.807 [TX CF10] 67 2A 13 3A 56 44 D6 0C
10:55:10.817 [TX CF11] 67 2B 24 20 05 0F C3 70
10:55:10.828 [TX CF12] 67 2C 92 DC 4B C8 58 2E
10:55:10.838 [TX CF13] 67 2D 31 2F 01 E5 08 0D
10:55:10.849 [TX CF14] 67 2E 01 51 85 82 F2 26
10:55:10.859 [TX CF15] 67 2F 42 19 D1 84 41 E1
10:55:10.869 [TX CF0] 67 20 5D 59 02 7E 13 F2
10:55:10.880 [TX CF1] 67 21 09 64 45 B0 41 8F
10:55:10.891 [TX CF2] 67 22 C8 7D E4 10 8A 07
10:55:10.901 [TX CF3] 67 23 81 52 1A 91 0A C7
10:55:10.912 [TX CF4] 67 24 FD 7E 83 8A 00 32
10:55:10.922 [TX CF5] 67 25 10 09 3C AF 49 20
10:55:10.933 [TX CF6] 67 26 A6 CA F4 C8 6C 05
10:55:10.944 [TX CF7] 67 27 F8 5A 6E 1A 9B 84
10:55:10.954 [TX CF8] 67 28 C2 D1 02 3D 81 2A
10:55:10.965 [TX CF9] 67 29 40 23 70 A0 DC 24
10:55:10.976 [TX CF10] 67 2A 17 83 72 1E AF EC
10:55:10.986 [TX CF11] 67 2B 0B C1 42 5E 43 F6
10:55:10.996 [TX CF12] 67 2C E8 DF E3 93 68 EF
10:55:11.007 [TX CF13] 67 2D B6 38 67 C2 03 2F
10:55:11.018 [TX CF14] 67 2E F4 77 42 A8 21 30
10:55:11.029 [TX CF15] 67 2F 31 23 23 8D 69 24
10:55:11.039 [TX CF0] 67 20 B7 8C 29 A6 1B 2D
10:55:11.050 [TX CF1] 67 21 E3 1A 02 03 A1 5B
10:55:11.061 [TX CF2] 67 22 8E 79 23 90 29 5F
10:55:11.071 [TX CF3] 67 23 D7 B7 0F F0 69 6F
10:55:11.082 [TX CF4] 67 24 19 5A 17 DF A3 0A
10:55:11.092 [TX CF5] 67 25 A4 56 60 1C 98 C5
10:55:11.102 [TX CF6] 67 26 06 30 76 42 11 70
10:55:11.113 [TX CF7] 67 27 A4 5C 31 17 0E C6
10:55:11.124 [TX CF8] 67 28 C8 73 84 73 FE 5E
10:55:11.134 [TX CF9] 67 29 48 A9 9D 24 C9 81
10:55:11.145 [TX CF10] 67 2A C7 07 8E 92 43 04
10:55:11.155 [TX CF11] 67 2B 35 A6 D2 2F 54 10
10:55:11.165 [TX CF12] 67 2C F8 41 74 94 55 6A
10:55:11.177 [TX CF13] 67 2D 11 83 BC 07 8C 21
10:55:11.187 [TX CF14] 67 2E 8B E0 2F 07 F4 30
10:55:11.199 [TX CF15] 67 2F 17 83 BE 0F EC 8D
10:55:11.209 [TX CF0] 67 20 40 54 7A 34 BA 8B
10:55:11.220 [TX CF1] 67 21 63 08 28 1B 08 04
10:55:11.231 [TX CF2] 67 22 08 C1 0C 59 B3 08
10:55:11.243 [TX CF3] 67 23 19 0B 2D 22 CB 49
10:55:11.253 [TX CF4] 67 24 A0 D8 2C AF 70 1D
10:55:11.263 [TX CF5] 67 25 20 52 1D 18 3A 70
10:55:11.274 [TX CF6] 67 26 84 48 3F BF 7F 07
10:55:11.285 [TX CF7] 67 27 F6 F1 A1 C0 48 38
10:55:11.296 [TX CF8] 67 28 04 B4 3E 1D DF FD
10:55:11.307 [TX CF9] 67 29 85 2B 05 A3 4D 0B
10:55:11.319 [TX CF10] 67 2A 98 50 D5 40 65 A4
10:55:11.329 [TX CF11] 67 2B B6 D8 05 96 C3 A5
10:55:11.339 [TX CF12] 67 2C B0 DC F4 35 DA 43
10:55:11.350 [TX CF13] 67 2D BB 0E 87 FE B9 48
10:55:11.361 [TX CF14] 67 2E 80 DA 21 D4 38 35
10:55:11.373 [TX CF15] 67 2F 82 8B 61 C2 D8 6C
10:55:11.383 [TX CF0] 67 20 76 8A D5 26 B5 4A
10:55:11.394 [TX CF1] 67 21 89 D0 21 74 3B 1D
10:55:11.404 [TX CF2] 67 22 83 4B 68 AC D2 E3
10:55:11.416 [TX CF3] 67 23 B4 0D 04 9B ED 04
10:55:11.426 [TX CF4] 67 24 97 50 F4 D6 0C 04
10:55:11.436 [TX CF5] 67 25 D2 08 99 02 C1 55
10:55:11.446 [TX CF6] 67 26 A6 D9 6C 16 E8 E3
10:55:11.457 [TX CF7] 67 27 FD 0D 74 73 CD 60
10:55:11.469 [TX CF8] 67 28 F7 C7 24 F6 1A 95
10:55:11.479 [TX CF9] 67 29 3E CF 61 A2 5A 24
10:55:11.490 [TX CF10] 67 2A 46 14 28 6E 8C 30
10:55:11.501 [TX CF11] 67 2B 36 84 0E 19 09 0C
10:55:11.511 [TX CF12] 67 2C 26 0B 19 A1 E0 5F
10:55:11.522 [TX CF13] 67 2D F0 0D 50 54 01 60
10:55:11.533 [TX CF14] 67 2E 9C C2 DD 58 24 50
10:55:11.544 [TX CF15] 67 2F 05 60 0D C3 83 60
10:55:11.554 [TX CF0] 67 20 82 D8 68 D6 1E 4C
10:55:11.566 [TX CF1] 67 21 77 02 10 80 1E 05
10:55:11.576 [TX CF2] 67 22 84 FD 84 06 C5 45
10:55:11.586 [TX CF3] 67 23 74 40 13 82 90 13
10:55:11.597 [TX CF4] 67 24 C0 B0 84 12 D1 45
10:55:11.607 [TX CF5] 67 25 A5 F8 E3 08 94 30
10:55:11.619 [TX CF6] 67 26 0F E0 20 0F EC 23
10:55:11.629 [TX CF7] 67 27 D6 00 BE 57 60 C8
10:55:11.640 [TX CF8] 67 28 74 5B DF BE 04 1A
10:55:11.651 [TX CF9] 67 29 42 7D 4E 97 50 3F
10:55:11.661 [TX CF10] 67 2A 12 59 6C 0A 7B 40
10:55:11.672 [TX CF11] 67 2B 9A D0 E3 B6 0C 1D
10:55:11.682 [TX CF12] 67 2C A6 76 01 82 33 2E
10:55:11.694 [TX CF13] 67 2D 53 01 43 95 D8 38
10:55:11.705 [TX CF14] 67 2E 76 9E DE CA 01 93
10:55:11.716 [TX CF15] 67 2F 9C 52 E0 B7 AD 6C
10:55:11.726 [TX CF0] 67 20 02 BB 19 9B D3 B5
10:55:11.736 [TX CF1] 67 21 A2 30 77 F2 7D F5
10:55:11.747 [TX CF2] 67 22 0F 69 46 80 67 A6
10:55:11.757 [TX CF3] 67 23 F4 0B 35 1A 6F 43
10:55:11.767 [TX CF4] 67 24 97 D8 32 0F 28 20
10:55:11.778 [TX CF5] 67 25 22 7C 26 34 E8 3D
10:55:11.788 [TX CF6] 67 26 EA 7F 01 F7 54 60
10:55:11.801 [TX CF7] 67 27 D7 A9 B4 04 51 94
10:55:11.813 [TX CF8] 67 28 32 4E 2C C8 4D 84
10:55:11.824 [TX CF9] 67 29 B4 5D 0C AE 9D 2C
10:55:11.835 [TX CF10] 67 2A A7 F9 23 3A CA 8C
10:55:11.846 [TX CF11] 67 2B 12 F5 24 80 C7 23
10:55:11.856 [TX CF12] 67 2C 32 AA 6D 84 70 1C
10:55:11.867 [TX CF13] 67 2D 6E 33 28 A6 51 71
10:55:11.877 [TX CF14] 67 2E 56 D8 44 76 A3 A0
10:55:11.888 [TX CF15] 67 2F 91 95 20 67 E1 20
10:55:11.899 [TX CF0] 67 20 98 54 A3 DA 93 A0
10:55:11.909 [TX CF1] 67 21 12 18 7D 22 05 68
10:55:11.920 [TX CF2] 67 22 85 50 DD 38 60 A1
10:55:11.930 [TX CF3] 67 23 B4 3B 44 4E 87 43
10:55:11.942 [TX CF4] 67 24 B0 43 69 10 3B 40
10:55:11.952 [TX CF5] 67 25 29 00 62 14 12 14
10:55:11.964 [TX CF6] 67 26 34 2B 03 15 08 8D
10:55:11.974 [TX CF7] 67 27 24 C7 83 5D 07 28
10:55:11.985 [TX CF8] 67 28 10 87 06 0D 88 60
10:55:11.996 [TX CF9] 67 29 10 88 02 08 05 B6
10:55:12.007 [TX CF10] 67 2A 1B 18 0B 63 09 32
10:55:12.017 [TX CF11] 67 2B B5 02 6E 10 08 89
10:55:12.028 [TX CF12] 67 2C 43 19 01 47 19 89
10:55:12.038 [TX CF13] 67 2D 4B 02 7A 04 E4 3F
10:55:12.049 [TX CF14] 67 2E DF FF 67 FF F0 A5
10:55:12.060 [TX CF15] 67 2F 03 C1 06 88 13 40
10:55:12.072 [TX CF0] 67 20 86 15 E0 2A 20 58
10:55:12.083 [TX CF1] 67 21 87 11 C1 27 41 C4
10:55:12.093 [TX CF2] 67 22 6A A0 B3 00 A3 04
10:55:12.104 [TX CF3] 67 23 03 FF 07 FF FF F1
10:55:12.115 [TX CF4] 67 24 05 78 60 1A 0A 15
10:55:12.126 [TX CF5] 67 25 02 20 5C 86 01 22
10:55:12.136 [TX CF6] 67 26 98 48 20 91 26 2E
10:55:12.146 [TX CF7] 67 27 16 0B 0D 54 9A 81
10:55:12.157 [TX CF8] 67 28 8A 18 61 92 15 8E
10:55:12.168 [TX CF9] 67 29 06 5C 5C 98 15 30
10:55:12.178 [TX CF10] 67 2A 33 4B F4 15 80 9E
10:55:12.188 [TX CF11] 67 2B 83 A8 D6 87 E1 13
10:55:12.200 [TX CF12] 67 2C FC 50 09 18 51 CD
10:55:12.210 [TX CF13] 67 2D A8 1C D0 82 F5 2B
10:55:12.222 [TX CF14] 67 2E FD 03 62 10 B3 68
10:55:12.233 [TX CF15] 67 2F 26 BC 0D B8 1A F2
10:55:12.244 [TX CF0] 67 20 82 FE 0E 39 40 E8
10:55:12.255 [TX CF1] 67 21 CF B4 3C DD 43 0A
10:55:12.266 [TX CF2] 67 22 10 38 56 2E 85 0B
10:55:12.277 [TX CF3] 67 23 E9 40 E1 27 7C 23
10:55:12.287 [TX CF4] 67 24 3D 2A 1C 20 F2 84
10:55:12.298 [TX CF5] 67 25 BB A5 41 8D 40 3A
10:55:12.308 [TX CF6] 67 26 50 1A 35 4A 83 10
10:55:12.319 [TX CF7] 67 27 A3 38 70 FF C8 A1
10:55:12.329 [TX CF8] 67 28 30 29 FF 42 25 06
10:55:12.340 [TX CF9] 67 29 3B E1 05 E9 C4 A2
10:55:12.351 [TX CF10] 67 2A 47 F4 10 18 40 50
10:55:12.363 [TX CF11] 67 2B 31 9E 33 4C 41 E0
10:55:12.374 [TX CF12] 67 2C 84 C2 B8 67 90 50
10:55:12.385 [TX CF13] 67 2D 68 72 E0 3C 08 D1
10:55:12.397 [TX CF14] 67 2E F5 0C 1A 1E 3C 5A
10:55:12.407 [TX CF15] 67 2F 24 3A 1A 2A 3A 5A
10:55:12.418 [TX CF0] 67 20 30 33 C6 48 34 21
10:55:12.429 [TX CF1] 67 21 68 90 F8 67 A8 51
10:55:12.439 [TX CF2] 67 22 08 C0 11 29 A4 E3
10:55:12.451 [TX CF3] 67 23 C5 A5 43 3D 24 8E
10:55:12.461 [TX CF4] 67 24 45 2A 1E 20 E6 07
10:55:12.472 [TX CF5] 67 25 4E 80 92 87 9E 7C
10:55:12.482 [TX CF6] 67 26 84 FB 94 23 6B C0
10:55:12.493 [TX CF7] 67 27 A3 28 30 84 6F 67
10:55:12.505 [TX CF8] 67 28 EA A0 02 B0 F2 EF
10:55:12.516 [TX CF9] 67 29 1F F9 5B 29 08 1D
10:55:12.528 [TX CF10] 67 2A 02 79 2B 44 21 FF
10:55:12.538 [TX CF11] 67 2B 91 F2 EE 00 DC 08
10:55:12.548 [TX CF12] 67 2C 08 7D 3A 29 FC 22
10:55:12.559 [TX CF13] 67 2D 1B 5A CD 32 C1 78
10:55:12.569 [TX CF14] 67 2E E0 41 E1 BD 55 FA
10:55:12.581 [TX CF15] 67 2F 1B BF F2 AB 0F F0
10:55:12.592 [TX CF0] 67 20 30 0A 05 86 E0 6C
10:55:12.602 [TX CF1] 67 21 43 93 FA 56 21 BC
10:55:12.614 [TX CF2] 67 22 FF 2B 10 D0 2C 41
10:55:12.626 [TX CF3] 67 23 D9 7F 22 1B DB 86
10:55:12.636 [TX CF4] 67 24 D6 04 61 02 46 D5
10:55:12.646 [TX CF5] 67 25 42 79 2A 80 F4 65
10:55:12.656 [TX CF6] 67 26 12 0B 86 F6 1D 00
10:55:12.666 [TX CF7] 67 27 BE CA A0 7D 10 5C
10:55:12.677 [TX CF8] 67 28 0A F4 36 BF A5 BA
10:55:12.688 [TX CF9] 67 29 1F F9 26 46 0D 89
10:55:12.699 [TX CF10] 67 2A 87 4F 25 30 8E 90
10:55:12.710 [TX CF11] 67 2B 4F 0E 6B 36 18 1F
10:55:12.722 [TX CF12] 67 2C 42 03 23 84 DE 72
10:55:12.733 [TX CF13] 67 2D 29 C8 3A 31 C2 E8
10:55:12.745 [TX CF14] 67 2E 12 C8 FF 42 81 4D
10:55:12.757 [TX CF15] 67 2F 96 5C 28 14 8F 0C
10:55:12.768 [TX CF0] 67 20 02 85 18 88 2A C0
10:55:12.779 [TX CF1] 67 21 83 46 FA A5 38 0A
10:55:12.790 [TX CF2] 67 22 50 54 AD 19 0A 3C
10:55:12.802 [TX CF3] 67 23 E6 93 4A BC 65 28
10:55:12.813 [TX CF4] 67 24 50 FE 8E FF FF FF
10:55:12.834 [RX SF ] 67 02 76 0B FF FF FF FF
10:55:12.835 [RX    ] 76 0B
10:55:12.835 [PASS  ] TransferData block=11 | expected: 76 ... | received: 76 0B
10:55:12.846 ------------------------------------------------------------------------
10:55:12.846 [STEP  ] 0x36 block=12  offset=22440/45254  (49%)
10:55:12.846 [TX TransferData block=12 len=2040] 36 0C 26 F1 CA 84 40 E0 F1 B8 7E 6A 85 09 4F 41...
10:55:12.847 [TX FF ] 67 17 FA 36 0C 26 F1 CA
10:55:12.857 [TX CF1] 67 21 84 40 E0 F1 B8 7E
10:55:12.867 [TX CF2] 67 22 6A 85 09 4F 41 23
10:55:12.878 [TX CF3] 67 23 A4 C1 E9 30 FC 5D
10:55:12.889 [TX CF4] 67 24 03 63 5C B6 5E 34
10:55:12.899 [TX CF5] 67 25 90 78 17 54 EB 86
10:55:12.910 [TX CF6] 67 26 CE A8 B7 43 33 43
10:55:12.922 [TX CF7] 67 27 85 C0 3F 5E 76 2E
10:55:12.933 [TX CF8] 67 28 0D 34 30 1B 59 E4
10:55:12.945 [TX CF9] 67 29 A2 19 D1 84 5E 0D
10:55:12.956 [TX CF10] 67 2A 58 41 7A 32 A7 54
10:55:12.968 [TX CF11] 67 2B 17 88 0C 88 90 8D
10:55:12.978 [TX CF12] 67 2C C2 03 BD 26 C0 B9
10:55:12.989 [TX CF13] 67 2D C3 8B FA 6D E1 25
10:55:13.000 [TX CF14] 67 2E 21 01 78 2C C1 25
10:55:13.012 [TX CF15] 67 2F A5 F4 A0 19 A8 C3
10:55:13.022 [TX CF0] 67 20 21 26 EE 0A 9C 2F
10:55:13.033 [TX CF1] 67 21 B2 88 17 45 73 86
10:55:13.044 [TX CF2] 67 22 7F F4 B3 42 3D 4A
10:55:13.055 [TX CF3] 67 23 6A A1 1C A5 D6 EF
10:55:13.066 [TX CF4] 67 24 19 85 F8 1D 1A 9D
10:55:13.076 [TX CF5] 67 25 E3 FB 24 8E 50 1A
10:55:13.087 [TX CF6] 67 26 60 28 32 59 A0 D6
10:55:13.099 [TX CF7] 67 27 42 2E C9 86 05 23
10:55:13.110 [TX CF8] 67 28 22 61 4B 75 46 E2
10:55:13.121 [TX CF9] 67 29 42 25 48 80 35 60
10:55:13.133 [TX CF10] 67 2A A3 C0 A5 10 3E 91
10:55:13.145 [TX CF11] 67 2B 27 0E 01 90 0A E1
10:55:13.156 [TX CF12] 67 2C 31 15 B8 0F 20 53
10:55:13.168 [TX CF13] 67 2D 98 2A 51 DA 1F B0
10:55:13.180 [TX CF14] 67 2E 85 52 FB 97 8C 63
10:55:13.191 [TX CF15] 67 2F 04 1E D5 C2 39 79
10:55:13.202 [TX CF0] 67 20 7C E5 1A B8 F6 A3
10:55:13.214 [TX CF1] 67 21 91 1A A4 43 78 F1
10:55:13.226 [TX CF2] 67 22 D3 FF 21 81 39 80
10:55:13.237 [TX CF3] 67 23 8C 70 6E 04 C4 8A
10:55:13.248 [TX CF4] 67 24 10 16 F0 80 C4 CB
10:55:13.258 [TX CF5] 67 25 78 76 3E 06 4C 15
10:55:13.270 [TX CF6] 67 26 38 4B 69 92 0B EE
10:55:13.281 [TX CF7] 67 27 06 0F 08 EA FF 55
10:55:13.291 [TX CF8] 67 28 C0 C8 6E BE 0B 49
10:55:13.303 [TX CF9] 67 29 AB 08 17 43 00 F5
10:55:13.313 [TX CF10] 67 2A 07 C1 61 72 A0 06
10:55:13.325 [TX CF11] 67 2B 42 18 76 C1 BF 0D
10:55:13.337 [TX CF12] 67 2C 06 55 06 E9 39 F0
10:55:13.347 [TX CF13] 67 2D 85 AF E0 80 12 C0
10:55:13.358 [TX CF14] 67 2E FE FD E6 7F B8 37
10:55:13.369 [TX CF15] 67 2F 82 29 20 CC 5C 23
10:55:13.381 [TX CF0] 67 20 17 8A C5 C2 FF 20
10:55:13.392 [TX CF1] 67 21 26 01 03 74 C0 F1
10:55:13.403 [TX CF2] 67 22 01 5C 00 5C 09 0E
10:55:13.414 [TX CF3] 67 23 06 E7 C8 90 D2 60
10:55:13.425 [TX CF4] 67 24 1C 1C 17 12 E6 EB
10:55:13.435 [TX CF5] 67 25 C3 8A C4 C2 41 16
10:55:13.446 [TX CF6] 67 26 A4 C2 03 40 2B B0
10:55:13.458 [TX CF7] 67 27 A3 C5 29 38 AB DC
10:55:13.469 [TX CF8] 67 28 0A 54 FA 40 3D 91
10:55:13.480 [TX CF9] 67 29 27 08 55 F2 FC B8
10:55:13.492 [TX CF10] 67 2A 80 23 03 E2 0B 9D
10:55:13.502 [TX CF11] 67 2B 00 2F 85 CD EE 84
10:55:13.513 [TX CF12] 67 2C 30 46 18 2D 05 1A
10:55:13.523 [TX CF13] 67 2D 02 54 04 C9 42 29
10:55:13.535 [TX CF14] 67 2E 04 14 30 37 4E 0D
10:55:13.545 [TX CF15] 67 2F F3 FC DA 82 81 C2
10:55:13.555 [TX CF0] 67 20 BA 40 6F BF D1 6C
10:55:13.566 [TX CF1] 67 21 30 2B A8 61 0E 0D
10:55:13.576 [TX CF2] 67 22 87 83 81 0C 60 1B
10:55:13.588 [TX CF3] 67 23 42 03 83 0F A1 74
10:55:13.599 [TX CF4] 67 24 02 43 00 89 01 30
10:55:13.609 [TX CF5] 67 25 FC 6D 56 48 69 BF
10:55:13.619 [TX CF6] 67 26 BF FF BE 6F FF AB
10:55:13.631 [TX CF7] 67 27 A7 EE 2F 70 49 42
10:55:13.641 [TX CF8] 67 28 D9 01 BE 1C 2F FC
10:55:13.653 [TX CF9] 67 29 F1 2F 84 B2 15 D0
10:55:13.664 [TX CF10] 67 2A B2 47 B4 1B 26 C2
10:55:13.675 [TX CF11] 67 2B 53 8C 1C 06 40 EF
10:55:13.686 [TX CF12] 67 2C 4E 41 B8 BA 4F 30
10:55:13.696 [TX CF13] 67 2D 7F 8C 50 F9 01 E6
10:55:13.707 [TX CF14] 67 2E 1B 9B DC 06 53 01
10:55:13.718 [TX CF15] 67 2F 52 80 6F 03 A3 40
10:55:13.728 [TX CF0] 67 20 8F 7E 30 50 08 20
10:55:13.738 [TX CF1] 67 21 E9 2D 37 FE 71 7D
10:55:13.749 [TX CF2] 67 22 E0 C1 ED 5D 55 6E
10:55:13.759 [TX CF3] 67 23 53 9B AD E2 F3 F0
10:55:13.769 [TX CF4] 67 24 90 C2 28 51 4E 8C
10:55:13.780 [TX CF5] 67 25 0A 0F 12 87 D7 BA
10:55:13.790 [TX CF6] 67 26 10 79 55 73 A5 FA
10:55:13.801 [TX CF7] 67 27 B9 CE 2F 33 8B A6
10:55:13.813 [TX CF8] 67 28 E6 3B B7 A4 04 B0
10:55:13.823 [TX CF9] 67 29 D8 FE 96 A8 0F D0
10:55:13.835 [TX CF10] 67 2A 81 10 60 B9 FE 2F
10:55:13.845 [TX CF11] 67 2B 82 BC 20 34 3F CD
10:55:13.856 [TX CF12] 67 2C D2 9D E0 F8 48 D4
10:55:13.866 [TX CF13] 67 2D A8 44 25 71 97 20
10:55:13.877 [TX CF14] 67 2E 10 78 04 37 73 79
10:55:13.887 [TX CF15] 67 2F A0 00 60 8F CE A5
10:55:13.898 [TX CF0] 67 20 34 1E 97 E2 E7 05
10:55:13.908 [TX CF1] 67 21 2A 81 70 28 E5 05
10:55:13.919 [TX CF2] 67 22 91 7E 63 BA 82 9C
10:55:13.929 [TX CF3] 67 23 39 36 EC 05 60 2E
10:55:13.940 [TX CF4] 67 24 05 64 39 12 0A 04
10:55:13.951 [TX CF5] 67 25 00 8E 89 54 19 87
10:55:13.962 [TX CF6] 67 26 83 76 44 82 57 2B
10:55:13.973 [TX CF7] 67 27 E8 82 50 90 4A 65
10:55:13.985 [TX CF8] 67 28 1D 19 CD F2 74 C0
10:55:13.995 [TX CF9] 67 29 86 49 D1 DC DE 21
10:55:14.005 [TX CF10] 67 2A F2 28 7C 92 09 40
10:55:14.016 [TX CF11] 67 2B D0 D0 A3 DD 19 E5
10:55:14.026 [TX CF12] 67 2C E3 F7 7B D2 C7 73
10:55:14.037 [TX CF13] 67 2D B4 28 3F 6A 0D 25
10:55:14.047 [TX CF14] 67 2E 53 E0 2F C3 75 70
10:55:14.057 [TX CF15] 67 2F 0D 25 F9 C1 42 3C
10:55:14.068 [TX CF0] 67 20 03 0C 27 25 58 24
10:55:14.078 [TX CF1] 67 21 3B 9B 9F E4 AE 03
10:55:14.089 [TX CF2] 67 22 6A 1F D5 D2 3B 1B
10:55:14.100 [TX CF3] 67 23 F5 6C 8A 58 63 A9
10:55:14.111 [TX CF4] 67 24 71 88 C9 8B 0A F7
10:55:14.122 [TX CF5] 67 25 EA C1 19 2F E1 01
10:55:14.132 [TX CF6] 67 26 F0 0D F0 9C 7F D6
10:55:14.143 [TX CF7] 67 27 28 46 FF A5 6C 09
10:55:14.153 [TX CF8] 67 28 48 40 3A 9F 7F 02
10:55:14.165 [TX CF9] 67 29 B7 22 C2 05 4C 4A
10:55:14.176 [TX CF10] 67 2A D0 58 47 58 74 BF
10:55:14.186 [TX CF11] 67 2B C6 B4 30 34 25 26
10:55:14.197 [TX CF12] 67 2C 17 F9 48 A3 0B F4
10:55:14.208 [TX CF13] 67 2D A6 01 D0 DF 9F E1
10:55:14.219 [TX CF14] 67 2E E4 7F AF 17 4B EB
10:55:14.230 [TX CF15] 67 2F C4 1D 93 DA 0E 8E
10:55:14.241 [TX CF0] 67 20 03 C1 B7 47 41 D0
10:55:14.252 [TX CF1] 67 21 D7 78 3F 17 B8 32
10:55:14.262 [TX CF2] 67 22 40 1D 87 80 7F 90
10:55:14.273 [TX CF3] 67 23 0C 1E 8E AC ED 04
10:55:14.283 [TX CF4] 67 24 92 E9 4D 51 21 69
10:55:14.294 [TX CF5] 67 25 50 C1 70 D7 29 00
10:55:14.305 [TX CF6] 67 26 97 41 3A 36 48 E5
10:55:14.315 [TX CF7] 67 27 B6 39 04 96 7E 3A
10:55:14.326 [TX CF8] 67 28 74 8F 05 B8 30 04
10:55:14.336 [TX CF9] 67 29 B2 34 5B 02 5D 30
10:55:14.347 [TX CF10] 67 2A E8 25 D0 84 DE 26
10:55:14.357 [TX CF11] 67 2B 22 E0 2F 16 BA 34
10:55:14.367 [TX CF12] 67 2C 6E F1 13 A0 66 58
10:55:14.378 [TX CF13] 67 2D 20 E3 FC 10 29 64
10:55:14.388 [TX CF14] 67 2E D1 3B 0C 89 3D 2D
10:55:14.399 [TX CF15] 67 2F 0A F2 A0 E3 03 E0
10:55:14.410 [TX CF0] 67 20 8B A5 60 97 7B 94
10:55:14.422 [TX CF1] 67 21 B2 E0 94 13 DD 57
10:55:14.432 [TX CF2] 67 22 F0 4B 3B 3D 15 2E
10:55:14.443 [TX CF3] 67 23 90 25 3C F6 A2 2C
10:55:14.455 [TX CF4] 67 24 12 CE D1 1A 06 C0
10:55:14.467 [TX CF5] 67 25 11 9E 0E CA 05 29
10:55:14.478 [TX CF6] 67 26 B1 F4 B8 1B 23 FE
10:55:14.490 [TX CF7] 67 27 16 EF F1 0D 02 7E
10:55:14.501 [TX CF8] 67 28 16 84 A0 17 89 85
10:55:14.511 [TX CF9] 67 29 01 AD 85 67 A5 B4
10:55:14.522 [TX CF10] 67 2A F3 AA D0 F6 F4 3C
10:55:14.532 [TX CF11] 67 2B 3E 74 06 19 2F E2
10:55:14.544 [TX CF12] 67 2C 57 0A 45 3A 6B 00
10:55:14.554 [TX CF13] 67 2D D4 A6 20 94 90 F0
10:55:14.565 [TX CF14] 67 2E B8 2D E1 85 40 04
10:55:14.577 [TX CF15] 67 2F 88 2E 72 AE 7F A0
10:55:14.587 [TX CF0] 67 20 5E 06 36 56 AF F2
10:55:14.599 [TX CF1] 67 21 67 4F 6F 4D 81 86
10:55:14.610 [TX CF2] 67 22 13 F9 38 14 01 28
10:55:14.620 [TX CF3] 67 23 9C 84 60 42 C3 2E
10:55:14.630 [TX CF4] 67 24 48 87 33 35 81 49
10:55:14.642 [TX CF5] 67 25 E4 31 40 81 62 9B
10:55:14.653 [TX CF6] 67 26 E0 50 E6 E0 B0 6F
10:55:14.664 [TX CF7] 67 27 54 AC 85 0A 53 D1
10:55:14.675 [TX CF8] 67 28 A4 5E 5A 58 42 AF
10:55:14.686 [TX CF9] 67 29 2D 3C 21 CD 48 6E
10:55:14.696 [TX CF10] 67 2A ED 58 64 03 F0 2F
10:55:14.706 [TX CF11] 67 2B 8E D4 20 12 A8 7F
10:55:14.718 [TX CF12] 67 2C 46 6F 22 A5 5C 01
10:55:14.728 [TX CF13] 67 2D D0 62 AE 10 E9 17
10:55:14.739 [TX CF14] 67 2E 29 BC 16 01 9B 84
10:55:14.750 [TX CF15] 67 2F 49 9D 1C 1A 40 13
10:55:14.760 [TX CF0] 67 20 C0 68 93 85 01 E6
10:55:14.770 [TX CF1] 67 21 05 5C 1C 58 0D 60
10:55:14.782 [TX CF2] 67 22 BC 17 C0 F0 7E AF
10:55:14.792 [TX CF3] 67 23 75 28 F7 4B 65 67
10:55:14.803 [TX CF4] 67 24 0D 61 F0 89 FF 19
10:55:14.814 [TX CF5] 67 25 88 4F 19 A0 5F 78
10:55:14.824 [TX CF6] 67 26 10 78 E7 52 70 44
10:55:14.835 [TX CF7] 67 27 82 51 11 14 81 28
10:55:14.846 [TX CF8] 67 28 8B BF 20 6B 61 7B
10:55:14.857 [TX CF9] 67 29 C0 9F C0 BC 50 42
10:55:14.867 [TX CF10] 67 2A C0 06 22 1B 01 73
10:55:14.879 [TX CF11] 67 2B 3B 62 64 9E 13 E0
10:55:14.889 [TX CF12] 67 2C 89 0A E0 BC 50 26
10:55:14.900 [TX CF13] 67 2D 23 24 1E 28 1F F0
10:55:14.912 [TX CF14] 67 2E 91 FF 8F E9 4F 97
10:55:14.922 [TX CF15] 67 2F 60 21 61 75 E1 1F
10:55:14.933 [TX CF0] 67 20 FE 7C 77 B5 2A 40
10:55:14.944 [TX CF1] 67 21 B3 F1 88 F8 23 C8
10:55:14.954 [TX CF2] 67 22 12 A2 2A 1F A9 0F
10:55:14.966 [TX CF3] 67 23 26 00 33 4A 00 0A
10:55:14.977 [TX CF4] 67 24 C0 6B 0C 43 6B 04
10:55:14.988 [TX CF5] 67 25 80 10 12 A2 52 30
10:55:14.999 [TX CF6] 67 26 80 28 25 88 9C 01
10:55:15.011 [TX CF7] 67 27 19 40 0E D0 82 70
10:55:15.021 [TX CF8] 67 28 0E 21 3F A4 60 2F
10:55:15.033 [TX CF9] 67 29 83 3C 3A BE 7B 86
10:55:15.044 [TX CF10] 67 2A D6 7B 4D D4 DE C8
10:55:15.056 [TX CF11] 67 2B B8 4D FA 3E EB DC
10:55:15.066 [TX CF12] 67 2C A6 F1 B1 A1 4C FA
10:55:15.076 [TX CF13] 67 2D 40 CC 2D 17 C9 05
10:55:15.086 [TX CF14] 67 2E C3 FF 22 82 C8 7C
10:55:15.097 [TX CF15] 67 2F 11 C7 5E 15 BF E4
10:55:15.109 [TX CF0] 67 20 A1 B8 03 86 0E 8C
10:55:15.119 [TX CF1] 67 21 CA 01 34 A4 94 10
10:55:15.129 [TX CF2] 67 22 81 F4 A6 05 B8 21
10:55:15.141 [TX CF3] 67 23 F6 0B 84 6B C1 10
10:55:15.151 [TX CF4] 67 24 90 08 90 D3 5C 0C
10:55:15.162 [TX CF5] 67 25 28 07 10 3E A1 0D
10:55:15.172 [TX CF6] 67 26 FC 99 B0 D4 09 20
10:55:15.185 [TX CF7] 67 27 93 44 BC 00 BC 04
10:55:15.195 [TX CF8] 67 28 78 30 D0 84 C1 E1
10:55:15.208 [TX CF9] 67 29 30 F8 45 0C 47 80
10:55:15.219 [TX CF10] 67 2A 77 09 B4 6B E3 B2
10:55:15.231 [TX CF11] 67 2B 83 A2 A0 E9 C1 A4
10:55:15.242 [TX CF12] 67 2C DF 2D 94 92 93 09
10:55:15.254 [TX CF13] 67 2D 8C 68 04 B0 FD BF
10:55:15.265 [TX CF14] 67 2E 16 E3 00 01 AC 37
10:55:15.277 [TX CF15] 67 2F A2 6C 06 68 47 9F
10:55:15.288 [TX CF0] 67 20 20 D0 AF 18 98 C2
10:55:15.300 [TX CF1] 67 21 B7 0A 94 73 05 70
10:55:15.310 [TX CF2] 67 22 E1 DE F9 5B 2C D5
10:55:15.321 [TX CF3] 67 23 0A 0D D3 82 48 B0
10:55:15.332 [TX CF4] 67 24 57 38 15 F6 05 23
10:55:15.342 [TX CF5] 67 25 89 D0 E0 77 56 42
10:55:15.353 [TX CF6] 67 26 1C 89 15 4A 01 C2
10:55:15.363 [TX CF7] 67 27 C1 3E 90 0A 20 0C
10:55:15.374 [TX CF8] 67 28 42 03 00 88 D2 30
10:55:15.385 [TX CF9] 67 29 57 B8 5D E2 FD 2B
10:55:15.395 [TX CF10] 67 2A 83 29 20 04 03 04
10:55:15.405 [TX CF11] 67 2B 95 07 B0 81 DF 7B
10:55:15.416 [TX CF12] 67 2C 70 78 7F 50 8B 84
10:55:15.427 [TX CF13] 67 2D 06 49 1C A1 C1 00
10:55:15.438 [TX CF14] 67 2E 90 08 20 58 40 44
10:55:15.448 [TX CF15] 67 2F 08 75 0B 81 01 F6
10:55:15.458 [TX CF0] 67 20 10 89 14 02 3A 31
10:55:15.469 [TX CF1] 67 21 43 79 F8 09 60 11
10:55:15.479 [TX CF2] 67 22 03 FF 7F 27 E3 FF
10:55:15.490 [TX CF3] 67 23 05 81 01 05 C2 E4
10:55:15.502 [TX CF4] 67 24 48 16 96 25 F2 05
10:55:15.512 [TX CF5] 67 25 A3 01 22 C9 40 CF
10:55:15.523 [TX CF6] 67 26 38 40 85 78 51 E7
10:55:15.534 [TX CF7] 67 27 1B 5C 35 24 49 85
10:55:15.546 [TX CF8] 67 28 2A C0 79 46 C1 04
10:55:15.556 [TX CF9] 67 29 90 E1 29 51 3B 44
10:55:15.568 [TX CF10] 67 2A 2E 81 FC E8 C1 60
10:55:15.579 [TX CF11] 67 2B 18 3A 67 2A 03 29
10:55:15.590 [TX CF12] 67 2C B4 15 00 75 61 05
10:55:15.601 [TX CF13] 67 2D FF 50 24 45 FD 3A
10:55:15.612 [TX CF14] 67 2E 1F D9 8E F4 B1 85
10:55:15.622 [TX CF15] 67 2F E8 B3 3D E6 93 0A
10:55:15.633 [TX CF0] 67 20 B4 54 A0 FF CE A1
10:55:15.643 [TX CF1] 67 21 79 0B BD 32 95 0D
10:55:15.653 [TX CF2] 67 22 31 29 EE FE DA AD
10:55:15.663 [TX CF3] 67 23 06 B5 3B C6 40 E0
10:55:15.674 [TX CF4] 67 24 38 98 04 A6 75 D0
10:55:15.686 [TX CF5] 67 25 B6 97 21 80 CA E6
10:55:15.697 [TX CF6] 67 26 DD 08 04 8F 87 72
10:55:15.708 [TX CF7] 67 27 C1 DE A0 96 8B 65
10:55:15.719 [TX CF8] 67 28 34 E6 84 2F A3 AC
10:55:15.729 [TX CF9] 67 29 A1 4B 7A 78 98 15
10:55:15.740 [TX CF10] 67 2A 86 31 6A A5 64 68
10:55:15.750 [TX CF11] 67 2B 52 8E 96 84 4F 87
10:55:15.762 [TX CF12] 67 2C 45 17 86 DF FE 64
10:55:15.772 [TX CF13] 67 2D 40 EF 84 87 A6 09
10:55:15.782 [TX CF14] 67 2E 40 F2 85 90 2C 05
10:55:15.793 [TX CF15] 67 2F 0A 39 D2 B0 C1 E9
10:55:15.804 [TX CF0] 67 20 30 F8 CF 46 05 2B
10:55:15.814 [TX CF1] 67 21 81 1F 01 E0 1F 41
10:55:15.825 [TX CF2] 67 22 82 20 C1 31 A1 16
10:55:15.835 [TX CF3] 67 23 FC 21 30 81 CA E1
10:55:15.846 [TX CF4] 67 24 A5 E0 24 35 12 D4
10:55:15.857 [TX CF5] 67 25 12 18 89 6E 1A A9
10:55:15.869 [TX CF6] 67 26 72 52 AE 15 44 E4
10:55:15.879 [TX CF7] 67 27 1F 0E B1 BE 17 AA
10:55:15.889 [TX CF8] 67 28 18 1B 94 08 0A 05
10:55:15.901 [TX CF9] 67 29 C9 09 84 70 19 0E
10:55:15.912 [TX CF10] 67 2A 8A F4 DC 42 C9 D0
10:55:15.923 [TX CF11] 67 2B A5 95 61 2F C1 60
10:55:15.933 [TX CF12] 67 2C E8 48 71 34 98 F2
10:55:15.944 [TX CF13] 67 2D 40 00 3E 10 6E 85
10:55:15.954 [TX CF14] 67 2E 57 A7 03 95 4D 3A
10:55:15.966 [TX CF15] 67 2F 11 31 D0 12 A9 1F
10:55:15.976 [TX CF0] 67 20 42 9F E0 07 20 1A
10:55:15.987 [TX CF1] 67 21 02 81 07 A0 43 E0
10:55:15.997 [TX CF2] 67 22 72 89 87 46 13 04
10:55:16.007 [TX CF3] 67 23 4D 21 20 2B 00 09
10:55:16.018 [TX CF4] 67 24 06 81 18 11 C0 54
10:55:16.028 [TX CF5] 67 25 01 92 85 A3 FF 13
10:55:16.041 [TX CF6] 67 26 DE CE D3 A3 C7 D3
10:55:16.052 [TX CF7] 67 27 F0 A6 F0 50 61 08
10:55:16.062 [TX CF8] 67 28 98 28 B0 B0 2A 61
10:55:16.073 [TX CF9] 67 29 55 40 A3 4A DC A4
10:55:16.083 [TX CF10] 67 2A 84 9A 84 86 D0 BC
10:55:16.095 [TX CF11] 67 2B 47 E1 36 FC 07 90
10:55:16.106 [TX CF12] 67 2C 86 74 4A A0 2C 30
10:55:16.116 [TX CF13] 67 2D 87 AA 45 56 E1 2B
10:55:16.127 [TX CF14] 67 2E 2E 43 5B 83 D6 D3
10:55:16.137 [TX CF15] 67 2F D0 4A C9 38 39 90
10:55:16.148 [TX CF0] 67 20 F0 5C 9F B8 46 3C
10:55:16.159 [TX CF1] 67 21 0A 84 20 68 D0 17
10:55:16.170 [TX CF2] 67 22 11 8A 10 57 61 08
10:55:16.181 [TX CF3] 67 23 98 C8 6C 08 8C 28
10:55:16.193 [TX CF4] 67 24 28 98 60 36 08 82
10:55:16.203 [TX CF5] 67 25 76 13 4A 0B D4 23
10:55:16.214 [TX CF6] 67 26 E8 E0 6D 9F D5 6E
10:55:16.225 [TX CF7] 67 27 0B 94 24 18 14 86
10:55:16.235 [TX CF8] 67 28 1E 1B 96 82 E4 B4
10:55:16.245 [TX CF9] 67 29 C2 30 A5 85 DD 84
10:55:16.256 [TX CF10] 67 2A 04 87 00 CC 0A 3A
10:55:16.266 [TX CF11] 67 2B ED 02 C2 51 8A 6C
10:55:16.277 [TX CF12] 67 2C 66 99 2C B0 30 D0
10:55:16.288 [TX CF13] 67 2D B1 FF 58 F8 25 50
10:55:16.298 [TX CF14] 67 2E 66 A1 C8 83 C0 7A
10:55:16.309 [TX CF15] 67 2F AE 64 26 5B DC 44
10:55:16.319 [TX CF0] 67 20 1F 81 0F 68 E1 14
10:55:16.330 [TX CF1] 67 21 4E 83 FF 90 AE 90
10:55:16.341 [TX CF2] 67 22 80 D0 38 12 28 94
10:55:16.352 [TX CF3] 67 23 10 F4 84 0F A6 40
10:55:16.362 [TX CF4] 67 24 C3 05 20 E0 41 45
10:55:16.373 [TX CF5] 67 25 68 42 29 38 8A 14
10:55:16.384 [TX CF6] 67 26 13 A7 0D 6D 43 80
10:55:16.394 [TX CF7] 67 27 A0 B4 B0 05 22 CB
10:55:16.406 [TX CF8] 67 28 06 11 E1 86 3D D0
10:55:16.416 [TX CF9] 67 29 6F C3 D0 F1 B7 F1
10:55:16.427 [TX CF10] 67 2A E8 38 71 71 21 41
10:55:16.437 [TX CF11] 67 2B 6A E0 E3 C2 49 03
10:55:16.449 [TX CF12] 67 2C 46 20 40 C2 01 CE
10:55:16.459 [TX CF13] 67 2D 84 40 9C B8 43 1C
10:55:16.470 [TX CF14] 67 2E F0 A8 80 72 61 80
10:55:16.481 [TX CF15] 67 2F DA FF FC EF 0C 23
10:55:16.492 [TX CF0] 67 20 34 98 45 82 11 20
10:55:16.503 [TX CF1] 67 21 0E 61 DE FF C0 49
10:55:16.513 [TX CF2] 67 22 F0 C0 E0 11 08 04
10:55:16.524 [TX CF3] 67 23 29 C6 87 44 28 87
10:55:16.535 [TX CF4] 67 24 C3 69 1B FF FF FF
10:55:16.554 [RX SF ] 67 02 76 0C FF FF FF FF
10:55:16.554 [RX    ] 76 0C
10:55:16.555 [PASS  ] TransferData block=12 | expected: 76 ... | received: 76 0C
10:55:16.565 ------------------------------------------------------------------------
10:55:16.565 [STEP  ] 0x36 block=13  offset=24480/45254  (54%)
10:55:16.565 [TX TransferData block=13 len=2040] 36 0D D1 43 E4 91 6D 2C 7A F1 46 A0 4C 19 38 50...
10:55:16.566 [TX FF ] 67 17 FA 36 0D D1 43 E4
10:55:16.577 [TX CF1] 67 21 91 6D 2C 7A F1 46
10:55:16.587 [TX CF2] 67 22 A0 4C 19 38 50 25
10:55:16.599 [TX CF3] 67 23 F5 C9 84 26 21 5C
10:55:16.610 [TX CF4] 67 24 BC 50 2B 71 C4 BA
10:55:16.621 [TX CF5] 67 25 1F 4E 8F C3 78 CB
10:55:16.633 [TX CF6] 67 26 42 31 B4 86 52 C8
10:55:16.643 [TX CF7] 67 27 F8 D8 21 74 C8 E5
10:55:16.653 [TX CF8] 67 28 85 F8 84 03 29 00
10:55:16.663 [TX CF9] 67 29 CE 48 B0 0F 04 20
10:55:16.674 [TX CF10] 67 2A 9D 08 15 E2 35 72
10:55:16.685 [TX CF11] 67 2B A0 3E 01 FD 74 7B
10:55:16.696 [TX CF12] 67 2C 05 60 36 51 27 CC
10:55:16.706 [TX CF13] 67 2D 20 AC 61 14 47 30
10:55:16.717 [TX CF14] 67 2E 52 62 08 00 5C 24
10:55:16.727 [TX CF15] 67 2F 2E FC 1F F0 01 E1
10:55:16.738 [TX CF0] 67 20 80 57 B7 9E 2B 0C
10:55:16.749 [TX CF1] 67 21 FF BB 83 E1 67 2F
10:55:16.760 [TX CF2] 67 22 D2 0D 1F F6 3F 41
10:55:16.771 [TX CF3] 67 23 80 67 64 7B EA 37
10:55:16.782 [TX CF4] 67 24 6E CB F8 C6 44 75
10:55:16.793 [TX CF5] 67 25 F3 2E 55 5F D3 74
10:55:16.803 [TX CF6] 67 26 D2 51 AA 51 E8 42
10:55:16.813 [TX CF7] 67 27 66 0B C4 31 EE 83
10:55:16.823 [TX CF8] 67 28 E0 08 E6 8E 85 F7
10:55:16.835 [TX CF9] 67 29 E8 46 23 76 4A 33
10:55:16.845 [TX CF10] 67 2A 77 20 BA 4E A4 1D
10:55:16.856 [TX CF11] 67 2B A8 71 44 D0 4A 21
10:55:16.867 [TX CF12] 67 2C 3D 0F DF DE 1E 51
10:55:16.877 [TX CF13] 67 2D 82 51 05 E8 7E 7E
10:55:16.887 [TX CF14] 67 2E F7 CF DD 02 3C DC
10:55:16.899 [TX CF15] 67 2F C6 86 D2 C2 04 EE
10:55:16.909 [TX CF0] 67 20 86 21 B4 C4 0F 80
10:55:16.921 [TX CF1] 67 21 80 E0 23 10 3B 44
10:55:16.932 [TX CF2] 67 22 C2 95 1A A0 42 24
10:55:16.942 [TX CF3] 67 23 7C BA F4 0A 49 0C
10:55:16.952 [TX CF4] 67 24 AF 92 10 C5 DE 64
10:55:16.962 [TX CF5] 67 25 74 39 63 F2 0A 04
10:55:16.973 [TX CF6] 67 26 50 91 05 82 87 68
10:55:16.984 [TX CF7] 67 27 5A A0 25 41 51 00
10:55:16.994 [TX CF8] 67 28 99 0E 65 E4 4F 84
10:55:17.004 [TX CF9] 67 29 26 F1 21 A1 EE A4
10:55:17.016 [TX CF10] 67 2A 75 B8 03 9F 01 E2
10:55:17.026 [TX CF11] 67 2B 14 36 04 0F 98 4A
10:55:17.037 [TX CF12] 67 2C C8 08 D2 85 5E 28
10:55:17.047 [TX CF13] 67 2D 56 0A 4D E1 80 83
10:55:17.057 [TX CF14] 67 2E E7 09 05 28 47 84
10:55:17.067 [TX CF15] 67 2F 08 D1 0B 43 06 4E
10:55:17.078 [TX CF0] 67 20 50 0B 54 22 E0 CA
10:55:17.088 [TX CF1] 67 21 CA 36 37 BB 00 3B
10:55:17.099 [TX CF2] 67 22 C9 DE 82 F1 02 4A
10:55:17.109 [TX CF3] 67 23 0F 0C 84 48 44 A9
10:55:17.119 [TX CF4] 67 24 91 B8 CC 72 D1 A4
10:55:17.130 [TX CF5] 67 25 83 C1 7A A1 44 23
10:55:17.140 [TX CF6] 67 26 96 30 A6 59 0A 17
10:55:17.150 [TX CF7] 67 27 DB A6 32 48 84 D4
10:55:17.161 [TX CF8] 67 28 24 8B 46 20 90 96
10:55:17.172 [TX CF9] 67 29 24 93 3E 03 99 FF
10:55:17.182 [TX CF10] 67 2A FF DF E6 60 68 31
10:55:17.193 [TX CF11] 67 2B 7F E2 AE 11 08 89
10:55:17.203 [TX CF12] 67 2C 5B 09 86 D2 15 4B
10:55:17.213 [TX CF13] 67 2D C0 40 23 71 82 32
10:55:17.223 [TX CF14] 67 2E 10 9A 6C A1 EA 0C
10:55:17.234 [TX CF15] 67 2F 61 D9 05 20 B9 94
10:55:17.245 [TX CF0] 67 20 FE 41 10 A1 E1 1B
10:55:17.257 [TX CF1] 67 21 40 50 24 14 38 2D
10:55:17.268 [TX CF2] 67 22 02 3B 60 2F 61 30
10:55:17.280 [TX CF3] 67 23 25 83 04 C0 50 A8
10:55:17.290 [TX CF4] 67 24 17 FF FF EF FF 40
10:55:17.301 [TX CF5] 67 25 32 C2 22 58 70 84
10:55:17.312 [TX CF6] 67 26 06 47 9A A1 C0 AC
10:55:17.323 [TX CF7] 67 27 02 44 22 22 C0 4E
10:55:17.335 [TX CF8] 67 28 88 0B 50 C6 12 00
10:55:17.346 [TX CF9] 67 29 15 40 6D 04 5C 84
10:55:17.357 [TX CF10] 67 2A 36 97 23 18 83 03
10:55:17.367 [TX CF11] 67 2B B0 50 AD 17 E3 50
10:55:17.378 [TX CF12] 67 2C 22 84 05 B9 DE 85
10:55:17.388 [TX CF13] 67 2D E8 1C B0 18 7F 78
10:55:17.400 [TX CF14] 67 2E C1 0D 65 F3 E6 3F
10:55:17.412 [TX CF15] 67 2F BF F8 C5 9E 05 00
10:55:17.422 [TX CF0] 67 20 0C E0 E6 40 82 84
10:55:17.433 [TX CF1] 67 21 02 53 02 E8 25 70
10:55:17.443 [TX CF2] 67 22 81 74 57 08 06 90
10:55:17.454 [TX CF3] 67 23 A5 7E C4 28 ED 70
10:55:17.465 [TX CF4] 67 24 BB 02 12 08 04 72
10:55:17.476 [TX CF5] 67 25 30 1C 92 43 08 16
10:55:17.486 [TX CF6] 67 26 45 1F 84 0F 23 6A
10:55:17.497 [TX CF7] 67 27 A3 44 6E 90 09 5A
10:55:17.507 [TX CF8] 67 28 05 19 58 77 08 5F
10:55:17.519 [TX CF9] 67 29 81 06 84 DB F7 69
10:55:17.529 [TX CF10] 67 2A A3 21 90 82 78 10
10:55:17.539 [TX CF11] 67 2B 59 4C 11 C0 A3 F2
10:55:17.550 [TX CF12] 67 2C 89 7F 20 BB 08 02
10:55:17.560 [TX CF13] 67 2D 12 09 44 1F A1 50
10:55:17.571 [TX CF14] 67 2E 90 C0 37 EF 84 10
10:55:17.581 [TX CF15] 67 2F 18 7E FA 21 F4 16
10:55:17.593 [TX CF0] 67 20 48 7D C9 B0 B2 30
10:55:17.604 [TX CF1] 67 21 83 74 60 94 8C 14
10:55:17.615 [TX CF2] 67 22 35 01 84 05 70 00
10:55:17.627 [TX CF3] 67 23 DA 18 15 84 08 96
10:55:17.638 [TX CF4] 67 24 42 65 0A A0 1F D0
10:55:17.649 [TX CF5] 67 25 0E A0 9C 41 91 9F
10:55:17.660 [TX CF6] 67 26 C3 5D FC 77 20 A0
10:55:17.670 [TX CF7] 67 27 49 02 8A 68 04 5C
10:55:17.682 [TX CF8] 67 28 1B D4 B2 18 9A 0F
10:55:17.693 [TX CF9] 67 29 26 87 C9 87 A3 B2
10:55:17.704 [TX CF10] 67 2A 53 AD 03 90 7F 7E
10:55:17.715 [TX CF11] 67 2B FC BF D2 9B 03 FE
10:55:17.726 [TX CF12] 67 2C 11 5A 44 26 53 25
10:55:17.738 [TX CF13] 67 2D EC 40 74 55 2A E6
10:55:17.749 [TX CF14] 67 2E 5E 88 95 C2 15 10
10:55:17.760 [TX CF15] 67 2F 8B 47 24 52 89 74
10:55:17.771 [TX CF0] 67 20 D2 75 40 88 52 28
10:55:17.782 [TX CF1] 67 21 18 B2 6E 10 EA 46
10:55:17.793 [TX CF2] 67 22 01 6B 0C 35 6A 06
10:55:17.804 [TX CF3] 67 23 21 6E 84 2E 91 C0
10:55:17.814 [TX CF4] 67 24 5C 43 0A 6A 01 89
10:55:17.826 [TX CF5] 67 25 6F 62 B6 81 74 0C
10:55:17.837 [TX CF6] 67 26 1D 79 02 EE 18 2A
10:55:17.849 [TX CF7] 67 27 E6 05 F4 29 AC 28
10:55:17.860 [TX CF8] 67 28 0C 00 60 4B B0 31
10:55:17.872 [TX CF9] 67 29 49 E4 8A F8 08 70
10:55:17.883 [TX CF10] 67 2A 86 44 E4 08 68 36
10:55:17.895 [TX CF11] 67 2B B0 B0 3A 10 0A C5
10:55:17.906 [TX CF12] 67 2C 0E A5 08 50 63 D4
10:55:17.917 [TX CF13] 67 2D 34 61 00 F0 60 23
10:55:17.927 [TX CF14] 67 2E 5F FF BD 4B F3 01
10:55:17.939 [TX CF15] 67 2F D9 36 B1 E8 70 22
10:55:17.951 [TX CF0] 67 20 FC 11 04 10 3A 4C
10:55:17.962 [TX CF1] 67 21 31 B3 82 4F 16 34
10:55:17.973 [TX CF2] 67 22 B4 A2 06 11 86 5A
10:55:17.983 [TX CF3] 67 23 14 4F CB 69 28 07
10:55:17.994 [TX CF4] 67 24 65 91 00 0D 06 82
10:55:18.004 [TX CF5] 67 25 11 0D AC 11 FB 04
10:55:18.015 [TX CF6] 67 26 A6 07 D0 69 E1 38
10:55:18.027 [TX CF7] 67 27 FC E8 1A B0 90 C0
10:55:18.037 [TX CF8] 67 28 6B 61 10 DE B1 12
10:55:18.049 [TX CF9] 67 29 2C A1 0E A5 60 A3
10:55:18.059 [TX CF10] 67 2A 11 4B 41 C1 22 3E
10:55:18.070 [TX CF11] 67 2B 10 DA 6C 94 C4 05
10:55:18.081 [TX CF12] 67 2C 0F 53 23 8D C1 A5
10:55:18.093 [TX CF13] 67 2D 74 38 9D 80 45 B4
10:55:18.103 [TX CF14] 67 2E 20 4A 0D 2E D1 E0
10:55:18.114 [TX CF15] 67 2F 92 79 20 82 9D 0F
10:55:18.125 [TX CF0] 67 20 78 D8 4C 69 42 19
10:55:18.135 [TX CF1] 67 21 10 40 3F 8D D4 48
10:55:18.146 [TX CF2] 67 22 48 95 70 78 21 F8
10:55:18.157 [TX CF3] 67 23 3F A0 C2 47 E1 6E
10:55:18.168 [TX CF4] 67 24 51 C2 4C 02 23 09
10:55:18.178 [TX CF5] 67 25 A1 E9 7F DB 54 DC
10:55:18.189 [TX CF6] 67 26 11 41 10 12 88 87
10:55:18.199 [TX CF7] 67 27 42 29 28 98 F4 23
10:55:18.210 [TX CF8] 67 28 32 8A 47 41 66 81
10:55:18.221 [TX CF9] 67 29 0F 0E 37 82 46 FA
10:55:18.232 [TX CF10] 67 2A 06 07 E2 98 BE E1
10:55:18.244 [TX CF11] 67 2B 87 78 B6 8F D0 66
10:55:18.255 [TX CF12] 67 2C 9E 29 C7 8A 03 2C
10:55:18.267 [TX CF13] 67 2D 80 74 36 BE 09 45
10:55:18.278 [TX CF14] 67 2E E3 89 09 A0 41 A8
10:55:18.290 [TX CF15] 67 2F 10 E5 2E 08 C4 20
10:55:18.301 [TX CF0] 67 20 1D 2D 7F 82 06 A1
10:55:18.312 [TX CF1] 67 21 06 13 D3 D5 F8 1B
10:55:18.324 [TX CF2] 67 22 38 41 FF 90 09 62
10:55:18.335 [TX CF3] 67 23 2D 00 3E 12 5F D4
10:55:18.346 [TX CF4] 67 24 97 C4 A9 42 2D E2
10:55:18.356 [TX CF5] 67 25 04 60 D9 43 9A F2
10:55:18.367 [TX CF6] 67 26 06 6F FC 8E F8 B9
10:55:18.377 [TX CF7] 67 27 94 80 4E 11 E5 6C
10:55:18.388 [TX CF8] 67 28 12 08 5F 8A 06 00
10:55:18.399 [TX CF9] 67 29 87 25 E0 B4 DE 00
10:55:18.409 [TX CF10] 67 2A 38 7F E5 10 8E 8F
10:55:18.420 [TX CF11] 67 2B FE 52 9A 43 54 14
10:55:18.431 [TX CF12] 67 2C 02 55 03 E8 FF BE
10:55:18.442 [TX CF13] 67 2D F3 D7 76 12 0F DF
10:55:18.453 [TX CF14] 67 2E 84 2C 80 5F 0A B0
10:55:18.464 [TX CF15] 67 2F 62 05 08 21 8C 3E
10:55:18.474 [TX CF0] 67 20 9E 19 8A B2 0F 08
10:55:18.485 [TX CF1] 67 21 07 0A 3C 1A FF 0E
10:55:18.497 [TX CF2] 67 22 84 C8 38 14 68 32
10:55:18.508 [TX CF3] 67 23 18 09 7D 65 39 04
10:55:18.520 [TX CF4] 67 24 BE 51 D0 85 4B EE
10:55:18.532 [TX CF5] 67 25 5D 10 02 16 EE 8C
10:55:18.542 [TX CF6] 67 26 2A 41 28 B8 5B AE
10:55:18.553 [TX CF7] 67 27 10 29 34 02 49 6B
10:55:18.563 [TX CF8] 67 28 A3 40 35 55 28 E4
10:55:18.573 [TX CF9] 67 29 03 52 52 C3 C1 B2
10:55:18.583 [TX CF10] 67 2A 0D 21 5F FF DA 28
10:55:18.593 [TX CF11] 67 2B D8 0B C6 A2 AA 2B
10:55:18.605 [TX CF12] 67 2C C2 81 78 B4 C7 31
10:55:18.616 [TX CF13] 67 2D 02 D0 60 17 8D 48
10:55:18.627 [TX CF14] 67 2E BA 11 52 54 7F FE
10:55:18.638 [TX CF15] 67 2F A6 33 C8 B8 4D A3
10:55:18.649 [TX CF0] 67 20 BF 6D 95 90 54 0C
10:55:18.660 [TX CF1] 67 21 0A 51 E1 ED CC 12
10:55:18.670 [TX CF2] 67 22 B8 78 60 52 CA 3F
10:55:18.681 [TX CF3] 67 23 46 D1 78 99 40 20
10:55:18.691 [TX CF4] 67 24 54 04 8E 02 5C A5
10:55:18.702 [TX CF5] 67 25 E3 98 04 E0 49 50
10:55:18.714 [TX CF6] 67 26 E8 7A 06 30 CB BF
10:55:18.724 [TX CF7] 67 27 F0 41 08 19 88 25
10:55:18.735 [TX CF8] 67 28 0A 2D D0 13 F0 3D
10:55:18.745 [TX CF9] 67 29 CA 58 2B 8F 70 2D
10:55:18.755 [TX CF10] 67 2A 0C E9 00 BB 4D C9
10:55:18.766 [TX CF11] 67 2B 20 1D C4 67 88 33
10:55:18.777 [TX CF12] 67 2C 8E DA 43 84 6B 87
10:55:18.788 [TX CF13] 67 2D 77 B7 CE F3 C0 24
10:55:18.799 [TX CF14] 67 2E E3 7C 22 E3 88 66
10:55:18.811 [TX CF15] 67 2F 90 08 21 B2 09 01
10:55:18.821 [TX CF0] 67 20 11 08 2F FE 40 D5
10:55:18.833 [TX CF1] 67 21 81 43 04 9C 16 80
10:55:18.844 [TX CF2] 67 22 AB 0F FF F8 A7 95
10:55:18.854 [TX CF3] 67 23 FE 38 55 40 75 96
10:55:18.866 [TX CF4] 67 24 A2 E0 1C 43 D0 3B
10:55:18.876 [TX CF5] 67 25 82 E3 05 90 5D 7C
10:55:18.886 [TX CF6] 67 26 2C 58 2F DE 18 94
10:55:18.898 [TX CF7] 67 27 82 F8 37 87 F3 D1
10:55:18.910 [TX CF8] 67 28 0F 20 39 80 26 85
10:55:18.921 [TX CF9] 67 29 02 30 A7 02 81 1A
10:55:18.932 [TX CF10] 67 2A 7D 21 99 65 41 38
10:55:18.942 [TX CF11] 67 2B 98 74 3C 12 1C 4C
10:55:18.953 [TX CF12] 67 2C 00 C4 81 37 08 07
10:55:18.963 [TX CF13] 67 2D 63 0D E0 A0 47 CC
10:55:18.973 [TX CF14] 67 2E 58 60 CC F0 A8 70
10:55:18.983 [TX CF15] 67 2F 33 61 7F F0 40 23
10:55:18.993 [TX CF0] 67 20 F6 AE 85 62 70 FD
10:55:19.004 [TX CF1] 67 21 42 35 E1 C0 1A 01
10:55:19.016 [TX CF2] 67 22 ED F8 22 86 C8 77
10:55:19.027 [TX CF3] 67 23 C6 78 12 D0 74 7D
10:55:19.038 [TX CF4] 67 24 67 08 FB BE 0E 01
10:55:19.049 [TX CF5] 67 25 C4 1F 61 9E 3F 81
10:55:19.059 [TX CF6] 67 26 C2 3F A1 CE 3D 9F
10:55:19.070 [TX CF7] 67 27 82 A1 38 A0 F4 34
10:55:19.082 [TX CF8] 67 28 A6 20 FE 66 B0 3C
10:55:19.093 [TX CF9] 67 29 22 F4 52 B0 48 A0
10:55:19.104 [TX CF10] 67 2A DC 0F 8C 93 59 70
10:55:19.116 [TX CF11] 67 2B 62 E0 5A C2 0F 22
10:55:19.127 [TX CF12] 67 2C 48 A1 28 8E A3 50
10:55:19.138 [TX CF13] 67 2D A9 FF 3D 97 29 51
10:55:19.149 [TX CF14] 67 2E 62 0B 9A 05 38 04
10:55:19.160 [TX CF15] 67 2F 36 60 82 C2 95 FC
10:55:19.171 [TX CF0] 67 20 96 5D 65 72 0B 45
10:55:19.182 [TX CF1] 67 21 D5 0A A4 59 0E 0D
10:55:19.192 [TX CF2] 67 22 07 F9 6C BB CB A4
10:55:19.204 [TX CF3] 67 23 1A 8B B8 E9 0F 45
10:55:19.214 [TX CF4] 67 24 DD 13 A4 81 17 0C
10:55:19.226 [TX CF5] 67 25 DB F8 8F 52 4E 91
10:55:19.237 [TX CF6] 67 26 05 28 02 35 09 65
10:55:19.248 [TX CF7] 67 27 53 19 20 97 C8 6D
10:55:19.259 [TX CF8] 67 28 15 48 22 4A 39 82
10:55:19.271 [TX CF9] 67 29 50 19 2F F2 69 20
10:55:19.282 [TX CF10] 67 2A FB 81 60 91 42 60
10:55:19.294 [TX CF11] 67 2B 5A 88 E2 67 08 F7
10:55:19.304 [TX CF12] 67 2C F1 37 86 0A 93 68
10:55:19.315 [TX CF13] 67 2D 41 43 19 FE 42 24
10:55:19.327 [TX CF14] 67 2E 07 1C 20 E9 70 28
10:55:19.337 [TX CF15] 67 2F DF BF BD 87 FE 8E
10:55:19.349 [TX CF0] 67 20 40 B3 82 05 2F 42
10:55:19.360 [TX CF1] 67 21 74 18 62 48 58 52
10:55:19.371 [TX CF2] 67 22 66 18 37 F2 23 20
10:55:19.382 [TX CF3] 67 23 EC 28 65 A7 7F D4
10:55:19.392 [TX CF4] 67 24 99 27 32 FD FE C3
10:55:19.403 [TX CF5] 67 25 F8 73 7C 07 D6 92
10:55:19.413 [TX CF6] 67 26 C8 20 30 4B E6 82
10:55:19.424 [TX CF7] 67 27 87 D9 FB 96 5C B4
10:55:19.435 [TX CF8] 67 28 08 90 2E 50 89 15
10:55:19.446 [TX CF9] 67 29 A2 92 A8 53 C7 FB
10:55:19.457 [TX CF10] 67 2A D6 5D 35 48 E8 2E
10:55:19.467 [TX CF11] 67 2B 8B 8C 2C AB 98 62
10:55:19.478 [TX CF12] 67 2C 8B A8 7B 4B 70 2E
10:55:19.489 [TX CF13] 67 2D FA B4 48 17 75 C6
10:55:19.499 [TX CF14] 67 2E 1F F3 28 06 64 63
10:55:19.510 [TX CF15] 67 2F CB F0 7A 1F B9 32
10:55:19.521 [TX CF0] 67 20 56 1D 74 82 4E 97
10:55:19.532 [TX CF1] 67 21 04 74 8A 5C 15 EA
10:55:19.543 [TX CF2] 67 22 15 A5 F0 32 96 20
10:55:19.553 [TX CF3] 67 23 3C 2F DB 25 0A C3
10:55:19.564 [TX CF4] 67 24 28 19 8B 2C 1D E7
10:55:19.574 [TX CF5] 67 25 EE 73 20 C7 78 19
10:55:19.586 [TX CF6] 67 26 88 54 69 2A E4 B6
10:55:19.597 [TX CF7] 67 27 BF B1 2A 18 7F 02
10:55:19.608 [TX CF8] 67 28 8F 26 82 14 EA 4A
10:55:19.618 [TX CF9] 67 29 97 2D 63 30 1A 6A
10:55:19.629 [TX CF10] 67 2A F8 18 5B 38 1D 37
10:55:19.639 [TX CF11] 67 2B EC B9 85 E3 C0 F4
10:55:19.650 [TX CF12] 67 2C 4B 8B 33 80 C0 0F
10:55:19.662 [TX CF13] 67 2D AB 2D 32 68 A5 97
10:55:19.672 [TX CF14] 67 2E FD C1 A4 16 95 84
10:55:19.682 [TX CF15] 67 2F EB 8C 1B FA 63 1A
10:55:19.693 [TX CF0] 67 20 50 D7 9A 00 F0 24
10:55:19.703 [TX CF1] 67 21 2E 5C B0 AE 70 6A
10:55:19.715 [TX CF2] 67 22 EE 80 79 0E 90 EF
10:55:19.726 [TX CF3] 67 23 CE A8 6A 0D 00 66
10:55:19.737 [TX CF4] 67 24 6D 10 EE EE E0 69
10:55:19.749 [TX CF5] 67 25 2E B8 58 49 3C 12
10:55:19.761 [TX CF6] 67 26 B7 BC 61 A0 F8 1B
10:55:19.772 [TX CF7] 67 27 98 68 26 3A 9B 85
10:55:19.783 [TX CF8] 67 28 02 38 4C C2 5B 28
10:55:19.793 [TX CF9] 67 29 FC 74 E5 F2 09 C0
10:55:19.804 [TX CF10] 67 2A 1E 19 77 E9 48 84
10:55:19.814 [TX CF11] 67 2B 0E 41 33 F0 07 50
10:55:19.825 [TX CF12] 67 2C 9E 3D A0 12 C2 2E
10:55:19.836 [TX CF13] 67 2D 42 85 1C 85 3E 01
10:55:19.846 [TX CF14] 67 2E 21 21 4A 7C 02 29
10:55:19.856 [TX CF15] 67 2F C2 47 28 FB 74 E4
10:55:19.867 [TX CF0] 67 20 72 09 1F 82 0A 12
10:55:19.878 [TX CF1] 67 21 07 55 E6 94 5E 65
10:55:19.888 [TX CF2] 67 22 37 88 0C A6 3F D1
10:55:19.899 [TX CF3] 67 23 09 A0 9C 40 33 86
10:55:19.910 [TX CF4] 67 24 26 31 1A A5 62 63
10:55:19.920 [TX CF5] 67 25 51 3E 80 2D 28 27
10:55:19.931 [TX CF6] 67 26 42 32 0D 06 0F 29
10:55:19.941 [TX CF7] 67 27 86 76 62 1E 08 C5
10:55:19.952 [TX CF8] 67 28 32 41 00 FE FD F1
10:55:19.963 [TX CF9] 67 29 DF F9 14 A2 25 D0
10:55:19.975 [TX CF10] 67 2A 08 A5 82 29 C0 14
10:55:19.986 [TX CF11] 67 2B 07 19 FF 5A 23 20
10:55:19.998 [TX CF12] 67 2C 7D A1 14 FC 42 5F
10:55:20.011 [TX CF13] 67 2D B0 C1 4C 98 40 15
10:55:20.022 [TX CF14] 67 2E 08 40 3E 12 CF D4
10:55:20.033 [TX CF15] 67 2F 09 B6 00 5E 18 97
10:55:20.044 [TX CF0] 67 20 E2 07 B0 F8 6F 64
10:55:20.054 [TX CF1] 67 21 1E D0 D8 10 28 58
10:55:20.064 [TX CF2] 67 22 7F 08 46 02 07 00
10:55:20.076 [TX CF3] 67 23 8C 08 61 84 27 80
10:55:20.086 [TX CF4] 67 24 80 44 04 30 C8 04
10:55:20.097 [TX CF5] 67 25 50 C1 A0 42 0C 2A
10:55:20.109 [TX CF6] 67 26 C6 80 20 1A 5E D8
10:55:20.119 [TX CF7] 67 27 9F 0A E3 78 01 20
10:55:20.131 [TX CF8] 67 28 1B 49 35 26 11 68
10:55:20.142 [TX CF9] 67 29 A1 41 EA 50 F2 DE
10:55:20.154 [TX CF10] 67 2A 10 8B 04 92 90 DD
10:55:20.164 [TX CF11] 67 2B 02 07 6C 91 D3 34
10:55:20.175 [TX CF12] 67 2C 74 28 17 42 4E 2E
10:55:20.187 [TX CF13] 67 2D 06 00 63 82 D3 00
10:55:20.199 [TX CF14] 67 2E 82 A1 A0 85 58 22
10:55:20.209 [TX CF15] 67 2F 1B CB 85 1E 61 B4
10:55:20.221 [TX CF0] 67 20 8D 8A C9 8C D2 20
10:55:20.231 [TX CF1] 67 21 62 E8 24 11 CB 64
10:55:20.242 [TX CF2] 67 22 62 9B AC 18 03 1B
10:55:20.253 [TX CF3] 67 23 A5 C6 C6 30 E6 ED
10:55:20.265 [TX CF4] 67 24 31 B8 5C FF FF FF
10:55:20.286 [RX SF ] 67 02 76 0D FF FF FF FF
10:55:20.286 [RX    ] 76 0D
10:55:20.287 [PASS  ] TransferData block=13 | expected: 76 ... | received: 76 0D
10:55:20.297 ------------------------------------------------------------------------
10:55:20.298 [STEP  ] 0x36 block=14  offset=26520/45254  (58%)
10:55:20.298 [TX TransferData block=14 len=2040] 36 0E 62 80 01 40 67 84 C0 69 0C E3 6B 0C 80 3E...
10:55:20.299 [TX FF ] 67 17 FA 36 0E 62 80 01
10:55:20.309 [TX CF1] 67 21 40 67 84 C0 69 0C
10:55:20.320 [TX CF2] 67 22 E3 6B 0C 80 3E D0
10:55:20.331 [TX CF3] 67 23 F2 7F C6 60 10 90
10:55:20.341 [TX CF4] 67 24 E5 FF DE D8 C2 A0
10:55:20.352 [TX CF5] 67 25 52 D8 4F 6E 08 21
10:55:20.362 [TX CF6] 67 26 01 95 04 00 A5 85
10:55:20.373 [TX CF7] 67 27 6F FC DC C0 22 81
10:55:20.383 [TX CF8] 67 28 21 0A BF F8 8E 84
10:55:20.395 [TX CF9] 67 29 CB 7B 88 91 D6 E0
10:55:20.405 [TX CF10] 67 2A 3C 08 C4 0A 47 13
10:55:20.415 [TX CF11] 67 2B A1 D0 EC 10 1B 14
10:55:20.427 [TX CF12] 67 2C 06 43 01 B0 0D 30
10:55:20.437 [TX CF13] 67 2D 80 44 C7 E0 69 09
10:55:20.448 [TX CF14] 67 2E 30 48 3F DC A2 9A
10:55:20.459 [TX CF15] 67 2F 10 DA 59 35 08 0C
10:55:20.470 [TX CF0] 67 20 8E 07 60 81 58 B8
10:55:20.480 [TX CF1] 67 21 36 12 86 22 20 20
10:55:20.491 [TX CF2] 67 22 1C 4A 09 05 02 36
10:55:20.502 [TX CF3] 67 23 11 D2 10 3F 1F FC
10:55:20.514 [TX CF4] 67 24 C5 FD 0E 22 43 49
10:55:20.526 [TX CF5] 67 25 28 21 50 88 6F 62
10:55:20.536 [TX CF6] 67 26 05 98 62 62 00 29
10:55:20.547 [TX CF7] 67 27 45 AC 3D FF FF 9F
10:55:20.558 [TX CF8] 67 28 9E 09 11 0D 80 44
10:55:20.569 [TX CF9] 67 29 86 01 70 2F 83 15
10:55:20.579 [TX CF10] 67 2A 80 53 A0 84 3C 36
10:55:20.590 [TX CF11] 67 2B 9F FC 04 8B 25 00
10:55:20.601 [TX CF12] 67 2C D4 EC B2 34 28 4F
10:55:20.612 [TX CF13] 67 2D 46 29 49 B0 C6 21
10:55:20.623 [TX CF14] 67 2E 56 82 AA 02 60 38
10:55:20.633 [TX CF15] 67 2F 10 EC 1D 03 35 43
10:55:20.643 [TX CF0] 67 20 1F E1 70 DE D4 20
10:55:20.654 [TX CF1] 67 21 1A DD 96 14 57 87
10:55:20.665 [TX CF2] 67 22 46 1B 48 90 46 38
10:55:20.675 [TX CF3] 67 23 36 B8 0C 8B E7 0E
10:55:20.687 [TX CF4] 67 24 CD 50 32 34 3E 0D
10:55:20.699 [TX CF5] 67 25 8C DC 84 24 E2 0C
10:55:20.709 [TX CF6] 67 26 A4 D6 05 82 D3 68
10:55:20.720 [TX CF7] 67 27 A0 D8 26 3B D2 7E
10:55:20.731 [TX CF8] 67 28 98 89 15 4A 03 80
10:55:20.742 [TX CF9] 67 29 8C 41 A4 54 22 78
10:55:20.754 [TX CF10] 67 2A 3F 5F 38 9F 0E A1
10:55:20.766 [TX CF11] 67 2B 8A 19 81 FA 2D A0
10:55:20.776 [TX CF12] 67 2C 8F 02 0E 10 39 2C
10:55:20.787 [TX CF13] 67 2D A2 85 11 E8 CA 68
10:55:20.798 [TX CF14] 67 2E 50 FE 8C 12 55 0D
10:55:20.809 [TX CF15] 67 2F E9 8D 90 84 C7 63
10:55:20.821 [TX CF0] 67 20 16 08 DC 76 25 1F
10:55:20.832 [TX CF1] 67 21 42 21 F8 E9 20 50
10:55:20.843 [TX CF2] 67 22 82 78 1B 50 59 23
10:55:20.853 [TX CF3] 67 23 91 8B 85 6C 03 04
10:55:20.865 [TX CF4] 67 24 7A 00 88 03 A2 40
10:55:20.876 [TX CF5] 67 25 4B F1 B5 C4 52 31
10:55:20.887 [TX CF6] 67 26 14 9C 4D 2A A2 34
10:55:20.898 [TX CF7] 67 27 02 C1 88 48 13 87
10:55:20.909 [TX CF8] 67 28 49 92 A0 C1 D3 86
10:55:20.920 [TX CF9] 67 29 27 F5 85 A6 41 64
10:55:20.931 [TX CF10] 67 2A B0 19 34 3D 8D 82
10:55:20.942 [TX CF11] 67 2B 04 07 EE 16 85 16
10:55:20.954 [TX CF12] 67 2C 18 EF EC 86 3A 9B
10:55:20.965 [TX CF13] 67 2D CA 71 FE 5C 81 7F
10:55:20.975 [TX CF14] 67 2E A4 44 0A A0 5A 2F
10:55:20.986 [TX CF15] 67 2F D4 B8 5D 00 AB 86
10:55:20.997 [TX CF0] 67 20 22 41 40 80 A8 10
10:55:21.008 [TX CF1] 67 21 C3 58 24 36 93 B6
10:55:21.020 [TX CF2] 67 22 07 70 2F 54 9A 8C
10:55:21.031 [TX CF3] 67 23 62 17 68 DD D0 E0
10:55:21.043 [TX CF4] 67 24 10 78 04 3E 31 43
10:55:21.054 [TX CF5] 67 25 1C 21 20 BF 06 A0
10:55:21.066 [TX CF6] 67 26 06 E1 76 50 07 31
10:55:21.078 [TX CF7] 67 27 A1 97 60 8E 4D 2D
10:55:21.089 [TX CF8] 67 28 B1 EE AF 47 69 04
10:55:21.101 [TX CF9] 67 29 B9 53 49 30 E4 20
10:55:21.112 [TX CF10] 67 2A 06 B8 24 4E 34 19
10:55:21.122 [TX CF11] 67 2B A8 27 10 EA 7F 5C
10:55:21.134 [TX CF12] 67 2C 78 06 92 59 E1 C2
10:55:21.145 [TX CF13] 67 2D 5A 41 96 58 F1 C8
10:55:21.156 [TX CF14] 67 2E FE 9C 90 5A A9 B6
10:55:21.167 [TX CF15] 67 2F FE D9 96 16 EE 96
10:55:21.178 [TX CF0] 67 20 93 EA 16 E5 EB 97
10:55:21.190 [TX CF1] 67 21 53 E7 3F B5 A5 ED
10:55:21.201 [TX CF2] 67 22 BA 06 0C E9 CC 18
10:55:21.212 [TX CF3] 67 23 8D 65 18 F3 E0 BF
10:55:21.222 [TX CF4] 67 24 B4 E6 55 B8 66 74
10:55:21.233 [TX CF5] 67 25 F7 4F ED 21 AF 6D
10:55:21.243 [TX CF6] 67 26 E1 B7 3D 9B FB 42
10:55:21.255 [TX CF7] 67 27 A4 41 64 30 2B 44
10:55:21.266 [TX CF8] 67 28 E2 99 12 8C C5 2D
10:55:21.276 [TX CF9] 67 29 13 4A 1C 52 C1 28
10:55:21.287 [TX CF10] 67 2A 98 52 63 DF 6E 8A
10:55:21.298 [TX CF11] 67 2B C3 1F 84 77 F0 E0
10:55:21.308 [TX CF12] 67 2C C1 FD 83 AD 08 CB
10:55:21.319 [TX CF13] 67 2D B0 18 13 B4 18 AB
10:55:21.329 [TX CF14] 67 2E B8 11 CE 0E F4 22
10:55:21.340 [TX CF15] 67 2F 2F 00 42 E8 3C 50
10:55:21.351 [TX CF0] 67 20 86 BC 81 1B E0 F3
10:55:21.361 [TX CF1] 67 21 42 12 F4 06 0C F5
10:55:21.372 [TX CF2] 67 22 06 0A F6 06 0E F7
10:55:21.383 [TX CF3] 67 23 06 03 F8 F8 97 A1
10:55:21.393 [TX CF4] 67 24 96 52 B0 65 80 23
10:55:21.405 [TX CF5] 67 25 1C 08 04 52 30 47
10:55:21.416 [TX CF6] 67 26 42 07 D1 91 DE 7C
10:55:21.426 [TX CF7] 67 27 56 8D 0D A2 4E 32
10:55:21.438 [TX CF8] 67 28 01 BE 04 0B 02 83
10:55:21.449 [TX CF9] 67 29 83 A6 AA 42 41 28
10:55:21.460 [TX CF10] 67 2A 7F 20 9D C2 49 49
10:55:21.474 [TX CF11] 67 2B A0 D6 06 38 3E 10
10:55:21.484 [TX CF12] 67 2C 91 5E 53 B9 41 FF
10:55:21.495 [TX CF13] 67 2D AF EC 2C 56 95 26
10:55:21.506 [TX CF14] 67 2E 11 34 4C 16 88 ED
10:55:21.518 [TX CF15] 67 2F 2B 01 58 A0 D0 CC
10:55:21.530 [TX CF0] 67 20 E8 74 A0 38 98 C7
10:55:21.541 [TX CF1] 67 21 26 17 22 01 81 2A
10:55:21.553 [TX CF2] 67 22 80 F4 28 31 AA 4C
10:55:21.564 [TX CF3] 67 23 70 0D A7 CB F8 08
10:55:21.576 [TX CF4] 67 24 C1 C0 90 1D 29 07
10:55:21.587 [TX CF5] 67 25 F4 BC 80 7F 03 1C
10:55:21.598 [TX CF6] 67 26 32 61 2E 10 0D 8A
10:55:21.611 [TX CF7] 67 27 AB 0C 35 02 01 48
10:55:21.622 [TX CF8] 67 28 84 06 80 C4 06 71
10:55:21.634 [TX CF9] 67 29 84 61 C3 60 21 60
10:55:21.645 [TX CF10] 67 2A A0 4E 38 62 9C 20
10:55:21.656 [TX CF11] 67 2B 85 84 20 17 F2 D4
10:55:21.668 [TX CF12] 67 2C 1F F3 12 52 41 0C
10:55:21.679 [TX CF13] 67 2D 25 28 03 78 D0 03
10:55:21.690 [TX CF14] 67 2E 58 E0 03 78 C0 03
10:55:21.700 [TX CF15] 67 2F 98 D8 03 B8 71 03
10:55:21.711 [TX CF0] 67 20 D0 C2 03 F0 DC B6
10:55:21.723 [TX CF1] 67 21 D0 41 B0 16 08 20
10:55:21.734 [TX CF2] 67 22 C4 02 80 30 30 28
10:55:21.746 [TX CF3] 67 23 05 08 9D 68 08 10
10:55:21.758 [TX CF4] 67 24 00 81 03 50 E0 63
10:55:21.769 [TX CF5] 67 25 87 C8 59 42 14 17
10:55:21.780 [TX CF6] 67 26 03 A3 13 90 57 3C
10:55:21.791 [TX CF7] 67 27 10 3B C4 6A 0F 12
10:55:21.803 [TX CF8] 67 28 87 C1 7A 10 29 54
10:55:21.814 [TX CF9] 67 29 7B A1 09 E9 C0 E5
10:55:21.826 [TX CF10] 67 2A 53 7E 85 47 C1 3F
10:55:21.837 [TX CF11] 67 2B 91 11 30 F8 1D 70
10:55:21.848 [TX CF12] 67 2C 0D 81 F0 AB FE 0F
10:55:21.858 [TX CF13] 67 2D 08 41 65 28 3C 28
10:55:21.869 [TX CF14] 67 2E 37 8A AC A6 19 D1
10:55:21.879 [TX CF15] 67 2F C0 DE 35 52 93 4A
10:55:21.890 [TX CF0] 67 20 1C 1B C5 6A 53 06
10:55:21.902 [TX CF1] 67 21 75 41 79 D2 80 E1
10:55:21.914 [TX CF2] 67 22 8C 42 47 78 56 87
10:55:21.924 [TX CF3] 67 23 90 8C F0 9B F8 3E
10:55:21.935 [TX CF4] 67 24 12 28 D5 00 1E 84
10:55:21.946 [TX CF5] 67 25 CB A3 06 94 C4 FA
10:55:21.957 [TX CF6] 67 26 34 4B C4 02 59 10
10:55:21.968 [TX CF7] 67 27 E8 2C A0 A0 21 20
10:55:21.979 [TX CF8] 67 28 E9 10 50 85 80 60
10:55:21.991 [TX CF9] 67 29 26 C1 43 A0 DE 61
10:55:22.001 [TX CF10] 67 2A 30 28 2D E6 53 43
10:55:22.012 [TX CF11] 67 2B 84 C1 23 34 34 BE
10:55:22.024 [TX CF12] 67 2C 1B 4F C0 C0 08 BF
10:55:22.035 [TX CF13] 67 2D 80 8C 84 6C 8E 2C
10:55:22.046 [TX CF14] 67 2E 58 92 0C 4B A7 FB
10:55:22.056 [TX CF15] 67 2F 98 F2 B6 54 18 EE
10:55:22.068 [TX CF0] 67 20 0E F1 1B 81 12 90
10:55:22.079 [TX CF1] 67 21 91 D0 E0 97 99 24
10:55:22.091 [TX CF2] 67 22 0B 81 78 82 50 E4
10:55:22.102 [TX CF3] 67 23 01 F4 0A 40 E6 DD
10:55:22.113 [TX CF4] 67 24 80 48 3F DF 7C 1F
10:55:22.125 [TX CF5] 67 25 F4 8B 90 17 08 91
10:55:22.136 [TX CF6] 67 26 80 16 DA 07 84 04
10:55:22.148 [TX CF7] 67 27 60 45 45 81 C5 45
10:55:22.160 [TX CF8] 67 28 B0 FF BC F8 0D A8
10:55:22.172 [TX CF9] 67 29 61 07 EE 12 09 5C
10:55:22.182 [TX CF10] 67 2A 2D 1A 00 3E 0E 94
10:55:22.193 [TX CF11] 67 2B 52 41 08 F0 4C 24
10:55:22.204 [TX CF12] 67 2C 50 FA 4A 5F 0B EF
10:55:22.215 [TX CF13] 67 2D E2 60 60 06 CA BA
10:55:22.227 [TX CF14] 67 2E 83 7A 62 CA D4 70
10:55:22.239 [TX CF15] 67 2F 04 D0 82 AB 08 29
10:55:22.249 [TX CF0] 67 20 24 03 2C 70 63 38
10:55:22.260 [TX CF1] 67 21 67 44 0D E8 53 9C
10:55:22.271 [TX CF2] 67 22 50 1B C1 A8 9C 01
10:55:22.282 [TX CF3] 67 23 11 62 30 96 69 C6
10:55:22.294 [TX CF4] 67 24 13 21 95 9E 8E 90
10:55:22.305 [TX CF5] 67 25 15 20 F9 48 45 8F
10:55:22.316 [TX CF6] 67 26 C2 10 F8 00 8E 82
10:55:22.327 [TX CF7] 67 27 08 0D FA 0D 1F 84
10:55:22.339 [TX CF8] 67 28 29 06 06 FB FA 68
10:55:22.351 [TX CF9] 67 29 05 04 84 B7 F0 15
10:55:22.361 [TX CF10] 67 2A 42 53 FB 43 61 2F
10:55:22.371 [TX CF11] 67 2B FC 1E 91 F8 58 90
10:55:22.382 [TX CF12] 67 2C 40 EA 3F 06 34 36
10:55:22.399 [TX CF13] 67 2D 9F AF FF DE 01 FE
10:55:22.410 [TX CF14] 67 2E 46 A1 B6 FC 7E BE
10:55:22.421 [TX CF15] 67 2F F6 CF E8 1F 08 17
10:55:22.432 [TX CF0] 67 20 E7 F1 F7 87 7F 11
10:55:22.443 [TX CF1] 67 21 48 5E 3F 28 34 60
10:55:22.458 [TX CF2] 67 22 0F AC 20 F4 9B CD
10:55:22.469 [TX CF3] 67 23 12 31 31 83 53 2F
10:55:22.481 [TX CF4] 67 24 94 48 B4 D2 09 E0
10:55:22.492 [TX CF5] 67 25 84 47 61 56 80 6E
10:55:22.503 [TX CF6] 67 26 18 8A 39 FB 0D 0D
10:55:22.514 [TX CF7] 67 27 0B F1 D1 0B 21 24
10:55:22.525 [TX CF8] 67 28 82 8A 70 A0 27 21
10:55:22.537 [TX CF9] 67 29 34 C1 01 15 82 2E
10:55:22.548 [TX CF10] 67 2A 42 10 30 84 D0 84
10:55:22.559 [TX CF11] 67 2B 3E 90 6D 40 5B 84
10:55:22.570 [TX CF12] 67 2C 3E 95 02 51 81 48
10:55:22.581 [TX CF13] 67 2D 51 60 A3 C2 11 20
10:55:22.592 [TX CF14] 67 2E 36 E1 6C FC 43 69
10:55:22.603 [TX CF15] 67 2F 0A CC 3B 12 2A 94
10:55:22.614 [TX CF0] 67 20 16 19 4B 50 61 13
10:55:22.625 [TX CF1] 67 21 A1 C0 EC 10 BA 4A
10:55:22.636 [TX CF2] 67 22 A5 08 CD 81 4F 84
10:55:22.646 [TX CF3] 67 23 2D 53 0C 6A 86 A5
10:55:22.658 [TX CF4] 67 24 42 15 48 55 A0 2B
10:55:22.669 [TX CF5] 67 25 41 13 8C 20 35 80
10:55:22.680 [TX CF6] 67 26 61 20 BA 47 34 16
10:55:22.690 [TX CF7] 67 27 38 60 20 2A 0C 11
10:55:22.701 [TX CF8] 67 28 C0 7F E0 14 35 94
10:55:22.713 [TX CF9] 67 29 1C 98 04 45 69 87
10:55:22.724 [TX CF10] 67 2A F5 6D 0D 8D 6F 14
10:55:22.736 [TX CF11] 67 2B C5 69 82 51 08 95
10:55:22.748 [TX CF12] 67 2C 30 15 84 0E 43 88
10:55:22.758 [TX CF13] 67 2D 2E C1 60 88 52 22
10:55:22.770 [TX CF14] 67 2E 29 F0 62 26 58 3E
10:55:22.781 [TX CF15] 67 2F 15 EF CD 82 D1 30
10:55:22.793 [TX CF0] 67 20 5F 03 10 76 41 43
10:55:22.804 [TX CF1] 67 21 B0 D8 18 48 43 69
10:55:22.815 [TX CF2] 67 22 30 1A 05 82 1B 08
10:55:22.827 [TX CF3] 67 23 A1 B1 40 75 65 B1
10:55:22.838 [TX CF4] 67 24 FC E8 2D 7A 18 6B
10:55:22.850 [TX CF5] 67 25 11 0D 0D 8C 01 8C
10:55:22.861 [TX CF6] 67 26 05 29 82 63 08 15
10:55:22.873 [TX CF7] 67 27 03 F9 D0 0B 22 B5
10:55:22.883 [TX CF8] 67 28 84 F8 8C AA 20 A0
10:55:22.894 [TX CF9] 67 29 86 18 7D 87 FF F0
10:55:22.904 [TX CF10] 67 2A 10 63 02 56 E1 30
10:55:22.915 [TX CF11] 67 2B DA 40 B3 95 BA 6E
10:55:22.926 [TX CF12] 67 2C 01 68 84 62 15 43
10:55:22.936 [TX CF13] 67 2D 55 21 80 90 D2 5C
10:55:22.947 [TX CF14] 67 2E B8 50 0A 38 56 29
10:55:22.958 [TX CF15] 67 2F 4D 7C 14 A8 2B 30
10:55:22.969 [TX CF0] 67 20 06 61 12 82 C5 1A
10:55:22.981 [TX CF1] 67 21 40 16 E0 B0 4C 37
10:55:22.992 [TX CF2] 67 22 89 FC 23 9B 5A 9D
10:55:23.002 [TX CF3] 67 23 22 A6 A2 86 A6 A3
10:55:23.014 [TX CF4] 67 24 85 C1 82 93 40 92
10:55:23.024 [TX CF5] 67 25 1E EF FE 02 49 24
10:55:23.036 [TX CF6] 67 26 34 60 62 03 21 23
10:55:23.046 [TX CF7] 67 27 11 80 14 06 65 20
10:55:23.057 [TX CF8] 67 28 47 21 D4 5B 60 E7
10:55:23.067 [TX CF9] 67 29 9E 66 EA 07 98 EB
10:55:23.079 [TX CF10] 67 2A 26 54 EE 07 88 EF
10:55:23.089 [TX CF11] 67 2B 26 56 F2 07 78 EB
10:55:23.099 [TX CF12] 67 2C 26 6A F6 07 68 F7
10:55:23.109 [TX CF13] 67 2D 26 6C FA 07 59 FF
10:55:23.120 [TX CF14] 67 2E 99 52 27 14 9E 0D
10:55:23.131 [TX CF15] 67 2F 87 85 69 E1 58 70
10:55:23.142 [TX CF0] 67 20 32 28 15 8A 05 61
10:55:23.153 [TX CF1] 67 21 A1 58 60 56 68 0D
10:55:23.165 [TX CF2] 67 22 9E 03 6F 02 21 82
10:55:23.175 [TX CF3] 67 23 B0 60 AC F8 89 0F
10:55:23.187 [TX CF4] 67 24 06 C5 01 B1 E1 8C
10:55:23.197 [TX CF5] 67 25 C0 59 28 36 49 7D
10:55:23.207 [TX CF6] 67 26 27 83 65 E0 DB 41
10:55:23.219 [TX CF7] 67 27 48 4B 8C E0 59 A8
10:55:23.232 [TX CF8] 67 28 36 E0 62 12 DA 5E
10:55:23.242 [TX CF9] 67 29 0E CD 81 B7 60 6C
10:55:23.253 [TX CF10] 67 2A DC 3B 37 06 DD C1
10:55:23.265 [TX CF11] 67 2B B3 63 64 38 1B 1F
10:55:23.276 [TX CF12] 67 2C 06 C7 84 90 D0 6C
10:55:23.288 [TX CF13] 67 2D F8 B0 38 16 09 3D
10:55:23.299 [TX CF14] 67 2E 25 F9 84 2A CD 4A
10:55:23.309 [TX CF15] 67 2F B3 72 AC 7C AB 2D
10:55:23.320 [TX CF0] 67 20 2A C1 8A B0 72 83
10:55:23.330 [TX CF1] 67 21 00 58 E1 56 1A 55
10:55:23.342 [TX CF2] 67 22 87 15 61 85 59 29
10:55:23.352 [TX CF3] 67 23 56 48 50 5C 0B 0C
10:55:23.363 [TX CF4] 67 24 0E CB 03 B6 87 50
10:55:23.373 [TX CF5] 67 25 8F 52 F8 76 4C 19
10:55:23.384 [TX CF6] 67 26 6D 0B 2E 0E C9 89
10:55:23.394 [TX CF7] 67 27 92 61 2C B4 4B 1F
10:55:23.406 [TX CF8] 67 28 0E CF 0B 0C 01 23
10:55:23.417 [TX CF9] 67 29 C5 D9 A3 34 BE 5D
10:55:23.428 [TX CF10] 67 2A 9B 97 6E 12 A1 82
10:55:23.438 [TX CF11] 67 2B 91 AA B0 8B D2 D8
10:55:23.449 [TX CF12] 67 2C F0 50 ED 02 84 21
10:55:23.459 [TX CF13] 67 2D 41 78 2C 78 20 18
10:55:23.470 [TX CF14] 67 2E 16 2C 15 8A 27 48
10:55:23.481 [TX CF15] 67 2F 8A 31 80 B0 0B 30
10:55:23.491 [TX CF0] 67 20 6E 61 D2 80 C2 AC
10:55:23.502 [TX CF1] 67 21 11 37 14 16 51 62
10:55:23.513 [TX CF2] 67 22 10 81 84 1B D8 26
10:55:23.523 [TX CF3] 67 23 02 85 40 C0 C0 20
10:55:23.535 [TX CF4] 67 24 89 3C 21 10 A5 91
10:55:23.545 [TX CF5] 67 25 23 4C 06 68 43 20
10:55:23.556 [TX CF6] 67 26 18 71 C4 38 D1 C4
10:55:23.566 [TX CF7] 67 27 38 31 D4 38 41 94
10:55:23.576 [TX CF8] 67 28 23 B4 20 50 0C 50
10:55:23.587 [TX CF9] 67 29 EA 1C 10 FA 1C 04
10:55:23.599 [TX CF10] 67 2A 48 69 82 CD 18 86
10:55:23.609 [TX CF11] 67 2B 02 64 37 C3 A3 0B
10:55:23.620 [TX CF12] 67 2C 80 7D 2F FE 13 F6
10:55:23.630 [TX CF13] 67 2D 12 7A 44 A1 45 09
10:55:23.641 [TX CF14] 67 2E 17 06 6A 11 28 11
10:55:23.652 [TX CF15] 67 2F 02 0E 04 8E 37 06
10:55:23.663 [TX CF0] 67 20 6C 20 23 41 FA 86
10:55:23.673 [TX CF1] 67 21 06 C1 07 33 03 23
10:55:23.684 [TX CF2] 67 22 52 41 78 A4 C7 20
10:55:23.695 [TX CF3] 67 23 37 06 FE 0E A4 3D
10:55:23.705 [TX CF4] 67 24 5F FB 12 3B 09 3C
10:55:23.716 [TX CF5] 67 25 10 B8 84 96 3B 4E
10:55:23.726 [TX CF6] 67 26 86 78 1C A8 6E 92
10:55:23.737 [TX CF7] 67 27 20 C1 11 10 4A 20
10:55:23.747 [TX CF8] 67 28 DD 03 FA 17 0B C4
10:55:23.757 [TX CF9] 67 29 C6 F1 88 A1 40 0D
10:55:23.767 [TX CF10] 67 2A 50 6F CA 08 15 B4
10:55:23.778 [TX CF11] 67 2B F7 74 28 11 C2 74
10:55:23.789 [TX CF12] 67 2C 09 14 35 7F A2 CE
10:55:23.800 [TX CF13] 67 2D 1C 08 3C 0B AA 5C
10:55:23.811 [TX CF14] 67 2E C3 67 FA F8 F9 CB
10:55:23.821 [TX CF15] 67 2F E8 75 8B B0 CA 28
10:55:23.832 [TX CF0] 67 20 50 2E 81 83 0E BF
10:55:23.842 [TX CF1] 67 21 EB D3 E7 90 18 A3
10:55:23.854 [TX CF2] 67 22 EC 7E BC 9E 79 C2
10:55:23.865 [TX CF3] 67 23 D4 09 47 87 A3 C0
10:55:23.875 [TX CF4] 67 24 A3 1A 30 EF 79 E0
10:55:23.887 [TX CF5] 67 25 AA 78 09 B2 A4 F1
10:55:23.899 [TX CF6] 67 26 F0 40 3C 19 FC 31
10:55:23.909 [TX CF7] 67 27 13 09 07 B4 DB 84
10:55:23.920 [TX CF8] 67 28 EA 29 20 90 5C 36
10:55:23.931 [TX CF9] 67 29 A3 3C 27 2A 78 67
10:55:23.943 [TX CF10] 67 2A 2D B0 28 0E 2C 0E
10:55:23.953 [TX CF11] 67 2B 48 40 2D 10 0B 63
10:55:23.963 [TX CF12] 67 2C FF 02 D6 10 1E 82
10:55:23.974 [TX CF13] 67 2D 2D 0B DF E2 6E 72
10:55:23.985 [TX CF14] 67 2E 86 92 54 C3 AB 31
10:55:23.996 [TX CF15] 67 2F A4 E2 AD 30 19 1E
10:55:24.006 [TX CF0] 67 20 6A 87 63 BF 77 60
10:55:24.017 [TX CF1] 67 21 FE D8 7C 56 87 8D
10:55:24.027 [TX CF2] 67 22 B0 F2 AD 30 33 E0
10:55:24.038 [TX CF3] 67 23 32 09 1F 8E B9 9B
10:55:24.048 [TX CF4] 67 24 83 E6 E1 FF FF FF
10:55:24.068 [RX SF ] 67 02 76 0E FF FF FF FF
10:55:24.069 [RX    ] 76 0E
10:55:24.069 [PASS  ] TransferData block=14 | expected: 76 ... | received: 76 0E
10:55:24.082 ------------------------------------------------------------------------
10:55:24.082 [STEP  ] 0x36 block=15  offset=28560/45254  (63%)
10:55:24.083 [TX TransferData block=15 len=2040] 36 0F ED 84 39 76 19 6D 2A 27 68 82 C9 62 B6 0B...
10:55:24.083 [TX FF ] 67 17 FA 36 0F ED 84 39
10:55:24.093 [TX CF1] 67 21 76 19 6D 2A 27 68
10:55:24.104 [TX CF2] 67 22 82 C9 62 B6 0B 2D
10:55:24.115 [TX CF3] 67 23 AA 5D 68 87 58 A5
10:55:24.127 [TX CF4] 67 24 B1 D9 6D A2 9B 62
10:55:24.138 [TX CF5] 67 25 AD C1 EB 68 28 2C
10:55:24.149 [TX CF6] 67 26 1C BB 4C 9E 95 1A
10:55:24.160 [TX CF7] 67 27 A0 78 ED 31 B8 17
10:55:24.170 [TX CF8] 67 28 FA 4B ED 80 C7 68
10:55:24.181 [TX CF9] 67 29 07 E4 39 B6 1C 5D
10:55:24.191 [TX CF10] 67 2A A6 46 8B 06 47 68
10:55:24.201 [TX CF11] 67 2B 8D C1 2C B6 89 6C
10:55:24.212 [TX CF12] 67 2C 0F E1 26 9B 40 A5
10:55:24.223 [TX CF13] 67 2D D4 08 F5 0F 46 91
10:55:24.233 [TX CF14] 67 2E 02 05 F0 92 CB 51
10:55:24.244 [TX CF15] 67 2F B0 CD 68 7E 3B 44
10:55:24.255 [TX CF0] 67 20 AE 87 25 B4 C7 4F
10:55:24.267 [TX CF1] 67 21 90 5A 53 08 49 2F
10:55:24.277 [TX CF2] 67 22 D1 CA 1C 62 97 23
10:55:24.288 [TX CF3] 67 23 55 03 8B 0D 81 68
10:55:24.299 [TX CF4] 67 24 C1 C3 49 39 50 61
10:55:24.309 [TX CF5] 67 25 B0 2B 41 0B 06 72
10:55:24.320 [TX CF6] 67 26 17 0D EC 48 ED 05
10:55:24.330 [TX CF7] 67 27 81 97 86 01 A3 03
10:55:24.341 [TX CF8] 67 28 34 58 75 21 40 86
10:55:24.352 [TX CF9] 67 29 02 47 5B 81 12 70
10:55:24.362 [TX CF10] 67 2A 13 A1 10 90 33 54
10:55:24.373 [TX CF11] 67 2B 36 25 08 5A C3 FF
10:55:24.383 [TX CF12] 67 2C 5B 23 A4 64 21 20
10:55:24.394 [TX CF13] 67 2D FF 72 95 E8 35 12
10:55:24.405 [TX CF14] 67 2E 80 44 E8 0A D0 30
10:55:24.415 [TX CF15] 67 2F 0A DC 07 48 34 E0
10:55:24.426 [TX CF0] 67 20 B9 7F E1 E3 38 15
10:55:24.436 [TX CF1] 67 21 90 C4 A9 11 36 68
10:55:24.447 [TX CF2] 67 22 56 0A 55 A2 84 19
10:55:24.459 [TX CF3] 67 23 02 D0 05 C3 95 68
10:55:24.470 [TX CF4] 67 24 E1 0A 60 B4 80 B0
10:55:24.482 [TX CF5] 67 25 A5 5A 40 68 1E D0
10:55:24.493 [TX CF6] 67 26 15 60 7F 40 02 84
10:55:24.504 [TX CF7] 67 27 2A D4 02 42 95 6A
10:55:24.516 [TX CF8] 67 28 15 A1 8A B5 0A F0
10:55:24.526 [TX CF9] 67 29 E5 5A B8 56 28 55
10:55:24.536 [TX CF10] 67 2A AE 05 63 A5 5A E8
10:55:24.547 [TX CF11] 67 2B 56 3C 55 AF 05 63
10:55:24.557 [TX CF12] 67 2C E4 DA C2 48 40 C5
10:55:24.569 [TX CF13] 67 2D A0 59 0D 88 EF F7
10:55:24.579 [TX CF14] 67 2E 91 13 86 03 58 38
10:55:24.590 [TX CF15] 67 2F 94 15 7A 50 0D F7
10:55:24.600 [TX CF0] 67 20 F7 CF 80 DA C1 CE
10:55:24.611 [TX CF1] 67 21 A0 F0 36 50 52 AC
10:55:24.621 [TX CF2] 67 22 1D 1F F7 DE 0B FE
10:55:24.632 [TX CF3] 67 23 2A A1 01 E8 B3 12
10:55:24.642 [TX CF4] 67 24 80 EF 5A 49 0D 60
10:55:24.653 [TX CF5] 67 25 A8 40 15 98 5C 36
10:55:24.663 [TX CF6] 67 26 90 19 08 55 08 9F
10:55:24.674 [TX CF7] 67 27 82 06 75 82 3B 0B
10:55:24.685 [TX CF8] 67 28 31 43 4D A3 7A E3
10:55:24.695 [TX CF9] 67 29 15 B8 F4 6A C1 1B
10:55:24.706 [TX CF10] 67 2A 8E C9 23 F0 49 67
10:55:24.716 [TX CF11] 67 2B EB A5 1D 80 69 A0
10:55:24.727 [TX CF12] 67 2C F0 1E AC 6B 01 AD
10:55:24.738 [TX CF13] 67 2D 8E 43 16 20 74 25
10:55:24.749 [TX CF14] 67 2E 57 08 23 62 18 04
10:55:24.759 [TX CF15] 67 2F B3 CF D1 B8 6F 09
10:55:24.770 [TX CF0] 67 20 D8 71 55 B8 7F F6
10:55:24.780 [TX CF1] 67 21 91 36 52 2A E8 55
10:55:24.790 [TX CF2] 67 22 78 35 30 9D E1 16
10:55:24.802 [TX CF3] 67 23 58 0F F0 6A 60 3F
10:55:24.814 [TX CF4] 67 24 41 D7 12 BB 0F 20
10:55:24.825 [TX CF5] 67 25 F6 08 1C 0E 03 F7
10:55:24.837 [TX CF6] 67 26 5A 81 67 76 21 11
10:55:24.848 [TX CF7] 67 27 A8 7F 60 10 39 A3
10:55:24.860 [TX CF8] 67 28 B2 1D 04 02 0B 03
10:55:24.870 [TX CF9] 67 29 82 41 7F F0 68 3B
10:55:24.881 [TX CF10] 67 2A C3 08 64 08 82 8C
10:55:24.892 [TX CF11] 67 2B 04 7B 83 25 38 0F
10:55:24.902 [TX CF12] 67 2C E1 DB 04 22 13 00
10:55:24.912 [TX CF13] 67 2D FE C0 5F 38 3D 60
10:55:24.924 [TX CF14] 67 2E 77 21 00 F4 3E F0
10:55:24.934 [TX CF15] 67 2F 82 BA A1 72 C2 FE
10:55:24.945 [TX CF0] 67 20 FC 06 78 1D F0 5D
10:55:24.956 [TX CF1] 67 21 E0 FF C2 87 86 1F
10:55:24.966 [TX CF2] 67 22 0E 5E 20 FC 4A 78
10:55:24.977 [TX CF3] 67 23 A5 F1 6D E3 1F C6
10:55:24.987 [TX CF4] 67 24 C7 8E 9F 1F 5E 42
10:55:24.998 [TX CF5] 67 25 FC 8E 79 2D F2 7D
10:55:25.008 [TX CF6] 67 26 E5 3F CB 07 97 1F
10:55:25.019 [TX CF7] 67 27 30 5E 64 FC D2 79
10:55:25.030 [TX CF8] 67 28 B5 F3 8D E7 5F CF
10:55:25.041 [TX CF9] 67 29 47 9F 9F 41 5E 86
10:55:25.052 [TX CF10] 67 2A FD 16 7A 3D F4 9D
10:55:25.063 [TX CF11] 67 2B E9 7F D3 87 A8 1F
10:55:25.074 [TX CF12] 67 2C 52 5E A8 FD 5A 7A
10:55:25.086 [TX CF13] 67 2D C5 F5 AD EB 9F D7
10:55:25.096 [TX CF14] 67 2E C7 B0 9F 63 5E CA
10:55:25.106 [TX CF15] 67 2F FD 9E 7B 4D F6 BD
10:55:25.117 [TX CF0] 67 20 ED BF DC 07 B9 1F
10:55:25.129 [TX CF1] 67 21 74 5E EC FD E2 7B
10:55:25.141 [TX CF2] 67 22 D5 F7 CD EF DF C0
10:55:25.151 [TX CF3] 67 23 47 81 9F 05 5E 0E
10:55:25.162 [TX CF4] 67 24 FC 26 78 5D F0 DD
10:55:25.172 [TX CF5] 67 25 E1 FF C4 87 8A 1F
10:55:25.183 [TX CF6] 67 26 16 5E 30 FC 6A 78
10:55:25.194 [TX CF7] 67 27 E5 F1 ED E4 1F C8
10:55:25.205 [TX CF8] 67 28 C7 92 9F 27 5E 52
10:55:25.216 [TX CF9] 67 29 FC AE 79 6D F2 FD
10:55:25.228 [TX CF10] 67 2A E6 3F CD 07 9B 1F
10:55:25.239 [TX CF11] 67 2B 38 5E 74 FC F2 79
10:55:25.250 [TX CF12] 67 2C F5 F4 0D E8 5F D1
10:55:25.262 [TX CF13] 67 2D 47 A3 9F 49 5E 96
10:55:25.272 [TX CF14] 67 2E FD 36 7A 7D F5 1D
10:55:25.283 [TX CF15] 67 2F EA 7F D5 87 AC 1F
10:55:25.294 [TX CF0] 67 20 5A 5E B8 FD 7A 7B
10:55:25.305 [TX CF1] 67 21 05 F6 2D EC 9F D9
10:55:25.316 [TX CF2] 67 22 C7 B4 9F 6B 5E DA
10:55:25.326 [TX CF3] 67 23 FD BE 7B 8D F7 3D
10:55:25.338 [TX CF4] 67 24 EE BF DE 07 BD 1F
10:55:25.349 [TX CF5] 67 25 7C 5E FC FC 02 78
10:55:25.361 [TX CF6] 67 26 15 F0 4D E0 DF C2
10:55:25.372 [TX CF7] 67 27 47 85 9F 0D 5E 1E
10:55:25.383 [TX CF8] 67 28 FC 46 78 9D F1 5D
10:55:25.395 [TX CF9] 67 29 E2 FF C6 87 8E 1F
10:55:25.406 [TX CF10] 67 2A 1E 5E 40 FC 8A 79
10:55:25.416 [TX CF11] 67 2B 25 F2 6D E5 1F CA
10:55:25.428 [TX CF12] 67 2C C7 96 9F 2F 5E 62
10:55:25.439 [TX CF13] 67 2D FC CE 79 AD F3 7D
10:55:25.449 [TX CF14] 67 2E E7 3F CF 07 9F 1F
10:55:25.459 [TX CF15] 67 2F 40 5E 84 FD 12 7A
10:55:25.470 [TX CF0] 67 20 35 F4 8D E9 5F D3
10:55:25.481 [TX CF1] 67 21 47 A7 9F 51 5E A6
10:55:25.492 [TX CF2] 67 22 FD 56 7A BD F5 9D
10:55:25.503 [TX CF3] 67 23 EB 7F D7 87 B0 1F
10:55:25.515 [TX CF4] 67 24 62 5E C8 FD 9A 7B
10:55:25.526 [TX CF5] 67 25 45 F6 AD ED 9F DB
10:55:25.538 [TX CF6] 67 26 C7 B8 9F 73 5E EA
10:55:25.549 [TX CF7] 67 27 FD DE 7B CD F7 BD
10:55:25.560 [TX CF8] 67 28 EF BF DF FF 81 1F
10:55:25.570 [TX CF9] 67 29 04 5E 0C FC 22 78
10:55:25.582 [TX CF10] 67 2A 55 F0 CD E1 DF C4
10:55:25.593 [TX CF11] 67 2B 47 89 9F 15 5E 2E
10:55:25.604 [TX CF12] 67 2C FC 66 78 DD F1 DD
10:55:25.616 [TX CF13] 67 2D E3 FF C8 87 92 1F
10:55:25.626 [TX CF14] 67 2E 26 5E 50 FC AA 79
10:55:25.637 [TX CF15] 67 2F 65 F2 ED E6 1F CC
10:55:25.648 [TX CF0] 67 20 C7 9A 9F 37 5E 72
10:55:25.659 [TX CF1] 67 21 FC EE 79 ED F3 FD
10:55:25.671 [TX CF2] 67 22 E8 3F D1 07 A3 1F
10:55:25.682 [TX CF3] 67 23 48 5E 94 FD 32 7A
10:55:25.694 [TX CF4] 67 24 75 F5 0D EA 5F D5
10:55:25.704 [TX CF5] 67 25 47 AB 9F 59 5E B6
10:55:25.715 [TX CF6] 67 26 FD 76 7A FD F6 1D
10:55:25.725 [TX CF7] 67 27 EC 7F D9 87 B4 1F
10:55:25.736 [TX CF8] 67 28 6A 5E D8 FD BA 7B
10:55:25.746 [TX CF9] 67 29 85 F7 2D EE 9F DD
10:55:25.757 [TX CF10] 67 2A C7 BC 9F 7B 5E FA
10:55:25.769 [TX CF11] 67 2B FD FE 78 0D F0 3D
10:55:25.779 [TX CF12] 67 2C E0 BF C2 07 85 1F
10:55:25.790 [TX CF13] 67 2D 0C 5E 1C FC 42 78
10:55:25.802 [TX CF14] 67 2E 95 F1 4D E2 DF C6
10:55:25.813 [TX CF15] 67 2F 47 8D 9F 1D 5E 3E
10:55:25.824 [TX CF0] 67 20 FC 86 79 1D F2 5D
10:55:25.835 [TX CF1] 67 21 E4 FF CA 87 96 1F
10:55:25.846 [TX CF2] 67 22 2E 5E 60 FC CA 79
10:55:25.856 [TX CF3] 67 23 A5 F3 6D E7 1F CE
10:55:25.867 [TX CF4] 67 24 C7 9E 9F 3F 5E 82
10:55:25.877 [TX CF5] 67 25 FD 0E 7A 2D F4 7D
10:55:25.888 [TX CF6] 67 26 E9 3F D3 07 A7 1F
10:55:25.899 [TX CF7] 67 27 50 5E A4 FD 52 7A
10:55:25.909 [TX CF8] 67 28 B5 F5 8D EB 5F D7
10:55:25.920 [TX CF9] 67 29 47 AF 9F 61 5E C6
10:55:25.930 [TX CF10] 67 2A FD 96 7B 3D F6 9D
10:55:25.941 [TX CF11] 67 2B ED 7F DB 87 B8 1F
10:55:25.952 [TX CF12] 67 2C 72 5E E8 FD DA 7B
10:55:25.963 [TX CF13] 67 2D C5 F7 AD EF 9F DF
10:55:25.974 [TX CF14] 67 2E C7 80 9F 03 5E 0A
10:55:25.984 [TX CF15] 67 2F FC 1E 78 4D F0 BD
10:55:25.995 [TX CF0] 67 20 E1 BF C4 07 89 1F
10:55:26.005 [TX CF1] 67 21 14 5E 2C FC 62 78
10:55:26.017 [TX CF2] 67 22 D5 F1 CD E3 DF C8
10:55:26.028 [TX CF3] 67 23 47 91 9F 25 5E 4E
10:55:26.038 [TX CF4] 67 24 FC A6 79 5D F2 DD
10:55:26.048 [TX CF5] 67 25 E5 FF CC 87 9A 1F
10:55:26.060 [TX CF6] 67 26 36 5E 70 FC EA 79
10:55:26.070 [TX CF7] 67 27 E5 F3 ED E8 1F D0
10:55:26.081 [TX CF8] 67 28 C7 A2 9F 47 5E 92
10:55:26.091 [TX CF9] 67 29 FD 2E 7A 6D F4 FD
10:55:26.102 [TX CF10] 67 2A EA 3F D5 07 AB 1F
10:55:26.112 [TX CF11] 67 2B 58 5E B4 FD 72 7A
10:55:26.123 [TX CF12] 67 2C F5 F6 0D EC 5F D9
10:55:26.133 [TX CF13] 67 2D 47 B3 9F 69 5E D6
10:55:26.144 [TX CF14] 67 2E FD B6 7B 7D F7 1D
10:55:26.155 [TX CF15] 67 2F EE 7F DD 87 BC 1F
10:55:26.166 [TX CF0] 67 20 7A 5E F8 FD FA 78
10:55:26.176 [TX CF1] 67 21 05 F0 2D E0 9F C1
10:55:26.187 [TX CF2] 67 22 C7 84 9F 0B 5E 1A
10:55:26.199 [TX CF3] 67 23 FC 3E 78 8D F1 3D
10:55:26.209 [TX CF4] 67 24 E2 BF C6 07 8D 1F
10:55:26.220 [TX CF5] 67 25 1C 5E 3C FC 82 79
10:55:26.230 [TX CF6] 67 26 15 F2 4D E4 DF CA
10:55:26.241 [TX CF7] 67 27 47 95 9F 2D 5E 5E
10:55:26.252 [TX CF8] 67 28 FC C6 79 9D F3 5D
10:55:26.263 [TX CF9] 67 29 E6 FF CE 87 9E 1F
10:55:26.273 [TX CF10] 67 2A 3E 5E 80 FD 0A 7A
10:55:26.284 [TX CF11] 67 2B 25 F4 6D E9 1F D2
10:55:26.296 [TX CF12] 67 2C C7 A6 9F 4F 5E A2
10:55:26.307 [TX CF13] 67 2D FD 4E 7A AD F5 7D
10:55:26.317 [TX CF14] 67 2E EB 3F D7 07 AF 1F
10:55:26.329 [TX CF15] 67 2F 60 5E C4 FD 92 7B
10:55:26.339 [TX CF0] 67 20 35 F6 8D ED 5F DB
10:55:26.350 [TX CF1] 67 21 47 B7 9F 71 5E E6
10:55:26.360 [TX CF2] 67 22 FD D6 7B BD F7 9D
10:55:26.372 [TX CF3] 67 23 EF 7F DF 87 80 1F
10:55:26.382 [TX CF4] 67 24 02 5E 08 FC 1A 78
10:55:26.394 [TX CF5] 67 25 45 F0 AD E1 9F C3
10:55:26.404 [TX CF6] 67 26 C7 88 9F 13 5E 2A
10:55:26.416 [TX CF7] 67 27 FC 5E 78 CD F1 BD
10:55:26.427 [TX CF8] 67 28 E3 BF C8 07 91 1F
10:55:26.438 [TX CF9] 67 29 24 5E 4C FC A2 79
10:55:26.448 [TX CF10] 67 2A 55 F2 CD E5 DF CC
10:55:26.459 [TX CF11] 67 2B 47 99 9F 35 5E 6E
10:55:26.469 [TX CF12] 67 2C FC E6 79 DD F3 DD
10:55:26.480 [TX CF13] 67 2D E7 FF D0 87 A2 1F
10:55:26.491 [TX CF14] 67 2E 46 5E 90 FD 2A 7A
10:55:26.502 [TX CF15] 67 2F 65 F4 ED EA 1F D4
10:55:26.512 [TX CF0] 67 20 C7 AA 9F 57 5E B2
10:55:26.523 [TX CF1] 67 21 FD 6E 7A ED F5 FD
10:55:26.533 [TX CF2] 67 22 EC 3F D9 07 B3 1F
10:55:26.543 [TX CF3] 67 23 68 5E D4 FD B2 7B
10:55:26.554 [TX CF4] 67 24 75 F7 0D EE 5F DD
10:55:26.564 [TX CF5] 67 25 47 BB 9F 79 5E F6
10:55:26.574 [TX CF6] 67 26 FD F6 7B FD F0 1D
10:55:26.587 [TX CF7] 67 27 E0 7F C1 87 84 1F
10:55:26.598 [TX CF8] 67 28 0A 5E 18 FC 3A 78
10:55:26.609 [TX CF9] 67 29 85 F1 2D E2 9F C5
10:55:26.619 [TX CF10] 67 2A C7 8C 9F 1B 5E 3A
10:55:26.630 [TX CF11] 67 2B FC 7E 79 0D F2 3D
10:55:26.641 [TX CF12] 67 2C E4 BF CA 07 95 1F
10:55:26.652 [TX CF13] 67 2D 2C 5E 5C FC C2 79
10:55:26.663 [TX CF14] 67 2E 95 F3 4D E6 DF CE
10:55:26.673 [TX CF15] 67 2F 47 9D 9F 3D 5E 7E
10:55:26.684 [TX CF0] 67 20 FD 06 7A 1D F4 5D
10:55:26.694 [TX CF1] 67 21 E8 FF D2 87 A6 1F
10:55:26.705 [TX CF2] 67 22 4E 5E A0 FD 4A 7A
10:55:26.716 [TX CF3] 67 23 A5 F5 6D EB 1F D6
10:55:26.726 [TX CF4] 67 24 C7 AE 9F 5F 5E C2
10:55:26.737 [TX CF5] 67 25 FD 8E 7B 2D F6 7D
10:55:26.747 [TX CF6] 67 26 ED 3F DB 07 B7 1F
10:55:26.759 [TX CF7] 67 27 70 5E E4 FD D2 7B
10:55:26.770 [TX CF8] 67 28 B5 F7 8D EF 5F DF
10:55:26.781 [TX CF9] 67 29 47 BF 9F 01 5E 06
10:55:26.793 [TX CF10] 67 2A FC 16 78 3D F0 9D
10:55:26.804 [TX CF11] 67 2B E1 7F C3 87 88 1F
10:55:26.815 [TX CF12] 67 2C 12 5E 28 FC 5A 78
10:55:26.826 [TX CF13] 67 2D C5 F1 AD E3 9F C7
10:55:26.837 [TX CF14] 67 2E C7 90 9F 23 5E 4A
10:55:26.849 [TX CF15] 67 2F FC 9E 79 4D F2 BD
10:55:26.859 [TX CF0] 67 20 E5 BF CC 07 99 1F
10:55:26.870 [TX CF1] 67 21 34 5E 6C FC E2 79
10:55:26.881 [TX CF2] 67 22 D5 F3 CD E7 DF D0
10:55:26.892 [TX CF3] 67 23 47 A1 9F 45 5E 8E
10:55:26.903 [TX CF4] 67 24 FD 26 7A 5D F4 DD
10:55:26.915 [TX CF5] 67 25 E9 FF D4 87 AA 1F
10:55:26.925 [TX CF6] 67 26 56 5E B0 FD 6A 7A
10:55:26.936 [TX CF7] 67 27 E5 F5 ED EC 1F D8
10:55:26.947 [TX CF8] 67 28 C7 B2 9F 67 5E D2
10:55:26.959 [TX CF9] 67 29 FD AE 7B 6D F6 FD
10:55:26.969 [TX CF10] 67 2A EE 3F DD 07 BB 1F
10:55:26.980 [TX CF11] 67 2B 78 5E F4 FD F2 7B
10:55:26.990 [TX CF12] 67 2C F5 F0 0D E0 5F C1
10:55:27.000 [TX CF13] 67 2D 47 83 9F 09 5E 16
10:55:27.011 [TX CF14] 67 2E FC 36 78 7D F1 1D
10:55:27.022 [TX CF15] 67 2F E2 7F C5 87 8C 1F
10:55:27.032 [TX CF0] 67 20 1A 5E 38 FC 7A 79
10:55:27.042 [TX CF1] 67 21 05 F2 2D E4 9F C9
10:55:27.053 [TX CF2] 67 22 C7 94 9F 2B 5E 5A
10:55:27.063 [TX CF3] 67 23 FC BE 79 8D F3 3D
10:55:27.075 [TX CF4] 67 24 E6 BF CE 07 9D 1F
10:55:27.086 [TX CF5] 67 25 3C 5E 7C FD 02 7A
10:55:27.098 [TX CF6] 67 26 15 F4 4D E8 DF D2
10:55:27.109 [TX CF7] 67 27 47 A5 9F 4D 5E 9E
10:55:27.120 [TX CF8] 67 28 FD 46 7A 9D F5 5D
10:55:27.130 [TX CF9] 67 29 EA FF D6 87 AE 1F
10:55:27.141 [TX CF10] 67 2A 5E 5E C0 FD 8A 7B
10:55:27.152 [TX CF11] 67 2B 25 F6 6D ED 1F DA
10:55:27.163 [TX CF12] 67 2C C7 B6 9F 6F 5E E2
10:55:27.174 [TX CF13] 67 2D FD CE 7B AD F7 7D
10:55:27.185 [TX CF14] 67 2E EF 3F DF 07 BF 1F
10:55:27.195 [TX CF15] 67 2F 00 5E 04 FC 12 78
10:55:27.207 [TX CF0] 67 20 35 F0 8D E1 5F C3
10:55:27.217 [TX CF1] 67 21 47 87 9F 11 5E 26
10:55:27.228 [TX CF2] 67 22 FC 56 78 BD F1 9D
10:55:27.239 [TX CF3] 67 23 E3 7F C7 87 90 1F
10:55:27.250 [TX CF4] 67 24 22 5E 48 FC 9A 79
10:55:27.260 [TX CF5] 67 25 45 F2 AD E5 9F CB
10:55:27.271 [TX CF6] 67 26 C7 98 9F 33 5E 6A
10:55:27.282 [TX CF7] 67 27 FC DE 79 CD F3 BD
10:55:27.292 [TX CF8] 67 28 E7 BF D0 07 A1 1F
10:55:27.303 [TX CF9] 67 29 44 5E 8C FD 22 7A
10:55:27.314 [TX CF10] 67 2A 55 F4 CD E9 DF D4
10:55:27.326 [TX CF11] 67 2B 47 A9 9F 55 5E AE
10:55:27.337 [TX CF12] 67 2C FD 66 7A DD F5 DD
10:55:27.347 [TX CF13] 67 2D EB FF D8 87 B2 1F
10:55:27.357 [TX CF14] 67 2E 66 5E D0 FD AA 7B
10:55:27.367 [TX CF15] 67 2F 65 F6 ED EE 1F DC
10:55:27.378 [TX CF0] 67 20 C7 BA 9F 77 5E F2
10:55:27.389 [TX CF1] 67 21 FD EE 7B ED F7 FD
10:55:27.401 [TX CF2] 67 22 E0 3F C1 07 83 1F
10:55:27.412 [TX CF3] 67 23 08 5E 14 FC 32 78
10:55:27.423 [TX CF4] 67 24 75 F1 0D E2 5F C5
10:55:27.434 [TX CF5] 67 25 47 8B 9F 19 5E 36
10:55:27.445 [TX CF6] 67 26 FC 76 78 FD F2 1D
10:55:27.455 [TX CF7] 67 27 E4 7F C9 87 94 1F
10:55:27.466 [TX CF8] 67 28 2A 5E 58 FC BA 79
10:55:27.478 [TX CF9] 67 29 85 F3 2D E6 9F CD
10:55:27.489 [TX CF10] 67 2A C7 9C 9F 3B 5E 7A
10:55:27.499 [TX CF11] 67 2B FC FE 7A 0D F4 3D
10:55:27.509 [TX CF12] 67 2C E8 BF D2 07 A5 1F
10:55:27.520 [TX CF13] 67 2D 4C 5E 9C FD 42 7A
10:55:27.531 [TX CF14] 67 2E 95 F5 4D EA DF D6
10:55:27.541 [TX CF15] 67 2F 47 AD 9F 5D 5E BE
10:55:27.551 [TX CF0] 67 20 FD 86 7B 1D F6 5D
10:55:27.562 [TX CF1] 67 21 EC FF DA 87 B6 1F
10:55:27.572 [TX CF2] 67 22 6E 5E E0 FD CA 7B
10:55:27.583 [TX CF3] 67 23 A5 F7 6D EF 1F DE
10:55:27.593 [TX CF4] 67 24 C7 BE 9F 7F 5E 02
10:55:27.603 [TX CF5] 67 25 FC 0E 78 2D F0 7D
10:55:27.615 [TX CF6] 67 26 E1 3F C3 07 87 1F
10:55:27.626 [TX CF7] 67 27 10 5E 24 FC 52 78
10:55:27.636 [TX CF8] 67 28 B5 F1 8D E3 5F C7
10:55:27.647 [TX CF9] 67 29 47 8F 9F 21 5E 46
10:55:27.657 [TX CF10] 67 2A FC 96 79 3D F2 9D
10:55:27.668 [TX CF11] 67 2B E5 7F CB 87 98 1F
10:55:27.678 [TX CF12] 67 2C 32 5E 68 FC DA 79
10:55:27.689 [TX CF13] 67 2D C5 F3 AD E7 9F CF
10:55:27.699 [TX CF14] 67 2E C7 A0 9F 43 5E 8A
10:55:27.709 [TX CF15] 67 2F FD 1E 7A 4D F4 BD
10:55:27.720 [TX CF0] 67 20 E9 BF D4 07 A9 1F
10:55:27.731 [TX CF1] 67 21 54 5E AC FD 62 7A
10:55:27.742 [TX CF2] 67 22 D5 F5 CD EB DF D8
10:55:27.753 [TX CF3] 67 23 47 B1 9F 65 5E CE
10:55:27.764 [TX CF4] 67 24 FD A6 7B FF FF FF
10:55:27.784 [RX SF ] 67 02 76 0F FF FF FF FF
10:55:27.784 [RX    ] 76 0F
10:55:27.784 [PASS  ] TransferData block=15 | expected: 76 ... | received: 76 0F
10:55:27.796 ------------------------------------------------------------------------
10:55:27.796 [STEP  ] 0x36 block=16  offset=30600/45254  (67%)
10:55:27.797 [TX TransferData block=16 len=2040] 36 10 5D F6 DD ED FF DC 87 BA 1F 76 5E F0 FD EA...
10:55:27.797 [TX FF ] 67 17 FA 36 10 5D F6 DD
10:55:27.807 [TX CF1] 67 21 ED FF DC 87 BA 1F
10:55:27.818 [TX CF2] 67 22 76 5E F0 FD EA 7B
10:55:27.828 [TX CF3] 67 23 E5 F7 ED E0 1F C0
10:55:27.840 [TX CF4] 67 24 C7 82 9F 07 5E 12
10:55:27.852 [TX CF5] 67 25 FC 2E 78 6D F0 FD
10:55:27.862 [TX CF6] 67 26 E2 3F C5 07 8B 1F
10:55:27.873 [TX CF7] 67 27 18 5E 34 FC 72 78
10:55:27.885 [TX CF8] 67 28 F5 F2 0D E4 5F C9
10:55:27.896 [TX CF9] 67 29 47 93 9F 29 5E 56
10:55:27.908 [TX CF10] 67 2A FC B6 79 7D F3 1D
10:55:27.918 [TX CF11] 67 2B E6 7F CD 87 9C 1F
10:55:27.929 [TX CF12] 67 2C 3A 5E 78 FC FA 7A
10:55:27.939 [TX CF13] 67 2D 05 F4 2D E8 9F D1
10:55:27.950 [TX CF14] 67 2E C7 A4 9F 4B 5E 9A
10:55:27.960 [TX CF15] 67 2F FD 3E 7A 8D F5 3D
10:55:27.971 [TX CF0] 67 20 EA BF D6 07 AD 1F
10:55:27.983 [TX CF1] 67 21 5C 5E BC FD 82 7B
10:55:27.993 [TX CF2] 67 22 15 F6 4D EC DF DA
10:55:28.004 [TX CF3] 67 23 47 B5 9F 6D 5E DE
10:55:28.015 [TX CF4] 67 24 FD C6 7B 9D F7 5D
10:55:28.027 [TX CF5] 67 25 EE FF DE 87 BE 1F
10:55:28.038 [TX CF6] 67 26 7E 5E 00 FC 0A 78
10:55:28.049 [TX CF7] 67 27 25 F0 6D E1 1F C2
10:55:28.059 [TX CF8] 67 28 C7 86 9F 0F 5E 22
10:55:28.070 [TX CF9] 67 29 FC 4E 78 AD F1 7D
10:55:28.080 [TX CF10] 67 2A E3 3F C7 07 8F 1F
10:55:28.091 [TX CF11] 67 2B 20 5E 44 FC 92 79
10:55:28.102 [TX CF12] 67 2C 35 F2 8D E5 5F CB
10:55:28.113 [TX CF13] 67 2D 47 97 9F 31 5E 66
10:55:28.125 [TX CF14] 67 2E FC D6 79 BD F3 9D
10:55:28.137 [TX CF15] 67 2F E7 7F CF 87 A0 1F
10:55:28.147 [TX CF0] 67 20 42 5E 88 FD 1A 7A
10:55:28.159 [TX CF1] 67 21 45 F4 AD E9 9F D3
10:55:28.171 [TX CF2] 67 22 C7 A8 9F 53 5E AA
10:55:28.182 [TX CF3] 67 23 FD 5E 7A CD F5 BD
10:55:28.193 [TX CF4] 67 24 EB BF D8 07 B1 1F
10:55:28.205 [TX CF5] 67 25 64 5E CC FD A2 7B
10:55:28.216 [TX CF6] 67 26 55 F6 CD ED DF DC
10:55:28.227 [TX CF7] 67 27 47 B9 9F 75 5E EE
10:55:28.237 [TX CF8] 67 28 FD E6 7B DD F7 DD
10:55:28.249 [TX CF9] 67 29 FF F7 FF E0 47 C1
10:55:28.260 [TX CF10] 67 2A 17 83 3F 08 9E 15
10:55:28.271 [TX CF11] 67 2B 7C 33 78 77 F1 11
10:55:28.283 [TX CF12] 67 2C E2 67 C5 57 8B BF
10:55:28.294 [TX CF13] 67 2D 19 9E 37 7C 77 78
10:55:28.305 [TX CF14] 67 2E FF F2 21 E4 87 C9
10:55:28.316 [TX CF15] 67 2F 97 94 3F 2A 9E 59
10:55:28.326 [TX CF0] 67 20 7C BB 79 87 F3 31
10:55:28.338 [TX CF1] 67 21 E6 A7 CD D7 9C BF
10:55:28.349 [TX CF2] 67 22 3B 9E 7B 7C FF 7A
10:55:28.360 [TX CF3] 67 23 0F F4 41 E8 C7 D2
10:55:28.370 [TX CF4] 67 24 17 A5 3F 4C 9E 9D
10:55:28.381 [TX CF5] 67 25 7D 43 7A 97 F5 51
10:55:28.392 [TX CF6] 67 26 EA E7 D6 57 AD BF
10:55:28.402 [TX CF7] 67 27 5D 9E BF 7D 87 7B
10:55:28.412 [TX CF8] 67 28 1F F6 61 ED 07 DA
10:55:28.423 [TX CF9] 67 29 97 B6 3F 6E 9E E1
10:55:28.434 [TX CF10] 67 2A 7D CB 7B A7 F7 71
10:55:28.446 [TX CF11] 67 2B EF 27 DE D7 BE BF
10:55:28.457 [TX CF12] 67 2C 7F 9E 03 7C 0F 78
10:55:28.468 [TX CF13] 67 2D 2F F0 81 E1 47 C3
10:55:28.478 [TX CF14] 67 2E 17 87 3F 10 9E 25
10:55:28.489 [TX CF15] 67 2F 7C 53 78 B7 F1 91
10:55:28.502 [TX CF0] 67 20 E3 67 C7 57 8F BF
10:55:28.513 [TX CF1] 67 21 21 9E 47 7C 97 79
10:55:28.523 [TX CF2] 67 22 3F F2 A1 E5 87 CB
10:55:28.535 [TX CF3] 67 23 97 98 3F 32 9E 69
10:55:28.545 [TX CF4] 67 24 7C DB 79 C7 F3 B1
10:55:28.556 [TX CF5] 67 25 E7 A7 CF D7 A0 BF
10:55:28.567 [TX CF6] 67 26 43 9E 8B 7D 1F 7A
10:55:28.578 [TX CF7] 67 27 4F F4 C1 E9 C7 D4
10:55:28.589 [TX CF8] 67 28 17 A9 3F 54 9E AD
10:55:28.599 [TX CF9] 67 29 7D 63 7A D7 F5 D1
10:55:28.609 [TX CF10] 67 2A EB E7 D8 57 B1 BF
10:55:28.620 [TX CF11] 67 2B 65 9E CF 7D A7 7B
10:55:28.631 [TX CF12] 67 2C 5F F6 E1 EE 07 DC
10:55:28.643 [TX CF13] 67 2D 97 BA 3F 76 9E F1
10:55:28.654 [TX CF14] 67 2E 7D EB 7B E7 F7 F1
10:55:28.666 [TX CF15] 67 2F E0 27 C0 D7 82 BF
10:55:28.676 [TX CF0] 67 20 07 9E 13 7C 2F 78
10:55:28.687 [TX CF1] 67 21 6F F1 01 E2 47 C5
10:55:28.697 [TX CF2] 67 22 17 8B 3F 18 9E 35
10:55:28.708 [TX CF3] 67 23 7C 73 78 F7 F2 11
10:55:28.719 [TX CF4] 67 24 E4 67 C9 57 93 BF
10:55:28.731 [TX CF5] 67 25 29 9E 57 7C B7 79
10:55:28.743 [TX CF6] 67 26 7F F3 21 E6 87 CD
10:55:28.753 [TX CF7] 67 27 97 9C 3F 3A 9E 79
10:55:28.764 [TX CF8] 67 28 7C FB 7A 07 F4 31
10:55:28.775 [TX CF9] 67 29 E8 A7 D1 D7 A4 BF
10:55:28.786 [TX CF10] 67 2A 4B 9E 9B 7D 3F 7A
10:55:28.798 [TX CF11] 67 2B 8F F5 41 EA C7 D6
10:55:28.810 [TX CF12] 67 2C 17 AD 3F 5C 9E BD
10:55:28.820 [TX CF13] 67 2D 7D 83 7B 17 F6 51
10:55:28.831 [TX CF14] 67 2E EC E7 DA 57 B5 BF
10:55:28.842 [TX CF15] 67 2F 6D 9E DF 7D C7 7B
10:55:28.854 [TX CF0] 67 20 9F F7 61 EF 07 DE
10:55:28.865 [TX CF1] 67 21 97 BE 3F 7E 9E 01
10:55:28.877 [TX CF2] 67 22 7C 0B 78 27 F0 71
10:55:28.888 [TX CF3] 67 23 E1 27 C2 D7 86 BF
10:55:28.898 [TX CF4] 67 24 0F 9E 23 7C 4F 78
10:55:28.909 [TX CF5] 67 25 AF F1 81 E3 47 C7
10:55:28.920 [TX CF6] 67 26 17 8F 3F 20 9E 45
10:55:28.931 [TX CF7] 67 27 7C 93 79 37 F2 91
10:55:28.942 [TX CF8] 67 28 E5 67 CB 57 97 BF
10:55:28.954 [TX CF9] 67 29 31 9E 67 7C D7 79
10:55:28.965 [TX CF10] 67 2A BF F3 A1 E7 87 CF
10:55:28.976 [TX CF11] 67 2B 97 A0 3F 42 9E 89
10:55:28.987 [TX CF12] 67 2C 7D 1B 7A 47 F4 B1
10:55:28.999 [TX CF13] 67 2D E9 A7 D3 D7 A8 BF
10:55:29.010 [TX CF14] 67 2E 53 9E AB 7D 5F 7A
10:55:29.020 [TX CF15] 67 2F CF F5 C1 EB C7 D8
10:55:29.032 [TX CF0] 67 20 17 B1 3F 64 9E CD
10:55:29.044 [TX CF1] 67 21 7D A3 7B 57 F6 D1
10:55:29.054 [TX CF2] 67 22 ED E7 DC 57 B9 BF
10:55:29.066 [TX CF3] 67 23 75 9E EF 7D E7 7B
10:55:29.077 [TX CF4] 67 24 DF F7 E1 E0 07 C0
10:55:29.089 [TX CF5] 67 25 97 82 3F 06 9E 11
10:55:29.101 [TX CF6] 67 26 7C 2B 78 67 F0 F1
10:55:29.112 [TX CF7] 67 27 E2 27 C4 D7 8A BF
10:55:29.123 [TX CF8] 67 28 17 9E 33 7C 6F 78
10:55:29.133 [TX CF9] 67 29 EF F2 01 E4 47 C9
10:55:29.144 [TX CF10] 67 2A 17 93 3F 28 9E 55
10:55:29.154 [TX CF11] 67 2B 7C B3 79 77 F3 11
10:55:29.166 [TX CF12] 67 2C E6 67 CD 57 9B BF
10:55:29.177 [TX CF13] 67 2D 39 9E 77 7C F7 79
10:55:29.187 [TX CF14] 67 2E FF F4 21 E8 87 D1
10:55:29.199 [TX CF15] 67 2F 97 A4 3F 4A 9E 99
10:55:29.209 [TX CF0] 67 20 7D 3B 7A 87 F5 31
10:55:29.221 [TX CF1] 67 21 EA A7 D5 D7 AC BF
10:55:29.232 [TX CF2] 67 22 5B 9E BB 7D 7F 7B
10:55:29.243 [TX CF3] 67 23 0F F6 41 EC C7 DA
10:55:29.254 [TX CF4] 67 24 17 B5 3F 6C 9E DD
10:55:29.266 [TX CF5] 67 25 7D C3 7B 97 F7 51
10:55:29.276 [TX CF6] 67 26 EE E7 DE 57 BD BF
10:55:29.288 [TX CF7] 67 27 7D 9E FF 7C 07 78
10:55:29.299 [TX CF8] 67 28 1F F0 61 E1 07 C2
10:55:29.310 [TX CF9] 67 29 97 86 3F 0E 9E 21
10:55:29.320 [TX CF10] 67 2A 7C 4B 78 A7 F1 71
10:55:29.332 [TX CF11] 67 2B E3 27 C6 D7 8E BF
10:55:29.344 [TX CF12] 67 2C 1F 9E 43 7C 8F 79
10:55:29.354 [TX CF13] 67 2D 2F F2 81 E5 47 CB
10:55:29.366 [TX CF14] 67 2E 17 97 3F 30 9E 65
10:55:29.376 [TX CF15] 67 2F 7C D3 79 B7 F3 91
10:55:29.388 [TX CF0] 67 20 E7 67 CF 57 9F BF
10:55:29.400 [TX CF1] 67 21 41 9E 87 7D 17 7A
10:55:29.411 [TX CF2] 67 22 3F F4 A1 E9 87 D3
10:55:29.422 [TX CF3] 67 23 97 A8 3F 52 9E A9
10:55:29.432 [TX CF4] 67 24 7D 5B 7A C7 F5 B1
10:55:29.443 [TX CF5] 67 25 EB A7 D7 D7 B0 BF
10:55:29.453 [TX CF6] 67 26 63 9E CB 7D 9F 7B
10:55:29.464 [TX CF7] 67 27 4F F6 C1 ED C7 DC
10:55:29.476 [TX CF8] 67 28 17 B9 3F 74 9E ED
10:55:29.486 [TX CF9] 67 29 7D E3 7B D7 F7 D1
10:55:29.496 [TX CF10] 67 2A EF E7 C0 57 81 BF
10:55:29.507 [TX CF11] 67 2B 05 9E 0F 7C 27 78
10:55:29.518 [TX CF12] 67 2C 5F F0 E1 E2 07 C4
10:55:29.529 [TX CF13] 67 2D 97 8A 3F 16 9E 31
10:55:29.539 [TX CF14] 67 2E 7C 6B 78 E7 F1 F1
10:55:29.550 [TX CF15] 67 2F E4 27 C8 D7 92 BF
10:55:29.560 [TX CF0] 67 20 27 9E 53 7C AF 79
10:55:29.570 [TX CF1] 67 21 6F F3 01 E6 47 CD
10:55:29.581 [TX CF2] 67 22 17 9B 3F 38 9E 75
10:55:29.592 [TX CF3] 67 23 7C F3 79 F7 F4 11
10:55:29.602 [TX CF4] 67 24 E8 67 D1 57 A3 BF
10:55:29.612 [TX CF5] 67 25 49 9E 97 7D 37 7A
10:55:29.623 [TX CF6] 67 26 7F F5 21 EA 87 D5
10:55:29.633 [TX CF7] 67 27 97 AC 3F 5A 9E B9
10:55:29.644 [TX CF8] 67 28 7D 7B 7B 07 F6 31
10:55:29.654 [TX CF9] 67 29 EC A7 D9 D7 B4 BF
10:55:29.666 [TX CF10] 67 2A 6B 9E DB 7D BF 7B
10:55:29.676 [TX CF11] 67 2B 8F F7 41 EE C7 DE
10:55:29.687 [TX CF12] 67 2C 17 BD 3F 7C 9E FD
10:55:29.698 [TX CF13] 67 2D 7C 03 78 17 F0 51
10:55:29.709 [TX CF14] 67 2E E0 E7 C2 57 85 BF
10:55:29.721 [TX CF15] 67 2F 0D 9E 1F 7C 47 78
10:55:29.732 [TX CF0] 67 20 9F F1 61 E3 07 C6
10:55:29.743 [TX CF1] 67 21 97 8E 3F 1E 9E 41
10:55:29.754 [TX CF2] 67 22 7C 8B 79 27 F2 71
10:55:29.765 [TX CF3] 67 23 E5 27 CA D7 96 BF
10:55:29.777 [TX CF4] 67 24 2F 9E 63 7C CF 79
10:55:29.787 [TX CF5] 67 25 AF F3 81 E7 47 CF
10:55:29.798 [TX CF6] 67 26 17 9F 3F 40 9E 85
10:55:29.810 [TX CF7] 67 27 7D 13 7A 37 F4 91
10:55:29.820 [TX CF8] 67 28 E9 67 D3 57 A7 BF
10:55:29.832 [TX CF9] 67 29 51 9E A7 7D 57 7A
10:55:29.851 [TX CF10] 67 2A BF F5 A1 EB 87 D7
10:55:29.883 [TX CF11] 67 2B 97 B0 3F 62 9E C9
10:55:29.895 [TX CF12] 67 2C 7D 9B 7B 47 F6 B1
10:55:29.949 [TX CF13] 67 2D ED A7 DB D7 B8 BF
10:55:29.964 [TX CF14] 67 2E 73 9E EB 7D DF 7B
10:55:29.988 [TX CF15] 67 2F CF F7 C1 EF C7 C0
10:55:30.002 [TX CF0] 67 20 17 81 3F 04 9E 0D
10:55:30.013 [TX CF1] 67 21 7C 23 78 57 F0 D1
10:55:30.024 [TX CF2] 67 22 E1 E7 C4 57 89 BF
10:55:30.038 [TX CF3] 67 23 15 9E 2F 7C 67 78
10:55:30.050 [TX CF4] 67 24 DF F1 E1 E4 07 C8
10:55:30.061 [TX CF5] 67 25 97 92 3F 26 9E 51
10:55:30.072 [TX CF6] 67 26 7C AB 79 67 F2 F1
10:55:30.084 [TX CF7] 67 27 E6 27 CC D7 9A BF
10:55:30.095 [TX CF8] 67 28 37 9E 73 7C EF 79
10:55:30.105 [TX CF9] 67 29 EF F4 01 E8 47 D1
10:55:30.116 [TX CF10] 67 2A 17 A3 3F 48 9E 95
10:55:30.128 [TX CF11] 67 2B 7D 33 7A 77 F5 11
10:55:30.138 [TX CF12] 67 2C EA 67 D5 57 AB BF
10:55:30.150 [TX CF13] 67 2D 59 9E B7 7D 77 7A
10:55:30.161 [TX CF14] 67 2E FF F6 21 EC 87 D9
10:55:30.172 [TX CF15] 67 2F 97 B4 3F 6A 9E D9
10:55:30.183 [TX CF0] 67 20 7D BB 7B 87 F7 31
10:55:30.194 [TX CF1] 67 21 EE A7 DD D7 BC BF
10:55:30.205 [TX CF2] 67 22 7B 9E FB 7D FF 78
10:55:30.216 [TX CF3] 67 23 0F F0 41 E0 C7 C2
10:55:30.227 [TX CF4] 67 24 17 85 3F 0C 9E 1D
10:55:30.237 [TX CF5] 67 25 7C 43 78 97 F1 51
10:55:30.249 [TX CF6] 67 26 E2 E7 C6 57 8D BF
10:55:30.259 [TX CF7] 67 27 1D 9E 3F 7C 87 79
10:55:30.270 [TX CF8] 67 28 1F F2 61 E5 07 CA
10:55:30.280 [TX CF9] 67 29 97 96 3F 2E 9E 61
10:55:30.291 [TX CF10] 67 2A 7C CB 79 A7 F3 71
10:55:30.302 [TX CF11] 67 2B E7 27 CE D7 9E BF
10:55:30.313 [TX CF12] 67 2C 3F 9E 83 7D 0F 7A
10:55:30.323 [TX CF13] 67 2D 2F F4 81 E9 47 D3
10:55:30.335 [TX CF14] 67 2E 17 A7 3F 50 9E A5
10:55:30.345 [TX CF15] 67 2F 7D 53 7A B7 F5 91
10:55:30.356 [TX CF0] 67 20 EB 67 D7 57 AF BF
10:55:30.366 [TX CF1] 67 21 61 9E C7 7D 97 7B
10:55:30.376 [TX CF2] 67 22 3F F6 A1 ED 87 DB
10:55:30.388 [TX CF3] 67 23 97 B8 3F 72 9E E9
10:55:30.398 [TX CF4] 67 24 7D DB 7B C7 F7 B1
10:55:30.408 [TX CF5] 67 25 EF A7 DF D7 80 BF
10:55:30.419 [TX CF6] 67 26 03 9E 0B 7C 1F 78
10:55:30.429 [TX CF7] 67 27 4F F0 C1 E1 C7 C4
10:55:30.440 [TX CF8] 67 28 17 89 3F 14 9E 2D
10:55:30.451 [TX CF9] 67 29 7C 63 78 D7 F1 D1
10:55:30.462 [TX CF10] 67 2A E3 E7 C8 57 91 BF
10:55:30.472 [TX CF11] 67 2B 25 9E 4F 7C A7 79
10:55:30.483 [TX CF12] 67 2C 5F F2 E1 E6 07 CC
10:55:30.493 [TX CF13] 67 2D 97 9A 3F 36 9E 71
10:55:30.504 [TX CF14] 67 2E 7C EB 79 E7 F3 F1
10:55:30.514 [TX CF15] 67 2F E8 27 D0 D7 A2 BF
10:55:30.525 [TX CF0] 67 20 47 9E 93 7D 2F 7A
10:55:30.536 [TX CF1] 67 21 6F F5 01 EA 47 D5
10:55:30.547 [TX CF2] 67 22 17 AB 3F 58 9E B5
10:55:30.558 [TX CF3] 67 23 7D 73 7A F7 F6 11
10:55:30.570 [TX CF4] 67 24 EC 67 D9 57 B3 BF
10:55:30.580 [TX CF5] 67 25 69 9E D7 7D B7 7B
10:55:30.590 [TX CF6] 67 26 7F F7 21 EE 87 DD
10:55:30.601 [TX CF7] 67 27 97 BC 3F 7A 9E F9
10:55:30.612 [TX CF8] 67 28 7D FB 78 07 F0 31
10:55:30.622 [TX CF9] 67 29 E0 A7 C1 D7 84 BF
10:55:30.632 [TX CF10] 67 2A 0B 9E 1B 7C 3F 78
10:55:30.643 [TX CF11] 67 2B 8F F1 41 E2 C7 C6
10:55:30.653 [TX CF12] 67 2C 17 8D 3F 1C 9E 3D
10:55:30.663 [TX CF13] 67 2D 7C 83 79 17 F2 51
10:55:30.674 [TX CF14] 67 2E E4 E7 CA 57 95 BF
10:55:30.684 [TX CF15] 67 2F 2D 9E 5F 7C C7 79
10:55:30.695 [TX CF0] 67 20 9F F3 61 E7 07 CE
10:55:30.706 [TX CF1] 67 21 97 9E 3F 3E 9E 81
10:55:30.716 [TX CF2] 67 22 7D 0B 7A 27 F4 71
10:55:30.727 [TX CF3] 67 23 E9 27 D2 D7 A6 BF
10:55:30.738 [TX CF4] 67 24 4F 9E A3 7D 4F 7A
10:55:30.749 [TX CF5] 67 25 AF F5 81 EB 47 D7
10:55:30.759 [TX CF6] 67 26 17 AF 3F 60 9E C5
10:55:30.771 [TX CF7] 67 27 7D 93 7B 37 F6 91
10:55:30.783 [TX CF8] 67 28 ED 67 DB 57 B7 BF
10:55:30.793 [TX CF9] 67 29 71 9E E7 7D D7 7B
10:55:30.807 [TX CF10] 67 2A BF F7 A1 EF 87 DF
10:55:30.818 [TX CF11] 67 2B 97 80 3F 02 9E 09
10:55:30.829 [TX CF12] 67 2C 7C 1B 78 47 F0 B1
10:55:30.841 [TX CF13] 67 2D E1 A7 C3 D7 88 BF
10:55:30.852 [TX CF14] 67 2E 13 9E 2B 7C 5F 78
10:55:30.863 [TX CF15] 67 2F CF F1 C1 E3 C7 C8
10:55:30.875 [TX CF0] 67 20 17 91 3F 24 9E 4D
10:55:30.887 [TX CF1] 67 21 7C A3 79 57 F2 D1
10:55:30.898 [TX CF2] 67 22 E5 E7 CC 57 99 BF
10:55:30.909 [TX CF3] 67 23 35 9E 6F 7C E7 79
10:55:30.921 [TX CF4] 67 24 DF F3 E1 E8 07 D0
10:55:30.933 [TX CF5] 67 25 97 A2 3F 46 9E 91
10:55:30.944 [TX CF6] 67 26 7D 2B 7A 67 F4 F1
10:55:30.956 [TX CF7] 67 27 EA 27 D4 D7 AA BF
10:55:30.967 [TX CF8] 67 28 57 9E B3 7D 6F 7A
10:55:30.979 [TX CF9] 67 29 EF F6 01 EC 47 D9
10:55:30.990 [TX CF10] 67 2A 17 B3 3F 68 9E D5
10:55:31.001 [TX CF11] 67 2B 7D B3 7B 77 F7 11
10:55:31.017 [TX CF12] 67 2C EE 67 DD 57 BB BF
10:55:31.029 [TX CF13] 67 2D 79 9E F7 7D F7 7F
10:55:31.040 [TX CF14] 67 2E FD FF F8 11 F0 45
10:55:31.050 [TX CF15] 67 2F E0 CF C2 27 85 5F
10:55:31.061 [TX CF0] 67 20 0C DE 1D FC 44 78
10:55:31.073 [TX CF1] 67 21 99 F1 55 E2 EF C6
10:55:31.083 [TX CF2] 67 22 67 8D DF 1D DE 3F
10:55:31.095 [TX CF3] 67 23 FC 88 79 21 F2 65
10:55:31.105 [TX CF4] 67 24 E5 0F CA A7 96 5F
10:55:31.116 [TX CF5] 67 25 2E DE 61 FC CC 79
10:55:31.127 [TX CF6] 67 26 A9 F3 75 E7 2F CE
10:55:31.137 [TX CF7] 67 27 E7 9E DF 3F DE 83
10:55:31.148 [TX CF8] 67 28 FD 10 7A 31 F4 85
10:55:31.159 [TX CF9] 67 29 E9 4F D3 27 A7 5F
10:55:31.170 [TX CF10] 67 2A 50 DE A5 FD 54 7A
10:55:31.180 [TX CF11] 67 2B B9 F5 95 EB 6F D7
10:55:31.192 [TX CF12] 67 2C 67 AF DF 61 DE C7
10:55:31.204 [TX CF13] 67 2D FD 98 7B 41 F6 A5
10:55:31.214 [TX CF14] 67 2E ED 8F DB A7 B8 5F
10:55:31.226 [TX CF15] 67 2F 72 DE E9 FD DC 7B
10:55:31.237 [TX CF0] 67 20 C9 F7 B5 EF AF DF
10:55:31.248 [TX CF1] 67 21 E7 80 DF 03 DE 0B
10:55:31.258 [TX CF2] 67 22 FC 20 78 51 F0 C5
10:55:31.269 [TX CF3] 67 23 E1 CF C4 27 89 5F
10:55:31.279 [TX CF4] 67 24 14 DE 2D FC 64 78
10:55:31.290 [TX CF5] 67 25 D9 F1 D5 E3 EF C8
10:55:31.300 [TX CF6] 67 26 67 91 DF 25 DE 4F
10:55:31.311 [TX CF7] 67 27 FC A8 79 61 F2 E5
10:55:31.322 [TX CF8] 67 28 E6 0F CC A7 9A 5F
10:55:31.332 [TX CF9] 67 29 36 DE 71 FC EC 79
10:55:31.343 [TX CF10] 67 2A E9 F3 F5 E8 2F D0
10:55:31.354 [TX CF11] 67 2B E7 A2 DF 47 DE 93
10:55:31.365 [TX CF12] 67 2C FD 30 7A 71 F5 05
10:55:31.377 [TX CF13] 67 2D EA 4F D5 27 AB 5F
10:55:31.387 [TX CF14] 67 2E 58 DE B5 FD 74 7A
10:55:31.397 [TX CF15] 67 2F F9 F6 15 EC 6F D9
10:55:31.409 [TX CF0] 67 20 67 B3 DF 69 DE D7
10:55:31.421 [TX CF1] 67 21 FD B8 7B 81 F7 25
10:55:31.433 [TX CF2] 67 22 EE 8F DD A7 BC 5F
10:55:31.443 [TX CF3] 67 23 7A DE F9 FD FC 78
10:55:31.455 [TX CF4] 67 24 09 F0 35 E0 AF C1
10:55:31.466 [TX CF5] 67 25 E7 84 DF 0B DE 1B
10:55:31.477 [TX CF6] 67 26 FC 40 78 91 F1 45
10:55:31.487 [TX CF7] 67 27 E2 CF C6 27 8D 5F
10:55:31.497 [TX CF8] 67 28 1C DE 3D FC 84 79
10:55:31.508 [TX CF9] 67 29 19 F2 55 E4 EF CA
10:55:31.518 [TX CF10] 67 2A 67 95 DF 2D DE 5F
10:55:31.529 [TX CF11] 67 2B FC C8 79 A1 F3 65
10:55:31.539 [TX CF12] 67 2C E7 0F CE A7 9E 5F
10:55:31.549 [TX CF13] 67 2D 3E DE 81 FD 0C 7A
10:55:31.560 [TX CF14] 67 2E 29 F4 75 E9 2F D2
10:55:31.570 [TX CF15] 67 2F E7 A6 DF 4F DE A3
10:55:31.581 [TX CF0] 67 20 FD 50 7A B1 F5 85
10:55:31.592 [TX CF1] 67 21 EB 4F D7 27 AF 5F
10:55:31.603 [TX CF2] 67 22 60 DE C5 FD 94 7B
10:55:31.613 [TX CF3] 67 23 39 F6 95 ED 6F DB
10:55:31.623 [TX CF4] 67 24 67 B7 DF FF FF FF
10:55:31.641 [RX SF ] 67 02 76 10 FF FF FF FF
10:55:31.641 [RX    ] 76 10
10:55:31.641 [PASS  ] TransferData block=16 | expected: 76 ... | received: 76 10
10:55:31.652 ------------------------------------------------------------------------
10:55:31.652 [STEP  ] 0x36 block=17  offset=32640/45254  (72%)
10:55:31.652 [TX TransferData block=17 len=2040] 36 11 71 DE E7 FD D8 7B C1 F7 A5 EF 8F DF A7 80...
10:55:31.653 [TX FF ] 67 17 FA 36 11 71 DE E7
10:55:31.663 [TX CF1] 67 21 FD D8 7B C1 F7 A5
10:55:31.674 [TX CF2] 67 22 EF 8F DF A7 80 5F
10:55:31.685 [TX CF3] 67 23 02 DE 09 FC 1C 78
10:55:31.695 [TX CF4] 67 24 49 F0 B5 E1 AF C3
10:55:31.705 [TX CF5] 67 25 E7 88 DF 13 DE 2B
10:55:31.715 [TX CF6] 67 26 FC 60 78 D1 F1 C5
10:55:31.726 [TX CF7] 67 27 E3 CF C8 27 91 5F
10:55:31.736 [TX CF8] 67 28 24 DE 4D FC A4 79
10:55:31.746 [TX CF9] 67 29 59 F2 D5 E5 EF CC
10:55:31.758 [TX CF10] 67 2A 67 99 DF 35 DE 6F
10:55:31.768 [TX CF11] 67 2B FC E8 79 E1 F3 E5
10:55:31.778 [TX CF12] 67 2C E8 0F D0 A7 A2 5F
10:55:31.790 [TX CF13] 67 2D 46 DE 91 FD 2C 7A
10:55:31.800 [TX CF14] 67 2E 69 F4 F5 EA 2F D4
10:55:31.810 [TX CF15] 67 2F E7 AA DF 57 DE B3
10:55:31.821 [TX CF0] 67 20 FD 70 7A F1 F6 05
10:55:31.832 [TX CF1] 67 21 EC 4F D9 27 B3 5F
10:55:31.844 [TX CF2] 67 22 68 DE D5 FD B4 7B
10:55:31.854 [TX CF3] 67 23 79 F7 15 EE 6F DD
10:55:31.864 [TX CF4] 67 24 67 BB DF 79 DE F7
10:55:31.875 [TX CF5] 67 25 FD F8 78 01 F0 25
10:55:31.885 [TX CF6] 67 26 E0 8F C1 A7 84 5F
10:55:31.896 [TX CF7] 67 27 0A DE 19 FC 3C 78
10:55:31.907 [TX CF8] 67 28 89 F1 35 E2 AF C5
10:55:31.918 [TX CF9] 67 29 E7 8C DF 1B DE 3B
10:55:31.930 [TX CF10] 67 2A FC 80 79 11 F2 45
10:55:31.940 [TX CF11] 67 2B E4 CF CA 27 95 5F
10:55:31.951 [TX CF12] 67 2C 2C DE 5D FC C4 79
10:55:31.961 [TX CF13] 67 2D 99 F3 55 E6 EF CE
10:55:31.972 [TX CF14] 67 2E 67 9D DF 3D DE 7F
10:55:31.983 [TX CF15] 67 2F FD 08 7A 21 F4 65
10:55:31.993 [TX CF0] 67 20 E9 0F D2 A7 A6 5F
10:55:32.004 [TX CF1] 67 21 4E DE A1 FD 4C 7A
10:55:32.015 [TX CF2] 67 22 A9 F5 75 EB 2F D6
10:55:32.025 [TX CF3] 67 23 E7 AE DF 5F DE C3
10:55:32.036 [TX CF4] 67 24 FD 90 7B 31 F6 85
10:55:32.046 [TX CF5] 67 25 ED 4F DB 27 B7 5F
10:55:32.057 [TX CF6] 67 26 70 DE E5 FD D4 7B
10:55:32.067 [TX CF7] 67 27 B9 F7 95 EF 6F DF
10:55:32.078 [TX CF8] 67 28 67 BF DF 01 DE 07
10:55:32.088 [TX CF9] 67 29 FC 18 78 41 F0 A5
10:55:32.100 [TX CF10] 67 2A E1 8F C3 A7 88 5F
10:55:32.110 [TX CF11] 67 2B 12 DE 29 FC 5C 78
10:55:32.120 [TX CF12] 67 2C C9 F1 B5 E3 AF C7
10:55:32.131 [TX CF13] 67 2D E7 90 DF 23 DE 4B
10:55:32.141 [TX CF14] 67 2E FC A0 79 51 F2 C5
10:55:32.152 [TX CF15] 67 2F E5 CF CC 27 99 5F
10:55:32.163 [TX CF0] 67 20 34 DE 6D FC E4 79
10:55:32.174 [TX CF1] 67 21 D9 F3 D5 E7 EF D0
10:55:32.185 [TX CF2] 67 22 67 A1 DF 45 DE 8F
10:55:32.196 [TX CF3] 67 23 FD 28 7A 61 F4 E5
10:55:32.206 [TX CF4] 67 24 EA 0F D4 A7 AA 5F
10:55:32.216 [TX CF5] 67 25 56 DE B1 FD 6C 7A
10:55:32.227 [TX CF6] 67 26 E9 F5 F5 EC 2F D8
10:55:32.237 [TX CF7] 67 27 E7 B2 DF 67 DE D3
10:55:32.248 [TX CF8] 67 28 FD B0 7B 71 F7 05
10:55:32.258 [TX CF9] 67 29 EE 4F DD 27 BB 5F
10:55:32.270 [TX CF10] 67 2A 78 DE F5 FD F4 7B
10:55:32.280 [TX CF11] 67 2B F9 F0 15 E0 6F C1
10:55:32.291 [TX CF12] 67 2C 67 83 DF 09 DE 17
10:55:32.303 [TX CF13] 67 2D FC 38 78 81 F1 25
10:55:32.314 [TX CF14] 67 2E E2 8F C5 A7 8C 5F
10:55:32.326 [TX CF15] 67 2F 1A DE 39 FC 7C 79
10:55:32.337 [TX CF0] 67 20 09 F2 35 E4 AF C9
10:55:32.349 [TX CF1] 67 21 E7 94 DF 2B DE 5B
10:55:32.359 [TX CF2] 67 22 FC C0 79 91 F3 45
10:55:32.370 [TX CF3] 67 23 E6 CF CE 27 9D 5F
10:55:32.380 [TX CF4] 67 24 3C DE 7D FD 04 7A
10:55:32.391 [TX CF5] 67 25 19 F4 55 E8 EF D2
10:55:32.403 [TX CF6] 67 26 67 A5 DF 4D DE 9F
10:55:32.414 [TX CF7] 67 27 FD 48 7A A1 F5 65
10:55:32.425 [TX CF8] 67 28 EB 0F D6 A7 AE 5F
10:55:32.437 [TX CF9] 67 29 5E DE C1 FD 8C 7B
10:55:32.449 [TX CF10] 67 2A 29 F6 75 ED 2F DA
10:55:32.460 [TX CF11] 67 2B E7 B6 DF 6F DE E3
10:55:32.471 [TX CF12] 67 2C FD D0 7B B1 F7 85
10:55:32.482 [TX CF13] 67 2D EF 4F DF 27 BF 5F
10:55:32.492 [TX CF14] 67 2E 00 DE 05 FC 14 78
10:55:32.503 [TX CF15] 67 2F 39 F0 95 E1 6F C3
10:55:32.515 [TX CF0] 67 20 67 87 DF 11 DE 27
10:55:32.525 [TX CF1] 67 21 FC 58 78 C1 F1 A5
10:55:32.537 [TX CF2] 67 22 E3 8F C7 A7 90 5F
10:55:32.548 [TX CF3] 67 23 22 DE 49 FC 9C 79
10:55:32.559 [TX CF4] 67 24 49 F2 B5 E5 AF CB
10:55:32.570 [TX CF5] 67 25 E7 98 DF 33 DE 6B
10:55:32.581 [TX CF6] 67 26 FC E0 79 D1 F3 C5
10:55:32.592 [TX CF7] 67 27 E7 CF D0 27 A1 5F
10:55:32.603 [TX CF8] 67 28 44 DE 8D FD 24 7A
10:55:32.613 [TX CF9] 67 29 59 F4 D5 E9 EF D4
10:55:32.624 [TX CF10] 67 2A 67 A9 DF 55 DE AF
10:55:32.634 [TX CF11] 67 2B FD 68 7A E1 F5 E5
10:55:32.646 [TX CF12] 67 2C EC 0F D8 A7 B2 5F
10:55:32.656 [TX CF13] 67 2D 66 DE D1 FD AC 7B
10:55:32.667 [TX CF14] 67 2E 69 F6 F5 EE 2F DC
10:55:32.677 [TX CF15] 67 2F E7 BA DF 77 DE F3
10:55:32.688 [TX CF0] 67 20 FD F0 7B F1 F0 05
10:55:32.699 [TX CF1] 67 21 E0 4F C1 27 83 5F
10:55:32.709 [TX CF2] 67 22 08 DE 15 FC 34 78
10:55:32.719 [TX CF3] 67 23 79 F1 15 E2 6F C5
10:55:32.729 [TX CF4] 67 24 67 8B DF 19 DE 37
10:55:32.741 [TX CF5] 67 25 FC 78 79 01 F2 25
10:55:32.752 [TX CF6] 67 26 E4 8F C9 A7 94 5F
10:55:32.763 [TX CF7] 67 27 2A DE 59 FC BC 79
10:55:32.773 [TX CF8] 67 28 89 F3 35 E6 AF CD
10:55:32.785 [TX CF9] 67 29 E7 9C DF 3B DE 7B
10:55:32.796 [TX CF10] 67 2A FD 00 7A 11 F4 45
10:55:32.806 [TX CF11] 67 2B E8 CF D2 27 A5 5F
10:55:32.817 [TX CF12] 67 2C 4C DE 9D FD 44 7A
10:55:32.827 [TX CF13] 67 2D 99 F5 55 EA EF D6
10:55:32.838 [TX CF14] 67 2E 67 AD DF 5D DE BF
10:55:32.850 [TX CF15] 67 2F FD 88 7B 21 F6 65
10:55:32.860 [TX CF0] 67 20 ED 0F DA A7 B6 5F
10:55:32.870 [TX CF1] 67 21 6E DE E1 FD CC 7B
10:55:32.882 [TX CF2] 67 22 A9 F7 75 EF 2F DE
10:55:32.892 [TX CF3] 67 23 E7 BE DF 7F DE 03
10:55:32.903 [TX CF4] 67 24 FC 10 78 31 F0 85
10:55:32.914 [TX CF5] 67 25 E1 4F C3 27 87 5F
10:55:32.925 [TX CF6] 67 26 10 DE 25 FC 54 78
10:55:32.936 [TX CF7] 67 27 B9 F1 95 E3 6F C7
10:55:32.946 [TX CF8] 67 28 67 8F DF 21 DE 47
10:55:32.957 [TX CF9] 67 29 FC 98 79 41 F2 A5
10:55:32.967 [TX CF10] 67 2A E5 8F CB A7 98 5F
10:55:32.978 [TX CF11] 67 2B 32 DE 69 FC DC 79
10:55:32.988 [TX CF12] 67 2C C9 F3 B5 E7 AF CF
10:55:32.999 [TX CF13] 67 2D E7 A0 DF 43 DE 8B
10:55:33.010 [TX CF14] 67 2E FD 20 7A 51 F4 C5
10:55:33.023 [TX CF15] 67 2F E9 CF D4 27 A9 5F
10:55:33.035 [TX CF0] 67 20 54 DE AD FD 64 7A
10:55:33.045 [TX CF1] 67 21 D9 F5 D5 EB EF D8
10:55:33.056 [TX CF2] 67 22 67 B1 DF 65 DE CF
10:55:33.067 [TX CF3] 67 23 FD A8 7B 61 F6 E5
10:55:33.077 [TX CF4] 67 24 EE 0F DC A7 BA 5F
10:55:33.088 [TX CF5] 67 25 76 DE F1 FD EC 7B
10:55:33.098 [TX CF6] 67 26 E9 F7 F5 E0 2F C0
10:55:33.109 [TX CF7] 67 27 E7 82 DF 07 DE 13
10:55:33.120 [TX CF8] 67 28 FC 30 78 71 F1 05
10:55:33.131 [TX CF9] 67 29 E2 4F C5 27 8B 5F
10:55:33.143 [TX CF10] 67 2A 18 DE 35 FC 74 78
10:55:33.153 [TX CF11] 67 2B F9 F2 15 E4 6F C9
10:55:33.165 [TX CF12] 67 2C 67 93 DF 29 DE 57
10:55:33.175 [TX CF13] 67 2D FC B8 79 81 F3 25
10:55:33.187 [TX CF14] 67 2E E6 8F CD A7 9C 5F
10:55:33.198 [TX CF15] 67 2F 3A DE 79 FC FC 7A
10:55:33.209 [TX CF0] 67 20 09 F4 35 E8 AF D1
10:55:33.220 [TX CF1] 67 21 E7 A4 DF 4B DE 9B
10:55:33.230 [TX CF2] 67 22 FD 40 7A 91 F5 45
10:55:33.241 [TX CF3] 67 23 EA CF D6 27 AD 5F
10:55:33.252 [TX CF4] 67 24 5C DE BD FD 84 7B
10:55:33.263 [TX CF5] 67 25 19 F6 55 EC EF DA
10:55:33.274 [TX CF6] 67 26 67 B5 DF 6D DE DF
10:55:33.285 [TX CF7] 67 27 FD C8 7B A1 F7 65
10:55:33.297 [TX CF8] 67 28 EF 0F DE A7 BE 5F
10:55:33.308 [TX CF9] 67 29 7E DE 01 FC 0C 78
10:55:33.320 [TX CF10] 67 2A 29 F0 75 E1 2F C2
10:55:33.331 [TX CF11] 67 2B E7 86 DF 0F DE 23
10:55:33.342 [TX CF12] 67 2C FC 50 78 B1 F1 85
10:55:33.352 [TX CF13] 67 2D E3 4F C7 27 8F 5F
10:55:33.363 [TX CF14] 67 2E 20 DE 45 FC 94 79
10:55:33.373 [TX CF15] 67 2F 39 F2 95 E5 6F CB
10:55:33.384 [TX CF0] 67 20 67 97 DF 31 DE 67
10:55:33.394 [TX CF1] 67 21 FC D8 79 C1 F3 A5
10:55:33.405 [TX CF2] 67 22 E7 8F CF A7 A0 5F
10:55:33.415 [TX CF3] 67 23 42 DE 89 FD 1C 7A
10:55:33.426 [TX CF4] 67 24 49 F4 B5 E9 AF D3
10:55:33.437 [TX CF5] 67 25 E7 A8 DF 53 DE AB
10:55:33.448 [TX CF6] 67 26 FD 60 7A D1 F5 C5
10:55:33.459 [TX CF7] 67 27 EB CF D8 27 B1 5F
10:55:33.469 [TX CF8] 67 28 64 DE CD FD A4 7B
10:55:33.479 [TX CF9] 67 29 59 F6 D5 ED EF DC
10:55:33.490 [TX CF10] 67 2A 67 B9 DF 75 DE EF
10:55:33.500 [TX CF11] 67 2B FD E8 7B E1 F7 E5
10:55:33.512 [TX CF12] 67 2C E0 0F C0 A7 82 5F
10:55:33.522 [TX CF13] 67 2D 06 DE 11 FC 2C 78
10:55:33.533 [TX CF14] 67 2E 69 F0 F5 E2 2F C4
10:55:33.543 [TX CF15] 67 2F E7 8A DF 17 DE 33
10:55:33.554 [TX CF0] 67 20 FC 70 78 F1 F2 05
10:55:33.564 [TX CF1] 67 21 E4 4F C9 27 93 5F
10:55:33.575 [TX CF2] 67 22 28 DE 55 FC B4 79
10:55:33.586 [TX CF3] 67 23 79 F3 15 E6 6F CD
10:55:33.598 [TX CF4] 67 24 67 9B DF 39 DE 77
10:55:33.610 [TX CF5] 67 25 FC F8 7A 01 F4 25
10:55:33.620 [TX CF6] 67 26 E8 8F D1 A7 A4 5F
10:55:33.631 [TX CF7] 67 27 4A DE 99 FD 3C 7A
10:55:33.642 [TX CF8] 67 28 89 F5 35 EA AF D5
10:55:33.653 [TX CF9] 67 29 E7 AC DF 5B DE BB
10:55:33.665 [TX CF10] 67 2A FD 80 7B 11 F6 45
10:55:33.676 [TX CF11] 67 2B EC CF DA 27 B5 5F
10:55:33.688 [TX CF12] 67 2C 6C DE DD FD C4 7B
10:55:33.699 [TX CF13] 67 2D 99 F7 55 EE EF DE
10:55:33.710 [TX CF14] 67 2E 67 BD DF 7D DF FF
10:55:33.721 [TX CF15] 67 2F 7F FE 04 7C 11 78
10:55:33.733 [TX CF0] 67 20 33 F0 89 E1 57 C3
10:55:33.744 [TX CF1] 67 21 37 87 7F 11 1E 26
10:55:33.755 [TX CF2] 67 22 7C 55 78 BB F1 99
10:55:33.767 [TX CF3] 67 23 E3 77 C7 77 8F FF
10:55:33.779 [TX CF4] 67 24 22 1E 48 7C 99 79
10:55:33.792 [TX CF5] 67 25 43 F2 A9 E5 97 CB
10:55:33.803 [TX CF6] 67 26 B7 98 7F 33 1E 6A
10:55:33.814 [TX CF7] 67 27 7C DD 79 CB F3 B9
10:55:33.826 [TX CF8] 67 28 E7 B7 CF F7 A0 FF
10:55:33.836 [TX CF9] 67 29 44 1E 8C 7D 21 7A
10:55:33.847 [TX CF10] 67 2A 53 F4 C9 E9 D7 D4
10:55:33.858 [TX CF11] 67 2B 37 A9 7F 55 1E AE
10:55:33.869 [TX CF12] 67 2C 7D 65 7A DB F5 D9
10:55:33.879 [TX CF13] 67 2D EB F7 D8 77 B1 FF
10:55:33.890 [TX CF14] 67 2E 66 1E D0 7D A9 7B
10:55:33.901 [TX CF15] 67 2F 63 F6 E9 EE 17 DC
10:55:33.912 [TX CF0] 67 20 B7 BA 7F 77 1E F2
10:55:33.924 [TX CF1] 67 21 7D ED 7B EB F7 F9
10:55:33.935 [TX CF2] 67 22 E0 37 C0 F7 82 FF
10:55:33.947 [TX CF3] 67 23 08 1E 14 7C 31 78
10:55:33.957 [TX CF4] 67 24 73 F1 09 E2 57 C5
10:55:33.968 [TX CF5] 67 25 37 8B 7F 19 1E 36
10:55:33.979 [TX CF6] 67 26 7C 75 78 FB F2 19
10:55:33.992 [TX CF7] 67 27 E4 77 C9 77 93 FF
10:55:34.003 [TX CF8] 67 28 2A 1E 58 7C B9 79
10:55:34.015 [TX CF9] 67 29 83 F3 29 E6 97 CD
10:55:34.026 [TX CF10] 67 2A B7 9C 7F 3B 1E 7A
10:55:34.038 [TX CF11] 67 2B 7C FD 7A 0B F4 39
10:55:34.048 [TX CF12] 67 2C E8 B7 D1 F7 A4 FF
10:55:34.060 [TX CF13] 67 2D 4C 1E 9C 7D 41 7A
10:55:34.070 [TX CF14] 67 2E 93 F5 49 EA D7 D6
10:55:34.081 [TX CF15] 67 2F 37 AD 7F 5D 1E BE
10:55:34.093 [TX CF0] 67 20 7D 85 7B 1B F6 59
10:55:34.104 [TX CF1] 67 21 EC F7 DA 77 B5 FF
10:55:34.115 [TX CF2] 67 22 6E 1E E0 7D C9 7B
10:55:34.126 [TX CF3] 67 23 A3 F7 69 EF 17 DE
10:55:34.136 [TX CF4] 67 24 B7 BE 7F 7F 1E 02
10:55:34.146 [TX CF5] 67 25 7C 0D 78 2B F0 79
10:55:34.157 [TX CF6] 67 26 E1 37 C2 F7 86 FF
10:55:34.169 [TX CF7] 67 27 10 1E 24 7C 51 78
10:55:34.179 [TX CF8] 67 28 B3 F1 89 E3 57 C7
10:55:34.190 [TX CF9] 67 29 37 8F 7F 21 1E 46
10:55:34.200 [TX CF10] 67 2A 7C 95 79 3B F2 99
10:55:34.211 [TX CF11] 67 2B E5 77 CB 77 97 FF
10:55:34.223 [TX CF12] 67 2C 32 1E 68 7C D9 79
10:55:34.234 [TX CF13] 67 2D C3 F3 A9 E7 97 CF
10:55:34.245 [TX CF14] 67 2E B7 A0 7F 43 1E 8A
10:55:34.255 [TX CF15] 67 2F 7D 1D 7A 4B F4 B9
10:55:34.266 [TX CF0] 67 20 E9 B7 D3 F7 A8 FF
10:55:34.277 [TX CF1] 67 21 54 1E AC 7D 61 7A
10:55:34.288 [TX CF2] 67 22 D3 F5 C9 EB D7 D8
10:55:34.300 [TX CF3] 67 23 37 B1 7F 65 1E CE
10:55:34.312 [TX CF4] 67 24 7D A5 7B 5B F6 D9
10:55:34.324 [TX CF5] 67 25 ED F7 DC 77 B9 FF
10:55:34.334 [TX CF6] 67 26 76 1E F0 7D E9 7B
10:55:34.344 [TX CF7] 67 27 E3 F7 E9 E0 17 C0
10:55:34.355 [TX CF8] 67 28 B7 82 7F 07 1E 12
10:55:34.366 [TX CF9] 67 29 7C 2D 78 6B F0 F9
10:55:34.377 [TX CF10] 67 2A E2 37 C4 F7 8A FF
10:55:34.388 [TX CF11] 67 2B 18 1E 34 7C 71 78
10:55:34.399 [TX CF12] 67 2C F3 F2 09 E4 57 C9
10:55:34.412 [TX CF13] 67 2D 37 93 7F 29 1E 56
10:55:34.423 [TX CF14] 67 2E 7C B5 79 7B F3 19
10:55:34.433 [TX CF15] 67 2F E6 77 CD 77 9B FF
10:55:34.444 [TX CF0] 67 20 3A 1E 78 7C F9 7A
10:55:34.455 [TX CF1] 67 21 03 F4 29 E8 97 D1
10:55:34.467 [TX CF2] 67 22 B7 A4 7F 4B 1E 9A
10:55:34.477 [TX CF3] 67 23 7D 3D 7A 8B F5 39
10:55:34.489 [TX CF4] 67 24 EA B7 D5 F7 AC FF
10:55:34.500 [TX CF5] 67 25 5C 1E BC 7D 81 7B
10:55:34.510 [TX CF6] 67 26 13 F6 49 EC D7 DA
10:55:34.520 [TX CF7] 67 27 37 B5 7F 6D 1E DE
10:55:34.531 [TX CF8] 67 28 7D C5 7B 9B F7 59
10:55:34.542 [TX CF9] 67 29 EE F7 DE 77 BD FF
10:55:34.554 [TX CF10] 67 2A 7E 1E 00 7C 09 78
10:55:34.565 [TX CF11] 67 2B 23 F0 69 E1 17 C2
10:55:34.577 [TX CF12] 67 2C B7 86 7F 0F 1E 22
10:55:34.587 [TX CF13] 67 2D 7C 4D 78 AB F1 79
10:55:34.598 [TX CF14] 67 2E E3 37 C6 F7 8E FF
10:55:34.608 [TX CF15] 67 2F 20 1E 44 7C 91 79
10:55:34.619 [TX CF0] 67 20 33 F2 89 E5 57 CB
10:55:34.631 [TX CF1] 67 21 37 97 7F 31 1E 66
10:55:34.641 [TX CF2] 67 22 7C D5 79 BB F3 99
10:55:34.651 [TX CF3] 67 23 E7 77 CF 77 9F FF
10:55:34.663 [TX CF4] 67 24 42 1E 88 7D 19 7A
10:55:34.673 [TX CF5] 67 25 43 F4 A9 E9 97 D3
10:55:34.684 [TX CF6] 67 26 B7 A8 7F 53 1E AA
10:55:34.695 [TX CF7] 67 27 7D 5D 7A CB F5 B9
10:55:34.707 [TX CF8] 67 28 EB B7 D7 F7 B0 FF
10:55:34.718 [TX CF9] 67 29 64 1E CC 7D A1 7B
10:55:34.729 [TX CF10] 67 2A 53 F6 C9 ED D7 DC
10:55:34.741 [TX CF11] 67 2B 37 B9 7F 75 1E EE
10:55:34.752 [TX CF12] 67 2C 7D E5 7B DB F7 D9
10:55:34.763 [TX CF13] 67 2D EF F7 C0 77 81 FF
10:55:34.773 [TX CF14] 67 2E 06 1E 10 7C 29 78
10:55:34.784 [TX CF15] 67 2F 63 F0 E9 E2 17 C4
10:55:34.794 [TX CF0] 67 20 B7 8A 7F 17 1E 32
10:55:34.804 [TX CF1] 67 21 7C 6D 78 EB F1 F9
10:55:34.815 [TX CF2] 67 22 E4 37 C8 F7 92 FF
10:55:34.826 [TX CF3] 67 23 28 1E 54 7C B1 79
10:55:34.837 [TX CF4] 67 24 73 F3 09 E6 57 CD
10:55:34.848 [TX CF5] 67 25 37 9B 7F 39 1E 76
10:55:34.859 [TX CF6] 67 26 7C F5 79 FB F4 19
10:55:34.869 [TX CF7] 67 27 E8 77 D1 77 A3 FF
10:55:34.880 [TX CF8] 67 28 4A 1E 98 7D 39 7A
10:55:34.890 [TX CF9] 67 29 83 F5 29 EA 97 D5
10:55:34.901 [TX CF10] 67 2A B7 AC 7F 5B 1E BA
10:55:34.911 [TX CF11] 67 2B 7D 7D 7B 0B F6 39
10:55:34.921 [TX CF12] 67 2C EC B7 D9 F7 B4 FF
10:55:34.932 [TX CF13] 67 2D 6C 1E DC 7D C1 7B
10:55:34.944 [TX CF14] 67 2E 93 F7 49 EE D7 DE
10:55:34.954 [TX CF15] 67 2F 37 BD 7F 7D 1E FE
10:55:34.966 [TX CF0] 67 20 7C 05 78 1B F0 59
10:55:34.976 [TX CF1] 67 21 E0 F7 C2 77 85 FF
10:55:34.988 [TX CF2] 67 22 0E 1E 20 7C 49 78
10:55:34.998 [TX CF3] 67 23 A3 F1 69 E3 17 C6
10:55:35.009 [TX CF4] 67 24 B7 8E 7F 1F 1E 42
10:55:35.020 [TX CF5] 67 25 7C 8D 79 2B F2 79
10:55:35.031 [TX CF6] 67 26 E5 37 CA F7 96 FF
10:55:35.042 [TX CF7] 67 27 30 1E 64 7C D1 79
10:55:35.052 [TX CF8] 67 28 B3 F3 89 E7 57 CF
10:55:35.064 [TX CF9] 67 29 37 9F 7F 41 1E 86
10:55:35.075 [TX CF10] 67 2A 7D 15 7A 3B F4 99
10:55:35.087 [TX CF11] 67 2B E9 77 D3 77 A7 FF
10:55:35.097 [TX CF12] 67 2C 52 1E A8 7D 59 7A
10:55:35.107 [TX CF13] 67 2D C3 F5 A9 EB 97 D7
10:55:35.119 [TX CF14] 67 2E B7 B0 7F 63 1E CA
10:55:35.129 [TX CF15] 67 2F 7D 9D 7B 4B F6 B9
10:55:35.139 [TX CF0] 67 20 ED B7 DB F7 B8 FF
10:55:35.150 [TX CF1] 67 21 74 1E EC 7D E1 7B
10:55:35.160 [TX CF2] 67 22 D3 F7 C9 EF D7 C0
10:55:35.172 [TX CF3] 67 23 37 81 7F 05 1E 0E
10:55:35.183 [TX CF4] 67 24 7C 25 78 5B F0 D9
10:55:35.195 [TX CF5] 67 25 E1 F7 C4 77 89 FF
10:55:35.206 [TX CF6] 67 26 16 1E 30 7C 69 78
10:55:35.217 [TX CF7] 67 27 E3 F1 E9 E4 17 C8
10:55:35.228 [TX CF8] 67 28 B7 92 7F 27 1E 52
10:55:35.239 [TX CF9] 67 29 7C AD 79 6B F2 F9
10:55:35.250 [TX CF10] 67 2A E6 37 CC F7 9A FF
10:55:35.260 [TX CF11] 67 2B 38 1E 74 7C F1 79
10:55:35.271 [TX CF12] 67 2C F3 F4 09 E8 57 D1
10:55:35.281 [TX CF13] 67 2D 37 A3 7F 49 1E 96
10:55:35.292 [TX CF14] 67 2E 7D 35 7A 7B F5 19
10:55:35.303 [TX CF15] 67 2F EA 77 D5 77 AB FF
10:55:35.314 [TX CF0] 67 20 5A 1E B8 7D 79 7B
10:55:35.324 [TX CF1] 67 21 03 F6 29 EC 97 D9
10:55:35.335 [TX CF2] 67 22 B7 B4 7F 6B 1E DA
10:55:35.347 [TX CF3] 67 23 7D BD 7B 8B F7 39
10:55:35.358 [TX CF4] 67 24 EE B7 DD FF FF FF
10:55:35.377 [RX SF ] 67 02 76 11 FF FF FF FF
10:55:35.377 [RX    ] 76 11
10:55:35.378 [PASS  ] TransferData block=17 | expected: 76 ... | received: 76 11
10:55:35.389 ------------------------------------------------------------------------
10:55:35.389 [STEP  ] 0x36 block=18  offset=34680/45254  (76%)
10:55:35.389 [TX TransferData block=18 len=2040] 36 12 F7 BC FF 7C 1E FC 7C 01 78 13 F0 49 E0 D7...
10:55:35.390 [TX FF ] 67 17 FA 36 12 F7 BC FF
10:55:35.401 [TX CF1] 67 21 7C 1E FC 7C 01 78
10:55:35.411 [TX CF2] 67 22 13 F0 49 E0 D7 C2
10:55:35.423 [TX CF3] 67 23 37 85 7F 0D 1E 1E
10:55:35.433 [TX CF4] 67 24 7C 45 78 9B F1 59
10:55:35.444 [TX CF5] 67 25 E2 F7 C6 77 8D FF
10:55:35.455 [TX CF6] 67 26 1E 1E 40 7C 89 79
10:55:35.467 [TX CF7] 67 27 23 F2 69 E5 17 CA
10:55:35.477 [TX CF8] 67 28 B7 96 7F 2F 1E 62
10:55:35.489 [TX CF9] 67 29 7C CD 79 AB F3 79
10:55:35.500 [TX CF10] 67 2A E7 37 CE F7 9E FF
10:55:35.512 [TX CF11] 67 2B 40 1E 84 7D 11 7A
10:55:35.523 [TX CF12] 67 2C 33 F4 89 E9 57 D3
10:55:35.534 [TX CF13] 67 2D 37 A7 7F 51 1E A6
10:55:35.545 [TX CF14] 67 2E 7D 55 7A BB F5 99
10:55:35.555 [TX CF15] 67 2F EB 77 D7 77 AF FF
10:55:35.567 [TX CF0] 67 20 62 1E C8 7D 99 7B
10:55:35.578 [TX CF1] 67 21 43 F6 A9 ED 97 DB
10:55:35.589 [TX CF2] 67 22 B7 B8 7F 73 1E EA
10:55:35.601 [TX CF3] 67 23 7D DD 7B CB F7 B9
10:55:35.611 [TX CF4] 67 24 EF B7 DF F7 80 FF
10:55:35.621 [TX CF5] 67 25 04 1E 0C 7C 21 78
10:55:35.633 [TX CF6] 67 26 53 F0 C9 E1 D7 C4
10:55:35.643 [TX CF7] 67 27 37 89 7F 15 1E 2E
10:55:35.654 [TX CF8] 67 28 7C 65 78 DB F1 D9
10:55:35.666 [TX CF9] 67 29 E3 F7 C8 77 91 FF
10:55:35.677 [TX CF10] 67 2A 26 1E 50 7C A9 79
10:55:35.688 [TX CF11] 67 2B 63 F2 E9 E6 17 CC
10:55:35.699 [TX CF12] 67 2C B7 9A 7F 37 1E 72
10:55:35.709 [TX CF13] 67 2D 7C ED 79 EB F3 F9
10:55:35.720 [TX CF14] 67 2E E8 37 D0 F7 A2 FF
10:55:35.730 [TX CF15] 67 2F 48 1E 94 7D 31 7A
10:55:35.741 [TX CF0] 67 20 73 F5 09 EA 57 D5
10:55:35.753 [TX CF1] 67 21 37 AB 7F 59 1E B6
10:55:35.764 [TX CF2] 67 22 7D 75 7A FB F6 19
10:55:35.776 [TX CF3] 67 23 EC 77 D9 77 B3 FF
10:55:35.786 [TX CF4] 67 24 6A 1E D8 7D B9 7B
10:55:35.798 [TX CF5] 67 25 83 F7 29 EE 97 DD
10:55:35.808 [TX CF6] 67 26 B7 BC 7F 7B 1E FA
10:55:35.820 [TX CF7] 67 27 7D FD 78 0B F0 39
10:55:35.832 [TX CF8] 67 28 E0 B7 C1 F7 84 FF
10:55:35.842 [TX CF9] 67 29 0C 1E 1C 7C 41 78
10:55:35.854 [TX CF10] 67 2A 93 F1 49 E2 D7 C6
10:55:35.865 [TX CF11] 67 2B 37 8D 7F 1D 1E 3E
10:55:35.876 [TX CF12] 67 2C 7C 85 79 1B F2 59
10:55:35.887 [TX CF13] 67 2D E4 F7 CA 77 95 FF
10:55:35.898 [TX CF14] 67 2E 2E 1E 60 7C C9 79
10:55:35.908 [TX CF15] 67 2F A3 F3 69 E7 17 CE
10:55:35.919 [TX CF0] 67 20 B7 9E 7F 3F 1E 82
10:55:35.929 [TX CF1] 67 21 7D 0D 7A 2B F4 79
10:55:35.940 [TX CF2] 67 22 E9 37 D2 F7 A6 FF
10:55:35.950 [TX CF3] 67 23 50 1E A4 7D 51 7A
10:55:35.961 [TX CF4] 67 24 B3 F5 89 EB 57 D7
10:55:35.972 [TX CF5] 67 25 37 AF 7F 61 1E C6
10:55:35.984 [TX CF6] 67 26 7D 95 7B 3B F6 99
10:55:35.995 [TX CF7] 67 27 ED 77 DB 77 B7 FF
10:55:36.007 [TX CF8] 67 28 72 1E E8 7D D9 7B
10:55:36.018 [TX CF9] 67 29 C3 F7 A9 EF 97 DF
10:55:36.028 [TX CF10] 67 2A B7 80 7F 03 1E 0A
10:55:36.039 [TX CF11] 67 2B 7C 1D 78 4B F0 B9
10:55:36.052 [TX CF12] 67 2C E1 B7 C3 F7 88 FF
10:55:36.062 [TX CF13] 67 2D 14 1E 2C 7C 61 78
10:55:36.074 [TX CF14] 67 2E D3 F1 C9 E3 D7 C8
10:55:36.085 [TX CF15] 67 2F 37 91 7F 25 1E 4E
10:55:36.096 [TX CF0] 67 20 7C A5 79 5B F2 D9
10:55:36.106 [TX CF1] 67 21 E5 F7 CC 77 99 FF
10:55:36.116 [TX CF2] 67 22 36 1E 70 7C E9 79
10:55:36.127 [TX CF3] 67 23 E3 F3 E9 E8 17 D0
10:55:36.137 [TX CF4] 67 24 B7 A2 7F 47 1E 92
10:55:36.148 [TX CF5] 67 25 7D 2D 7A 6B F4 F9
10:55:36.158 [TX CF6] 67 26 EA 37 D4 F7 AA FF
10:55:36.168 [TX CF7] 67 27 58 1E B4 7D 71 7A
10:55:36.179 [TX CF8] 67 28 F3 F6 09 EC 57 D9
10:55:36.190 [TX CF9] 67 29 37 B3 7F 69 1E D6
10:55:36.200 [TX CF10] 67 2A 7D B5 7B 7B F7 19
10:55:36.212 [TX CF11] 67 2B EE 77 DD 77 BB FF
10:55:36.222 [TX CF12] 67 2C 7A 1E F8 7D F9 78
10:55:36.233 [TX CF13] 67 2D 03 F0 29 E0 97 C1
10:55:36.243 [TX CF14] 67 2E B7 84 7F 0B 1E 1A
10:55:36.255 [TX CF15] 67 2F 7C 3D 78 8B F1 39
10:55:36.266 [TX CF0] 67 20 E2 B7 C5 F7 8C FF
10:55:36.277 [TX CF1] 67 21 1C 1E 3C 7C 81 79
10:55:36.287 [TX CF2] 67 22 13 F2 49 E4 D7 CA
10:55:36.297 [TX CF3] 67 23 37 95 7F 2D 1E 5E
10:55:36.307 [TX CF4] 67 24 7C C5 79 9B F3 59
10:55:36.317 [TX CF5] 67 25 E6 F7 CE 77 9D FF
10:55:36.328 [TX CF6] 67 26 3E 1E 80 7D 09 7A
10:55:36.338 [TX CF7] 67 27 23 F4 69 E9 17 D2
10:55:36.349 [TX CF8] 67 28 B7 A6 7F 4F 1E A2
10:55:36.359 [TX CF9] 67 29 7D 4D 7A AB F5 79
10:55:36.370 [TX CF10] 67 2A EB 37 D6 F7 AE FF
10:55:36.380 [TX CF11] 67 2B 60 1E C4 7D 91 7B
10:55:36.391 [TX CF12] 67 2C 33 F6 89 ED 57 DB
10:55:36.401 [TX CF13] 67 2D 37 B7 7F 71 1E E6
10:55:36.412 [TX CF14] 67 2E 7D D5 7B BB F7 99
10:55:36.423 [TX CF15] 67 2F EF 77 DF 77 FF DF
10:55:36.433 [TX CF0] 67 20 FF 81 1F 04 5E 0C
10:55:36.443 [TX CF1] 67 21 FC 22 78 55 F0 CD
10:55:36.454 [TX CF2] 67 22 E1 DF C4 47 89 9F
10:55:36.464 [TX CF3] 67 23 15 5E 2E FC 66 78
10:55:36.475 [TX CF4] 67 24 DD F1 DD E3 FF C8
10:55:36.486 [TX CF5] 67 25 87 92 1F 26 5E 50
10:55:36.496 [TX CF6] 67 26 FC AA 79 65 F2 ED
10:55:36.507 [TX CF7] 67 27 E6 1F CC C7 9A 9F
10:55:36.519 [TX CF8] 67 28 37 5E 72 FC EE 79
10:55:36.529 [TX CF9] 67 29 ED F3 FD E8 3F D1
10:55:36.540 [TX CF10] 67 2A 07 A3 1F 48 5E 94
10:55:36.550 [TX CF11] 67 2B FD 32 7A 75 F5 0D
10:55:36.561 [TX CF12] 67 2C EA 5F D5 47 AB 9F
10:55:36.572 [TX CF13] 67 2D 59 5E B6 FD 76 7A
10:55:36.583 [TX CF14] 67 2E FD F6 1D EC 7F D9
10:55:36.593 [TX CF15] 67 2F 87 B4 1F 6A 5E D8
10:55:36.604 [TX CF0] 67 20 FD BA 7B 85 F7 2D
10:55:36.614 [TX CF1] 67 21 EE 9F DD C7 BC 9F
10:55:36.624 [TX CF2] 67 22 7B 5E FA FD FE 78
10:55:36.636 [TX CF3] 67 23 0D F0 3D E0 BF C2
10:55:36.646 [TX CF4] 67 24 07 85 1F 0C 5E 1C
10:55:36.657 [TX CF5] 67 25 FC 42 78 95 F1 4D
10:55:36.667 [TX CF6] 67 26 E2 DF C6 47 8D 9F
10:55:36.677 [TX CF7] 67 27 1D 5E 3E FC 86 79
10:55:36.688 [TX CF8] 67 28 1D F2 5D E4 FF CA
10:55:36.698 [TX CF9] 67 29 87 96 1F 2E 5E 60
10:55:36.708 [TX CF10] 67 2A FC CA 79 A5 F3 6D
10:55:36.719 [TX CF11] 67 2B E7 1F CE C7 9E 9F
10:55:36.730 [TX CF12] 67 2C 3F 5E 82 FD 0E 7A
10:55:36.740 [TX CF13] 67 2D 2D F4 7D E9 3F D3
10:55:36.751 [TX CF14] 67 2E 07 A7 1F 50 5E A4
10:55:36.762 [TX CF15] 67 2F FD 52 7A B5 F5 8D
10:55:36.772 [TX CF0] 67 20 EB 5F D7 47 AF 9F
10:55:36.784 [TX CF1] 67 21 61 5E C6 FD 96 7B
10:55:36.794 [TX CF2] 67 22 3D F6 9D ED 7F DB
10:55:36.806 [TX CF3] 67 23 87 B8 1F 72 5E E8
10:55:36.817 [TX CF4] 67 24 FD DA 7B C5 F7 AD
10:55:36.827 [TX CF5] 67 25 EF 9F DF C7 80 9F
10:55:36.839 [TX CF6] 67 26 03 5E 0A FC 1E 78
10:55:36.850 [TX CF7] 67 27 4D F0 BD E1 BF C4
10:55:36.861 [TX CF8] 67 28 07 89 1F 14 5E 2C
10:55:36.872 [TX CF9] 67 29 FC 62 78 D5 F1 CD
10:55:36.883 [TX CF10] 67 2A E3 DF C8 47 91 9F
10:55:36.893 [TX CF11] 67 2B 25 5E 4E FC A6 79
10:55:36.903 [TX CF12] 67 2C 5D F2 DD E5 FF CC
10:55:36.914 [TX CF13] 67 2D 87 9A 1F 36 5E 70
10:55:36.925 [TX CF14] 67 2E FC EA 79 E5 F3 ED
10:55:36.935 [TX CF15] 67 2F E8 1F D0 C7 A2 9F
10:55:36.946 [TX CF0] 67 20 47 5E 92 FD 2E 7A
10:55:36.957 [TX CF1] 67 21 6D F4 FD EA 3F D5
10:55:36.968 [TX CF2] 67 22 07 AB 1F 58 5E B4
10:55:36.978 [TX CF3] 67 23 FD 72 7A F5 F6 0D
10:55:36.989 [TX CF4] 67 24 EC 5F D9 47 B3 9F
10:55:37.001 [TX CF5] 67 25 69 5E D6 FD B6 7B
10:55:37.012 [TX CF6] 67 26 7D F7 1D EE 7F DD
10:55:37.024 [TX CF7] 67 27 87 BC 1F 7A 5E F8
10:55:37.035 [TX CF8] 67 28 FD FA 78 05 F0 2D
10:55:37.047 [TX CF9] 67 29 E0 9F C1 C7 84 9F
10:55:37.058 [TX CF10] 67 2A 0B 5E 1A FC 3E 78
10:55:37.069 [TX CF11] 67 2B 8D F1 3D E2 BF C6
10:55:37.083 [TX CF12] 67 2C 07 8D 1F 1C 5E 3C
10:55:37.093 [TX CF13] 67 2D FC 82 79 15 F2 4D
10:55:37.104 [TX CF14] 67 2E E4 DF CA 47 95 9F
10:55:37.116 [TX CF15] 67 2F 2D 5E 5E FC C6 79
10:55:37.128 [TX CF0] 67 20 9D F3 5D E6 FF CE
10:55:37.139 [TX CF1] 67 21 87 9E 1F 3E 5E 80
10:55:37.150 [TX CF2] 67 22 FD 0A 7A 25 F4 6D
10:55:37.160 [TX CF3] 67 23 E9 1F D2 C7 A6 9F
10:55:37.172 [TX CF4] 67 24 4F 5E A2 FD 4E 7A
10:55:37.183 [TX CF5] 67 25 AD F5 7D EB 3F D7
10:55:37.193 [TX CF6] 67 26 07 AF 1F 60 5E C4
10:55:37.204 [TX CF7] 67 27 FD 92 7B 35 F6 8D
10:55:37.214 [TX CF8] 67 28 ED 5F DB 47 B7 9F
10:55:37.224 [TX CF9] 67 29 71 5E E6 FD D6 7B
10:55:37.236 [TX CF10] 67 2A BD F7 9D EF 7F DF
10:55:37.246 [TX CF11] 67 2B 87 80 1F 02 5E 08
10:55:37.256 [TX CF12] 67 2C FC 1A 78 45 F0 AD
10:55:37.267 [TX CF13] 67 2D E1 9F C3 C7 88 9F
10:55:37.277 [TX CF14] 67 2E 13 5E 2A FC 5E 78
10:55:37.288 [TX CF15] 67 2F CD F1 BD E3 BF C8
10:55:37.298 [TX CF0] 67 20 07 91 1F 24 5E 4C
10:55:37.309 [TX CF1] 67 21 FC A2 79 55 F2 CD
10:55:37.319 [TX CF2] 67 22 E5 DF CC 47 99 9F
10:55:37.329 [TX CF3] 67 23 35 5E 6E FC E6 79
10:55:37.339 [TX CF4] 67 24 DD F3 DD E7 FF D0
10:55:37.350 [TX CF5] 67 25 87 A2 1F 46 5E 90
10:55:37.360 [TX CF6] 67 26 FD 2A 7A 65 F4 ED
10:55:37.371 [TX CF7] 67 27 EA 1F D4 C7 AA 9F
10:55:37.383 [TX CF8] 67 28 57 5E B2 FD 6E 7A
10:55:37.394 [TX CF9] 67 29 ED F5 FD EC 3F D9
10:55:37.404 [TX CF10] 67 2A 07 B3 1F 68 5E D4
10:55:37.415 [TX CF11] 67 2B FD B2 7B 75 F7 0D
10:55:37.425 [TX CF12] 67 2C EE 5F DD 47 BB 9F
10:55:37.436 [TX CF13] 67 2D 79 5E F6 FD F6 7B
10:55:37.447 [TX CF14] 67 2E FD F0 1D E0 7F C1
10:55:37.458 [TX CF15] 67 2F 87 84 1F 0A 5E 18
10:55:37.469 [TX CF0] 67 20 FC 3A 78 85 F1 2D
10:55:37.479 [TX CF1] 67 21 E2 9F C5 C7 8C 9F
10:55:37.490 [TX CF2] 67 22 1B 5E 3A FC 7E 79
10:55:37.500 [TX CF3] 67 23 0D F2 3D E4 BF CA
10:55:37.510 [TX CF4] 67 24 07 95 1F 2C 5E 5C
10:55:37.521 [TX CF5] 67 25 FC C2 79 95 F3 4D
10:55:37.531 [TX CF6] 67 26 E6 DF CE 47 9D 9F
10:55:37.542 [TX CF7] 67 27 3D 5E 7E FD 06 7A
10:55:37.553 [TX CF8] 67 28 1D F4 5D E8 FF D2
10:55:37.563 [TX CF9] 67 29 87 A6 1F 4E 5E A0
10:55:37.573 [TX CF10] 67 2A FD 4A 7A A5 F5 6D
10:55:37.585 [TX CF11] 67 2B EB 1F D6 C7 AE 9F
10:55:37.596 [TX CF12] 67 2C 5F 5E C2 FD 8E 7B
10:55:37.608 [TX CF13] 67 2D 2D F6 7D ED 3F DB
10:55:37.619 [TX CF14] 67 2E 07 B7 1F 70 5E E4
10:55:37.630 [TX CF15] 67 2F FD D2 7B B5 F7 8D
10:55:37.641 [TX CF0] 67 20 EF 5F DF 47 BF 9F
10:55:37.651 [TX CF1] 67 21 01 5E 06 FC 16 78
10:55:37.661 [TX CF2] 67 22 3D F0 9D E1 7F C3
10:55:37.671 [TX CF3] 67 23 87 88 1F 12 5E 28
10:55:37.682 [TX CF4] 67 24 FC 5A 78 C5 F1 AD
10:55:37.693 [TX CF5] 67 25 E3 9F C7 C7 90 9F
10:55:37.703 [TX CF6] 67 26 23 5E 4A FC 9E 79
10:55:37.713 [TX CF7] 67 27 4D F2 BD E5 BF CC
10:55:37.723 [TX CF8] 67 28 07 99 1F 34 5E 6C
10:55:37.734 [TX CF9] 67 29 FC E2 79 D5 F3 CD
10:55:37.744 [TX CF10] 67 2A E7 DF D0 47 A1 9F
10:55:37.754 [TX CF11] 67 2B 45 5E 8E FD 26 7A
10:55:37.765 [TX CF12] 67 2C 5D F4 DD E9 FF D4
10:55:37.776 [TX CF13] 67 2D 87 AA 1F 56 5E B0
10:55:37.786 [TX CF14] 67 2E FD 6A 7A E5 F5 ED
10:55:37.796 [TX CF15] 67 2F EC 1F D8 C7 B2 9F
10:55:37.806 [TX CF0] 67 20 67 5E D2 FD AE 7B
10:55:37.818 [TX CF1] 67 21 6D F6 FD EE 3F DD
10:55:37.828 [TX CF2] 67 22 07 BB 1F 78 5E F4
10:55:37.839 [TX CF3] 67 23 FD F2 7B F5 F0 0D
10:55:37.850 [TX CF4] 67 24 E0 5F C1 47 83 9F
10:55:37.860 [TX CF5] 67 25 09 5E 16 FC 36 78
10:55:37.871 [TX CF6] 67 26 7D F1 1D E2 7F C5
10:55:37.881 [TX CF7] 67 27 87 8C 1F 1A 5E 38
10:55:37.893 [TX CF8] 67 28 FC 7A 79 05 F2 2D
10:55:37.905 [TX CF9] 67 29 E4 9F C9 C7 94 9F
10:55:37.916 [TX CF10] 67 2A 2B 5E 5A FC BE 79
10:55:37.927 [TX CF11] 67 2B 8D F3 3D E6 BF CE
10:55:37.939 [TX CF12] 67 2C 07 9D 1F 3C 5E 7C
10:55:37.951 [TX CF13] 67 2D FD 02 7A 15 F4 4D
10:55:37.963 [TX CF14] 67 2E E8 DF D2 47 A5 9F
10:55:37.974 [TX CF15] 67 2F 4D 5E 9E FD 46 7A
10:55:37.986 [TX CF0] 67 20 9D F5 5D EA FF D6
10:55:37.996 [TX CF1] 67 21 87 AE 1F 5E 5E C0
10:55:38.008 [TX CF2] 67 22 FD 8A 7B 25 F6 6D
10:55:38.019 [TX CF3] 67 23 ED 1F DA C7 B6 9F
10:55:38.030 [TX CF4] 67 24 6F 5E E2 FD CE 7B
10:55:38.042 [TX CF5] 67 25 AD F7 7D EF 3F DF
10:55:38.053 [TX CF6] 67 26 07 BF 1F 00 5E 04
10:55:38.064 [TX CF7] 67 27 FC 12 78 35 F0 8D
10:55:38.075 [TX CF8] 67 28 E1 5F C3 47 87 9F
10:55:38.085 [TX CF9] 67 29 11 5E 26 FC 56 78
10:55:38.096 [TX CF10] 67 2A BD F1 9D E3 7F C7
10:55:38.107 [TX CF11] 67 2B 87 90 1F 22 5E 48
10:55:38.118 [TX CF12] 67 2C FC 9A 79 45 F2 AD
10:55:38.129 [TX CF13] 67 2D E5 9F CB C7 98 9F
10:55:38.140 [TX CF14] 67 2E 33 5E 6A FC DE 79
10:55:38.151 [TX CF15] 67 2F CD F3 BD E7 BF D0
10:55:38.162 [TX CF0] 67 20 07 A1 1F 44 5E 8C
10:55:38.173 [TX CF1] 67 21 FD 22 7A 55 F4 CD
10:55:38.184 [TX CF2] 67 22 E9 DF D4 47 A9 9F
10:55:38.194 [TX CF3] 67 23 55 5E AE FD 66 7A
10:55:38.205 [TX CF4] 67 24 DD F5 DD EB FF D8
10:55:38.217 [TX CF5] 67 25 87 B2 1F 66 5E D0
10:55:38.227 [TX CF6] 67 26 FD AA 7B 65 F6 ED
10:55:38.238 [TX CF7] 67 27 EE 1F DC C7 BA 9F
10:55:38.249 [TX CF8] 67 28 77 5E F2 FD EE 7B
10:55:38.260 [TX CF9] 67 29 ED F7 FD E0 3F C1
10:55:38.270 [TX CF10] 67 2A 07 83 1F 08 5E 14
10:55:38.281 [TX CF11] 67 2B FC 32 78 75 F1 0D
10:55:38.292 [TX CF12] 67 2C E2 5F C5 47 8B 9F
10:55:38.303 [TX CF13] 67 2D 19 5E 36 FC 76 78
10:55:38.314 [TX CF14] 67 2E FD F2 1D E4 7F C9
10:55:38.325 [TX CF15] 67 2F 87 94 1F 2A 5E 58
10:55:38.336 [TX CF0] 67 20 FC BA 79 85 F3 2D
10:55:38.348 [TX CF1] 67 21 E6 9F CD C7 9C 9F
10:55:38.359 [TX CF2] 67 22 3B 5E 7A FC FE 7A
10:55:38.369 [TX CF3] 67 23 0D F4 3D E8 BF D2
10:55:38.380 [TX CF4] 67 24 07 A5 1F 4C 5E 9C
10:55:38.390 [TX CF5] 67 25 FD 42 7A 95 F5 4D
10:55:38.401 [TX CF6] 67 26 EA DF D6 47 AD 9F
10:55:38.411 [TX CF7] 67 27 5D 5E BE FD 86 7B
10:55:38.422 [TX CF8] 67 28 1D F6 5D EC FF DA
10:55:38.433 [TX CF9] 67 29 87 B6 1F 6E 5E E0
10:55:38.443 [TX CF10] 67 2A FD CA 7B A5 F7 6D
10:55:38.454 [TX CF11] 67 2B EF 1F DE C7 BE 9F
10:55:38.464 [TX CF12] 67 2C 7F 5E 02 FC 0E 78
10:55:38.475 [TX CF13] 67 2D 2D F0 7D E1 3F C3
10:55:38.485 [TX CF14] 67 2E 07 87 1F 10 5E 24
10:55:38.495 [TX CF15] 67 2F FC 52 78 B5 F1 8D
10:55:38.505 [TX CF0] 67 20 E3 5F C7 47 8F 9F
10:55:38.516 [TX CF1] 67 21 21 5E 46 FC 96 79
10:55:38.527 [TX CF2] 67 22 3D F2 9D E5 7F CB
10:55:38.538 [TX CF3] 67 23 87 98 1F 32 5E 68
10:55:38.549 [TX CF4] 67 24 FC DA 79 C5 F3 AD
10:55:38.559 [TX CF5] 67 25 E7 9F CF C7 A0 9F
10:55:38.569 [TX CF6] 67 26 43 5E 8A FD 1E 7A
10:55:38.580 [TX CF7] 67 27 4D F4 BD E9 BF D4
10:55:38.590 [TX CF8] 67 28 07 A9 1F 54 5E AC
10:55:38.602 [TX CF9] 67 29 FD 62 7A D5 F5 CD
10:55:38.612 [TX CF10] 67 2A EB DF D8 47 B1 9F
10:55:38.622 [TX CF11] 67 2B 65 5E CE FD A6 7B
10:55:38.633 [TX CF12] 67 2C 5D F6 DD ED FF DC
10:55:38.643 [TX CF13] 67 2D 87 BA 1F 76 5E F0
10:55:38.654 [TX CF14] 67 2E FD EA 7B E5 F7 ED
10:55:38.664 [TX CF15] 67 2F E0 1F C0 C7 82 9F
10:55:38.675 [TX CF0] 67 20 07 5E 12 FC 2E 78
10:55:38.686 [TX CF1] 67 21 6D F0 FD E2 3F C5
10:55:38.696 [TX CF2] 67 22 07 8B 1F 18 5E 34
10:55:38.708 [TX CF3] 67 23 FC 72 78 F5 F2 0D
10:55:38.719 [TX CF4] 67 24 E4 5F C9 47 93 9F
10:55:38.729 [TX CF5] 67 25 29 5E 56 FC B6 79
10:55:38.740 [TX CF6] 67 26 7D F3 1D E6 7F CD
10:55:38.751 [TX CF7] 67 27 87 9C 1F 3A 5E 78
10:55:38.762 [TX CF8] 67 28 FC FA 7A 05 F4 2D
10:55:38.773 [TX CF9] 67 29 E8 9F D1 C7 A4 9F
10:55:38.784 [TX CF10] 67 2A 4B 5E 9A FD 3E 7A
10:55:38.794 [TX CF11] 67 2B 8D F5 3D EA BF D6
10:55:38.804 [TX CF12] 67 2C 07 AD 1F 5C 5E BC
10:55:38.816 [TX CF13] 67 2D FD 82 7B 15 F6 4D
10:55:38.826 [TX CF14] 67 2E EC DF DA 47 B5 9F
10:55:38.836 [TX CF15] 67 2F 6D 5E DE FD C6 7B
10:55:38.846 [TX CF0] 67 20 9D F7 5D EE FF DE
10:55:38.858 [TX CF1] 67 21 87 BE 1F 7E 5E 00
10:55:38.868 [TX CF2] 67 22 FC 0A 78 25 F0 6D
10:55:38.879 [TX CF3] 67 23 E1 1F C2 C7 86 9F
10:55:38.891 [TX CF4] 67 24 0F 5E 22 FC 4E 78
10:55:38.901 [TX CF5] 67 25 AD F1 7D E3 3F C7
10:55:38.911 [TX CF6] 67 26 07 8F 1F 20 5E 44
10:55:38.922 [TX CF7] 67 27 FC 92 79 35 F2 8D
10:55:38.934 [TX CF8] 67 28 E5 5F CB 47 97 9F
10:55:38.944 [TX CF9] 67 29 31 5E 66 FC D6 79
10:55:38.955 [TX CF10] 67 2A BD F3 9D E7 7F CF
10:55:38.966 [TX CF11] 67 2B 87 A0 1F 42 5E 88
10:55:38.978 [TX CF12] 67 2C FD 1A 7A 45 F4 AD
10:55:38.989 [TX CF13] 67 2D E9 9F D3 C7 A8 9F
10:55:39.000 [TX CF14] 67 2E 53 5E AA FD 5E 7A
10:55:39.012 [TX CF15] 67 2F CD F5 BD EB BF D8
10:55:39.022 [TX CF0] 67 20 07 B1 1F 64 5E CC
10:55:39.033 [TX CF1] 67 21 FD A2 7B 55 F6 CD
10:55:39.043 [TX CF2] 67 22 ED DF DC 47 B9 9F
10:55:39.054 [TX CF3] 67 23 75 5E EE FD E6 7B
10:55:39.064 [TX CF4] 67 24 DD F7 DD FF FF FF
10:55:39.084 [RX SF ] 67 02 76 12 FF FF FF FF
10:55:39.085 [RX    ] 76 12
10:55:39.085 [PASS  ] TransferData block=18 | expected: 76 ... | received: 76 12
10:55:39.096 ------------------------------------------------------------------------
10:55:39.096 [STEP  ] 0x36 block=19  offset=36720/45254  (81%)
10:55:39.097 [TX TransferData block=19 len=2040] 36 13 FF F7 FF E0 47 C1 17 83 3F 08 9E 15 7C 33...
10:55:39.097 [TX FF ] 67 17 FA 36 13 FF F7 FF
10:55:39.108 [TX CF1] 67 21 E0 47 C1 17 83 3F
10:55:39.120 [TX CF2] 67 22 08 9E 15 7C 33 78
10:55:39.132 [TX CF3] 67 23 77 F1 11 E2 67 C5
10:55:39.143 [TX CF4] 67 24 57 8B BF 19 9E 37
10:55:39.153 [TX CF5] 67 25 7C 77 78 FF F2 21
10:55:39.163 [TX CF6] 67 26 E4 87 C9 97 94 3F
10:55:39.173 [TX CF7] 67 27 2A 9E 59 7C BB 79
10:55:39.185 [TX CF8] 67 28 87 F3 31 E6 A7 CD
10:55:39.195 [TX CF9] 67 29 D7 9C BF 3B 9E 7B
10:55:39.207 [TX CF10] 67 2A 7C FF 7A 0F F4 41
10:55:39.218 [TX CF11] 67 2B E8 C7 D2 17 A5 3F
10:55:39.229 [TX CF12] 67 2C 4C 9E 9D 7D 43 7A
10:55:39.240 [TX CF13] 67 2D 97 F5 51 EA E7 D6
10:55:39.251 [TX CF14] 67 2E 57 AD BF 5D 9E BF
10:55:39.263 [TX CF15] 67 2F 7D 87 7B 1F F6 61
10:55:39.274 [TX CF0] 67 20 ED 07 DA 97 B6 3F
10:55:39.286 [TX CF1] 67 21 6E 9E E1 7D CB 7B
10:55:39.297 [TX CF2] 67 22 A7 F7 71 EF 27 DE
10:55:39.307 [TX CF3] 67 23 D7 BE BF 7F 9E 03
10:55:39.318 [TX CF4] 67 24 7C 0F 78 2F F0 81
10:55:39.328 [TX CF5] 67 25 E1 47 C3 17 87 3F
10:55:39.339 [TX CF6] 67 26 10 9E 25 7C 53 78
10:55:39.349 [TX CF7] 67 27 B7 F1 91 E3 67 C7
10:55:39.361 [TX CF8] 67 28 57 8F BF 21 9E 47
10:55:39.371 [TX CF9] 67 29 7C 97 79 3F F2 A1
10:55:39.382 [TX CF10] 67 2A E5 87 CB 97 98 3F
10:55:39.393 [TX CF11] 67 2B 32 9E 69 7C DB 79
10:55:39.404 [TX CF12] 67 2C C7 F3 B1 E7 A7 CF
10:55:39.414 [TX CF13] 67 2D D7 A0 BF 43 9E 8B
10:55:39.424 [TX CF14] 67 2E 7D 1F 7A 4F F4 C1
10:55:39.435 [TX CF15] 67 2F E9 C7 D4 17 A9 3F
10:55:39.445 [TX CF0] 67 20 54 9E AD 7D 63 7A
10:55:39.457 [TX CF1] 67 21 D7 F5 D1 EB E7 D8
10:55:39.467 [TX CF2] 67 22 57 B1 BF 65 9E CF
10:55:39.479 [TX CF3] 67 23 7D A7 7B 5F F6 E1
10:55:39.490 [TX CF4] 67 24 EE 07 DC 97 BA 3F
10:55:39.500 [TX CF5] 67 25 76 9E F1 7D EB 7B
10:55:39.512 [TX CF6] 67 26 E7 F7 F1 E0 27 C0
10:55:39.523 [TX CF7] 67 27 D7 82 BF 07 9E 13
10:55:39.535 [TX CF8] 67 28 7C 2F 78 6F F1 01
10:55:39.545 [TX CF9] 67 29 E2 47 C5 17 8B 3F
10:55:39.557 [TX CF10] 67 2A 18 9E 35 7C 73 78
10:55:39.568 [TX CF11] 67 2B F7 F2 11 E4 67 C9
10:55:39.578 [TX CF12] 67 2C 57 93 BF 29 9E 57
10:55:39.589 [TX CF13] 67 2D 7C B7 79 7F F3 21
10:55:39.599 [TX CF14] 67 2E E6 87 CD 97 9C 3F
10:55:39.610 [TX CF15] 67 2F 3A 9E 79 7C FB 7A
10:55:39.620 [TX CF0] 67 20 07 F4 31 E8 A7 D1
10:55:39.631 [TX CF1] 67 21 D7 A4 BF 4B 9E 9B
10:55:39.641 [TX CF2] 67 22 7D 3F 7A 8F F5 41
10:55:39.652 [TX CF3] 67 23 EA C7 D6 17 AD 3F
10:55:39.662 [TX CF4] 67 24 5C 9E BD 7D 83 7B
10:55:39.674 [TX CF5] 67 25 17 F6 51 EC E7 DA
10:55:39.685 [TX CF6] 67 26 57 B5 BF 6D 9E DF
10:55:39.696 [TX CF7] 67 27 7D C7 7B 9F F7 61
10:55:39.708 [TX CF8] 67 28 EF 07 DE 97 BE 3F
10:55:39.718 [TX CF9] 67 29 7E 9E 01 7C 0B 78
10:55:39.730 [TX CF10] 67 2A 27 F0 71 E1 27 C2
10:55:39.741 [TX CF11] 67 2B D7 86 BF 0F 9E 23
10:55:39.752 [TX CF12] 67 2C 7C 4F 78 AF F1 81
10:55:39.763 [TX CF13] 67 2D E3 47 C7 17 8F 3F
10:55:39.774 [TX CF14] 67 2E 20 9E 45 7C 93 79
10:55:39.785 [TX CF15] 67 2F 37 F2 91 E5 67 CB
10:55:39.797 [TX CF0] 67 20 57 97 BF 31 9E 67
10:55:39.807 [TX CF1] 67 21 7C D7 79 BF F3 A1
10:55:39.817 [TX CF2] 67 22 E7 87 CF 97 A0 3F
10:55:39.828 [TX CF3] 67 23 42 9E 89 7D 1B 7A
10:55:39.838 [TX CF4] 67 24 47 F4 B1 E9 A7 D3
10:55:39.850 [TX CF5] 67 25 D7 A8 BF 53 9E AB
10:55:39.861 [TX CF6] 67 26 7D 5F 7A CF F5 C1
10:55:39.872 [TX CF7] 67 27 EB C7 D8 17 B1 3F
10:55:39.883 [TX CF8] 67 28 64 9E CD 7D A3 7B
10:55:39.893 [TX CF9] 67 29 57 F6 D1 ED E7 DC
10:55:39.903 [TX CF10] 67 2A 57 B9 BF 75 9E EF
10:55:39.913 [TX CF11] 67 2B 7D E7 7B DF F7 E1
10:55:39.923 [TX CF12] 67 2C E0 07 C0 97 82 3F
10:55:39.934 [TX CF13] 67 2D 06 9E 11 7C 2B 78
10:55:39.945 [TX CF14] 67 2E 67 F0 F1 E2 27 C4
10:55:39.955 [TX CF15] 67 2F D7 8A BF 17 9E 33
10:55:39.966 [TX CF0] 67 20 7C 6F 78 EF F2 01
10:55:39.977 [TX CF1] 67 21 E4 47 C9 17 93 3F
10:55:39.987 [TX CF2] 67 22 28 9E 55 7C B3 79
10:55:39.997 [TX CF3] 67 23 77 F3 11 E6 67 CD
10:55:40.008 [TX CF4] 67 24 57 9B BF 39 9E 77
10:55:40.019 [TX CF5] 67 25 7C F7 79 FF F4 21
10:55:40.029 [TX CF6] 67 26 E8 87 D1 97 A4 3F
10:55:40.040 [TX CF7] 67 27 4A 9E 99 7D 3B 7A
10:55:40.050 [TX CF8] 67 28 87 F5 31 EA A7 D5
10:55:40.060 [TX CF9] 67 29 D7 AC BF 5B 9E BB
10:55:40.072 [TX CF10] 67 2A 7D 7F 7B 0F F6 41
10:55:40.083 [TX CF11] 67 2B EC C7 DA 17 B5 3F
10:55:40.093 [TX CF12] 67 2C 6C 9E DD 7D C3 7B
10:55:40.104 [TX CF13] 67 2D 97 F7 51 EE E7 DE
10:55:40.114 [TX CF14] 67 2E 57 BD BF 7D 9E FF
10:55:40.125 [TX CF15] 67 2F 7C 07 78 1F F0 61
10:55:40.136 [TX CF0] 67 20 E1 07 C2 97 86 3F
10:55:40.148 [TX CF1] 67 21 0E 9E 21 7C 4B 78
10:55:40.158 [TX CF2] 67 22 A7 F1 71 E3 27 C6
10:55:40.169 [TX CF3] 67 23 D7 8E BF 1F 9E 43
10:55:40.180 [TX CF4] 67 24 7C 8F 79 2F F2 81
10:55:40.192 [TX CF5] 67 25 E5 47 CB 17 97 3F
10:55:40.202 [TX CF6] 67 26 30 9E 65 7C D3 79
10:55:40.212 [TX CF7] 67 27 B7 F3 91 E7 67 CF
10:55:40.224 [TX CF8] 67 28 57 9F BF 41 9E 87
10:55:40.235 [TX CF9] 67 29 7D 17 7A 3F F4 A1
10:55:40.245 [TX CF10] 67 2A E9 87 D3 97 A8 3F
10:55:40.256 [TX CF11] 67 2B 52 9E A9 7D 5B 7A
10:55:40.267 [TX CF12] 67 2C C7 F5 B1 EB A7 D7
10:55:40.278 [TX CF13] 67 2D D7 B0 BF 63 9E CB
10:55:40.289 [TX CF14] 67 2E 7D 9F 7B 4F F6 C1
10:55:40.301 [TX CF15] 67 2F ED C7 DC 17 B9 3F
10:55:40.312 [TX CF0] 67 20 74 9E ED 7D E3 7B
10:55:40.323 [TX CF1] 67 21 D7 F7 D1 EF E7 C0
10:55:40.334 [TX CF2] 67 22 57 81 BF 05 9E 0F
10:55:40.345 [TX CF3] 67 23 7C 27 78 5F F0 E1
10:55:40.355 [TX CF4] 67 24 E2 07 C4 97 8A 3F
10:55:40.365 [TX CF5] 67 25 16 9E 31 7C 6B 78
10:55:40.376 [TX CF6] 67 26 E7 F1 F1 E4 27 C8
10:55:40.387 [TX CF7] 67 27 D7 92 BF 27 9E 53
10:55:40.397 [TX CF8] 67 28 7C AF 79 6F F3 01
10:55:40.409 [TX CF9] 67 29 E6 47 CD 17 9B 3F
10:55:40.420 [TX CF10] 67 2A 38 9E 75 7C F3 79
10:55:40.431 [TX CF11] 67 2B F7 F4 11 E8 67 D1
10:55:40.442 [TX CF12] 67 2C 57 A3 BF 49 9E 97
10:55:40.453 [TX CF13] 67 2D 7D 37 7A 7F F5 21
10:55:40.463 [TX CF14] 67 2E EA 87 D5 97 AC 3F
10:55:40.475 [TX CF15] 67 2F 5A 9E B9 7D 7B 7B
10:55:40.486 [TX CF0] 67 20 07 F6 31 EC A7 D9
10:55:40.496 [TX CF1] 67 21 D7 B4 BF 6B 9E DB
10:55:40.508 [TX CF2] 67 22 7D BF 7B 8F F7 41
10:55:40.518 [TX CF3] 67 23 EE C7 DE 17 BD 3F
10:55:40.529 [TX CF4] 67 24 7C 9E FD 7C 03 78
10:55:40.540 [TX CF5] 67 25 17 F0 51 E0 E7 C2
10:55:40.550 [TX CF6] 67 26 57 85 BF 0D 9E 1F
10:55:40.560 [TX CF7] 67 27 7C 47 78 9F F1 61
10:55:40.571 [TX CF8] 67 28 E3 07 C6 97 8E 3F
10:55:40.581 [TX CF9] 67 29 1E 9E 41 7C 8B 79
10:55:40.592 [TX CF10] 67 2A 27 F2 71 E5 27 CA
10:55:40.603 [TX CF11] 67 2B D7 96 BF 2F 9E 63
10:55:40.613 [TX CF12] 67 2C 7C CF 79 AF F3 81
10:55:40.624 [TX CF13] 67 2D E7 47 CF 17 9F 3F
10:55:40.634 [TX CF14] 67 2E 40 9E 85 7D 13 7A
10:55:40.644 [TX CF15] 67 2F 37 F4 91 E9 67 D3
10:55:40.654 [TX CF0] 67 20 57 A7 BF 51 9E A7
10:55:40.665 [TX CF1] 67 21 7D 57 7A BF F5 A1
10:55:40.675 [TX CF2] 67 22 EB 87 D7 97 B0 3F
10:55:40.686 [TX CF3] 67 23 62 9E C9 7D 9B 7B
10:55:40.696 [TX CF4] 67 24 47 F6 B1 ED A7 DB
10:55:40.708 [TX CF5] 67 25 D7 B8 BF 73 9E EB
10:55:40.719 [TX CF6] 67 26 7D DF 7B CF F7 C1
10:55:40.731 [TX CF7] 67 27 EF C7 C0 17 81 3F
10:55:40.742 [TX CF8] 67 28 04 9E 0D 7C 23 78
10:55:40.753 [TX CF9] 67 29 57 F0 D1 E1 E7 C4
10:55:40.763 [TX CF10] 67 2A 57 89 BF 15 9E 2F
10:55:40.773 [TX CF11] 67 2B 7C 67 78 DF F1 E1
10:55:40.785 [TX CF12] 67 2C E4 07 C8 97 92 3F
10:55:40.795 [TX CF13] 67 2D 26 9E 51 7C AB 79
10:55:40.806 [TX CF14] 67 2E 67 F2 F1 E6 27 CC
10:55:40.816 [TX CF15] 67 2F D7 9A BF 37 9E 73
10:55:40.827 [TX CF0] 67 20 7C EF 79 EF F4 01
10:55:40.837 [TX CF1] 67 21 E8 47 D1 17 A3 3F
10:55:40.848 [TX CF2] 67 22 48 9E 95 7D 33 7A
10:55:40.858 [TX CF3] 67 23 77 F5 11 EA 67 D5
10:55:40.868 [TX CF4] 67 24 57 AB BF 59 9E B7
10:55:40.879 [TX CF5] 67 25 7D 77 7A FF F6 21
10:55:40.889 [TX CF6] 67 26 EC 87 D9 97 B4 3F
10:55:40.900 [TX CF7] 67 27 6A 9E D9 7D BB 7B
10:55:40.910 [TX CF8] 67 28 87 F7 31 EE A7 DD
10:55:40.920 [TX CF9] 67 29 D7 BC BF 7B 9E FB
10:55:40.931 [TX CF10] 67 2A 7D FF 78 0F F0 41
10:55:40.942 [TX CF11] 67 2B E0 C7 C2 17 85 3F
10:55:40.953 [TX CF12] 67 2C 0C 9E 1D 7C 43 78
10:55:40.963 [TX CF13] 67 2D 97 F1 51 E2 E7 C6
10:55:40.974 [TX CF14] 67 2E 57 8D BF 1D 9E 3F
10:55:40.985 [TX CF15] 67 2F 7C 87 79 1F F2 61
10:55:40.997 [TX CF0] 67 20 E5 07 CA 97 96 3F
10:55:41.008 [TX CF1] 67 21 2E 9E 61 7C CB 79
10:55:41.019 [TX CF2] 67 22 A7 F3 71 E7 27 CE
10:55:41.031 [TX CF3] 67 23 D7 9E BF 3F 9E 83
10:55:41.042 [TX CF4] 67 24 7D 0F 7A 2F F4 81
10:55:41.053 [TX CF5] 67 25 E9 47 D3 17 A7 3F
10:55:41.063 [TX CF6] 67 26 50 9E A5 7D 53 7A
10:55:41.074 [TX CF7] 67 27 B7 F5 91 EB 67 D7
10:55:41.086 [TX CF8] 67 28 57 AF BF 61 9E C7
10:55:41.097 [TX CF9] 67 29 7D 97 7B 3F F6 A1
10:55:41.108 [TX CF10] 67 2A ED 87 DB 97 B8 3F
10:55:41.118 [TX CF11] 67 2B 72 9E E9 7D DB 7B
10:55:41.128 [TX CF12] 67 2C C7 F7 B1 EF A7 DF
10:55:41.139 [TX CF13] 67 2D D7 80 BF 03 9E 0B
10:55:41.150 [TX CF14] 67 2E 7C 1F 78 4F F0 C1
10:55:41.162 [TX CF15] 67 2F E1 C7 C4 17 89 3F
10:55:41.173 [TX CF0] 67 20 14 9E 2D 7C 63 78
10:55:41.184 [TX CF1] 67 21 D7 F1 D1 E3 E7 C8
10:55:41.194 [TX CF2] 67 22 57 91 BF 25 9E 4F
10:55:41.205 [TX CF3] 67 23 7C A7 79 5F F2 E1
10:55:41.216 [TX CF4] 67 24 E6 07 CC 97 9A 3F
10:55:41.226 [TX CF5] 67 25 36 9E 71 7C EB 79
10:55:41.238 [TX CF6] 67 26 E7 F3 F1 E8 27 D0
10:55:41.249 [TX CF7] 67 27 D7 A2 BF 47 9E 93
10:55:41.260 [TX CF8] 67 28 7D 2F 7A 6F F5 01
10:55:41.271 [TX CF9] 67 29 EA 47 D5 17 AB 3F
10:55:41.282 [TX CF10] 67 2A 58 9E B5 7D 73 7A
10:55:41.292 [TX CF11] 67 2B F7 F6 11 EC 67 D9
10:55:41.303 [TX CF12] 67 2C 57 B3 BF 69 9E D7
10:55:41.314 [TX CF13] 67 2D 7D B7 7B 7F F7 21
10:55:41.324 [TX CF14] 67 2E EE 87 DD 97 BC 3F
10:55:41.336 [TX CF15] 67 2F 7A 9E F9 7D FB 78
10:55:41.347 [TX CF0] 67 20 07 F0 31 E0 A7 C1
10:55:41.358 [TX CF1] 67 21 D7 84 BF 0B 9E 1B
10:55:41.370 [TX CF2] 67 22 7C 3F 78 8F F1 41
10:55:41.380 [TX CF3] 67 23 E2 C7 C6 17 8D 3F
10:55:41.391 [TX CF4] 67 24 1C 9E 3D 7C 83 79
10:55:41.402 [TX CF5] 67 25 17 F2 51 E4 E7 CA
10:55:41.412 [TX CF6] 67 26 57 95 BF 2D 9E 5F
10:55:41.423 [TX CF7] 67 27 7C C7 79 9F F3 61
10:55:41.434 [TX CF8] 67 28 E7 07 CE 97 9E 3F
10:55:41.444 [TX CF9] 67 29 3E 9E 81 7D 0B 7A
10:55:41.455 [TX CF10] 67 2A 27 F4 71 E9 27 D2
10:55:41.466 [TX CF11] 67 2B D7 A6 BF 4F 9E A3
10:55:41.477 [TX CF12] 67 2C 7D 4F 7A AF F5 81
10:55:41.487 [TX CF13] 67 2D EB 47 D7 17 AF 3F
10:55:41.498 [TX CF14] 67 2E 60 9E C5 7D 93 7B
10:55:41.508 [TX CF15] 67 2F 37 F6 91 ED 67 DB
10:55:41.518 [TX CF0] 67 20 57 B7 BF 71 9E E7
10:55:41.528 [TX CF1] 67 21 7D D7 7B BF F7 A1
10:55:41.539 [TX CF2] 67 22 EF 87 DF 97 80 3F
10:55:41.550 [TX CF3] 67 23 02 9E 09 7C 1B 78
10:55:41.561 [TX CF4] 67 24 47 F0 B1 E1 A7 C3
10:55:41.572 [TX CF5] 67 25 D7 88 BF 13 9E 2B
10:55:41.583 [TX CF6] 67 26 7C 5F 78 CF F1 C1
10:55:41.594 [TX CF7] 67 27 E3 C7 C8 17 91 3F
10:55:41.604 [TX CF8] 67 28 24 9E 4D 7C A3 79
10:55:41.614 [TX CF9] 67 29 57 F2 D1 E5 E7 CC
10:55:41.624 [TX CF10] 67 2A 57 99 BF 35 9E 6F
10:55:41.635 [TX CF11] 67 2B 7C E7 79 DF F3 E1
10:55:41.645 [TX CF12] 67 2C E8 07 D0 97 A2 3F
10:55:41.656 [TX CF13] 67 2D 46 9E 91 7D 2B 7A
10:55:41.667 [TX CF14] 67 2E 67 F4 F1 EA 27 D4
10:55:41.677 [TX CF15] 67 2F D7 AA BF 57 9E B3
10:55:41.687 [TX CF0] 67 20 7D 6F 7A EF F6 01
10:55:41.698 [TX CF1] 67 21 EC 47 D9 17 B3 3F
10:55:41.709 [TX CF2] 67 22 68 9E D5 7D B3 7B
10:55:41.719 [TX CF3] 67 23 77 F7 11 EE 67 DD
10:55:41.730 [TX CF4] 67 24 57 BB BF 79 9E F7
10:55:41.742 [TX CF5] 67 25 7D F7 7F FD FF F8
10:55:41.753 [TX CF6] 67 26 11 F0 45 E0 CF C2
10:55:41.763 [TX CF7] 67 27 27 85 5F 0C DE 1D
10:55:41.773 [TX CF8] 67 28 FC 44 78 99 F1 55
10:55:41.784 [TX CF9] 67 29 E2 EF C6 67 8D DF
10:55:41.794 [TX CF10] 67 2A 1D DE 3F FC 88 79
10:55:41.805 [TX CF11] 67 2B 21 F2 65 E5 0F CA
10:55:41.816 [TX CF12] 67 2C A7 96 5F 2E DE 61
10:55:41.827 [TX CF13] 67 2D FC CC 79 A9 F3 75
10:55:41.838 [TX CF14] 67 2E E7 2F CE E7 9E DF
10:55:41.850 [TX CF15] 67 2F 3F DE 83 FD 10 7A
10:55:41.861 [TX CF0] 67 20 31 F4 85 E9 4F D3
10:55:41.872 [TX CF1] 67 21 27 A7 5F 50 DE A5
10:55:41.883 [TX CF2] 67 22 FD 54 7A B9 F5 95
10:55:41.894 [TX CF3] 67 23 EB 6F D7 67 AF DF
10:55:41.904 [TX CF4] 67 24 61 DE C7 FD 98 7B
10:55:41.916 [TX CF5] 67 25 41 F6 A5 ED 8F DB
10:55:41.928 [TX CF6] 67 26 A7 B8 5F 72 DE E9
10:55:41.938 [TX CF7] 67 27 FD DC 7B C9 F7 B5
10:55:41.948 [TX CF8] 67 28 EF AF DF E7 80 DF
10:55:41.958 [TX CF9] 67 29 03 DE 0B FC 20 78
10:55:41.970 [TX CF10] 67 2A 51 F0 C5 E1 CF C4
10:55:41.982 [TX CF11] 67 2B 27 89 5F 14 DE 2D
10:55:41.993 [TX CF12] 67 2C FC 64 78 D9 F1 D5
10:55:42.003 [TX CF13] 67 2D E3 EF C8 67 91 DF
10:55:42.014 [TX CF14] 67 2E 25 DE 4F FC A8 79
10:55:42.025 [TX CF15] 67 2F 61 F2 E5 E6 0F CC
10:55:42.036 [TX CF0] 67 20 A7 9A 5F 36 DE 71
10:55:42.046 [TX CF1] 67 21 FC EC 79 E9 F3 F5
10:55:42.057 [TX CF2] 67 22 E8 2F D0 E7 A2 DF
10:55:42.068 [TX CF3] 67 23 47 DE 93 FD 30 7A
10:55:42.078 [TX CF4] 67 24 71 F5 05 EA 4F D5
10:55:42.090 [TX CF5] 67 25 27 AB 5F 58 DE B5
10:55:42.102 [TX CF6] 67 26 FD 74 7A F9 F6 15
10:55:42.112 [TX CF7] 67 27 EC 6F D9 67 B3 DF
10:55:42.122 [TX CF8] 67 28 69 DE D7 FD B8 7B
10:55:42.133 [TX CF9] 67 29 81 F7 25 EE 8F DD
10:55:42.143 [TX CF10] 67 2A A7 BC 5F 7A DE F9
10:55:42.154 [TX CF11] 67 2B FD FC 78 09 F0 35
10:55:42.164 [TX CF12] 67 2C E0 AF C1 E7 84 DF
10:55:42.175 [TX CF13] 67 2D 0B DE 1B FC 40 78
10:55:42.186 [TX CF14] 67 2E 91 F1 45 E2 CF C6
10:55:42.197 [TX CF15] 67 2F 27 8D 5F 1C DE 3D
10:55:42.207 [TX CF0] 67 20 FC 84 79 19 F2 55
10:55:42.219 [TX CF1] 67 21 E4 EF CA 67 95 DF
10:55:42.230 [TX CF2] 67 22 2D DE 5F FC C8 79
10:55:42.241 [TX CF3] 67 23 A1 F3 65 E7 0F CE
10:55:42.251 [TX CF4] 67 24 A7 9E 5F 3E DE 81
10:55:42.262 [TX CF5] 67 25 FD 0C 7A 29 F4 75
10:55:42.272 [TX CF6] 67 26 E9 2F D2 E7 A6 DF
10:55:42.284 [TX CF7] 67 27 4F DE A3 FD 50 7A
10:55:42.295 [TX CF8] 67 28 B1 F5 85 EB 4F D7
10:55:42.307 [TX CF9] 67 29 27 AF 5F 60 DE C5
10:55:42.318 [TX CF10] 67 2A FD 94 7B 39 F6 95
10:55:42.330 [TX CF11] 67 2B ED 6F DB 67 B7 DF
10:55:42.342 [TX CF12] 67 2C 71 DE E7 FD D8 7B
10:55:42.354 [TX CF13] 67 2D C1 F7 A5 EF 8F DF
10:55:42.365 [TX CF14] 67 2E A7 80 5F 02 DE 09
10:55:42.376 [TX CF15] 67 2F FC 1C 78 49 F0 B5
10:55:42.387 [TX CF0] 67 20 E1 AF C3 E7 88 DF
10:55:42.397 [TX CF1] 67 21 13 DE 2B FC 60 78
10:55:42.408 [TX CF2] 67 22 D1 F1 C5 E3 CF C8
10:55:42.419 [TX CF3] 67 23 27 91 5F 24 DE 4D
10:55:42.430 [TX CF4] 67 24 FC A4 79 59 F2 D5
10:55:42.440 [TX CF5] 67 25 E5 EF CC 67 99 DF
10:55:42.451 [TX CF6] 67 26 35 DE 6F FC E8 79
10:55:42.462 [TX CF7] 67 27 E1 F3 E5 E8 0F D0
10:55:42.473 [TX CF8] 67 28 A7 A2 5F 46 DE 91
10:55:42.483 [TX CF9] 67 29 FD 2C 7A 69 F4 F5
10:55:42.495 [TX CF10] 67 2A EA 2F D4 E7 AA DF
10:55:42.505 [TX CF11] 67 2B 57 DE B3 FD 70 7A
10:55:42.516 [TX CF12] 67 2C F1 F6 05 EC 4F D9
10:55:42.527 [TX CF13] 67 2D 27 B3 5F 68 DE D5
10:55:42.538 [TX CF14] 67 2E FD B4 7B 79 F7 15
10:55:42.548 [TX CF15] 67 2F EE 6F DD 67 BB DF
10:55:42.559 [TX CF0] 67 20 79 DE F7 FD F8 78
10:55:42.569 [TX CF1] 67 21 01 F0 25 E0 8F C1
10:55:42.579 [TX CF2] 67 22 A7 84 5F 0A DE 19
10:55:42.590 [TX CF3] 67 23 FC 3C 78 89 F1 35
10:55:42.600 [TX CF4] 67 24 E2 AF C5 E7 8C DF
10:55:42.611 [TX CF5] 67 25 1B DE 3B FC 80 79
10:55:42.622 [TX CF6] 67 26 11 F2 45 E4 CF CA
10:55:42.633 [TX CF7] 67 27 27 95 5F 2C DE 5D
10:55:42.644 [TX CF8] 67 28 FC C4 79 99 F3 55
10:55:42.654 [TX CF9] 67 29 E6 EF CE 67 9D DF
10:55:42.665 [TX CF10] 67 2A 3D DE 7F FD 08 7A
10:55:42.676 [TX CF11] 67 2B 21 F4 65 E9 0F D2
10:55:42.686 [TX CF12] 67 2C A7 A6 5F 4E DE A1
10:55:42.697 [TX CF13] 67 2D FD 4C 7A A9 F5 75
10:55:42.707 [TX CF14] 67 2E EB 2F D6 E7 AE DF
10:55:42.718 [TX CF15] 67 2F 5F DE C3 FD 90 7B
10:55:42.728 [TX CF0] 67 20 31 F6 85 ED 4F DB
10:55:42.739 [TX CF1] 67 21 27 B7 5F 70 DE E5
10:55:42.750 [TX CF2] 67 22 FD D4 7B B9 F7 95
10:55:42.761 [TX CF3] 67 23 EF 6F DF 67 BF DF
10:55:42.771 [TX CF4] 67 24 01 DE 07 FF FF FF
10:55:42.792 [RX SF ] 67 02 76 13 FF FF FF FF
10:55:42.792 [RX    ] 76 13
10:55:42.792 [PASS  ] TransferData block=19 | expected: 76 ... | received: 76 13
10:55:42.803 ------------------------------------------------------------------------
10:55:42.803 [STEP  ] 0x36 block=20  offset=38760/45254  (85%)
10:55:42.803 [TX TransferData block=20 len=2040] 36 14 FC 18 78 41 F0 A5 E1 8F C3 A7 88 5F 12 DE...
10:55:42.804 [TX FF ] 67 17 FA 36 14 FC 18 78
10:55:42.814 [TX CF1] 67 21 41 F0 A5 E1 8F C3
10:55:42.825 [TX CF2] 67 22 A7 88 5F 12 DE 29
10:55:42.836 [TX CF3] 67 23 FC 5C 78 C9 F1 B5
10:55:42.847 [TX CF4] 67 24 E3 AF C7 E7 90 DF
10:55:42.857 [TX CF5] 67 25 23 DE 4B FC A0 79
10:55:42.867 [TX CF6] 67 26 51 F2 C5 E5 CF CC
10:55:42.878 [TX CF7] 67 27 27 99 5F 34 DE 6D
10:55:42.888 [TX CF8] 67 28 FC E4 79 D9 F3 D5
10:55:42.898 [TX CF9] 67 29 E7 EF D0 67 A1 DF
10:55:42.909 [TX CF10] 67 2A 45 DE 8F FD 28 7A
10:55:42.920 [TX CF11] 67 2B 61 F4 E5 EA 0F D4
10:55:42.930 [TX CF12] 67 2C A7 AA 5F 56 DE B1
10:55:42.941 [TX CF13] 67 2D FD 6C 7A E9 F5 F5
10:55:42.951 [TX CF14] 67 2E EC 2F D8 E7 B2 DF
10:55:42.961 [TX CF15] 67 2F 67 DE D3 FD B0 7B
10:55:42.972 [TX CF0] 67 20 71 F7 05 EE 4F DD
10:55:42.983 [TX CF1] 67 21 27 BB 5F 78 DE F5
10:55:42.994 [TX CF2] 67 22 FD F4 7B F9 F0 15
10:55:43.004 [TX CF3] 67 23 E0 6F C1 67 83 DF
10:55:43.014 [TX CF4] 67 24 09 DE 17 FC 38 78
10:55:43.025 [TX CF5] 67 25 81 F1 25 E2 8F C5
10:55:43.036 [TX CF6] 67 26 A7 8C 5F 1A DE 39
10:55:43.047 [TX CF7] 67 27 FC 7C 79 09 F2 35
10:55:43.058 [TX CF8] 67 28 E4 AF C9 E7 94 DF
10:55:43.068 [TX CF9] 67 29 2B DE 5B FC C0 79
10:55:43.079 [TX CF10] 67 2A 91 F3 45 E6 CF CE
10:55:43.089 [TX CF11] 67 2B 27 9D 5F 3C DE 7D
10:55:43.099 [TX CF12] 67 2C FD 04 7A 19 F4 55
10:55:43.109 [TX CF13] 67 2D E8 EF D2 67 A5 DF
10:55:43.119 [TX CF14] 67 2E 4D DE 9F FD 48 7A
10:55:43.130 [TX CF15] 67 2F A1 F5 65 EB 0F D6
10:55:43.140 [TX CF0] 67 20 A7 AE 5F 5E DE C1
10:55:43.151 [TX CF1] 67 21 FD 8C 7B 29 F6 75
10:55:43.162 [TX CF2] 67 22 ED 2F DA E7 B6 DF
10:55:43.173 [TX CF3] 67 23 6F DE E3 FD D0 7B
10:55:43.184 [TX CF4] 67 24 B1 F7 85 EF 4F DF
10:55:43.195 [TX CF5] 67 25 27 BF 5F 00 DE 05
10:55:43.207 [TX CF6] 67 26 FC 14 78 39 F0 95
10:55:43.217 [TX CF7] 67 27 E1 6F C3 67 87 DF
10:55:43.228 [TX CF8] 67 28 11 DE 27 FC 58 78
10:55:43.239 [TX CF9] 67 29 C1 F1 A5 E3 8F C7
10:55:43.250 [TX CF10] 67 2A A7 90 5F 22 DE 49
10:55:43.261 [TX CF11] 67 2B FC 9C 79 49 F2 B5
10:55:43.272 [TX CF12] 67 2C E5 AF CB E7 98 DF
10:55:43.283 [TX CF13] 67 2D 33 DE 6B FC E0 79
10:55:43.293 [TX CF14] 67 2E D1 F3 C5 E7 CF D0
10:55:43.303 [TX CF15] 67 2F 27 A1 5F 44 DE 8D
10:55:43.314 [TX CF0] 67 20 FD 24 7A 59 F4 D5
10:55:43.325 [TX CF1] 67 21 E9 EF D4 67 A9 DF
10:55:43.337 [TX CF2] 67 22 55 DE AF FD 68 7A
10:55:43.348 [TX CF3] 67 23 E1 F5 E5 EC 0F D8
10:55:43.359 [TX CF4] 67 24 A7 B2 5F 66 DE D1
10:55:43.370 [TX CF5] 67 25 FD AC 7B 69 F6 F5
10:55:43.381 [TX CF6] 67 26 EE 2F DC E7 BA DF
10:55:43.392 [TX CF7] 67 27 77 DE F3 FD F0 7B
10:55:43.403 [TX CF8] 67 28 F1 F0 05 E0 4F C1
10:55:43.414 [TX CF9] 67 29 27 83 5F 08 DE 15
10:55:43.425 [TX CF10] 67 2A FC 34 78 79 F1 15
10:55:43.436 [TX CF11] 67 2B E2 6F C5 67 8B DF
10:55:43.448 [TX CF12] 67 2C 19 DE 37 FC 78 79
10:55:43.458 [TX CF13] 67 2D 01 F2 25 E4 8F C9
10:55:43.470 [TX CF14] 67 2E A7 94 5F 2A DE 59
10:55:43.480 [TX CF15] 67 2F FC BC 79 89 F3 35
10:55:43.491 [TX CF0] 67 20 E6 AF CD E7 9C DF
10:55:43.502 [TX CF1] 67 21 3B DE 7B FD 00 7A
10:55:43.513 [TX CF2] 67 22 11 F4 45 E8 CF D2
10:55:43.524 [TX CF3] 67 23 27 A5 5F 4C DE 9D
10:55:43.535 [TX CF4] 67 24 FD 44 7A 99 F5 55
10:55:43.546 [TX CF5] 67 25 EA EF D6 67 AD DF
10:55:43.556 [TX CF6] 67 26 5D DE BF FD 88 7B
10:55:43.566 [TX CF7] 67 27 21 F6 65 ED 0F DA
10:55:43.576 [TX CF8] 67 28 A7 B6 5F 6E DE E1
10:55:43.587 [TX CF9] 67 29 FD CC 7B A9 F7 75
10:55:43.597 [TX CF10] 67 2A EF 2F DE E7 BE DF
10:55:43.607 [TX CF11] 67 2B 7F DE 03 FC 10 78
10:55:43.618 [TX CF12] 67 2C 31 F0 85 E1 4F C3
10:55:43.628 [TX CF13] 67 2D 27 87 5F 10 DE 25
10:55:43.640 [TX CF14] 67 2E FC 54 78 B9 F1 95
10:55:43.650 [TX CF15] 67 2F E3 6F C7 67 8F DF
10:55:43.661 [TX CF0] 67 20 21 DE 47 FC 98 79
10:55:43.672 [TX CF1] 67 21 41 F2 A5 E5 8F CB
10:55:43.683 [TX CF2] 67 22 A7 98 5F 32 DE 69
10:55:43.694 [TX CF3] 67 23 FC DC 79 C9 F3 B5
10:55:43.704 [TX CF4] 67 24 E7 AF CF E7 A0 DF
10:55:43.715 [TX CF5] 67 25 43 DE 8B FD 20 7A
10:55:43.725 [TX CF6] 67 26 51 F4 C5 E9 CF D4
10:55:43.737 [TX CF7] 67 27 27 A9 5F 54 DE AD
10:55:43.747 [TX CF8] 67 28 FD 64 7A D9 F5 D5
10:55:43.759 [TX CF9] 67 29 EB EF D8 67 B1 DF
10:55:43.769 [TX CF10] 67 2A 65 DE CF FD A8 7B
10:55:43.781 [TX CF11] 67 2B 61 F6 E5 EE 0F DC
10:55:43.792 [TX CF12] 67 2C A7 BA 5F 76 DE F1
10:55:43.802 [TX CF13] 67 2D FD EC 7B E9 F7 F5
10:55:43.813 [TX CF14] 67 2E E0 2F C0 E7 82 DF
10:55:43.823 [TX CF15] 67 2F 07 DE 13 FC 30 78
10:55:43.834 [TX CF0] 67 20 71 F1 05 E2 4F C5
10:55:43.844 [TX CF1] 67 21 27 8B 5F 18 DE 35
10:55:43.855 [TX CF2] 67 22 FC 74 78 F9 F2 15
10:55:43.865 [TX CF3] 67 23 E4 6F C9 67 93 DF
10:55:43.877 [TX CF4] 67 24 29 DE 57 FC B8 79
10:55:43.888 [TX CF5] 67 25 81 F3 25 E6 8F CD
10:55:43.900 [TX CF6] 67 26 A7 9C 5F 3A DE 79
10:55:43.910 [TX CF7] 67 27 FC FC 7A 09 F4 35
10:55:43.920 [TX CF8] 67 28 E8 AF D1 E7 A4 DF
10:55:43.931 [TX CF9] 67 29 4B DE 9B FD 40 7A
10:55:43.941 [TX CF10] 67 2A 91 F5 45 EA CF D6
10:55:43.952 [TX CF11] 67 2B 27 AD 5F 5C DE BD
10:55:43.963 [TX CF12] 67 2C FD 84 7B 19 F6 55
10:55:43.973 [TX CF13] 67 2D EC EF DA 67 B5 DF
10:55:43.983 [TX CF14] 67 2E 6D DE DF FD C8 7B
10:55:43.994 [TX CF15] 67 2F A1 F7 65 EF 0F DE
10:55:44.004 [TX CF0] 67 20 A7 BE 5F 7E DE 01
10:55:44.015 [TX CF1] 67 21 FC 0C 78 29 F0 75
10:55:44.026 [TX CF2] 67 22 E1 2F C2 E7 86 DF
10:55:44.036 [TX CF3] 67 23 0F DE 23 FC 50 78
10:55:44.047 [TX CF4] 67 24 B1 F1 85 E3 4F C7
10:55:44.057 [TX CF5] 67 25 27 8F 5F 20 DE 45
10:55:44.068 [TX CF6] 67 26 FC 94 79 39 F2 95
10:55:44.078 [TX CF7] 67 27 E5 6F CB 67 97 DF
10:55:44.089 [TX CF8] 67 28 31 DE 67 FC D8 79
10:55:44.100 [TX CF9] 67 29 C1 F3 A5 E7 8F CF
10:55:44.111 [TX CF10] 67 2A A7 A0 5F 42 DE 89
10:55:44.122 [TX CF11] 67 2B FD 1C 7A 49 F4 B5
10:55:44.133 [TX CF12] 67 2C E9 AF D3 E7 A8 DF
10:55:44.143 [TX CF13] 67 2D 53 DE AB FD 60 7A
10:55:44.154 [TX CF14] 67 2E D1 F5 C5 EB CF D8
10:55:44.164 [TX CF15] 67 2F 27 B1 5F 64 DE CD
10:55:44.175 [TX CF0] 67 20 FD A4 7B 59 F6 D5
10:55:44.185 [TX CF1] 67 21 ED EF DC 67 B9 DF
10:55:44.197 [TX CF2] 67 22 75 DE EF FD E8 7B
10:55:44.207 [TX CF3] 67 23 E1 F7 E5 E0 0F C0
10:55:44.217 [TX CF4] 67 24 A7 82 5F 06 DE 11
10:55:44.228 [TX CF5] 67 25 FC 2C 78 69 F0 F5
10:55:44.238 [TX CF6] 67 26 E2 2F C4 E7 8A DF
10:55:44.248 [TX CF7] 67 27 17 DE 33 FC 70 78
10:55:44.260 [TX CF8] 67 28 F1 F2 05 E4 4F C9
10:55:44.270 [TX CF9] 67 29 27 93 5F 28 DE 55
10:55:44.281 [TX CF10] 67 2A FC B4 79 79 F3 15
10:55:44.292 [TX CF11] 67 2B E6 6F CD 67 9B DF
10:55:44.303 [TX CF12] 67 2C 39 DE 77 FC F8 7A
10:55:44.314 [TX CF13] 67 2D 01 F4 25 E8 8F D1
10:55:44.324 [TX CF14] 67 2E A7 A4 5F 4A DE 99
10:55:44.334 [TX CF15] 67 2F FD 3C 7A 89 F5 35
10:55:44.344 [TX CF0] 67 20 EA AF D5 E7 AC DF
10:55:44.355 [TX CF1] 67 21 5B DE BB FD 80 7B
10:55:44.365 [TX CF2] 67 22 11 F6 45 EC CF DA
10:55:44.376 [TX CF3] 67 23 27 B5 5F 6C DE DD
10:55:44.387 [TX CF4] 67 24 FD C4 7B 99 F7 55
10:55:44.398 [TX CF5] 67 25 EE EF DE 67 BD DF
10:55:44.409 [TX CF6] 67 26 7D DF FF 7F FE 04
10:55:44.419 [TX CF7] 67 27 7C 11 78 33 F0 89
10:55:44.430 [TX CF8] 67 28 E1 57 C3 37 87 7F
10:55:44.440 [TX CF9] 67 29 11 1E 26 7C 55 78
10:55:44.451 [TX CF10] 67 2A BB F1 99 E3 77 C7
10:55:44.462 [TX CF11] 67 2B 77 8F FF 22 1E 48
10:55:44.472 [TX CF12] 67 2C 7C 99 79 43 F2 A9
10:55:44.483 [TX CF13] 67 2D E5 97 CB B7 98 7F
10:55:44.494 [TX CF14] 67 2E 33 1E 6A 7C DD 79
10:55:44.638 [TX CF15] 67 2F CB F3 B9 E7 B7 CF
10:55:44.649 [TX CF0] 67 20 F7 A0 FF 44 1E 8C
10:55:44.660 [TX CF1] 67 21 7D 21 7A 53 F4 C9
10:55:44.671 [TX CF2] 67 22 E9 D7 D4 37 A9 7F
10:55:44.683 [TX CF3] 67 23 55 1E AE 7D 65 7A
10:55:44.693 [TX CF4] 67 24 DB F5 D9 EB F7 D8
10:55:44.705 [TX CF5] 67 25 77 B1 FF 66 1E D0
10:55:44.716 [TX CF6] 67 26 7D A9 7B 63 F6 E9
10:55:44.726 [TX CF7] 67 27 EE 17 DC B7 BA 7F
10:55:44.737 [TX CF8] 67 28 77 1E F2 7D ED 7B
10:55:44.749 [TX CF9] 67 29 EB F7 F9 E0 37 C0
10:55:44.759 [TX CF10] 67 2A F7 82 FF 08 1E 14
10:55:44.770 [TX CF11] 67 2B 7C 31 78 73 F1 09
10:55:44.781 [TX CF12] 67 2C E2 57 C5 37 8B 7F
10:55:44.791 [TX CF13] 67 2D 19 1E 36 7C 75 78
10:55:44.802 [TX CF14] 67 2E FB F2 19 E4 77 C9
10:55:44.812 [TX CF15] 67 2F 77 93 FF 2A 1E 58
10:55:44.823 [TX CF0] 67 20 7C B9 79 83 F3 29
10:55:44.834 [TX CF1] 67 21 E6 97 CD B7 9C 7F
10:55:44.844 [TX CF2] 67 22 3B 1E 7A 7C FD 7A
10:55:44.855 [TX CF3] 67 23 0B F4 39 E8 B7 D1
10:55:44.866 [TX CF4] 67 24 F7 A4 FF 4C 1E 9C
10:55:44.877 [TX CF5] 67 25 7D 41 7A 93 F5 49
10:55:44.888 [TX CF6] 67 26 EA D7 D6 37 AD 7F
10:55:44.899 [TX CF7] 67 27 5D 1E BE 7D 85 7B
10:55:44.911 [TX CF8] 67 28 1B F6 59 EC F7 DA
10:55:44.921 [TX CF9] 67 29 77 B5 FF 6E 1E E0
10:55:44.933 [TX CF10] 67 2A 7D C9 7B A3 F7 69
10:55:44.944 [TX CF11] 67 2B EF 17 DE B7 BE 7F
10:55:44.955 [TX CF12] 67 2C 7F 1E 02 7C 0D 78
10:55:44.967 [TX CF13] 67 2D 2B F0 79 E1 37 C2
10:55:44.978 [TX CF14] 67 2E F7 86 FF 10 1E 24
10:55:44.990 [TX CF15] 67 2F 7C 51 78 B3 F1 89
10:55:45.002 [TX CF0] 67 20 E3 57 C7 37 8F 7F
10:55:45.013 [TX CF1] 67 21 21 1E 46 7C 95 79
10:55:45.024 [TX CF2] 67 22 3B F2 99 E5 77 CB
10:55:45.036 [TX CF3] 67 23 77 97 FF 32 1E 68
10:55:45.047 [TX CF4] 67 24 7C D9 79 C3 F3 A9
10:55:45.058 [TX CF5] 67 25 E7 97 CF B7 A0 7F
10:55:45.070 [TX CF6] 67 26 43 1E 8A 7D 1D 7A
10:55:45.082 [TX CF7] 67 27 4B F4 B9 E9 B7 D3
10:55:45.092 [TX CF8] 67 28 F7 A8 FF 54 1E AC
10:55:45.103 [TX CF9] 67 29 7D 61 7A D3 F5 C9
10:55:45.114 [TX CF10] 67 2A EB D7 D8 37 B1 7F
10:55:45.126 [TX CF11] 67 2B 65 1E CE 7D A5 7B
10:55:45.137 [TX CF12] 67 2C 5B F6 D9 ED F7 DC
10:55:45.147 [TX CF13] 67 2D 77 B9 FF 76 1E F0
10:55:45.158 [TX CF14] 67 2E 7D E9 7B E3 F7 E9
10:55:45.169 [TX CF15] 67 2F E0 17 C0 B7 82 7F
10:55:45.179 [TX CF0] 67 20 07 1E 12 7C 2D 78
10:55:45.191 [TX CF1] 67 21 6B F0 F9 E2 37 C4
10:55:45.202 [TX CF2] 67 22 F7 8A FF 18 1E 34
10:55:45.213 [TX CF3] 67 23 7C 71 78 F3 F2 09
10:55:45.223 [TX CF4] 67 24 E4 57 C9 37 93 7F
10:55:45.234 [TX CF5] 67 25 29 1E 56 7C B5 79
10:55:45.244 [TX CF6] 67 26 7B F3 19 E6 77 CD
10:55:45.255 [TX CF7] 67 27 77 9B FF 3A 1E 78
10:55:45.265 [TX CF8] 67 28 7C F9 7A 03 F4 29
10:55:45.277 [TX CF9] 67 29 E8 97 D1 B7 A4 7F
10:55:45.287 [TX CF10] 67 2A 4B 1E 9A 7D 3D 7A
10:55:45.298 [TX CF11] 67 2B 8B F5 39 EA B7 D5
10:55:45.308 [TX CF12] 67 2C F7 AC FF 5C 1E BC
10:55:45.319 [TX CF13] 67 2D 7D 81 7B 13 F6 49
10:55:45.330 [TX CF14] 67 2E EC D7 DA 37 B5 7F
10:55:45.340 [TX CF15] 67 2F 6D 1E DE 7D C5 7B
10:55:45.351 [TX CF0] 67 20 9B F7 59 EE F7 DE
10:55:45.362 [TX CF1] 67 21 77 BD FF 7E 1E 00
10:55:45.373 [TX CF2] 67 22 7C 09 78 23 F0 69
10:55:45.384 [TX CF3] 67 23 E1 17 C2 B7 86 7F
10:55:45.395 [TX CF4] 67 24 0F 1E 22 7C 4D 78
10:55:45.405 [TX CF5] 67 25 AB F1 79 E3 37 C6
10:55:45.415 [TX CF6] 67 26 F7 8E FF 20 1E 44
10:55:45.426 [TX CF7] 67 27 7C 91 79 33 F2 89
10:55:45.437 [TX CF8] 67 28 E5 57 CB 37 97 7F
10:55:45.447 [TX CF9] 67 29 31 1E 66 7C D5 79
10:55:45.458 [TX CF10] 67 2A BB F3 99 E7 77 CF
10:55:45.469 [TX CF11] 67 2B 77 9F FF 42 1E 88
10:55:45.480 [TX CF12] 67 2C 7D 19 7A 43 F4 A9
10:55:45.490 [TX CF13] 67 2D E9 97 D3 B7 A8 7F
10:55:45.501 [TX CF14] 67 2E 53 1E AA 7D 5D 7A
10:55:45.511 [TX CF15] 67 2F CB F5 B9 EB B7 D7
10:55:45.522 [TX CF0] 67 20 F7 B0 FF 64 1E CC
10:55:45.533 [TX CF1] 67 21 7D A1 7B 53 F6 C9
10:55:45.543 [TX CF2] 67 22 ED D7 DC 37 B9 7F
10:55:45.555 [TX CF3] 67 23 75 1E EE 7D E5 7B
10:55:45.566 [TX CF4] 67 24 DB F7 D9 EF F7 C0
10:55:45.577 [TX CF5] 67 25 77 81 FF 06 1E 10
10:55:45.587 [TX CF6] 67 26 7C 29 78 63 F0 E9
10:55:45.598 [TX CF7] 67 27 E2 17 C4 B7 8A 7F
10:55:45.609 [TX CF8] 67 28 17 1E 32 7C 6D 78
10:55:45.620 [TX CF9] 67 29 EB F1 F9 E4 37 C8
10:55:45.630 [TX CF10] 67 2A F7 92 FF 28 1E 54
10:55:45.642 [TX CF11] 67 2B 7C B1 79 73 F3 09
10:55:45.654 [TX CF12] 67 2C E6 57 CD 37 9B 7F
10:55:45.665 [TX CF13] 67 2D 39 1E 76 7C F5 79
10:55:45.675 [TX CF14] 67 2E FB F4 19 E8 77 D1
10:55:45.686 [TX CF15] 67 2F 77 A3 FF 4A 1E 98
10:55:45.696 [TX CF0] 67 20 7D 39 7A 83 F5 29
10:55:45.706 [TX CF1] 67 21 EA 97 D5 B7 AC 7F
10:55:45.717 [TX CF2] 67 22 5B 1E BA 7D 7D 7B
10:55:45.727 [TX CF3] 67 23 0B F6 39 EC B7 D9
10:55:45.739 [TX CF4] 67 24 F7 B4 FF 6C 1E DC
10:55:45.749 [TX CF5] 67 25 7D C1 7B 93 F7 49
10:55:45.759 [TX CF6] 67 26 EE D7 DE 37 BD 7F
10:55:45.771 [TX CF7] 67 27 7D 1E FE 7C 05 78
10:55:45.782 [TX CF8] 67 28 1B F0 59 E0 F7 C2
10:55:45.793 [TX CF9] 67 29 77 85 FF 0E 1E 20
10:55:45.803 [TX CF10] 67 2A 7C 49 78 A3 F1 69
10:55:45.814 [TX CF11] 67 2B E3 17 C6 B7 8E 7F
10:55:45.824 [TX CF12] 67 2C 1F 1E 42 7C 8D 79
10:55:45.834 [TX CF13] 67 2D 2B F2 79 E5 37 CA
10:55:45.844 [TX CF14] 67 2E F7 96 FF 30 1E 64
10:55:45.854 [TX CF15] 67 2F 7C D1 79 B3 F3 89
10:55:45.866 [TX CF0] 67 20 E7 57 CF 37 9F 7F
10:55:45.876 [TX CF1] 67 21 41 1E 86 7D 15 7A
10:55:45.887 [TX CF2] 67 22 3B F4 99 E9 77 D3
10:55:45.898 [TX CF3] 67 23 77 A7 FF 52 1E A8
10:55:45.908 [TX CF4] 67 24 7D 59 7A C3 F5 A9
10:55:45.918 [TX CF5] 67 25 EB 97 D7 B7 B0 7F
10:55:45.929 [TX CF6] 67 26 63 1E CA 7D 9D 7B
10:55:45.939 [TX CF7] 67 27 4B F6 B9 ED B7 DB
10:55:45.950 [TX CF8] 67 28 F7 B8 FF 74 1E EC
10:55:45.960 [TX CF9] 67 29 7D E1 7B D3 F7 C9
10:55:45.970 [TX CF10] 67 2A EF D7 C0 37 81 7F
10:55:45.981 [TX CF11] 67 2B 05 1E 0E 7C 25 78
10:55:45.992 [TX CF12] 67 2C 5B F0 D9 E1 F7 C4
10:55:46.004 [TX CF13] 67 2D 77 89 FF 16 1E 30
10:55:46.014 [TX CF14] 67 2E 7C 69 78 E3 F1 E9
10:55:46.025 [TX CF15] 67 2F E4 17 C8 B7 92 7F
10:55:46.036 [TX CF0] 67 20 27 1E 52 7C AD 79
10:55:46.048 [TX CF1] 67 21 6B F2 F9 E6 37 CC
10:55:46.060 [TX CF2] 67 22 F7 9A FF 38 1E 74
10:55:46.071 [TX CF3] 67 23 7C F1 79 F3 F4 09
10:55:46.083 [TX CF4] 67 24 E8 57 D1 37 A3 7F
10:55:46.094 [TX CF5] 67 25 49 1E 96 7D 35 7A
10:55:46.106 [TX CF6] 67 26 7B F5 19 EA 77 D5
10:55:46.118 [TX CF7] 67 27 77 AB FF 5A 1E B8
10:55:46.129 [TX CF8] 67 28 7D 79 7B 03 F6 29
10:55:46.139 [TX CF9] 67 29 EC 97 D9 B7 B4 7F
10:55:46.150 [TX CF10] 67 2A 6B 1E DA 7D BD 7B
10:55:46.161 [TX CF11] 67 2B 8B F7 39 EE B7 DD
10:55:46.172 [TX CF12] 67 2C F7 BC FF 7C 1E FC
10:55:46.183 [TX CF13] 67 2D 7C 01 78 13 F0 49
10:55:46.194 [TX CF14] 67 2E E0 D7 C2 37 85 7F
10:55:46.205 [TX CF15] 67 2F 0D 1E 1E 7C 45 78
10:55:46.216 [TX CF0] 67 20 9B F1 59 E2 F7 C6
10:55:46.227 [TX CF1] 67 21 77 8D FF 1E 1E 40
10:55:46.238 [TX CF2] 67 22 7C 89 79 23 F2 69
10:55:46.249 [TX CF3] 67 23 E5 17 CA B7 96 7F
10:55:46.259 [TX CF4] 67 24 2F 1E 62 7C CD 79
10:55:46.269 [TX CF5] 67 25 AB F3 79 E7 37 CE
10:55:46.280 [TX CF6] 67 26 F7 9E FF 40 1E 84
10:55:46.290 [TX CF7] 67 27 7D 11 7A 33 F4 89
10:55:46.301 [TX CF8] 67 28 E9 57 D3 37 A7 7F
10:55:46.312 [TX CF9] 67 29 51 1E A6 7D 55 7A
10:55:46.323 [TX CF10] 67 2A BB F5 99 EB 77 D7
10:55:46.333 [TX CF11] 67 2B 77 AF FF 62 1E C8
10:55:46.344 [TX CF12] 67 2C 7D 99 7B 43 F6 A9
10:55:46.354 [TX CF13] 67 2D ED 97 DB B7 B8 7F
10:55:46.365 [TX CF14] 67 2E 73 1E EA 7D DD 7B
10:55:46.376 [TX CF15] 67 2F CB F7 B9 EF B7 DF
10:55:46.387 [TX CF0] 67 20 F7 80 FF 04 1E 0C
10:55:46.399 [TX CF1] 67 21 7C 21 78 53 F0 C9
10:55:46.410 [TX CF2] 67 22 E1 D7 C4 37 89 7F
10:55:46.421 [TX CF3] 67 23 15 1E 2E 7C 65 78
10:55:46.432 [TX CF4] 67 24 DB F1 D9 E3 F7 C8
10:55:46.443 [TX CF5] 67 25 77 91 FF 26 1E 50
10:55:46.453 [TX CF6] 67 26 7C A9 79 63 F2 E9
10:55:46.464 [TX CF7] 67 27 E6 17 CC B7 9A 7F
10:55:46.474 [TX CF8] 67 28 37 1E 72 7C ED 79
10:55:46.484 [TX CF9] 67 29 EB F3 F9 E8 37 D0
10:55:46.495 [TX CF10] 67 2A F7 A2 FF 48 1E 94
10:55:46.505 [TX CF11] 67 2B 7D 31 7A 73 F5 09
10:55:46.517 [TX CF12] 67 2C EA 57 D5 37 AB 7F
10:55:46.528 [TX CF13] 67 2D 59 1E B6 7D 75 7A
10:55:46.538 [TX CF14] 67 2E FB F6 19 EC 77 D9
10:55:46.549 [TX CF15] 67 2F 77 B3 FF 6A 1E D8
10:55:46.560 [TX CF0] 67 20 7D B9 7B 83 F7 29
10:55:46.571 [TX CF1] 67 21 EE 97 DD B7 BC 7F
10:55:46.583 [TX CF2] 67 22 7B 1E FA 7D FD 78
10:55:46.593 [TX CF3] 67 23 0B F0 39 E0 B7 C1
10:55:46.604 [TX CF4] 67 24 F7 84 FF FF FF FF
10:55:46.622 [RX SF ] 67 02 76 14 FF FF FF FF
10:55:46.623 [RX    ] 76 14
10:55:46.623 [PASS  ] TransferData block=20 | expected: 76 ... | received: 76 14
10:55:46.634 ------------------------------------------------------------------------
10:55:46.634 [STEP  ] 0x36 block=21  offset=40800/45254  (90%)
10:55:46.634 [TX TransferData block=21 len=2040] 36 15 0C 1E 1C 7C 41 78 93 F1 49 E2 D7 C6 37 8D...
10:55:46.635 [TX FF ] 67 17 FA 36 15 0C 1E 1C
10:55:46.646 [TX CF1] 67 21 7C 41 78 93 F1 49
10:55:46.656 [TX CF2] 67 22 E2 D7 C6 37 8D 7F
10:55:46.668 [TX CF3] 67 23 1D 1E 3E 7C 85 79
10:55:46.678 [TX CF4] 67 24 1B F2 59 E4 F7 CA
10:55:46.689 [TX CF5] 67 25 77 95 FF 2E 1E 60
10:55:46.700 [TX CF6] 67 26 7C C9 79 A3 F3 69
10:55:46.710 [TX CF7] 67 27 E7 17 CE B7 9E 7F
10:55:46.720 [TX CF8] 67 28 3F 1E 82 7D 0D 7A
10:55:46.730 [TX CF9] 67 29 2B F4 79 E9 37 D2
10:55:46.741 [TX CF10] 67 2A F7 A6 FF 50 1E A4
10:55:46.752 [TX CF11] 67 2B 7D 51 7A B3 F5 89
10:55:46.762 [TX CF12] 67 2C EB 57 D7 37 AF 7F
10:55:46.773 [TX CF13] 67 2D 61 1E C6 7D 95 7B
10:55:46.783 [TX CF14] 67 2E 3B F6 99 ED 77 DB
10:55:46.794 [TX CF15] 67 2F 77 B7 FF 72 1E E8
10:55:46.804 [TX CF0] 67 20 7D D9 7B C3 F7 A9
10:55:46.816 [TX CF1] 67 21 EF 97 DF B7 80 7F
10:55:46.828 [TX CF2] 67 22 03 1E 0A 7C 1D 78
10:55:46.839 [TX CF3] 67 23 4B F0 B9 E1 B7 C3
10:55:46.849 [TX CF4] 67 24 F7 88 FF 14 1E 2C
10:55:46.861 [TX CF5] 67 25 7C 61 78 D3 F1 C9
10:55:46.872 [TX CF6] 67 26 E3 D7 C8 37 91 7F
10:55:46.883 [TX CF7] 67 27 25 1E 4E 7C A5 79
10:55:46.894 [TX CF8] 67 28 5B F2 D9 E5 F7 CC
10:55:46.904 [TX CF9] 67 29 77 99 FF 36 1E 70
10:55:46.915 [TX CF10] 67 2A 7C E9 79 E3 F3 E9
10:55:46.927 [TX CF11] 67 2B E8 17 D0 B7 A2 7F
10:55:46.937 [TX CF12] 67 2C 47 1E 92 7D 2D 7A
10:55:46.947 [TX CF13] 67 2D 6B F4 F9 EA 37 D4
10:55:46.957 [TX CF14] 67 2E F7 AA FF 58 1E B4
10:55:46.968 [TX CF15] 67 2F 7D 71 7A F3 F6 09
10:55:46.978 [TX CF0] 67 20 EC 57 D9 37 B3 7F
10:55:46.988 [TX CF1] 67 21 69 1E D6 7D B5 7B
10:55:46.999 [TX CF2] 67 22 7B F7 19 EE 77 DD
10:55:47.010 [TX CF3] 67 23 77 BB FF 7A 1E F8
10:55:47.020 [TX CF4] 67 24 7D F9 78 03 F0 29
10:55:47.030 [TX CF5] 67 25 E0 97 C1 B7 84 7F
10:55:47.041 [TX CF6] 67 26 0B 1E 1A 7C 3D 78
10:55:47.053 [TX CF7] 67 27 8B F1 39 E2 B7 C5
10:55:47.064 [TX CF8] 67 28 F7 8C FF 1C 1E 3C
10:55:47.075 [TX CF9] 67 29 7C 81 79 13 F2 49
10:55:47.085 [TX CF10] 67 2A E4 D7 CA 37 95 7F
10:55:47.096 [TX CF11] 67 2B 2D 1E 5E 7C C5 79
10:55:47.106 [TX CF12] 67 2C 9B F3 59 E6 F7 CE
10:55:47.116 [TX CF13] 67 2D 77 9D FF 3E 1E 80
10:55:47.127 [TX CF14] 67 2E 7D 09 7A 23 F4 69
10:55:47.137 [TX CF15] 67 2F E9 17 D2 B7 A6 7F
10:55:47.147 [TX CF0] 67 20 4F 1E A2 7D 4D 7A
10:55:47.158 [TX CF1] 67 21 AB F5 79 EB 37 D6
10:55:47.169 [TX CF2] 67 22 F7 AE FF 60 1E C4
10:55:47.180 [TX CF3] 67 23 7D 91 7B 33 F6 89
10:55:47.191 [TX CF4] 67 24 ED 57 DB 37 B7 7F
10:55:47.201 [TX CF5] 67 25 71 1E E6 7D D5 7B
10:55:47.212 [TX CF6] 67 26 BB F7 99 EF 77 DF
10:55:47.222 [TX CF7] 67 27 77 FF DF FF 81 1F
10:55:47.233 [TX CF8] 67 28 04 5E 0C FC 22 78
10:55:47.243 [TX CF9] 67 29 55 F0 CD E1 DF C4
10:55:47.253 [TX CF10] 67 2A 47 89 9F 15 5E 2E
10:55:47.264 [TX CF11] 67 2B FC 66 78 DD F1 DD
10:55:47.274 [TX CF12] 67 2C E3 FF C8 87 92 1F
10:55:47.285 [TX CF13] 67 2D 26 5E 50 FC AA 79
10:55:47.295 [TX CF14] 67 2E 65 F2 ED E6 1F CC
10:55:47.307 [TX CF15] 67 2F C7 9A 9F 37 5E 72
10:55:47.317 [TX CF0] 67 20 FC EE 79 ED F3 FD
10:55:47.328 [TX CF1] 67 21 E8 3F D1 07 A3 1F
10:55:47.339 [TX CF2] 67 22 48 5E 94 FD 32 7A
10:55:47.349 [TX CF3] 67 23 75 F5 0D EA 5F D5
10:55:47.359 [TX CF4] 67 24 47 AB 9F 59 5E B6
10:55:47.369 [TX CF5] 67 25 FD 76 7A FD F6 1D
10:55:47.380 [TX CF6] 67 26 EC 7F D9 87 B4 1F
10:55:47.390 [TX CF7] 67 27 6A 5E D8 FD BA 7B
10:55:47.401 [TX CF8] 67 28 85 F7 2D EE 9F DD
10:55:47.412 [TX CF9] 67 29 C7 BC 9F 7B 5E FA
10:55:47.424 [TX CF10] 67 2A FD FE 78 0D F0 3D
10:55:47.435 [TX CF11] 67 2B E0 BF C2 07 85 1F
10:55:47.445 [TX CF12] 67 2C 0C 5E 1C FC 42 78
10:55:47.456 [TX CF13] 67 2D 95 F1 4D E2 DF C6
10:55:47.467 [TX CF14] 67 2E 47 8D 9F 1D 5E 3E
10:55:47.478 [TX CF15] 67 2F FC 86 79 1D F2 5D
10:55:47.489 [TX CF0] 67 20 E4 FF CA 87 96 1F
10:55:47.500 [TX CF1] 67 21 2E 5E 60 FC CA 79
10:55:47.512 [TX CF2] 67 22 A5 F3 6D E7 1F CE
10:55:47.522 [TX CF3] 67 23 C7 9E 9F 3F 5E 82
10:55:47.533 [TX CF4] 67 24 FD 0E 7A 2D F4 7D
10:55:47.543 [TX CF5] 67 25 E9 3F D3 07 A7 1F
10:55:47.554 [TX CF6] 67 26 50 5E A4 FD 52 7A
10:55:47.564 [TX CF7] 67 27 B5 F5 8D EB 5F D7
10:55:47.575 [TX CF8] 67 28 47 AF 9F 61 5E C6
10:55:47.586 [TX CF9] 67 29 FD 96 7B 3D F6 9D
10:55:47.597 [TX CF10] 67 2A ED 7F DB 87 B8 1F
10:55:47.607 [TX CF11] 67 2B 72 5E E8 FD DA 7B
10:55:47.618 [TX CF12] 67 2C C5 F7 AD EF 9F DF
10:55:47.629 [TX CF13] 67 2D C7 80 9F 03 5E 0A
10:55:47.639 [TX CF14] 67 2E FC 1E 78 4D F0 BD
10:55:47.650 [TX CF15] 67 2F E1 BF C4 07 89 1F
10:55:47.660 [TX CF0] 67 20 14 5E 2C FC 62 78
10:55:47.671 [TX CF1] 67 21 D5 F1 CD E3 DF C8
10:55:47.681 [TX CF2] 67 22 47 91 9F 25 5E 4E
10:55:47.691 [TX CF3] 67 23 FC A6 79 5D F2 DD
10:55:47.702 [TX CF4] 67 24 E5 FF CC 87 9A 1F
10:55:47.713 [TX CF5] 67 25 36 5E 70 FC EA 79
10:55:47.723 [TX CF6] 67 26 E5 F3 ED E8 1F D0
10:55:47.733 [TX CF7] 67 27 C7 A2 9F 47 5E 92
10:55:47.744 [TX CF8] 67 28 FD 2E 7A 6D F4 FD
10:55:47.755 [TX CF9] 67 29 EA 3F D5 07 AB 1F
10:55:47.766 [TX CF10] 67 2A 58 5E B4 FD 72 7A
10:55:47.778 [TX CF11] 67 2B F5 F6 0D EC 5F D9
10:55:47.789 [TX CF12] 67 2C 47 B3 9F 69 5E D6
10:55:47.801 [TX CF13] 67 2D FD B6 7B 7D F7 1D
10:55:47.812 [TX CF14] 67 2E EE 7F DD 87 BC 1F
10:55:47.823 [TX CF15] 67 2F 7A 5E F8 FD FA 78
10:55:47.835 [TX CF0] 67 20 05 F0 2D E0 9F C1
10:55:47.846 [TX CF1] 67 21 C7 84 9F 0B 5E 1A
10:55:47.857 [TX CF2] 67 22 FC 3E 78 8D F1 3D
10:55:47.867 [TX CF3] 67 23 E2 BF C6 07 8D 1F
10:55:47.878 [TX CF4] 67 24 1C 5E 3C FC 82 79
10:55:47.889 [TX CF5] 67 25 15 F2 4D E4 DF CA
10:55:47.900 [TX CF6] 67 26 47 95 9F 2D 5E 5E
10:55:47.911 [TX CF7] 67 27 FC C6 79 9D F3 5D
10:55:47.921 [TX CF8] 67 28 E6 FF CE 87 9E 1F
10:55:47.932 [TX CF9] 67 29 3E 5E 80 FD 0A 7A
10:55:47.944 [TX CF10] 67 2A 25 F4 6D E9 1F D2
10:55:47.954 [TX CF11] 67 2B C7 A6 9F 4F 5E A2
10:55:47.966 [TX CF12] 67 2C FD 4E 7A AD F5 7D
10:55:47.976 [TX CF13] 67 2D EB 3F D7 07 AF 1F
10:55:47.987 [TX CF14] 67 2E 60 5E C4 FD 92 7B
10:55:47.997 [TX CF15] 67 2F 35 F6 8D ED 5F DB
10:55:48.008 [TX CF0] 67 20 47 B7 9F 71 5E E6
10:55:48.019 [TX CF1] 67 21 FD D6 7B BD F7 9D
10:55:48.030 [TX CF2] 67 22 EF 7F DF 87 80 1F
10:55:48.041 [TX CF3] 67 23 02 5E 08 FC 1A 78
10:55:48.051 [TX CF4] 67 24 45 F0 AD E1 9F C3
10:55:48.062 [TX CF5] 67 25 C7 88 9F 13 5E 2A
10:55:48.073 [TX CF6] 67 26 FC 5E 78 CD F1 BD
10:55:48.084 [TX CF7] 67 27 E3 BF C8 07 91 1F
10:55:48.095 [TX CF8] 67 28 24 5E 4C FC A2 79
10:55:48.105 [TX CF9] 67 29 55 F2 CD E5 DF CC
10:55:48.116 [TX CF10] 67 2A 47 99 9F 35 5E 6E
10:55:48.126 [TX CF11] 67 2B FC E6 79 DD F3 DD
10:55:48.136 [TX CF12] 67 2C E7 FF D0 87 A2 1F
10:55:48.147 [TX CF13] 67 2D 46 5E 90 FD 2A 7A
10:55:48.158 [TX CF14] 67 2E 65 F4 ED EA 1F D4
10:55:48.169 [TX CF15] 67 2F C7 AA 9F 57 5E B2
10:55:48.179 [TX CF0] 67 20 FD 6E 7A ED F5 FD
10:55:48.191 [TX CF1] 67 21 EC 3F D9 07 B3 1F
10:55:48.202 [TX CF2] 67 22 68 5E D4 FD B2 7B
10:55:48.214 [TX CF3] 67 23 75 F7 0D EE 5F DD
10:55:48.225 [TX CF4] 67 24 47 BB 9F 79 5E F6
10:55:48.237 [TX CF5] 67 25 FD F6 7B FD F0 1D
10:55:48.247 [TX CF6] 67 26 E0 7F C1 87 84 1F
10:55:48.258 [TX CF7] 67 27 0A 5E 18 FC 3A 78
10:55:48.268 [TX CF8] 67 28 85 F1 2D E2 9F C5
10:55:48.280 [TX CF9] 67 29 C7 8C 9F 1B 5E 3A
10:55:48.291 [TX CF10] 67 2A FC 7E 79 0D F2 3D
10:55:48.301 [TX CF11] 67 2B E4 BF CA 07 95 1F
10:55:48.312 [TX CF12] 67 2C 2C 5E 5C FC C2 79
10:55:48.324 [TX CF13] 67 2D 95 F3 4D E6 DF CE
10:55:48.335 [TX CF14] 67 2E 47 9D 9F 3D 5E 7E
10:55:48.345 [TX CF15] 67 2F FD 06 7A 1D F4 5D
10:55:48.356 [TX CF0] 67 20 E8 FF D2 87 A6 1F
10:55:48.366 [TX CF1] 67 21 4E 5E A0 FD 4A 7A
10:55:48.376 [TX CF2] 67 22 A5 F5 6D EB 1F D6
10:55:48.388 [TX CF3] 67 23 C7 AE 9F 5F 5E C2
10:55:48.399 [TX CF4] 67 24 FD 8E 7B 2D F6 7D
10:55:48.410 [TX CF5] 67 25 ED 3F DB 07 B7 1F
10:55:48.421 [TX CF6] 67 26 70 5E E4 FD D2 7B
10:55:48.431 [TX CF7] 67 27 B5 F7 8D EF 5F DF
10:55:48.442 [TX CF8] 67 28 47 BF 9F 01 5E 06
10:55:48.452 [TX CF9] 67 29 FC 16 78 3D F0 9D
10:55:48.463 [TX CF10] 67 2A E1 7F C3 87 88 1F
10:55:48.474 [TX CF11] 67 2B 12 5E 28 FC 5A 78
10:55:48.485 [TX CF12] 67 2C C5 F1 AD E3 9F C7
10:55:48.496 [TX CF13] 67 2D C7 90 9F 23 5E 4A
10:55:48.508 [TX CF14] 67 2E FC 9E 79 4D F2 BD
10:55:48.519 [TX CF15] 67 2F E5 BF CC 07 99 1F
10:55:48.529 [TX CF0] 67 20 34 5E 6C FC E2 79
10:55:48.539 [TX CF1] 67 21 D5 F3 CD E7 DF D0
10:55:48.550 [TX CF2] 67 22 47 A1 9F 45 5E 8E
10:55:48.560 [TX CF3] 67 23 FD 26 7A 5D F4 DD
10:55:48.571 [TX CF4] 67 24 E9 FF D4 87 AA 1F
10:55:48.582 [TX CF5] 67 25 56 5E B0 FD 6A 7A
10:55:48.592 [TX CF6] 67 26 E5 F5 ED EC 1F D8
10:55:48.603 [TX CF7] 67 27 C7 B2 9F 67 5E D2
10:55:48.614 [TX CF8] 67 28 FD AE 7B 6D F6 FD
10:55:48.624 [TX CF9] 67 29 EE 3F DD 07 BB 1F
10:55:48.635 [TX CF10] 67 2A 78 5E F4 FD F2 7B
10:55:48.645 [TX CF11] 67 2B F5 F0 0D E0 5F C1
10:55:48.655 [TX CF12] 67 2C 47 83 9F 09 5E 16
10:55:48.667 [TX CF13] 67 2D FC 36 78 7D F1 1D
10:55:48.677 [TX CF14] 67 2E E2 7F C5 87 8C 1F
10:55:48.688 [TX CF15] 67 2F 1A 5E 38 FC 7A 79
10:55:48.699 [TX CF0] 67 20 05 F2 2D E4 9F C9
10:55:48.710 [TX CF1] 67 21 C7 94 9F 2B 5E 5A
10:55:48.721 [TX CF2] 67 22 FC BE 79 8D F3 3D
10:55:48.732 [TX CF3] 67 23 E6 BF CE 07 9D 1F
10:55:48.743 [TX CF4] 67 24 3C 5E 7C FD 02 7A
10:55:48.754 [TX CF5] 67 25 15 F4 4D E8 DF D2
10:55:48.764 [TX CF6] 67 26 47 A5 9F 4D 5E 9E
10:55:48.774 [TX CF7] 67 27 FD 46 7A 9D F5 5D
10:55:48.786 [TX CF8] 67 28 EA FF D6 87 AE 1F
10:55:48.796 [TX CF9] 67 29 5E 5E C0 FD 8A 7B
10:55:48.807 [TX CF10] 67 2A 25 F6 6D ED 1F DA
10:55:48.817 [TX CF11] 67 2B C7 B6 9F 6F 5E E2
10:55:48.827 [TX CF12] 67 2C FD CE 7B AD F7 7D
10:55:48.838 [TX CF13] 67 2D EF 3F DF 07 BF 1F
10:55:48.849 [TX CF14] 67 2E 00 5E 04 FC 12 78
10:55:48.860 [TX CF15] 67 2F 35 F0 8D E1 5F C3
10:55:48.870 [TX CF0] 67 20 47 87 9F 11 5E 26
10:55:48.881 [TX CF1] 67 21 FC 56 78 BD F1 9D
10:55:48.892 [TX CF2] 67 22 E3 7F C7 87 90 1F
10:55:48.903 [TX CF3] 67 23 22 5E 48 FC 9A 79
10:55:48.915 [TX CF4] 67 24 45 F2 AD E5 9F CB
10:55:48.925 [TX CF5] 67 25 C7 98 9F 33 5E 6A
10:55:48.935 [TX CF6] 67 26 FC DE 79 CD F3 BD
10:55:48.945 [TX CF7] 67 27 E7 BF D0 07 A1 1F
10:55:48.956 [TX CF8] 67 28 44 5E 8C FD 22 7A
10:55:48.967 [TX CF9] 67 29 55 F4 CD E9 DF D4
10:55:48.977 [TX CF10] 67 2A 47 A9 9F 55 5E AE
10:55:48.988 [TX CF11] 67 2B FD 66 7A DD F5 DD
10:55:48.999 [TX CF12] 67 2C EB FF D8 87 B2 1F
10:55:49.010 [TX CF13] 67 2D 66 5E D0 FD AA 7B
10:55:49.020 [TX CF14] 67 2E 65 F6 ED EE 1F DC
10:55:49.030 [TX CF15] 67 2F C7 BA 9F 77 5E F2
10:55:49.040 [TX CF0] 67 20 FD EE 7B ED F7 FD
10:55:49.051 [TX CF1] 67 21 E0 3F C1 07 83 1F
10:55:49.062 [TX CF2] 67 22 08 5E 14 FC 32 78
10:55:49.073 [TX CF3] 67 23 75 F1 0D E2 5F C5
10:55:49.084 [TX CF4] 67 24 47 8B 9F 19 5E 36
10:55:49.094 [TX CF5] 67 25 FC 76 78 FD F2 1D
10:55:49.104 [TX CF6] 67 26 E4 7F C9 87 94 1F
10:55:49.116 [TX CF7] 67 27 2A 5E 58 FC BA 79
10:55:49.127 [TX CF8] 67 28 85 F3 2D E6 9F CD
10:55:49.137 [TX CF9] 67 29 C7 9C 9F 3B 5E 7A
10:55:49.147 [TX CF10] 67 2A FC FE 7A 0D F4 3D
10:55:49.157 [TX CF11] 67 2B E8 BF D2 07 A5 1F
10:55:49.169 [TX CF12] 67 2C 4C 5E 9C FD 42 7A
10:55:49.179 [TX CF13] 67 2D 95 F5 4D EA DF D6
10:55:49.190 [TX CF14] 67 2E 47 AD 9F 5D 5E BE
10:55:49.200 [TX CF15] 67 2F FD 86 7B 1D F6 5D
10:55:49.211 [TX CF0] 67 20 EC FF DA 87 B6 1F
10:55:49.221 [TX CF1] 67 21 6E 5E E0 FD CA 7B
10:55:49.231 [TX CF2] 67 22 A5 F7 6D EF 1F DE
10:55:49.242 [TX CF3] 67 23 C7 BE 9F 7F 5E 02
10:55:49.253 [TX CF4] 67 24 FC 0E 78 2D F0 7D
10:55:49.263 [TX CF5] 67 25 E1 3F C3 07 87 1F
10:55:49.275 [TX CF6] 67 26 10 5E 24 FC 52 78
10:55:49.286 [TX CF7] 67 27 B5 F1 8D E3 5F C7
10:55:49.297 [TX CF8] 67 28 47 8F 9F 21 5E 46
10:55:49.309 [TX CF9] 67 29 FC 96 79 3D F2 9D
10:55:49.320 [TX CF10] 67 2A E5 7F CB 87 98 1F
10:55:49.330 [TX CF11] 67 2B 32 5E 68 FC DA 79
10:55:49.343 [TX CF12] 67 2C C5 F3 AD E7 9F CF
10:55:49.354 [TX CF13] 67 2D C7 A0 9F 43 5E 8A
10:55:49.365 [TX CF14] 67 2E FD 1E 7A 4D F4 BD
10:55:49.377 [TX CF15] 67 2F E9 BF D4 07 A9 1F
10:55:49.389 [TX CF0] 67 20 54 5E AC FD 62 7A
10:55:49.400 [TX CF1] 67 21 D5 F5 CD EB DF D8
10:55:49.412 [TX CF2] 67 22 47 B1 9F 65 5E CE
10:55:49.423 [TX CF3] 67 23 FD A6 7B 5D F6 DD
10:55:49.434 [TX CF4] 67 24 ED FF DC 87 BA 1F
10:55:49.444 [TX CF5] 67 25 76 5E F0 FD EA 7B
10:55:49.455 [TX CF6] 67 26 E5 F7 ED E0 1F C0
10:55:49.466 [TX CF7] 67 27 C7 82 9F 07 5E 12
10:55:49.478 [TX CF8] 67 28 FC 2E 78 6D F0 FD
10:55:49.488 [TX CF9] 67 29 E2 3F C5 07 8B 1F
10:55:49.499 [TX CF10] 67 2A 18 5E 34 FC 72 78
10:55:49.511 [TX CF11] 67 2B F5 F2 0D E4 5F C9
10:55:49.522 [TX CF12] 67 2C 47 93 9F 29 5E 56
10:55:49.532 [TX CF13] 67 2D FC B6 79 7D F3 1D
10:55:49.544 [TX CF14] 67 2E E6 7F CD 87 9C 1F
10:55:49.554 [TX CF15] 67 2F 3A 5E 78 FC FA 7A
10:55:49.565 [TX CF0] 67 20 05 F4 2D E8 9F D1
10:55:49.577 [TX CF1] 67 21 C7 A4 9F 4B 5E 9A
10:55:49.587 [TX CF2] 67 22 FD 3E 7A 8D F5 3D
10:55:49.598 [TX CF3] 67 23 EA BF D6 07 AD 1F
10:55:49.608 [TX CF4] 67 24 5C 5E BC FD 82 7B
10:55:49.620 [TX CF5] 67 25 15 F6 4D EC DF DA
10:55:49.631 [TX CF6] 67 26 47 B5 9F 6D 5E DE
10:55:49.641 [TX CF7] 67 27 FD C6 7B 9D F7 5D
10:55:49.652 [TX CF8] 67 28 EE FF DE 87 BE 1F
10:55:49.663 [TX CF9] 67 29 7E 5E 00 FC 0A 78
10:55:49.674 [TX CF10] 67 2A 25 F0 6D E1 1F C2
10:55:49.684 [TX CF11] 67 2B C7 86 9F 0F 5E 22
10:55:49.694 [TX CF12] 67 2C FC 4E 78 AD F1 7D
10:55:49.704 [TX CF13] 67 2D E3 3F C7 07 8F 1F
10:55:49.716 [TX CF14] 67 2E 20 5E 44 FC 92 79
10:55:49.726 [TX CF15] 67 2F 35 F2 8D E5 5F CB
10:55:49.737 [TX CF0] 67 20 47 97 9F 31 5E 66
10:55:49.749 [TX CF1] 67 21 FC D6 79 BD F3 9D
10:55:49.759 [TX CF2] 67 22 E7 7F CF 87 A0 1F
10:55:49.770 [TX CF3] 67 23 42 5E 88 FD 1A 7A
10:55:49.780 [TX CF4] 67 24 45 F4 AD E9 9F D3
10:55:49.791 [TX CF5] 67 25 C7 A8 9F 53 5E AA
10:55:49.801 [TX CF6] 67 26 FD 5E 7A CD F5 BD
10:55:49.812 [TX CF7] 67 27 EB BF D8 07 B1 1F
10:55:49.822 [TX CF8] 67 28 64 5E CC FD A2 7B
10:55:49.832 [TX CF9] 67 29 55 F6 CD ED DF DC
10:55:49.843 [TX CF10] 67 2A 47 B9 9F 75 5E EE
10:55:49.853 [TX CF11] 67 2B FD E6 7B DD F7 DD
10:55:49.864 [TX CF12] 67 2C FF F7 FF E0 47 C1
10:55:49.875 [TX CF13] 67 2D 17 83 3F 08 9E 15
10:55:49.885 [TX CF14] 67 2E 7C 33 78 77 F1 11
10:55:49.895 [TX CF15] 67 2F E2 67 C5 57 8B BF
10:55:49.906 [TX CF0] 67 20 19 9E 37 7C 77 78
10:55:49.917 [TX CF1] 67 21 FF F2 21 E4 87 C9
10:55:49.927 [TX CF2] 67 22 97 94 3F 2A 9E 59
10:55:49.937 [TX CF3] 67 23 7C BB 79 87 F3 31
10:55:49.949 [TX CF4] 67 24 E6 A7 CD D7 9C BF
10:55:49.960 [TX CF5] 67 25 3B 9E 7B 7C FF 7A
10:55:49.971 [TX CF6] 67 26 0F F4 41 E8 C7 D2
10:55:49.983 [TX CF7] 67 27 17 A5 3F 4C 9E 9D
10:55:49.993 [TX CF8] 67 28 7D 43 7A 97 F5 51
10:55:50.004 [TX CF9] 67 29 EA E7 D6 57 AD BF
10:55:50.014 [TX CF10] 67 2A 5D 9E BF 7D 87 7B
10:55:50.025 [TX CF11] 67 2B 1F F6 61 ED 07 DA
10:55:50.036 [TX CF12] 67 2C 97 B6 3F 6E 9E E1
10:55:50.047 [TX CF13] 67 2D 7D CB 7B A7 F7 71
10:55:50.057 [TX CF14] 67 2E EF 27 DE D7 BE BF
10:55:50.068 [TX CF15] 67 2F 7F 9E 03 7C 0F 78
10:55:50.078 [TX CF0] 67 20 2F F0 81 E1 47 C3
10:55:50.088 [TX CF1] 67 21 17 87 3F 10 9E 25
10:55:50.099 [TX CF2] 67 22 7C 53 78 B7 F1 91
10:55:50.110 [TX CF3] 67 23 E3 67 C7 57 8F BF
10:55:50.120 [TX CF4] 67 24 21 9E 47 7C 97 79
10:55:50.130 [TX CF5] 67 25 3F F2 A1 E5 87 CB
10:55:50.141 [TX CF6] 67 26 97 98 3F 32 9E 69
10:55:50.151 [TX CF7] 67 27 7C DB 79 C7 F3 B1
10:55:50.162 [TX CF8] 67 28 E7 A7 CF D7 A0 BF
10:55:50.173 [TX CF9] 67 29 43 9E 8B 7D 1F 7A
10:55:50.183 [TX CF10] 67 2A 4F F4 C1 E9 C7 D4
10:55:50.195 [TX CF11] 67 2B 17 A9 3F 54 9E AD
10:55:50.206 [TX CF12] 67 2C 7D 63 7A D7 F5 D1
10:55:50.217 [TX CF13] 67 2D EB E7 D8 57 B1 BF
10:55:50.227 [TX CF14] 67 2E 65 9E CF 7D A7 7B
10:55:50.237 [TX CF15] 67 2F 5F F6 E1 EE 07 DC
10:55:50.248 [TX CF0] 67 20 97 BA 3F 76 9E F1
10:55:50.259 [TX CF1] 67 21 7D EB 7B E7 F7 F1
10:55:50.270 [TX CF2] 67 22 E0 27 C0 D7 82 BF
10:55:50.280 [TX CF3] 67 23 07 9E 13 7C 2F 78
10:55:50.291 [TX CF4] 67 24 6F F1 01 FF FF FF
10:55:50.310 [RX SF ] 67 02 76 15 FF FF FF FF
10:55:50.310 [RX    ] 76 15
10:55:50.310 [PASS  ] TransferData block=21 | expected: 76 ... | received: 76 15
10:55:50.321 ------------------------------------------------------------------------
10:55:50.321 [STEP  ] 0x36 block=22  offset=42840/45254  (94%)
10:55:50.321 [TX TransferData block=22 len=2040] 36 16 E2 47 C5 17 8B 3F 18 9E 35 7C 73 78 F7 F2...
10:55:50.322 [TX FF ] 67 17 FA 36 16 E2 47 C5
10:55:50.333 [TX CF1] 67 21 17 8B 3F 18 9E 35
10:55:50.343 [TX CF2] 67 22 7C 73 78 F7 F2 11
10:55:50.354 [TX CF3] 67 23 E4 67 C9 57 93 BF
10:55:50.366 [TX CF4] 67 24 29 9E 57 7C B7 79
10:55:50.376 [TX CF5] 67 25 7F F3 21 E6 87 CD
10:55:50.388 [TX CF6] 67 26 97 9C 3F 3A 9E 79
10:55:50.399 [TX CF7] 67 27 7C FB 7A 07 F4 31
10:55:50.409 [TX CF8] 67 28 E8 A7 D1 D7 A4 BF
10:55:50.420 [TX CF9] 67 29 4B 9E 9B 7D 3F 7A
10:55:50.431 [TX CF10] 67 2A 8F F5 41 EA C7 D6
10:55:50.442 [TX CF11] 67 2B 17 AD 3F 5C 9E BD
10:55:50.453 [TX CF12] 67 2C 7D 83 7B 17 F6 51
10:55:50.464 [TX CF13] 67 2D EC E7 DA 57 B5 BF
10:55:50.475 [TX CF14] 67 2E 6D 9E DF 7D C7 7B
10:55:50.486 [TX CF15] 67 2F 9F F7 61 EF 07 DE
10:55:50.497 [TX CF0] 67 20 97 BE 3F 7E 9E 01
10:55:50.507 [TX CF1] 67 21 7C 0B 78 27 F0 71
10:55:50.519 [TX CF2] 67 22 E1 27 C2 D7 86 BF
10:55:50.530 [TX CF3] 67 23 0F 9E 23 7C 4F 78
10:55:50.540 [TX CF4] 67 24 AF F1 81 E3 47 C7
10:55:50.552 [TX CF5] 67 25 17 8F 3F 20 9E 45
10:55:50.563 [TX CF6] 67 26 7C 93 79 37 F2 91
10:55:50.574 [TX CF7] 67 27 E5 67 CB 57 97 BF
10:55:50.585 [TX CF8] 67 28 31 9E 67 7C D7 79
10:55:50.597 [TX CF9] 67 29 BF F3 A1 E7 87 CF
10:55:50.607 [TX CF10] 67 2A 97 A0 3F 42 9E 89
10:55:50.617 [TX CF11] 67 2B 7D 1B 7A 47 F4 B1
10:55:50.627 [TX CF12] 67 2C E9 A7 D3 D7 A8 BF
10:55:50.637 [TX CF13] 67 2D 53 9E AB 7D 5F 7A
10:55:50.648 [TX CF14] 67 2E CF F5 C1 EB C7 D8
10:55:50.658 [TX CF15] 67 2F 17 B1 3F 64 9E CD
10:55:50.669 [TX CF0] 67 20 7D A3 7B 57 F6 D1
10:55:50.679 [TX CF1] 67 21 ED E7 DC 57 B9 BF
10:55:50.690 [TX CF2] 67 22 75 9E EF 7D E7 7B
10:55:50.700 [TX CF3] 67 23 DF F7 E1 E0 07 C0
10:55:50.710 [TX CF4] 67 24 97 82 3F 06 9E 11
10:55:50.721 [TX CF5] 67 25 7C 2B 78 67 F0 F1
10:55:50.733 [TX CF6] 67 26 E2 27 C4 D7 8A BF
10:55:50.743 [TX CF7] 67 27 17 9E 33 7C 6F 78
10:55:50.754 [TX CF8] 67 28 EF F2 01 E4 47 C9
10:55:50.766 [TX CF9] 67 29 17 93 3F 28 9E 55
10:55:50.776 [TX CF10] 67 2A 7C B3 79 77 F3 11
10:55:50.787 [TX CF11] 67 2B E6 67 CD 57 9B BF
10:55:50.797 [TX CF12] 67 2C 39 9E 77 7C F7 79
10:55:50.808 [TX CF13] 67 2D FF F4 21 E8 87 D1
10:55:50.820 [TX CF14] 67 2E 97 A4 3F 4A 9E 99
10:55:50.832 [TX CF15] 67 2F 7D 3B 7A 87 F5 31
10:55:50.843 [TX CF0] 67 20 EA A7 D5 D7 AC BF
10:55:50.854 [TX CF1] 67 21 5B 9E BB 7D 7F 7B
10:55:50.866 [TX CF2] 67 22 0F F6 41 EC C7 DA
10:55:50.876 [TX CF3] 67 23 17 B5 3F 6C 9E DD
10:55:50.887 [TX CF4] 67 24 7D C3 7B 97 F7 51
10:55:50.899 [TX CF5] 67 25 EE E7 DE 57 BD BF
10:55:50.910 [TX CF6] 67 26 7D 9E FF 7C 07 78
10:55:50.921 [TX CF7] 67 27 1F F0 61 E1 07 C2
10:55:50.931 [TX CF8] 67 28 97 86 3F 0E 9E 21
10:55:50.942 [TX CF9] 67 29 7C 4B 78 A7 F1 71
10:55:50.954 [TX CF10] 67 2A E3 27 C6 D7 8E BF
10:55:50.964 [TX CF11] 67 2B 1F 9E 43 7C 8F 79
10:55:50.976 [TX CF12] 67 2C 2F F2 81 E5 47 CB
10:55:50.988 [TX CF13] 67 2D 17 97 3F 30 9E 65
10:55:50.999 [TX CF14] 67 2E 7C D3 79 B7 F3 91
10:55:51.011 [TX CF15] 67 2F E7 67 CF 57 9F BF
10:55:51.021 [TX CF0] 67 20 41 9E 87 7D 17 7A
10:55:51.032 [TX CF1] 67 21 3F F4 A1 E9 87 D3
10:55:51.044 [TX CF2] 67 22 97 A8 3F 52 9E A9
10:55:51.054 [TX CF3] 67 23 7D 5B 7A C7 F5 B1
10:55:51.065 [TX CF4] 67 24 EB A7 D7 D7 B0 BF
10:55:51.075 [TX CF5] 67 25 63 9E CB 7D 9F 7B
10:55:51.086 [TX CF6] 67 26 4F F6 C1 ED C7 DC
10:55:51.096 [TX CF7] 67 27 17 B9 3F 74 9E ED
10:55:51.107 [TX CF8] 67 28 7D E3 7B D7 F7 D1
10:55:51.118 [TX CF9] 67 29 EF E7 C0 57 81 BF
10:55:51.129 [TX CF10] 67 2A 05 9E 0F 7C 27 78
10:55:51.139 [TX CF11] 67 2B 5F F0 E1 E2 07 C4
10:55:51.150 [TX CF12] 67 2C 97 8A 3F 16 9E 31
10:55:51.160 [TX CF13] 67 2D 7C 6B 78 E7 F1 F1
10:55:51.172 [TX CF14] 67 2E E4 27 C8 D7 92 BF
10:55:51.183 [TX CF15] 67 2F 27 9E 53 7C AF 79
10:55:51.193 [TX CF0] 67 20 6F F3 01 E6 47 CD
10:55:51.205 [TX CF1] 67 21 17 9B 3F 38 9E 75
10:55:51.216 [TX CF2] 67 22 7C F3 79 F7 F4 11
10:55:51.227 [TX CF3] 67 23 E8 67 D1 57 A3 BF
10:55:51.239 [TX CF4] 67 24 49 9E 97 7D 37 7A
10:55:51.250 [TX CF5] 67 25 7F F5 21 EA 87 D5
10:55:51.261 [TX CF6] 67 26 97 AC 3F 5A 9E B9
10:55:51.271 [TX CF7] 67 27 7D 7B 7B 07 F6 31
10:55:51.283 [TX CF8] 67 28 EC A7 D9 D7 B4 BF
10:55:51.295 [TX CF9] 67 29 6B 9E DB 7D BF 7B
10:55:51.305 [TX CF10] 67 2A 8F F7 41 EE C7 DE
10:55:51.318 [TX CF11] 67 2B 17 BD 3F 7C 9E FD
10:55:51.328 [TX CF12] 67 2C 7C 03 78 17 F0 51
10:55:51.339 [TX CF13] 67 2D E0 E7 C2 57 85 BF
10:55:51.350 [TX CF14] 67 2E 0D 9E 1F 7C 47 78
10:55:51.361 [TX CF15] 67 2F 9F F1 61 E3 07 C6
10:55:51.372 [TX CF0] 67 20 97 8E 3F 1E 9E 41
10:55:51.384 [TX CF1] 67 21 7C 8B 79 27 F2 71
10:55:51.394 [TX CF2] 67 22 E5 27 CA D7 96 BF
10:55:51.404 [TX CF3] 67 23 2F 9E 63 7C CF 79
10:55:51.416 [TX CF4] 67 24 AF F3 81 E7 47 CF
10:55:51.426 [TX CF5] 67 25 17 9F 3F 40 9E 85
10:55:51.437 [TX CF6] 67 26 7D 13 7A 37 F4 91
10:55:51.447 [TX CF7] 67 27 E9 67 D3 57 A7 BF
10:55:51.459 [TX CF8] 67 28 51 9E A7 7D 57 7A
10:55:51.470 [TX CF9] 67 29 BF F5 A1 EB 87 D7
10:55:51.482 [TX CF10] 67 2A 97 B0 3F 62 9E C9
10:55:51.493 [TX CF11] 67 2B 7D 9B 7B 47 F6 B1
10:55:51.505 [TX CF12] 67 2C ED A7 DB D7 B8 BF
10:55:51.516 [TX CF13] 67 2D 73 9E EB 7D DF 7B
10:55:51.526 [TX CF14] 67 2E CF F7 C1 EF C7 C0
10:55:51.536 [TX CF15] 67 2F 17 81 3F 04 9E 0D
10:55:51.547 [TX CF0] 67 20 7C 23 78 57 F0 D1
10:55:51.557 [TX CF1] 67 21 E1 E7 C4 57 89 BF
10:55:51.568 [TX CF2] 67 22 15 9E 2F 7C 67 78
10:55:51.579 [TX CF3] 67 23 DF F1 E1 E4 07 C8
10:55:51.589 [TX CF4] 67 24 97 92 3F 26 9E 51
10:55:51.599 [TX CF5] 67 25 7C AB 79 67 F2 F1
10:55:51.610 [TX CF6] 67 26 E6 27 CC D7 9A BF
10:55:51.620 [TX CF7] 67 27 37 9E 73 7C EF 79
10:55:51.631 [TX CF8] 67 28 EF F4 01 E8 47 D1
10:55:51.642 [TX CF9] 67 29 17 A3 3F 48 9E 95
10:55:51.652 [TX CF10] 67 2A 7D 33 7A 77 F5 11
10:55:51.663 [TX CF11] 67 2B EA 67 D5 57 AB BF
10:55:51.674 [TX CF12] 67 2C 59 9E B7 7D 77 7A
10:55:51.684 [TX CF13] 67 2D FF F6 21 EC 87 D9
10:55:51.695 [TX CF14] 67 2E 97 B4 3F 6A 9E D9
10:55:51.705 [TX CF15] 67 2F 7D BB 7B 87 F7 31
10:55:51.715 [TX CF0] 67 20 EE A7 DD D7 BC BF
10:55:51.727 [TX CF1] 67 21 7B 9E FB 7D FF 78
10:55:51.738 [TX CF2] 67 22 0F F0 41 E0 C7 C2
10:55:51.750 [TX CF3] 67 23 17 85 3F 0C 9E 1D
10:55:51.762 [TX CF4] 67 24 7C 43 78 97 F1 51
10:55:51.773 [TX CF5] 67 25 E2 E7 C6 57 8D BF
10:55:51.784 [TX CF6] 67 26 1D 9E 3F 7C 87 79
10:55:51.795 [TX CF7] 67 27 1F F2 61 E5 07 CA
10:55:51.806 [TX CF8] 67 28 97 96 3F 2E 9E 61
10:55:51.816 [TX CF9] 67 29 7C CB 79 A7 F3 71
10:55:51.827 [TX CF10] 67 2A E7 27 CE D7 9E BF
10:55:51.838 [TX CF11] 67 2B 3F 9E 83 7D 0F 7A
10:55:51.848 [TX CF12] 67 2C 2F F4 81 E9 47 D3
10:55:51.858 [TX CF13] 67 2D 17 A7 3F 50 9E A5
10:55:51.870 [TX CF14] 67 2E 7D 53 7A B7 F5 91
10:55:51.880 [TX CF15] 67 2F EB 67 D7 57 AF BF
10:55:51.891 [TX CF0] 67 20 61 9E C7 7D 97 7B
10:55:51.902 [TX CF1] 67 21 3F F6 A1 ED 87 DB
10:55:51.913 [TX CF2] 67 22 97 B8 3F 72 9E E9
10:55:51.924 [TX CF3] 67 23 7D DB 7B C7 F7 B1
10:55:51.934 [TX CF4] 67 24 EF A7 DF D7 80 BF
10:55:51.944 [TX CF5] 67 25 03 9E 0B 7C 1F 78
10:55:51.956 [TX CF6] 67 26 4F F0 C1 E1 C7 C4
10:55:51.966 [TX CF7] 67 27 17 89 3F 14 9E 2D
10:55:51.976 [TX CF8] 67 28 7C 63 78 D7 F1 D1
10:55:51.987 [TX CF9] 67 29 E3 E7 C8 57 91 BF
10:55:51.997 [TX CF10] 67 2A 25 9E 4F 7C A7 79
10:55:52.009 [TX CF11] 67 2B 5F F2 E1 E6 07 CC
10:55:52.020 [TX CF12] 67 2C 97 9A 3F 36 9E 71
10:55:52.030 [TX CF13] 67 2D 7C EB 79 E7 F3 F1
10:55:52.040 [TX CF14] 67 2E E8 27 D0 D7 A2 BF
10:55:52.051 [TX CF15] 67 2F 47 9E 93 7D 2F 7A
10:55:52.061 [TX CF0] 67 20 6F F5 01 EA 47 D5
10:55:52.073 [TX CF1] 67 21 17 AB 3F 58 9E B5
10:55:52.083 [TX CF2] 67 22 7D 73 7A F7 F6 11
10:55:52.094 [TX CF3] 67 23 EC 67 D9 57 B3 BF
10:55:52.105 [TX CF4] 67 24 69 9E D7 7D B7 7B
10:55:52.116 [TX CF5] 67 25 7F F7 21 EE 87 DD
10:55:52.127 [TX CF6] 67 26 97 BC 3F 7A 9E F9
10:55:52.138 [TX CF7] 67 27 7D FB 78 07 F0 31
10:55:52.148 [TX CF8] 67 28 E0 A7 C1 D7 84 BF
10:55:52.159 [TX CF9] 67 29 0B 9E 1B 7C 3F 78
10:55:52.169 [TX CF10] 67 2A 8F F1 41 E2 C7 C6
10:55:52.180 [TX CF11] 67 2B 17 8D 3F 1C 9E 3D
10:55:52.190 [TX CF12] 67 2C 7C 83 79 17 F2 51
10:55:52.201 [TX CF13] 67 2D E4 E7 CA 57 95 BF
10:55:52.211 [TX CF14] 67 2E 2D 9E 5F 7C C7 79
10:55:52.222 [TX CF15] 67 2F 9F F3 61 E7 07 CE
10:55:52.234 [TX CF0] 67 20 97 9E 3F 3E 9E 81
10:55:52.244 [TX CF1] 67 21 7D 0B 7A 27 F4 71
10:55:52.256 [TX CF2] 67 22 E9 27 D2 D7 A6 BF
10:55:52.267 [TX CF3] 67 23 4F 9E A3 7D 4F 7A
10:55:52.279 [TX CF4] 67 24 AF F5 81 EB 47 D7
10:55:52.290 [TX CF5] 67 25 17 AF 3F 60 9E C5
10:55:52.302 [TX CF6] 67 26 7D 93 7B 37 F6 91
10:55:52.313 [TX CF7] 67 27 ED 67 DB 57 B7 BF
10:55:52.324 [TX CF8] 67 28 71 9E E7 7D D7 7B
10:55:52.334 [TX CF9] 67 29 BF F7 A1 EF 87 DF
10:55:52.344 [TX CF10] 67 2A 97 80 3F 02 9E 09
10:55:52.355 [TX CF11] 67 2B 7C 1B 78 47 F0 B1
10:55:52.365 [TX CF12] 67 2C E1 A7 C3 D7 88 BF
10:55:52.376 [TX CF13] 67 2D 13 9E 2B 7C 5F 78
10:55:52.386 [TX CF14] 67 2E CF F1 C1 E3 C7 C8
10:55:52.397 [TX CF15] 67 2F 17 91 3F 24 9E 4D
10:55:52.408 [TX CF0] 67 20 7C A3 79 57 F2 D1
10:55:52.418 [TX CF1] 67 21 E5 E7 CC 57 99 BF
10:55:52.428 [TX CF2] 67 22 35 9E 6F 7C E7 79
10:55:52.439 [TX CF3] 67 23 DF F3 E1 E8 07 D0
10:55:52.449 [TX CF4] 67 24 97 A2 3F 46 9E 91
10:55:52.459 [TX CF5] 67 25 7D 2B 7A 67 F4 F1
10:55:52.471 [TX CF6] 67 26 EA 27 D4 D7 AA BF
10:55:52.481 [TX CF7] 67 27 57 9E B3 7D 6F 7A
10:55:52.492 [TX CF8] 67 28 EF F6 01 EC 47 D9
10:55:52.504 [TX CF9] 67 29 17 B3 3F 68 9E D5
10:55:52.515 [TX CF10] 67 2A 7D B3 7B 77 F7 11
10:55:52.525 [TX CF11] 67 2B EE 67 DD 57 BB BF
10:55:52.536 [TX CF12] 67 2C 79 9E F7 7D F7 7F
10:55:52.548 [TX CF13] 67 2D FD FF F8 11 F0 45
10:55:52.559 [TX CF14] 67 2E E0 CF C2 27 85 5F
10:55:52.570 [TX CF15] 67 2F 0C DE 1D FC 44 78
10:55:52.581 [TX CF0] 67 20 99 F1 55 E2 EF C6
10:55:52.593 [TX CF1] 67 21 67 8D DF 1D DE 3F
10:55:52.603 [TX CF2] 67 22 FC 88 79 21 F2 65
10:55:52.613 [TX CF3] 67 23 E5 0F CA A7 96 5F
10:55:52.624 [TX CF4] 67 24 2E DE 61 FC CC 79
10:55:52.635 [TX CF5] 67 25 A9 F3 75 E7 2F CE
10:55:52.645 [TX CF6] 67 26 E7 9E DF 3F DE 83
10:55:52.657 [TX CF7] 67 27 FD 10 7A 31 F4 85
10:55:52.668 [TX CF8] 67 28 E9 4F D3 27 A7 5F
10:55:52.679 [TX CF9] 67 29 50 DE A5 FD 54 7A
10:55:52.689 [TX CF10] 67 2A B9 F5 95 EB 6F D7
10:55:52.700 [TX CF11] 67 2B 67 AF DF 61 DE C7
10:55:52.711 [TX CF12] 67 2C FD 98 7B 41 F6 A5
10:55:52.722 [TX CF13] 67 2D ED 8F DB A7 B8 5F
10:55:52.733 [TX CF14] 67 2E 72 DE E9 FD DC 7B
10:55:52.744 [TX CF15] 67 2F C9 F7 B5 EF AF DF
10:55:52.754 [TX CF0] 67 20 E7 80 DF 03 DE 0B
10:55:52.765 [TX CF1] 67 21 FC 20 78 51 F0 C5
10:55:52.775 [TX CF2] 67 22 E1 CF C4 27 89 5F
10:55:52.787 [TX CF3] 67 23 14 DE 2D FC 64 78
10:55:52.797 [TX CF4] 67 24 D9 F1 D5 E3 EF C8
10:55:52.808 [TX CF5] 67 25 67 91 DF 25 DE 4F
10:55:52.818 [TX CF6] 67 26 FC A8 79 61 F2 E5
10:55:52.828 [TX CF7] 67 27 E6 0F CC A7 9A 5F
10:55:52.839 [TX CF8] 67 28 36 DE 71 FC EC 79
10:55:52.849 [TX CF9] 67 29 E9 F3 F5 E8 2F D0
10:55:52.860 [TX CF10] 67 2A E7 A2 DF 47 DE 93
10:55:52.871 [TX CF11] 67 2B FD 30 7A 71 F5 05
10:55:52.881 [TX CF12] 67 2C EA 4F D5 27 AB 5F
10:55:52.891 [TX CF13] 67 2D 58 DE B5 FD 74 7A
10:55:52.902 [TX CF14] 67 2E F9 F6 15 EC 6F D9
10:55:52.913 [TX CF15] 67 2F 67 B3 DF 69 DE D7
10:55:52.924 [TX CF0] 67 20 FD B8 7B 81 F7 25
10:55:52.935 [TX CF1] 67 21 EE 8F DD A7 BC 5F
10:55:52.945 [TX CF2] 67 22 7A DE F9 FD FC 78
10:55:52.955 [TX CF3] 67 23 09 F0 35 E0 AF C1
10:55:52.966 [TX CF4] 67 24 E7 84 DF 0B DE 1B
10:55:52.978 [TX CF5] 67 25 FC 40 78 91 F1 45
10:55:52.988 [TX CF6] 67 26 E2 CF C6 27 8D 5F
10:55:53.000 [TX CF7] 67 27 1C DE 3D FC 84 79
10:55:53.011 [TX CF8] 67 28 19 F2 55 E4 EF CA
10:55:53.022 [TX CF9] 67 29 67 95 DF 2D DE 5F
10:55:53.033 [TX CF10] 67 2A FC C8 79 A1 F3 65
10:55:53.043 [TX CF11] 67 2B E7 0F CE A7 9E 5F
10:55:53.054 [TX CF12] 67 2C 3E DE 81 FD 0C 7A
10:55:53.066 [TX CF13] 67 2D 29 F4 75 E9 2F D2
10:55:53.077 [TX CF14] 67 2E E7 A6 DF 4F DE A3
10:55:53.088 [TX CF15] 67 2F FD 50 7A B1 F5 85
10:55:53.098 [TX CF0] 67 20 EB 4F D7 27 AF 5F
10:55:53.109 [TX CF1] 67 21 60 DE C5 FD 94 7B
10:55:53.120 [TX CF2] 67 22 39 F6 95 ED 6F DB
10:55:53.132 [TX CF3] 67 23 67 B7 DF 71 DE E7
10:55:53.143 [TX CF4] 67 24 FD D8 7B C1 F7 A5
10:55:53.154 [TX CF5] 67 25 EF 8F DF A7 80 5F
10:55:53.166 [TX CF6] 67 26 02 DE 09 FC 1C 78
10:55:53.176 [TX CF7] 67 27 49 F0 B5 E1 AF C3
10:55:53.187 [TX CF8] 67 28 E7 88 DF 13 DE 2B
10:55:53.197 [TX CF9] 67 29 FC 60 78 D1 F1 C5
10:55:53.209 [TX CF10] 67 2A E3 CF C8 27 91 5F
10:55:53.220 [TX CF11] 67 2B 24 DE 4D FC A4 79
10:55:53.230 [TX CF12] 67 2C 59 F2 D5 E5 EF CC
10:55:53.241 [TX CF13] 67 2D 67 99 DF 35 DE 6F
10:55:53.252 [TX CF14] 67 2E FC E8 79 E1 F3 E5
10:55:53.264 [TX CF15] 67 2F E8 0F D0 A7 A2 5F
10:55:53.274 [TX CF0] 67 20 46 DE 91 FD 2C 7A
10:55:53.285 [TX CF1] 67 21 69 F4 F5 EA 2F D4
10:55:53.296 [TX CF2] 67 22 E7 AA DF 57 DE B3
10:55:53.306 [TX CF3] 67 23 FD 70 7A F1 F6 05
10:55:53.317 [TX CF4] 67 24 EC 4F D9 27 B3 5F
10:55:53.328 [TX CF5] 67 25 68 DE D5 FD B4 7B
10:55:53.338 [TX CF6] 67 26 79 F7 15 EE 6F DD
10:55:53.349 [TX CF7] 67 27 67 BB DF 79 DE F7
10:55:53.360 [TX CF8] 67 28 FD F8 78 01 F0 25
10:55:53.370 [TX CF9] 67 29 E0 8F C1 A7 84 5F
10:55:53.380 [TX CF10] 67 2A 0A DE 19 FC 3C 78
10:55:53.391 [TX CF11] 67 2B 89 F1 35 E2 AF C5
10:55:53.401 [TX CF12] 67 2C E7 8C DF 1B DE 3B
10:55:53.412 [TX CF13] 67 2D FC 80 79 11 F2 45
10:55:53.423 [TX CF14] 67 2E E4 CF CA 27 95 5F
10:55:53.434 [TX CF15] 67 2F 2C DE 5D FC C4 79
10:55:53.444 [TX CF0] 67 20 99 F3 55 E6 EF CE
10:55:53.455 [TX CF1] 67 21 67 9D DF 3D DE 7F
10:55:53.466 [TX CF2] 67 22 FD 08 7A 21 F4 65
10:55:53.478 [TX CF3] 67 23 E9 0F D2 A7 A6 5F
10:55:53.488 [TX CF4] 67 24 4E DE A1 FD 4C 7A
10:55:53.498 [TX CF5] 67 25 A9 F5 75 EB 2F D6
10:55:53.509 [TX CF6] 67 26 E7 AE DF 5F DE C3
10:55:53.520 [TX CF7] 67 27 FD 90 7B 31 F6 85
10:55:53.530 [TX CF8] 67 28 ED 4F DB 27 B7 5F
10:55:53.540 [TX CF9] 67 29 70 DE E5 FD D4 7B
10:55:53.550 [TX CF10] 67 2A B9 F7 95 EF 6F DF
10:55:53.560 [TX CF11] 67 2B 67 BF DF 01 DE 07
10:55:53.571 [TX CF12] 67 2C FC 18 78 41 F0 A5
10:55:53.581 [TX CF13] 67 2D E1 8F C3 A7 88 5F
10:55:53.592 [TX CF14] 67 2E 12 DE 29 FC 5C 78
10:55:53.604 [TX CF15] 67 2F C9 F1 B5 E3 AF C7
10:55:53.614 [TX CF0] 67 20 E7 90 DF 23 DE 4B
10:55:53.624 [TX CF1] 67 21 FC A0 79 51 F2 C5
10:55:53.636 [TX CF2] 67 22 E5 CF CC 27 99 5F
10:55:53.646 [TX CF3] 67 23 34 DE 6D FC E4 79
10:55:53.657 [TX CF4] 67 24 D9 F3 D5 E7 EF D0
10:55:53.668 [TX CF5] 67 25 67 A1 DF 45 DE 8F
10:55:53.679 [TX CF6] 67 26 FD 28 7A 61 F4 E5
10:55:53.689 [TX CF7] 67 27 EA 0F D4 A7 AA 5F
10:55:53.700 [TX CF8] 67 28 56 DE B1 FD 6C 7A
10:55:53.710 [TX CF9] 67 29 E9 F5 F5 EC 2F D8
10:55:53.722 [TX CF10] 67 2A E7 B2 DF 67 DE D3
10:55:53.733 [TX CF11] 67 2B FD B0 7B 71 F7 05
10:55:53.744 [TX CF12] 67 2C EE 4F DD 27 BB 5F
10:55:53.754 [TX CF13] 67 2D 78 DE F5 FD F4 7B
10:55:53.765 [TX CF14] 67 2E F9 F0 15 E0 6F C1
10:55:53.777 [TX CF15] 67 2F 67 83 DF 09 DE 17
10:55:53.788 [TX CF0] 67 20 FC 38 78 81 F1 25
10:55:53.800 [TX CF1] 67 21 E2 8F C5 A7 8C 5F
10:55:53.810 [TX CF2] 67 22 1A DE 39 FC 7C 79
10:55:53.821 [TX CF3] 67 23 09 F2 35 E4 AF C9
10:55:53.831 [TX CF4] 67 24 E7 94 DF 2B DE 5B
10:55:53.842 [TX CF5] 67 25 FC C0 79 91 F3 45
10:55:53.853 [TX CF6] 67 26 E6 CF CE 27 9D 5F
10:55:53.863 [TX CF7] 67 27 3C DE 7D FD 04 7A
10:55:53.873 [TX CF8] 67 28 19 F4 55 E8 EF D2
10:55:53.884 [TX CF9] 67 29 67 A5 DF 4D DE 9F
10:55:53.894 [TX CF10] 67 2A FD 48 7A A1 F5 65
10:55:53.905 [TX CF11] 67 2B EB 0F D6 A7 AE 5F
10:55:53.917 [TX CF12] 67 2C 5E DE C1 FD 8C 7B
10:55:53.927 [TX CF13] 67 2D 29 F6 75 ED 2F DA
10:55:53.937 [TX CF14] 67 2E E7 B6 DF 6F DE E3
10:55:53.948 [TX CF15] 67 2F FD D0 7B B1 F7 85
10:55:53.959 [TX CF0] 67 20 EF 4F DF 27 BF 5F
10:55:53.969 [TX CF1] 67 21 00 DE 05 FC 14 78
10:55:53.980 [TX CF2] 67 22 39 F0 95 E1 6F C3
10:55:53.990 [TX CF3] 67 23 67 87 DF 11 DE 27
10:55:54.000 [TX CF4] 67 24 FC 58 78 FF FF FF
10:55:54.020 [RX SF ] 67 02 76 16 FF FF FF FF
10:55:54.020 [RX    ] 76 16
10:55:54.021 [PASS  ] TransferData block=22 | expected: 76 ... | received: 76 16
10:55:54.032 ------------------------------------------------------------------------
10:55:54.033 [STEP  ] 0x36 block=23  offset=44880/45254  (99%)
10:55:54.035 [TX TransferData block=23 len=374] 36 17 C1 F1 A5 E3 8F C7 A7 90 5F 22 DE 49 FC 9C...
10:55:54.036 [TX FF ] 67 11 78 36 17 C1 F1 A5
10:55:54.047 [TX CF1] 67 21 E3 8F C7 A7 90 5F
10:55:54.057 [TX CF2] 67 22 22 DE 49 FC 9C 79
10:55:54.068 [TX CF3] 67 23 49 F2 B5 E5 AF CB
10:55:54.079 [TX CF4] 67 24 E7 98 DF 33 DE 6B
10:55:54.091 [TX CF5] 67 25 FC E0 79 D1 F3 C5
10:55:54.103 [TX CF6] 67 26 E7 CF D0 27 A1 5F
10:55:54.115 [TX CF7] 67 27 44 DE 8D FD 24 7A
10:55:54.126 [TX CF8] 67 28 59 F4 D5 E9 EF D4
10:55:54.138 [TX CF9] 67 29 67 A9 DF 55 DE AF
10:55:54.149 [TX CF10] 67 2A FD 68 7A E1 F5 E5
10:55:54.161 [TX CF11] 67 2B EC 0F D8 A7 B2 5F
10:55:54.171 [TX CF12] 67 2C 66 DE D1 FD AC 7B
10:55:54.182 [TX CF13] 67 2D 69 F6 F5 EE 2F DC
10:55:54.193 [TX CF14] 67 2E E7 BA DF 77 DE F3
10:55:54.204 [TX CF15] 67 2F FD F0 7B F1 F0 05
10:55:54.215 [TX CF0] 67 20 E0 4F C1 27 83 5F
10:55:54.227 [TX CF1] 67 21 08 DE 15 FC 34 78
10:55:54.237 [TX CF2] 67 22 79 F1 15 E2 6F C5
10:55:54.249 [TX CF3] 67 23 67 8B DF 19 DE 37
10:55:54.259 [TX CF4] 67 24 FC 78 79 01 F2 25
10:55:54.270 [TX CF5] 67 25 E4 8F C9 A7 94 5F
10:55:54.281 [TX CF6] 67 26 2A DE 59 FC BC 79
10:55:54.291 [TX CF7] 67 27 89 F3 35 E6 AF CD
10:55:54.302 [TX CF8] 67 28 E7 9C DF 3B DE 7B
10:55:54.312 [TX CF9] 67 29 FD 00 7A 11 F4 45
10:55:54.324 [TX CF10] 67 2A E8 CF D2 27 A5 5F
10:55:54.335 [TX CF11] 67 2B 4C DE 9D FD 44 7A
10:55:54.345 [TX CF12] 67 2C 99 F5 55 EA EF D6
10:55:54.355 [TX CF13] 67 2D 67 AD DF 5D DE BF
10:55:54.367 [TX CF14] 67 2E FD 88 7B 21 F6 65
10:55:54.377 [TX CF15] 67 2F ED 0F DA A7 B6 5F
10:55:54.388 [TX CF0] 67 20 6E DE E1 FD CC 7B
10:55:54.398 [TX CF1] 67 21 A9 F7 75 EF 2F DE
10:55:54.408 [TX CF2] 67 22 E7 BE DF 7F DE 03
10:55:54.419 [TX CF3] 67 23 FC 10 78 31 F0 85
10:55:54.430 [TX CF4] 67 24 E1 4F C3 27 87 5F
10:55:54.441 [TX CF5] 67 25 10 DE 25 FC 54 78
10:55:54.451 [TX CF6] 67 26 B9 F1 95 E3 6F C7
10:55:54.461 [TX CF7] 67 27 67 8F DF 21 DE 47
10:55:54.472 [TX CF8] 67 28 FC 98 79 41 F2 A5
10:55:54.483 [TX CF9] 67 29 E5 8F CB A7 98 5F
10:55:54.493 [TX CF10] 67 2A 32 DE 69 FC DC 79
10:55:54.504 [TX CF11] 67 2B C9 F3 B5 E7 AF CF
10:55:54.515 [TX CF12] 67 2C E7 A0 DF 43 DE 8B
10:55:54.525 [TX CF13] 67 2D FD 20 7A 51 F4 C5
10:55:54.537 [TX CF14] 67 2E E9 CF D4 27 A9 5F
10:55:54.547 [TX CF15] 67 2F 54 DE AD FD 64 7A
10:55:54.558 [TX CF0] 67 20 D9 F5 D5 EB EF D8
10:55:54.569 [TX CF1] 67 21 67 B1 DF 65 DE CF
10:55:54.579 [TX CF2] 67 22 FD A8 7B 61 F6 E5
10:55:54.590 [TX CF3] 67 23 EE 0F DC A7 BA 5F
10:55:54.600 [TX CF4] 67 24 76 DE F1 FD EC 7B
10:55:54.611 [TX CF5] 67 25 E9 F7 F4 90 18 00
10:55:54.621 [TX CF6] 67 26 02 49 34 12 2E 01
10:55:54.633 [TX CF7] 67 27 0E CD 08 AC D1 65
10:55:54.643 [TX CF8] 67 28 12 09 05 04 08 95
10:55:54.654 [TX CF9] 67 29 58 0B 2C 9C 0B 0B
10:55:54.664 [TX CF10] 67 2A F9 6A 0C 07 81 00
10:55:54.676 [TX CF11] 67 2B 90 00 F0 AD 40 01
10:55:54.687 [TX CF12] 67 2C 70 C2 20 B2 09 30
10:55:54.697 [TX CF13] 67 2D 31 28 80 36 D0 6A
10:55:54.708 [TX CF14] 67 2E 50 10 94 A0 00 FF
10:55:54.729 [RX SF ] 67 02 76 17 FF FF FF FF
10:55:54.730 [RX    ] 76 17
10:55:54.730 [PASS  ] TransferData block=23 | expected: 76 ... | received: 76 17
10:55:54.741 [INFO  ] Transfer complete: 45254 bytes sent
10:55:54.741 ------------------------------------------------------------------------
10:55:54.741 [STEP  ] 0x37 – TransferExit
10:55:54.742 [TX TransferExit] 37
10:55:54.743 [TX SF ] 67 01 37 FF FF FF FF FF
10:55:54.762 [RX SF ] 67 01 77 FF FF FF FF FF
10:55:54.763 [RX    ] 77
10:55:54.763 [PASS  ] TransferExit positive response | expected: 77 ... | received: 77
10:55:54.763 ------------------------------------------------------------------------
10:55:54.763 [STEP  ] 0x31 01 0212 – wrong signature → positive resp status=0x01 [P5]
10:55:54.764 [TX RoutineControl CheckMemory (corrupted signature, all bytes XOR 0xFF)] 31 01 02 12 FE 34 DB 9C DC 55 6F C1 98 46 53 5F...
10:55:54.764 [TX FF ] 67 11 04 31 01 02 12 FE
10:55:54.775 [TX CF1] 67 21 34 DB 9C DC 55 6F
10:55:54.787 [TX CF2] 67 22 C1 98 46 53 5F 86
10:55:54.797 [TX CF3] 67 23 95 CC CD C2 02 12
10:55:54.809 [TX CF4] 67 24 8D 3D D4 B7 55 E2
10:55:54.820 [TX CF5] 67 25 E0 D6 5B 06 6B AE
10:55:54.833 [TX CF6] 67 26 9A C4 1E 73 19 3A
10:55:54.844 [TX CF7] 67 27 2D 6E AE D3 A1 06
10:55:54.854 [TX CF8] 67 28 DA 7D D8 2B 16 BB
10:55:54.866 [TX CF9] 67 29 38 33 A2 81 EB 51
10:55:54.877 [TX CF10] 67 2A 57 93 C8 68 40 85
10:55:54.888 [TX CF11] 67 2B 2B 6D 77 9E 4F 13
10:55:54.899 [TX CF12] 67 2C A1 C4 41 7C 3B E8
10:55:54.909 [TX CF13] 67 2D 40 06 C8 5B 6D 1A
10:55:54.920 [TX CF14] 67 2E 4E E8 7C 81 4A CD
10:55:54.930 [TX CF15] 67 2F EA 65 CC 7E DF 1D
10:55:54.940 [TX CF0] 67 20 68 1C BF 4D E9 BA
10:55:54.950 [TX CF1] 67 21 9C 36 EB 11 0B F7
10:55:54.961 [TX CF2] 67 22 A5 26 57 8D 35 4C
10:55:54.971 [TX CF3] 67 23 9E A3 D3 2A BF 35
10:55:54.982 [TX CF4] 67 24 E3 3E BA FC 56 D9
10:55:54.993 [TX CF5] 67 25 78 D1 71 1F 2F 58
10:55:55.003 [TX CF6] 67 26 B7 FF E0 D2 F8 D5
10:55:55.014 [TX CF7] 67 27 99 62 83 EE 14 C1
10:55:55.024 [TX CF8] 67 28 16 F3 3C D0 EA 35
10:55:55.034 [TX CF9] 67 29 F9 45 75 89 05 D6
10:55:55.045 [TX CF10] 67 2A 0B E6 54 BA 83 6A
10:55:55.055 [TX CF11] 67 2B 52 76 54 1D 27 6E
10:55:55.067 [TX CF12] 67 2C C6 55 B5 F3 0C 8D
10:55:55.077 [TX CF13] 67 2D 14 0E AB 8E C2 30
10:55:55.087 [TX CF14] 67 2E B5 3F 10 DC AC CD
10:55:55.098 [TX CF15] 67 2F 80 6F 38 F3 68 5F
10:55:55.108 [TX CF0] 67 20 DC 40 66 52 3C 02
10:55:55.118 [TX CF1] 67 21 54 B9 62 8F FA 34
10:55:55.129 [TX CF2] 67 22 FF A5 C2 A0 BA D1
10:55:55.139 [TX CF3] 67 23 E4 B6 E8 4F 40 DE
10:55:55.149 [TX CF4] 67 24 CF 67 C4 60 79 EC
10:55:55.160 [TX CF5] 67 25 80 18 50 17 B1 D8
10:55:55.171 [TX CF6] 67 26 B5 C6 21 30 7D 98
10:55:55.182 [TX CF7] 67 27 CD F3 9D F9 CA 40
10:55:55.193 [TX CF8] 67 28 CD 8F C4 7A E5 FE
10:55:55.204 [TX CF9] 67 29 F4 6E 7D 84 CC 7C
10:55:55.216 [TX CF10] 67 2A 22 53 90 86 D8 B3
10:55:55.226 [TX CF11] 67 2B CA 3B 1B FF FF FF
10:55:55.245 [RX SF ] 67 03 7F 31 78 FF FF FF
10:55:55.245 [INFO  ] NRC 0x78 – ResponsePending, waiting P2*...
10:55:55.255 [RX SF (after NRC78)] 67 03 7F 31 78 FF FF FF
10:55:55.266 [RX SF (after NRC78)] 67 03 7F 31 78 FF FF FF
10:55:55.276 [RX SF (after NRC78)] 67 03 7F 31 78 FF FF FF
10:55:55.286 [RX SF (after NRC78)] 67 03 7F 31 78 FF FF FF
10:55:55.296 [RX SF (after NRC78)] 67 03 7F 31 78 FF FF FF
10:55:55.305 [RX SF (after NRC78)] 67 03 7F 31 78 FF FF FF
10:55:55.315 [RX SF (after NRC78)] 67 03 7F 31 78 FF FF FF
10:55:55.324 [RX SF (after NRC78)] 67 03 7F 31 78 FF FF FF
10:55:55.333 [RX SF (after NRC78)] 67 03 7F 31 78 FF FF FF
10:55:55.342 [RX SF (after NRC78)] 67 03 7F 31 78 FF FF FF
10:55:55.350 [RX SF (after NRC78)] 67 03 7F 31 78 FF FF FF
10:55:55.358 [RX SF (after NRC78)] 67 03 7F 31 78 FF FF FF
10:55:55.368 [RX SF (after NRC78)] 67 03 7F 31 78 FF FF FF
10:55:55.378 [RX SF (after NRC78)] 67 03 7F 31 78 FF FF FF
10:55:55.387 [RX SF (after NRC78)] 67 03 7F 31 78 FF FF FF
10:55:55.396 [RX SF (after NRC78)] 67 03 7F 31 78 FF FF FF
10:55:55.524 [RX SF (after NRC78)] 67 03 7F 31 78 FF FF FF
10:55:55.534 [RX SF (after NRC78)] 67 03 7F 31 78 FF FF FF
10:55:55.544 [RX SF (after NRC78)] 67 03 7F 31 78 FF FF FF
10:55:55.555 [RX SF (after NRC78)] 67 03 7F 31 78 FF FF FF
10:55:55.566 [RX SF (after NRC78)] 67 03 7F 31 78 FF FF FF
10:55:55.575 [RX SF (after NRC78)] 67 03 7F 31 78 FF FF FF
10:55:55.582 [RX SF (after NRC78)] 67 03 7F 31 78 FF FF FF
10:55:55.593 [RX SF (after NRC78)] 67 03 7F 31 78 FF FF FF
10:55:55.603 [RX SF (after NRC78)] 67 03 7F 31 78 FF FF FF
10:55:55.612 [RX SF (after NRC78)] 67 03 7F 31 78 FF FF FF
10:55:55.620 [RX SF (after NRC78)] 67 03 7F 31 78 FF FF FF
10:55:55.630 [RX SF (after NRC78)] 67 03 7F 31 78 FF FF FF
10:55:55.639 [RX SF (after NRC78)] 67 03 7F 31 78 FF FF FF
10:55:55.648 [RX SF (after NRC78)] 67 03 7F 31 78 FF FF FF
10:55:55.656 [RX SF (after NRC78)] 67 03 7F 31 78 FF FF FF
10:55:55.666 [RX SF (after NRC78)] 67 03 7F 31 78 FF FF FF
10:55:55.676 [RX SF (after NRC78)] 67 03 7F 31 78 FF FF FF
10:55:55.685 [RX SF (after NRC78)] 67 03 7F 31 78 FF FF FF
10:55:55.694 [RX SF (after NRC78)] 67 03 7F 31 78 FF FF FF
10:55:55.704 [RX SF (after NRC78)] 67 03 7F 31 78 FF FF FF
10:55:55.713 [RX SF (after NRC78)] 67 03 7F 31 78 FF FF FF
10:55:55.723 [RX SF (after NRC78)] 67 03 7F 31 78 FF FF FF
10:55:55.731 [RX SF (after NRC78)] 67 06 71 01 02 12 10 01
10:55:55.731 [RX    ] 71 01 02 12 10 01
10:55:55.731 [PASS  ] CheckMemory wrong signature → status=0x01 (verificationFailed) | expected: 71 01 02 12 10 01 | received: 71 01 02 12 10 01
10:55:55.731 [INFO  ] --- Positive Test: CheckMemory (nominal) ---
10:55:55.731 ------------------------------------------------------------------------
10:55:55.733 [STEP  ] 0x10 02 – Switch to Programming Session
10:55:55.733 [TX DiagnosticSessionControl programmingSession] 10 02
10:55:55.733 [TX SF ] 67 02 10 02 FF FF FF FF
10:55:55.752 [RX SF ] 67 06 50 02 00 32 01 F4
10:55:55.753 [RX    ] 50 02 00 32 01 F4
10:55:55.753 [PASS  ] ProgrammingSession positive response | expected: 50 ... | received: 50 02 00 32 01 F4
10:55:55.753 ------------------------------------------------------------------------
10:55:55.753 [STEP  ] 0x27 01 – SecurityAccess: Request Seed
10:55:55.754 [TX SecurityAccess requestSeed] 27 01
10:55:55.754 [TX SF ] 67 02 27 01 FF FF FF FF
10:55:55.772 [RX FF ] 67 10 12 67 01 43 DA 65
10:55:55.781 [RX CF1] 67 21 15 95 D7 63 74 1D
10:55:55.791 [RX CF2] 67 22 FB 4C C3 2A 44 32
10:55:55.799 [RX CF3] 67 23 C6 FF FF FF FF FF
10:55:55.799 [RX    ] 67 01 43 DA 65 15 95 D7 63 74 1D FB 4C C3 2A 44 32 C6
10:55:55.799 [PASS  ] Seed request positive response | expected: 67 ... | received: 67 01 43 DA 65 15 95 D7 63 74 1D FB 4C C3 2A 44 32 C6
10:55:55.799 [INFO  ] Seed received: 43 DA 65 15 95 D7 63 74 1D FB 4C C3 2A 44 32 C6
10:55:55.800 ------------------------------------------------------------------------
10:55:55.800 [STEP  ] 0x27 02 – SecurityAccess: Send Key
10:55:55.800 [TX SecurityAccess sendKey] 27 02 05 34 F3 D1 49 15 A8 00 00 52 CB 57 62 13 5D A5
10:55:55.800 [TX FF ] 67 10 12 27 02 05 34 F3
10:55:55.812 [TX CF1] 67 21 D1 49 15 A8 00 00
10:55:55.823 [TX CF2] 67 22 52 CB 57 62 13 5D
10:55:55.834 [TX CF3] 67 23 A5 FF FF FF FF FF
10:55:55.853 [RX SF ] 67 02 67 02 FF FF FF FF
10:55:55.853 [RX    ] 67 02
10:55:55.854 [PASS  ] Key accepted positive response | expected: 67 ... | received: 67 02
10:55:55.854 ------------------------------------------------------------------------
10:55:55.854 [STEP  ] 0x31 01 FF00 – EraseMemory @ 0x0000C000 len=0x0002D000
10:55:55.855 [TX RoutineControl EraseMemory] 31 01 FF 00 00 00 C0 00 00 02 D0 00
10:55:55.855 [TX FF ] 67 10 0C 31 01 FF 00 00
10:55:55.866 [TX CF1] 67 21 00 C0 00 00 02 D0
10:55:55.877 [TX CF2] 67 22 00 FF FF FF FF FF
10:55:55.899 [RX SF ] 67 03 7F 31 78 FF FF FF
10:55:55.899 [INFO  ] NRC 0x78 – ResponsePending, waiting P2*...
10:55:55.910 [RX SF (after NRC78)] 67 03 7F 31 78 FF FF FF
10:55:55.962 [RX SF (after NRC78)] 67 03 7F 31 78 FF FF FF
10:55:55.996 [RX SF (after NRC78)] 67 03 7F 31 78 FF FF FF
10:55:56.008 [RX SF (after NRC78)] 67 03 7F 31 78 FF FF FF
10:55:56.062 [RX SF (after NRC78)] 67 03 7F 31 78 FF FF FF
10:55:56.074 [RX SF (after NRC78)] 67 03 7F 31 78 FF FF FF
10:55:56.108 [RX SF (after NRC78)] 67 03 7F 31 78 FF FF FF
10:55:56.138 [RX SF (after NRC78)] 67 03 7F 31 78 FF FF FF
10:55:56.191 [RX SF (after NRC78)] 67 03 7F 31 78 FF FF FF
10:55:56.224 [RX SF (after NRC78)] 67 03 7F 31 78 FF FF FF
10:55:56.276 [RX SF (after NRC78)] 67 03 7F 31 78 FF FF FF
10:55:56.310 [RX SF (after NRC78)] 67 03 7F 31 78 FF FF FF
10:55:56.323 [RX SF (after NRC78)] 67 03 7F 31 78 FF FF FF
10:55:56.335 [RX SF (after NRC78)] 67 03 7F 31 78 FF FF FF
10:55:56.369 [RX SF (after NRC78)] 67 03 7F 31 78 FF FF FF
10:55:56.381 [RX SF (after NRC78)] 67 03 7F 31 78 FF FF FF
10:55:56.432 [RX SF (after NRC78)] 67 03 7F 31 78 FF FF FF
10:55:56.442 [RX SF (after NRC78)] 67 03 7F 31 78 FF FF FF
10:55:56.453 [RX SF (after NRC78)] 67 03 7F 31 78 FF FF FF
10:55:56.462 [RX SF (after NRC78)] 67 03 7F 31 78 FF FF FF
10:55:56.473 [RX SF (after NRC78)] 67 03 7F 31 78 FF FF FF
10:55:56.482 [RX SF (after NRC78)] 67 03 7F 31 78 FF FF FF
10:55:56.491 [RX SF (after NRC78)] 67 03 7F 31 78 FF FF FF
10:55:56.500 [RX SF (after NRC78)] 67 03 7F 31 78 FF FF FF
10:55:56.509 [RX SF (after NRC78)] 67 03 7F 31 78 FF FF FF
10:55:56.518 [RX SF (after NRC78)] 67 03 7F 31 78 FF FF FF
10:55:56.527 [RX SF (after NRC78)] 67 03 7F 31 78 FF FF FF
10:55:56.538 [RX SF (after NRC78)] 67 03 7F 31 78 FF FF FF
10:55:56.547 [RX SF (after NRC78)] 67 03 7F 31 78 FF FF FF
10:55:56.555 [RX SF (after NRC78)] 67 03 7F 31 78 FF FF FF
10:55:56.564 [RX SF (after NRC78)] 67 03 7F 31 78 FF FF FF
10:55:56.575 [RX SF (after NRC78)] 67 03 7F 31 78 FF FF FF
10:55:56.586 [RX SF (after NRC78)] 67 03 7F 31 78 FF FF FF
10:55:56.594 [RX SF (after NRC78)] 67 03 7F 31 78 FF FF FF
10:55:56.603 [RX SF (after NRC78)] 67 03 7F 31 78 FF FF FF
10:55:56.613 [RX SF (after NRC78)] 67 03 7F 31 78 FF FF FF
10:55:56.623 [RX SF (after NRC78)] 67 03 7F 31 78 FF FF FF
10:55:56.634 [RX SF (after NRC78)] 67 03 7F 31 78 FF FF FF
10:55:56.645 [RX SF (after NRC78)] 67 03 7F 31 78 FF FF FF
10:55:56.655 [RX SF (after NRC78)] 67 03 7F 31 78 FF FF FF
10:55:56.665 [RX SF (after NRC78)] 67 03 7F 31 78 FF FF FF
10:55:56.675 [RX SF (after NRC78)] 67 03 7F 31 78 FF FF FF
10:55:56.685 [RX SF (after NRC78)] 67 03 7F 31 78 FF FF FF
10:55:56.693 [RX SF (after NRC78)] 67 03 7F 31 78 FF FF FF
10:55:56.702 [RX SF (after NRC78)] 67 03 7F 31 78 FF FF FF
10:55:56.711 [RX SF (after NRC78)] 67 03 7F 31 78 FF FF FF
10:55:56.721 [RX SF (after NRC78)] 67 03 7F 31 78 FF FF FF
10:55:56.733 [RX SF (after NRC78)] 67 03 7F 31 78 FF FF FF
10:55:56.742 [RX SF (after NRC78)] 67 03 7F 31 78 FF FF FF
10:55:56.751 [RX SF (after NRC78)] 67 03 7F 31 78 FF FF FF
10:55:56.760 [RX SF (after NRC78)] 67 03 7F 31 78 FF FF FF
10:55:56.770 [RX SF (after NRC78)] 67 03 7F 31 78 FF FF FF
10:55:56.781 [RX SF (after NRC78)] 67 03 7F 31 78 FF FF FF
10:55:56.789 [RX SF (after NRC78)] 67 03 7F 31 78 FF FF FF
10:55:56.798 [RX SF (after NRC78)] 67 03 7F 31 78 FF FF FF
10:55:56.806 [RX SF (after NRC78)] 67 03 7F 31 78 FF FF FF
10:55:56.816 [RX SF (after NRC78)] 67 03 7F 31 78 FF FF FF
10:55:56.825 [RX SF (after NRC78)] 67 03 7F 31 78 FF FF FF
10:55:56.834 [RX SF (after NRC78)] 67 03 7F 31 78 FF FF FF
10:55:56.842 [RX SF (after NRC78)] 67 03 7F 31 78 FF FF FF
10:55:56.853 [RX SF (after NRC78)] 67 03 7F 31 78 FF FF FF
10:55:56.862 [RX SF (after NRC78)] 67 03 7F 31 78 FF FF FF
10:55:56.872 [RX SF (after NRC78)] 67 03 7F 31 78 FF FF FF
10:55:56.881 [RX SF (after NRC78)] 67 03 7F 31 78 FF FF FF
10:55:56.891 [RX SF (after NRC78)] 67 03 7F 31 78 FF FF FF
10:55:56.899 [RX SF (after NRC78)] 67 03 7F 31 78 FF FF FF
10:55:56.909 [RX SF (after NRC78)] 67 03 7F 31 78 FF FF FF
10:55:56.918 [RX SF (after NRC78)] 67 03 7F 31 78 FF FF FF
10:55:56.929 [RX SF (after NRC78)] 67 03 7F 31 78 FF FF FF
10:55:56.938 [RX SF (after NRC78)] 67 03 7F 31 78 FF FF FF
10:55:56.948 [RX SF (after NRC78)] 67 03 7F 31 78 FF FF FF
10:55:56.959 [RX SF (after NRC78)] 67 03 7F 31 78 FF FF FF
10:55:56.967 [RX SF (after NRC78)] 67 03 7F 31 78 FF FF FF
10:55:56.975 [RX SF (after NRC78)] 67 03 7F 31 78 FF FF FF
10:55:56.985 [RX SF (after NRC78)] 67 03 7F 31 78 FF FF FF
10:55:56.995 [RX SF (after NRC78)] 67 03 7F 31 78 FF FF FF
10:55:57.006 [RX SF (after NRC78)] 67 03 7F 31 78 FF FF FF
10:55:57.014 [RX SF (after NRC78)] 67 03 7F 31 78 FF FF FF
10:55:57.023 [RX SF (after NRC78)] 67 03 7F 31 78 FF FF FF
10:55:57.033 [RX SF (after NRC78)] 67 03 7F 31 78 FF FF FF
10:55:57.041 [RX SF (after NRC78)] 67 03 7F 31 78 FF FF FF
10:55:57.049 [RX SF (after NRC78)] 67 03 7F 31 78 FF FF FF
10:55:57.059 [RX SF (after NRC78)] 67 03 7F 31 78 FF FF FF
10:55:57.090 [RX SF (after NRC78)] 67 05 71 01 FF 00 10 FF
10:55:57.091 [RX    ] 71 01 FF 00 10
10:55:57.091 [PASS  ] EraseMemory positive response | expected: 71 ... | received: 71 01 FF 00 10
10:55:57.091 [INFO  ] Erase routine status: 0x10
10:55:57.091 [INFO  ] --- Downloading block: VbfDataBlock(address=0x00038BC0, length=0x00000032, crc16=0x1835) ---
10:55:57.091 ------------------------------------------------------------------------
10:55:57.091 [STEP  ] 0x34 – RequestDownload  addr=0x00038BC0  len=0x00000032  fmt=0x10
10:55:57.091 [TX RequestDownload] 34 10 44 00 03 8B C0 00 00 00 32
10:55:57.093 [TX FF ] 67 10 0B 34 10 44 00 03
10:55:57.104 [TX CF1] 67 21 8B C0 00 00 00 32
10:55:57.124 [RX SF ] 67 04 74 20 07 FA FF FF
10:55:57.125 [RX    ] 74 20 07 FA
10:55:57.125 [PASS  ] RequestDownload positive response | expected: 74 ... | received: 74 20 07 FA
10:55:57.125 [INFO  ] ECU max block size: 0x7FA (2042) bytes
10:55:57.125 ------------------------------------------------------------------------
10:55:57.125 [STEP  ] 0x36 block=1  offset=0/50  (0%)
10:55:57.125 [TX TransferData block=1 len=50] 36 01 80 00 10 80 80 20 E0 00 50 81 70 2C 1B FA...
10:55:57.126 [TX FF ] 67 10 34 36 01 80 00 10
10:55:57.137 [TX CF1] 67 21 80 80 20 E0 00 50
10:55:57.147 [TX CF2] 67 22 81 70 2C 1B FA E6
10:55:57.158 [TX CF3] 67 23 D6 6F E5 F3 CC 3E
10:55:57.169 [TX CF4] 67 24 72 3C 67 87 81 E6
10:55:57.180 [TX CF5] 67 25 BA FE B0 BB 5E 65
10:55:57.190 [TX CF6] 67 26 DA F7 6D D4 77 32
10:55:57.201 [TX CF7] 67 27 FF CC 4E 53 1F A5
10:55:57.211 [TX CF8] 67 28 AC FE 76 E0 00 FF
10:55:57.231 [RX SF ] 67 02 76 01 FF FF FF FF
10:55:57.231 [RX    ] 76 01
10:55:57.232 [PASS  ] TransferData block=1 | expected: 76 ... | received: 76 01
10:55:57.243 [INFO  ] Transfer complete: 50 bytes sent
10:55:57.243 ------------------------------------------------------------------------
10:55:57.244 [STEP  ] 0x37 – TransferExit
10:55:57.244 [TX TransferExit] 37
10:55:57.245 [TX SF ] 67 01 37 FF FF FF FF FF
10:55:57.263 [RX SF ] 67 01 77 FF FF FF FF FF
10:55:57.263 [RX    ] 77
10:55:57.263 [PASS  ] TransferExit positive response | expected: 77 ... | received: 77
10:55:57.264 [INFO  ] --- Downloading block: VbfDataBlock(address=0x0000C000, length=0x0000B0C6, crc16=0xA77D) ---
10:55:57.264 ------------------------------------------------------------------------
10:55:57.264 [STEP  ] 0x34 – RequestDownload  addr=0x0000C000  len=0x0000B0C6  fmt=0x10
10:55:57.264 [TX RequestDownload] 34 10 44 00 00 C0 00 00 00 B0 C6
10:55:57.265 [TX FF ] 67 10 0B 34 10 44 00 00
10:55:57.276 [TX CF1] 67 21 C0 00 00 00 B0 C6
10:55:57.294 [RX SF ] 67 04 74 20 07 FA FF FF
10:55:57.295 [RX    ] 74 20 07 FA
10:55:57.295 [PASS  ] RequestDownload positive response | expected: 74 ... | received: 74 20 07 FA
10:55:57.295 [INFO  ] ECU max block size: 0x7FA (2042) bytes
10:55:57.295 ------------------------------------------------------------------------
10:55:57.295 [STEP  ] 0x36 block=1  offset=0/45254  (0%)
10:55:57.296 [TX TransferData block=1 len=2040] 36 01 C0 45 A4 12 0F EC F6 03 00 9A D0 C0 38 4C...
10:55:57.296 [TX FF ] 67 17 FA 36 01 C0 45 A4
10:55:57.306 [TX CF1] 67 21 12 0F EC F6 03 00
10:55:57.318 [TX CF2] 67 22 9A D0 C0 38 4C 40
10:55:57.328 [TX CF3] 67 23 50 81 0F 04 32 03
10:55:57.338 [TX CF4] 67 24 68 16 96 A6 82 02
10:55:57.349 [TX CF5] 67 25 D3 73 C7 06 E1 E9
10:55:57.359 [TX CF6] 67 26 E7 03 74 09 AD 9D
10:55:57.370 [TX CF7] 67 27 EB 83 74 D6 84 AD
10:55:57.381 [TX CF8] 67 28 D2 85 A5 0E A5 0F
10:55:57.391 [TX CF9] 67 29 F8 85 B0 C7 84 61
10:55:57.402 [TX CF10] 67 2A 09 B4 23 7C 4F 78
10:55:57.413 [TX CF11] 67 2B AF CB E4 48 01 84
10:55:57.423 [TX CF12] 67 2C 60 1B 0E 50 61 2C
10:55:57.435 [TX CF13] 67 2D 02 03 02 81 C1 20
10:55:57.445 [TX CF14] 67 2E B0 68 3C 06 03 05
10:55:57.456 [TX CF15] 67 2F 1B 40 35 86 05 05
10:55:57.467 [TX CF0] 67 20 1C 24 37 C2 07 03
10:55:57.478 [TX CF1] 67 21 82 8E A0 1C C2 35
10:55:57.489 [TX CF2] 67 22 40 78 90 EF 08 30
10:55:57.499 [TX CF3] 67 23 CF 18 2C 00 7C 84
10:55:57.509 [TX CF4] 67 24 1C 7D 90 FB 02 02
10:55:57.520 [TX CF5] 67 25 23 1C 3C F1 D0 86
10:55:57.531 [TX CF6] 67 26 1F 52 1C 3F 72 1C
10:55:57.542 [TX CF7] 67 27 21 EC 24 30 0F C9
10:55:57.552 [TX CF8] 67 28 16 18 9C 78 5F 84
10:55:57.564 [TX CF9] 67 29 EC 91 0C 0A 01 20
10:55:57.574 [TX CF10] 67 2A 80 4F 49 10 D7 C9
10:55:57.585 [TX CF11] 67 2B 70 E4 C9 30 C0 C9
10:55:57.595 [TX CF12] 67 2C 00 40 32 A4 C8 76
10:55:57.605 [TX CF13] 67 2D A4 F8 7A A4 D8 60
10:55:57.616 [TX CF14] 67 2E 90 08 94 03 AE 50
10:55:57.628 [TX CF15] 67 2F 87 FE 51 86 3F 1F
10:55:57.638 [TX CF0] 67 20 28 E0 41 0A 42 55
10:55:57.648 [TX CF1] 67 21 86 62 57 86 AA 57
10:55:57.660 [TX CF2] 67 22 84 7F 84 CE 01 57
10:55:57.670 [TX CF3] 67 23 2C 43 5B 2D C3 5D
10:55:57.682 [TX CF4] 67 24 2C C2 40 42 64 4C
10:55:57.693 [TX CF5] 67 25 00 B9 0D 8C BF 0D
10:55:57.704 [TX CF6] 67 26 94 AB 08 C6 1A 01
10:55:57.715 [TX CF7] 67 27 8B 08 41 8C 08 24
10:55:57.726 [TX CF8] 67 28 30 C9 84 0C C8 01
10:55:57.736 [TX CF9] 67 29 69 0C 00 2F 49 04
10:55:57.747 [TX CF10] 67 2A 20 95 09 9F 23 16
10:55:57.758 [TX CF11] 67 2B 83 70 21 A6 CC 20
10:55:57.769 [TX CF12] 67 2C 26 5C 21 46 68 20
10:55:57.780 [TX CF13] 67 2D 43 E4 A0 1A A3 72
10:55:57.790 [TX CF14] 67 2E 04 6C 0C 50 4D 0D
10:55:57.801 [TX CF15] 67 2F 08 48 2C 87 28 66
10:55:57.811 [TX CF0] 67 20 1F 01 E0 1C 8E 09
10:55:57.822 [TX CF1] 67 21 5B 09 64 4C E7 84
10:55:57.833 [TX CF2] 67 22 9B E1 83 81 76 0E
10:55:57.844 [TX CF3] 67 23 B0 99 D3 37 A6 79
10:55:57.855 [TX CF4] 67 24 12 02 7A A4 DF 17
10:55:57.865 [TX CF5] 67 25 40 EB 0F 71 03 0F
10:55:57.876 [TX CF6] 67 26 2E B3 F1 EF 20 12
10:55:57.886 [TX CF7] 67 27 DC 15 00 FF F5 7B
10:55:57.896 [TX CF8] 67 28 90 5E 5D 46 D5 B4
10:55:57.907 [TX CF9] 67 29 89 CF 6B 90 8C 8D
10:55:57.918 [TX CF10] 67 2A 12 BB FE DD 9F 12
10:55:57.928 [TX CF11] 67 2B 29 20 71 C4 E9 01
10:55:57.939 [TX CF12] 67 2C 8B 13 46 06 AC 0B
10:55:57.949 [TX CF13] 67 2D 18 54 0D 68 47 F9
10:55:57.960 [TX CF14] 67 2E 10 04 82 88 F4 0D
10:55:57.972 [TX CF15] 67 2F 38 C5 09 40 70 22
10:55:57.983 [TX CF0] 67 20 58 88 9F D2 03 0C
10:55:57.993 [TX CF1] 67 21 2F 42 8F 43 40 93
10:55:58.003 [TX CF2] 67 22 05 1B 80 D9 04 62
10:55:58.013 [TX CF3] 67 23 30 24 6B E9 1B D2
10:55:58.024 [TX CF4] 67 24 BE 4B 0E F0 27 F1
10:55:58.034 [TX CF5] 67 25 88 49 D4 10 28 D0
10:55:58.044 [TX CF6] 67 26 96 40 50 B8 74 A0
10:55:58.054 [TX CF7] 67 27 8A 8C 15 5A 2A 10
10:55:58.065 [TX CF8] 67 28 54 24 5E C3 AD 01
10:55:58.075 [TX CF9] 67 29 57 61 FE 57 C2 7B
10:55:58.086 [TX CF10] 67 2A 96 09 2A 56 20 A7
10:55:58.097 [TX CF11] 67 2B 06 19 01 E3 0C D3
10:55:58.107 [TX CF12] 67 2C 4D 81 60 33 A7 24
10:55:58.118 [TX CF13] 67 2D 45 43 03 3B 42 33
10:55:58.129 [TX CF14] 67 2E 8C BC 08 C1 24 FC
10:55:58.139 [TX CF15] 67 2F 51 88 19 D3 01 92
10:55:58.151 [TX CF0] 67 20 4B D5 21 50 49 44
10:55:58.161 [TX CF1] 67 21 45 7F B4 34 64 02
10:55:58.172 [TX CF2] 67 22 E6 56 22 11 05 06
10:55:58.183 [TX CF3] 67 23 11 45 E6 84 A4 22
10:55:58.194 [TX CF4] 67 24 71 08 B3 22 93 94
10:55:58.205 [TX CF5] 67 25 18 6A 02 89 05 3A
10:55:58.215 [TX CF6] 67 26 2B 38 53 08 17 90
10:55:58.226 [TX CF7] 67 27 27 20 7B D4 C4 19
10:55:58.236 [TX CF8] 67 28 AF 08 D5 04 D4 13
10:55:58.247 [TX CF9] 67 29 43 C5 AC 78 06 76
10:55:58.257 [TX CF10] 67 2A 1C 48 4B 5B F6 A0
10:55:58.269 [TX CF11] 67 2B 90 0C 3B 74 B0 1F
10:55:58.279 [TX CF12] 67 2C 76 08 4B 74 46 A2
10:55:58.291 [TX CF13] 67 2D 2E 67 D9 D0 BB F6
10:55:58.301 [TX CF14] 67 2E 31 26 CF D3 00 D0
10:55:58.312 [TX CF15] 67 2F 48 FB DB C6 15 84
10:55:58.323 [TX CF0] 67 20 AF 43 CF C5 98 E2
10:55:58.334 [TX CF1] 67 21 7E 5E 00 C1 74 18
10:55:58.346 [TX CF2] 67 22 0A D7 E3 E0 AB DB
10:55:58.356 [TX CF3] 67 23 7A 01 9F 0A 5E 18
10:55:58.366 [TX CF4] 67 24 D0 20 F8 7A F7 16
10:55:58.377 [TX CF5] 67 25 81 A7 C5 17 BA 74
10:55:58.388 [TX CF6] 67 26 17 3E 32 BD 15 14
10:55:58.398 [TX CF7] 67 27 1B FF 07 2B 20 42
10:55:58.409 [TX CF8] 67 28 80 84 11 07 02 1C
10:55:58.419 [TX CF9] 67 29 50 72 26 70 89 01
10:55:58.429 [TX CF10] 67 2A 1A 28 49 1F 38 57
10:55:58.441 [TX CF11] 67 2B 74 93 14 2C 86 9C
10:55:58.453 [TX CF12] 67 2C 32 28 4C 88 DA 81
10:55:58.464 [TX CF13] 67 2D 38 28 71 0D 08 11
10:55:58.475 [TX CF14] 67 2E 40 08 7E 30 A2 14
10:55:58.486 [TX CF15] 67 2F 42 04 52 8A 23 99
10:55:58.497 [TX CF0] 67 20 2A 05 12 88 95 62
10:55:58.507 [TX CF1] 67 21 89 95 53 56 A0 58
10:55:58.519 [TX CF2] 67 22 8A 2A 41 C0 A2 8B
10:55:58.529 [TX CF3] 67 23 4F 26 6A 0D 24 22
10:55:58.541 [TX CF4] 67 24 C1 8C A8 C3 B0 61
10:55:58.551 [TX CF5] 67 25 46 00 19 F0 C4 D7
10:55:58.562 [TX CF6] 67 26 B1 2C E2 1F 74 73
10:55:58.573 [TX CF7] 67 27 80 BB 03 B6 13 02
10:55:58.583 [TX CF8] 67 28 10 98 41 13 03 0C
10:55:58.594 [TX CF9] 67 29 25 F8 A4 06 0C 07
10:55:58.604 [TX CF10] 67 2A 61 18 92 4D 62 64
10:55:58.615 [TX CF11] 67 2B 3D 9F 84 3D 9C 04
10:55:58.625 [TX CF12] 67 2C 42 12 44 84 D5 A9
10:55:58.636 [TX CF13] 67 2D 82 1C 01 B6 F3 8F
10:55:58.646 [TX CF14] 67 2E B2 08 49 18 11 22
10:55:58.658 [TX CF15] 67 2F 8E 76 9F C1 00 56
10:55:58.669 [TX CF0] 67 20 72 42 D4 0E 69 00
10:55:58.679 [TX CF1] 67 21 E2 50 6A 94 2A 9D
10:55:58.689 [TX CF2] 67 22 5E BF 66 B7 DC AB
10:55:58.700 [TX CF3] 67 23 F5 4A 4D 7E 9B 53
10:55:58.710 [TX CF4] 67 24 A8 53 66 15 FB 3D
10:55:58.721 [TX CF5] 67 25 96 CB 6C BC D7 EE
10:55:58.731 [TX CF6] 67 26 16 FB 9D B6 BF 32
10:55:58.741 [TX CF7] 67 27 98 4C A6 D2 D9 84
10:55:58.753 [TX CF8] 67 28 D2 5B 31 9B 48 26
10:55:58.764 [TX CF9] 67 29 33 09 D4 C6 6A 97
10:55:58.776 [TX CF10] 67 2A C2 6D 80 DA 8E 71
10:55:58.787 [TX CF11] 67 2B F8 4F BF 49 A4 3F
10:55:58.798 [TX CF12] 67 2C DF B4 CE 51 BF EC
10:55:58.808 [TX CF13] 67 2D 02 42 9C 4A 3B FE
10:55:58.818 [TX CF14] 67 2E 4E 61 0E FC 26 D0
10:55:58.829 [TX CF15] 67 2F D8 9A A0 F8 74 BF
10:55:58.840 [TX CF0] 67 20 0A 1C 20 3F A5 16
10:55:58.851 [TX CF1] 67 21 14 5F D5 02 90 A3
10:55:58.861 [TX CF2] 67 22 C2 CC A3 87 61 FC
10:55:58.872 [TX CF3] 67 23 80 EF 6F 89 98 24
10:55:58.882 [TX CF4] 67 24 93 DA 74 06 4B 68
10:55:58.894 [TX CF5] 67 25 A3 41 2E 10 0B C4
10:55:58.904 [TX CF6] 67 26 0E 51 06 EC 2A 70
10:55:58.915 [TX CF7] 67 27 A2 AA A0 D4 D2 63
10:55:58.925 [TX CF8] 67 28 8A 0C 36 89 D8 3C
10:55:58.936 [TX CF9] 67 29 10 19 04 C2 E1 64
10:55:58.946 [TX CF10] 67 2A 8E 78 36 4C 20 3D
10:55:58.957 [TX CF11] 67 2B BD BB 9E F5 32 84
10:55:58.968 [TX CF12] 67 2C CD 4A 05 A2 67 4A
10:55:58.978 [TX CF13] 67 2D C4 C6 20 36 05 32
10:55:58.989 [TX CF14] 67 2E 16 F5 1C 12 15 7E
10:55:58.999 [TX CF15] 67 2F 0A 54 29 1F 95 3A
10:55:59.009 [TX CF0] 67 20 11 0D AE 9E 41 2E
10:55:59.020 [TX CF1] 67 21 A4 C2 2C 0B AC 94
10:55:59.030 [TX CF2] 67 22 78 41 FF AB CC 21
10:55:59.040 [TX CF3] 67 23 EB D8 62 FF A9 5D
10:55:59.051 [TX CF4] 67 24 32 41 78 80 CA 20
10:55:59.064 [TX CF5] 67 25 FD 1F 1D E3 45 78
10:55:59.075 [TX CF6] 67 26 D0 E2 2C 0C 08 13
10:55:59.087 [TX CF7] 67 27 E0 26 C0 65 E1 70
10:55:59.098 [TX CF8] 67 28 60 21 02 94 42 7A
10:55:59.109 [TX CF9] 67 29 2C 34 A3 3F AF 06
10:55:59.119 [TX CF10] 67 2A 01 8E A4 83 02 C4
10:55:59.130 [TX CF11] 67 2B CA 20 B3 07 81 46
10:55:59.140 [TX CF12] 67 2C 66 A1 02 F8 79 17
10:55:59.150 [TX CF13] 67 2D 20 AC D0 67 21 94
10:55:59.160 [TX CF14] 67 2E 53 80 9B 81 9E 2C
10:55:59.170 [TX CF15] 67 2F B3 FC D0 43 55 FE
10:55:59.182 [TX CF0] 67 20 53 21 C7 FD AE 50
10:55:59.193 [TX CF1] 67 21 89 32 30 69 83 8C
10:55:59.204 [TX CF2] 67 22 4E 01 28 82 74 5A
10:55:59.215 [TX CF3] 67 23 F8 5E BF 6D 9C 30
10:55:59.227 [TX CF4] 67 24 CD A8 37 AB 7C 1B
10:55:59.238 [TX CF5] 67 25 78 43 A9 0A AC 28
10:55:59.248 [TX CF6] 67 26 11 EC 05 07 81 43
10:55:59.259 [TX CF7] 67 27 E0 43 EE 14 75 D2
10:55:59.269 [TX CF8] 67 28 10 75 E0 2E 14 9C
10:55:59.279 [TX CF9] 67 29 08 42 5B B0 5A 1C
10:55:59.290 [TX CF10] 67 2A 08 70 38 02 D4 1C
10:55:59.302 [TX CF11] 67 2B B0 32 E0 B4 45 18
10:55:59.313 [TX CF12] 67 2C A0 78 8C E8 11 D0
10:55:59.323 [TX CF13] 67 2D 88 83 F0 84 4C 5D
10:55:59.333 [TX CF14] 67 2E 38 79 A2 6E 6C 20
10:55:59.344 [TX CF15] 67 2F 6E B8 64 15 07 56
10:55:59.354 [TX CF0] 67 20 0E 34 19 F8 42 8C
10:55:59.365 [TX CF1] 67 21 29 2E 01 94 35 81
10:55:59.376 [TX CF2] 67 22 77 68 B7 CA 42 F1
10:55:59.387 [TX CF3] 67 23 8D E1 84 D9 EA 0C
10:55:59.399 [TX CF4] 67 24 C1 EC 05 A2 83 18
10:55:59.409 [TX CF5] 67 25 A2 5A 2C 50 8C 54
10:55:59.420 [TX CF6] 67 26 63 07 68 F2 41 E0
10:55:59.430 [TX CF7] 67 27 9D 5A 65 1A 37 19
10:55:59.441 [TX CF8] 67 28 80 F8 16 18 31 B0
10:55:59.452 [TX CF9] 67 29 C8 D0 A0 7D 08 65
10:55:59.463 [TX CF10] 67 2A E2 C9 B2 56 E0 FD
10:55:59.473 [TX CF11] 67 2B 42 19 30 98 6F 61
10:55:59.483 [TX CF12] 67 2C B7 80 06 11 DB 85
10:55:59.494 [TX CF13] 67 2D 6D 5C 04 B3 DF D4
10:55:59.505 [TX CF14] 67 2E B2 47 BE FD 5F 77
10:55:59.516 [TX CF15] 67 2F 9F ED B5 C1 EC 20
10:55:59.526 [TX CF0] 67 20 C4 74 28 D0 9C 4D
10:55:59.537 [TX CF1] 67 21 00 C6 86 41 5F 85
10:55:59.547 [TX CF2] 67 22 A4 12 05 F2 01 29
10:55:59.559 [TX CF3] 67 23 AD 74 74 D4 98 4D
10:55:59.570 [TX CF4] 67 24 A4 18 84 17 A1 10
10:55:59.580 [TX CF5] 67 25 91 43 26 30 3C C0
10:55:59.591 [TX CF6] 67 26 07 06 CE 16 C6 A8
10:55:59.601 [TX CF7] 67 27 12 58 1E 65 2E 04
10:55:59.612 [TX CF8] 67 28 0F 35 12 C6 63 16
10:55:59.623 [TX CF9] 67 29 B0 65 A0 59 06 B6
10:55:59.634 [TX CF10] 67 2A 10 29 0E 76 95 11
10:55:59.644 [TX CF11] 67 2B AA 4E 7C 10 82 74
10:55:59.655 [TX CF12] 67 2C 30 08 EC 4A 0B 12
10:55:59.665 [TX CF13] 67 2D 86 E4 1F E0 74 F0
10:55:59.675 [TX CF14] 67 2E 54 28 0F 4B 11 0F
10:55:59.686 [TX CF15] 67 2F 97 74 5C E0 10 B1
10:55:59.696 [TX CF0] 67 20 86 C9 23 01 E4 20
10:55:59.708 [TX CF1] 67 21 30 59 77 42 01 99
10:55:59.719 [TX CF2] 67 22 C6 50 A5 7D 2E 04
10:55:59.729 [TX CF3] 67 23 06 80 50 83 E1 05
10:55:59.740 [TX CF4] 67 24 FC 82 10 F7 F4 1C
10:55:59.750 [TX CF5] 67 25 E0 70 4D 30 43 C4
10:55:59.761 [TX CF6] 67 26 6A 5A BF 18 CA 4E
10:55:59.771 [TX CF7] 67 27 22 85 E5 E8 4C 6D
10:55:59.782 [TX CF8] 67 28 12 2B 44 0B 37 00
10:55:59.793 [TX CF9] 67 29 95 F5 7A 10 B8 5E
10:55:59.804 [TX CF10] 67 2A 7A 0D B6 87 65 E0
10:55:59.815 [TX CF11] 67 2B 7B F8 76 FA 85 0A
10:55:59.825 [TX CF12] 67 2C E8 60 C1 B0 57 20
10:55:59.836 [TX CF13] 67 2D 72 98 27 6A 03 99
10:55:59.846 [TX CF14] 67 2E C1 40 31 35 80 62
10:55:59.857 [TX CF15] 67 2F 1C 1E 8C 02 4B CE
10:55:59.868 [TX CF0] 67 20 F3 E6 E0 D9 B8 74
10:55:59.878 [TX CF1] 67 21 FE 57 F0 E8 6F BC
10:55:59.890 [TX CF2] 67 22 F0 1C F4 02 5B 45
10:55:59.900 [TX CF3] 67 23 E8 04 10 58 00 12
10:55:59.911 [TX CF4] 67 24 C2 13 8C A2 46 15
10:55:59.921 [TX CF5] 67 25 88 41 EF 90 AF 04
10:55:59.933 [TX CF6] 67 26 0E 45 02 F0 64 E8
10:55:59.944 [TX CF7] 67 27 5F BE 94 16 45 08
10:55:59.954 [TX CF8] 67 28 8C 40 AE 21 E6 A5
10:55:59.964 [TX CF9] 67 29 E2 18 E5 82 31 77
10:55:59.975 [TX CF10] 67 2A BF 82 D4 02 5F 24
10:55:59.985 [TX CF11] 67 2B 5F 8B 40 A8 36 58
10:55:59.996 [TX CF12] 67 2C 17 18 C4 E8 11 03
10:56:00.006 [TX CF13] 67 2D FE 0B 02 77 09 94
10:56:00.018 [TX CF14] 67 2E 62 23 76 5B A1 60
10:56:00.028 [TX CF15] 67 2F A5 44 02 A0 5C 7B
10:56:00.040 [TX CF0] 67 20 1E 7E 65 82 BB 49
10:56:00.051 [TX CF1] 67 21 85 5E 26 71 88 D5
10:56:00.061 [TX CF2] 67 22 DA 55 68 0D 25 12
10:56:00.073 [TX CF3] 67 23 8E C8 ED 11 B8 2C
10:56:00.084 [TX CF4] 67 24 6E 1B 9A A1 71 7A
10:56:00.096 [TX CF5] 67 25 50 49 17 1B CF 05
10:56:00.106 [TX CF6] 67 26 D8 12 20 F9 ED 20
10:56:00.117 [TX CF7] 67 27 12 22 8E 15 6A 64
10:56:00.128 [TX CF8] 67 28 8E 01 7F 92 DB A8
10:56:00.138 [TX CF9] 67 29 D3 5B 85 B6 8C E4
10:56:00.149 [TX CF10] 67 2A 80 7A 04 16 D1 0F
10:56:00.160 [TX CF11] 67 2B 90 6B A1 96 FA 34
10:56:00.171 [TX CF12] 67 2C FE F1 37 A0 18 70
10:56:00.184 [TX CF13] 67 2D BB 5E 36 F4 28 3F
10:56:00.196 [TX CF14] 67 2E 42 DB 0E 94 50 22
10:56:00.207 [TX CF15] 67 2F 51 80 1A 11 B8 EC
10:56:00.218 [TX CF0] 67 20 0A 53 ED E9 8F 90
10:56:00.230 [TX CF1] 67 21 B5 BF 20 BC E2 60
10:56:00.242 [TX CF2] 67 22 16 1A C4 24 9B 84
10:56:00.253 [TX CF3] 67 23 39 DB 86 0C 39 07
10:56:00.264 [TX CF4] 67 24 6B A0 0A 03 C1 43
10:56:00.275 [TX CF5] 67 25 A4 60 36 5F 6D E3
10:56:00.287 [TX CF6] 67 26 93 0F C6 D4 32 02
10:56:00.298 [TX CF7] 67 27 A1 09 02 DE 16 6E
10:56:00.310 [TX CF8] 67 28 0D 8C 24 1D 09 45
10:56:00.320 [TX CF9] 67 29 A2 7C 2A 06 03 D0
10:56:00.330 [TX CF10] 67 2A 81 49 25 3E 09 46
10:56:00.341 [TX CF11] 67 2B 26 41 28 0E 61 05
10:56:00.353 [TX CF12] 67 2C 92 49 3C 13 7A 7C
10:56:00.363 [TX CF13] 67 2D 06 46 50 42 3D 21
10:56:00.375 [TX CF14] 67 2E 94 40 1B 58 61 7F
10:56:00.385 [TX CF15] 67 2F BE 9C 59 E7 28 19
10:56:00.396 [TX CF0] 67 20 0F 0F 04 D2 9C 7B
10:56:00.406 [TX CF1] 67 21 C3 03 19 C4 EC 90
10:56:00.417 [TX CF2] 67 22 08 0E D0 3B 69 01
10:56:00.428 [TX CF3] 67 23 E8 C0 64 90 C5 7C
10:56:00.440 [TX CF4] 67 24 07 F0 50 9C 04 50
10:56:00.451 [TX CF5] 67 25 B5 FF 75 28 20 60
10:56:00.461 [TX CF6] 67 26 1D 08 21 D8 08 07
10:56:00.472 [TX CF7] 67 27 CB 7A 0E 42 01 D1
10:56:00.483 [TX CF8] 67 28 3A 25 01 95 30 50
10:56:00.494 [TX CF9] 67 29 85 0A E0 A5 96 F0
10:56:00.505 [TX CF10] 67 2A 90 22 40 91 7F FE
10:56:00.516 [TX CF11] 67 2B FD EF F7 C5 23 04
10:56:00.526 [TX CF12] 67 2C 96 35 4F 05 21 0C
10:56:00.537 [TX CF13] 67 2D 79 C1 26 48 60 97
10:56:00.548 [TX CF14] 67 2E 43 61 FF 44 21 02
10:56:00.558 [TX CF15] 67 2F E8 CE 2F 08 84 7A
10:56:00.569 [TX CF0] 67 20 01 24 20 DE 0F E5
10:56:00.581 [TX CF1] 67 21 82 7C AA 82 45 21
10:56:00.593 [TX CF2] 67 22 72 E1 98 4D E1 C7
10:56:00.604 [TX CF3] 67 23 FF 48 31 3C 08 E7
10:56:00.616 [TX CF4] 67 24 06 92 47 82 C9 18
10:56:00.626 [TX CF5] 67 25 46 61 E7 E8 26 10
10:56:00.636 [TX CF6] 67 26 98 6D 1D F9 28 50
10:56:00.646 [TX CF7] 67 27 BF C8 E1 94 C9 2D
10:56:00.657 [TX CF8] 67 28 A2 5B 68 D6 C3 23
10:56:00.668 [TX CF9] 67 29 B4 0C 6D 09 3A 86
10:56:00.679 [TX CF10] 67 2A 41 1A 05 61 3F 82
10:56:00.690 [TX CF11] 67 2B 5B 0B 2A AC 39 5D
10:56:00.701 [TX CF12] 67 2C 03 17 42 FA F4 26
10:56:00.713 [TX CF13] 67 2D 07 40 54 40 6B 1D
10:56:00.724 [TX CF14] 67 2E 90 EC 16 90 FF D3
10:56:00.734 [TX CF15] 67 2F 90 40 20 9C 27 2E
10:56:00.746 [TX CF0] 67 20 1C BA CF C7 BD E0
10:56:00.756 [TX CF1] 67 21 5B 43 F1 DA E3 36
10:56:00.768 [TX CF2] 67 22 00 AC A9 17 08 E4
10:56:00.778 [TX CF3] 67 23 86 09 A8 69 A1 2B
10:56:00.789 [TX CF4] 67 24 FE C0 E4 3A 7A 42
10:56:00.799 [TX CF5] 67 25 F7 09 3F F7 FF 22
10:56:00.810 [TX CF6] 67 26 5F 61 A6 5F C3 24
10:56:00.820 [TX CF7] 67 27 FE E9 5C 80 1D A0
10:56:00.831 [TX CF8] 67 28 28 C1 20 D2 38 A0
10:56:00.841 [TX CF9] 67 29 B8 31 50 D1 D2 20
10:56:00.852 [TX CF10] 67 2A 36 15 7A 0B D4 13
10:56:00.862 [TX CF11] 67 2B 78 64 3F F0 CC C1
10:56:00.873 [TX CF12] 67 2C DF 08 32 7C 0B 46
10:56:00.884 [TX CF13] 67 2D 22 0F 03 1A C0 C8
10:56:00.894 [TX CF14] 67 2E 0F 0C B9 82 49 9C
10:56:00.906 [TX CF15] 67 2F 63 81 90 81 37 20
10:56:00.916 [TX CF0] 67 20 C8 41 35 B9 8A 74
10:56:00.928 [TX CF1] 67 21 07 31 07 21 41 20
10:56:00.938 [TX CF2] 67 22 91 78 2F 22 C0 2D
10:56:00.948 [TX CF3] 67 23 1D 28 04 4A 1F 92
10:56:00.959 [TX CF4] 67 24 1A 05 1D FF FF FF
10:56:00.979 [RX SF ] 67 02 76 01 FF FF FF FF
10:56:00.979 [RX    ] 76 01
10:56:00.979 [PASS  ] TransferData block=1 | expected: 76 ... | received: 76 01
10:56:00.990 ------------------------------------------------------------------------
10:56:00.990 [STEP  ] 0x36 block=2  offset=2040/45254  (4%)
10:56:00.991 [TX TransferData block=2 len=2040] 36 02 71 61 99 57 81 1D BD B4 C0 B4 39 61 87 E0...
10:56:00.991 [TX FF ] 67 17 FA 36 02 71 61 99
10:56:01.003 [TX CF1] 67 21 57 81 1D BD B4 C0
10:56:01.014 [TX CF2] 67 22 B4 39 61 87 E0 20
10:56:01.024 [TX CF3] 67 23 11 8A C2 03 0E 97
10:56:01.036 [TX CF4] 67 24 F1 5C 04 C6 33 08
10:56:01.047 [TX CF5] 67 25 B9 21 90 00 E1 A1
10:56:01.057 [TX CF6] 67 26 80 50 6B 10 86 A4
10:56:01.068 [TX CF7] 67 27 05 90 60 92 A9 5F
10:56:01.079 [TX CF8] 67 28 61 FB 86 93 64 3D
10:56:01.090 [TX CF9] 67 29 42 01 78 A0 47 01
10:56:01.101 [TX CF10] 67 2A 68 31 70 9C DA 1C
10:56:01.111 [TX CF11] 67 2B 89 72 9A B0 86 D0
10:56:01.122 [TX CF12] 67 2C BC 76 AF 8C 38 2B
10:56:01.133 [TX CF13] 67 2D B4 08 F4 06 51 5B
10:56:01.144 [TX CF14] 67 2E EC E0 1D 70 CD 5D
10:56:01.154 [TX CF15] 67 2F 90 F9 D2 90 38 62
10:56:01.164 [TX CF0] 67 20 D4 68 E0 1C 06 B8
10:56:01.175 [TX CF1] 67 21 12 8E A7 43 13 0F
10:56:01.187 [TX CF2] 67 22 E4 B2 C0 94 F4 3A
10:56:01.198 [TX CF3] 67 23 2D 47 B8 FE 78 94
10:56:01.209 [TX CF4] 67 24 7C 1C 84 5B A1 3B
10:56:01.220 [TX CF5] 67 25 B4 66 E1 F0 27 9C
10:56:01.231 [TX CF6] 67 26 12 B1 86 11 0F 06
10:56:01.242 [TX CF7] 67 27 4B 65 09 6C 82 DA
10:56:01.252 [TX CF8] 67 28 63 11 FC 57 61 7A
10:56:01.263 [TX CF9] 67 29 7F 8B 10 37 81 1D
10:56:01.273 [TX CF10] 67 2A 62 20 DE C2 31 30
10:56:01.285 [TX CF11] 67 2B 75 60 DD CB 67 E7
10:56:01.295 [TX CF12] 67 2C 77 A8 DF 41 E1 A3
10:56:01.305 [TX CF13] 67 2D E9 07 96 0F BC 65
10:56:01.316 [TX CF14] 67 2E 2F CC 22 2D 8B EC
10:56:01.326 [TX CF15] 67 2F 9F C8 3B 50 F0 52
10:56:01.338 [TX CF0] 67 20 00 6C BB 20 91 41
10:56:01.348 [TX CF1] 67 21 6A 43 81 A0 C0 C1
10:56:01.358 [TX CF2] 67 22 C0 A4 90 B3 79 E1
10:56:01.369 [TX CF3] 67 23 00 FB E8 2D D0 78
10:56:01.380 [TX CF4] 67 24 23 90 19 40 01 60
10:56:01.390 [TX CF5] 67 25 68 01 98 75 A0 D0
10:56:01.400 [TX CF6] 67 26 C1 1F 85 3B CE C9
10:56:01.411 [TX CF7] 67 27 C9 11 82 EF 26 9A
10:56:01.421 [TX CF8] 67 28 08 94 17 78 52 53
10:56:01.431 [TX CF9] 67 29 C0 48 E0 9E 06 1E
10:56:01.441 [TX CF10] 67 2A 02 F4 2D B1 CD 46
10:56:01.452 [TX CF11] 67 2B C9 12 82 63 09 C5
10:56:01.463 [TX CF12] 67 2C 28 73 06 4A B3 5B
10:56:01.474 [TX CF13] 67 2D 8E 18 70 99 A8 40
10:56:01.485 [TX CF14] 67 2E 93 C0 C5 00 64 60
10:56:01.497 [TX CF15] 67 2F 39 29 8D 3A 78 8A
10:56:01.507 [TX CF0] 67 20 03 33 49 0A 9B 2C
10:56:01.518 [TX CF1] 67 21 F0 40 B3 29 1C 20
10:56:01.528 [TX CF2] 67 22 DD 18 1E 65 59 84
10:56:01.539 [TX CF3] 67 23 4F B7 25 A4 D2 6B
10:56:01.550 [TX CF4] 67 24 A3 EC 21 FD 18 26
10:56:01.561 [TX CF5] 67 25 A6 31 31 A5 D7 64
10:56:01.571 [TX CF6] 67 26 54 9A 55 77 F3 B2
10:56:01.582 [TX CF7] 67 27 25 E6 77 06 08 80
10:56:01.593 [TX CF8] 67 28 81 94 0B D0 08 14
10:56:01.604 [TX CF9] 67 29 B1 E6 8C B2 26 43
10:56:01.615 [TX CF10] 67 2A 03 51 A9 80 50 03
10:56:01.625 [TX CF11] 67 2B A1 CC 63 A4 1C 20
10:56:01.636 [TX CF12] 67 2C 60 E8 3B 63 94 0D
10:56:01.647 [TX CF13] 67 2D E8 3B D2 0F 21 18
10:56:01.657 [TX CF14] 67 2E 07 03 C8 E8 31 30
10:56:01.668 [TX CF15] 67 2F B8 82 01 18 A1 AD
10:56:01.678 [TX CF0] 67 20 D9 5F E3 82 6C 6D
10:56:01.689 [TX CF1] 67 21 04 5C 16 F0 05 90
10:56:01.700 [TX CF2] 67 22 C8 D0 B8 BD B8 1E
10:56:01.712 [TX CF3] 67 23 60 7C 85 AA 8D 13
10:56:01.723 [TX CF4] 67 24 BC 40 A5 7A 9E 9C
10:56:01.734 [TX CF5] 67 25 37 61 F0 DE 8B 70
10:56:01.746 [TX CF6] 67 26 EB 89 A0 13 C1 9B
10:56:01.757 [TX CF7] 67 27 AD 84 2B E1 7E FB
10:56:01.768 [TX CF8] 67 28 BE 75 CE 1F C5 CC
10:56:01.780 [TX CF9] 67 29 2B 54 B6 86 78 77
10:56:01.792 [TX CF10] 67 2A 0B 48 56 89 43 16
10:56:01.802 [TX CF11] 67 2B F0 AD D2 49 A0 48
10:56:01.813 [TX CF12] 67 2C 42 1B 00 C0 2A 40
10:56:01.824 [TX CF13] 67 2D 5D A0 DB C2 93 41
10:56:01.835 [TX CF14] 67 2E B0 1C 10 02 E1 65
10:56:01.846 [TX CF15] 67 2F D0 9B C0 6E 21 E0
10:56:01.856 [TX CF0] 67 20 FD D5 A9 12 68 C1
10:56:01.868 [TX CF1] 67 21 D1 0B 85 82 61 68
10:56:01.879 [TX CF2] 67 22 98 48 71 14 39 03
10:56:01.891 [TX CF3] 67 23 10 0A 1C C4 EC 0C
10:56:01.901 [TX CF4] 67 24 38 EE 0C 08 F0 2D
10:56:01.912 [TX CF5] 67 25 41 4A 09 EF 2A 7A
10:56:01.923 [TX CF6] 67 26 94 13 76 14 08 2C
10:56:01.934 [TX CF7] 67 27 22 87 30 B0 60 24
10:56:01.945 [TX CF8] 67 28 FB F8 10 BD 08 1C
10:56:01.957 [TX CF9] 67 29 8A 72 A8 C5 84 84
10:56:01.967 [TX CF10] 67 2A 5C 4B 04 8D 99 83
10:56:01.978 [TX CF11] 67 2B 0F 04 22 54 8F E4
10:56:01.989 [TX CF12] 67 2C 05 06 3C 2D 11 0A
10:56:02.001 [TX CF13] 67 2D 19 69 E7 F2 81 48
10:56:02.013 [TX CF14] 67 2E 37 E1 C0 90 E2 53
10:56:02.025 [TX CF15] 67 2F 50 58 82 A8 44 68
10:56:02.036 [TX CF0] 67 20 60 5C 0D F0 07 E0
10:56:02.047 [TX CF1] 67 21 83 F5 3D 50 6E 94
10:56:02.058 [TX CF2] 67 22 3A 03 21 C8 D0 27
10:56:02.069 [TX CF3] 67 23 34 A8 8D 81 2C 9D
10:56:02.081 [TX CF4] 67 24 26 C1 50 98 DA 10
10:56:02.093 [TX CF5] 67 25 19 29 D0 C0 6D 61
10:56:02.103 [TX CF6] 67 26 12 19 B5 21 91 86
10:56:02.114 [TX CF7] 67 27 7F FE 7A C2 6A 9C
10:56:02.124 [TX CF8] 67 28 87 37 FF 80 EF 5B
10:56:02.135 [TX CF9] 67 29 A8 4D 29 30 AB 44
10:56:02.147 [TX CF10] 67 2A 4A 0D 00 EA 9B E0
10:56:02.158 [TX CF11] 67 2B 28 A1 89 82 85 10
10:56:02.169 [TX CF12] 67 2C 6E A1 2F 50 83 52
10:56:02.180 [TX CF13] 67 2D 82 A8 94 84 C1 60
10:56:02.191 [TX CF14] 67 2E 4A 70 09 10 48 13
10:56:02.202 [TX CF15] 67 2F 38 2C D0 88 6D 65
10:56:02.212 [TX CF0] 67 20 4E A8 1B 40 3F 80
10:56:02.224 [TX CF1] 67 21 94 42 19 90 48 64
10:56:02.235 [TX CF2] 67 22 8B F8 77 BF B3 6E
10:56:02.245 [TX CF3] 67 23 09 CC 3B BF F8 24
10:56:02.255 [TX CF4] 67 24 86 13 E0 85 4A 21
10:56:02.266 [TX CF5] 67 25 7D 14 AA 11 E5 78
10:56:02.276 [TX CF6] 67 26 3B 25 80 7D 2F FA
10:56:02.287 [TX CF7] 67 27 6F 03 DA 1A 0D 93
10:56:02.297 [TX CF8] 67 28 37 0B 57 F2 21 BD
10:56:02.308 [TX CF9] 67 29 55 A1 1C 56 13 16
10:56:02.319 [TX CF10] 67 2A 5A 43 9F 5A C7 C8
10:56:02.330 [TX CF11] 67 2B 58 D3 10 5F 03 94
10:56:02.341 [TX CF12] 67 2C 5F 87 BD 5B 8F 53
10:56:02.351 [TX CF13] 67 2D 5C C3 03 36 61 B1
10:56:02.361 [TX CF14] 67 2E 54 A1 00 93 41 23
10:56:02.372 [TX CF15] 67 2F 06 5C 3F E6 68 6F
10:56:02.383 [TX CF0] 67 20 EC C0 59 C0 F3 E5
10:56:02.394 [TX CF1] 67 21 11 06 66 18 0F 14
10:56:02.405 [TX CF2] 67 22 00 60 07 85 A1 84
10:56:02.415 [TX CF3] 67 23 22 22 6B C1 49 84
10:56:02.425 [TX CF4] 67 24 26 80 6B C1 A7 86
10:56:02.436 [TX CF5] 67 25 02 67 0A A0 48 26
10:56:02.446 [TX CF6] 67 26 0D 4C 24 11 06 B6
10:56:02.457 [TX CF7] 67 27 10 88 05 3E 01 70
10:56:02.467 [TX CF8] 67 28 DA E1 B6 14 FA 65
10:56:02.478 [TX CF9] 67 29 82 FC 4D C2 0B D1
10:56:02.488 [TX CF10] 67 2A 61 E1 98 42 C1 28
10:56:02.498 [TX CF11] 67 2B 8D 30 A0 90 58 2E
10:56:02.508 [TX CF12] 67 2C D6 0C 60 D5 09 80
10:56:02.519 [TX CF13] 67 2D B4 08 55 C2 E0 E7
10:56:02.530 [TX CF14] 67 2E 40 4F 8B 8A 09 00
10:56:02.540 [TX CF15] 67 2F DB 06 9A 10 4C 84
10:56:02.552 [TX CF0] 67 20 07 5B 28 BA 40 75
10:56:02.563 [TX CF1] 67 21 20 14 2D 3F D6 DA
10:56:02.573 [TX CF2] 67 22 52 8B E4 0E 50 FB
10:56:02.584 [TX CF3] 67 23 C2 08 5B 80 57 00
10:56:02.595 [TX CF4] 67 24 7C 09 04 17 C1 70
10:56:02.607 [TX CF5] 67 25 17 81 02 98 DE 15
10:56:02.618 [TX CF6] 67 26 48 68 30 8E 44 20
10:56:02.628 [TX CF7] 67 27 DB 0B 82 E8 18 04
10:56:02.639 [TX CF8] 67 28 92 DB E1 36 A1 37
10:56:02.649 [TX CF9] 67 29 A6 70 5B D0 61 0D
10:56:02.660 [TX CF10] 67 2A 18 2C 30 FB 7F F4
10:56:02.671 [TX CF11] 67 2B F8 CC 8D 36 70 B2
10:56:02.682 [TX CF12] 67 2C C2 E1 FF D9 32 B0
10:56:02.693 [TX CF13] 67 2D DC 41 E0 FD 5E 13
10:56:02.703 [TX CF14] 67 2E CE 5F 4F FF 41 8C
10:56:02.715 [TX CF15] 67 2F 70 60 D0 C6 41 68
10:56:02.727 [TX CF0] 67 20 76 60 F9 07 87 20
10:56:02.739 [TX CF1] 67 21 7D 28 B1 41 F8 B6
10:56:02.750 [TX CF2] 67 22 A2 E1 38 83 C2 3A
10:56:02.762 [TX CF3] 67 23 BC 47 D0 BD 10 10
10:56:02.773 [TX CF4] 67 24 7E 8B 84 07 C1 EE
10:56:02.784 [TX CF5] 67 25 B8 5B AE 5F 88 34
10:56:02.794 [TX CF6] 67 26 3F AB C6 03 0B C4
10:56:02.806 [TX CF7] 67 27 04 07 28 B8 F1 C1
10:56:02.817 [TX CF8] 67 28 92 EF 01 D1 82 70
10:56:02.828 [TX CF9] 67 29 69 A0 0F C3 51 72
10:56:02.838 [TX CF10] 67 2A DC 41 9F 28 70 02
10:56:02.849 [TX CF11] 67 2B 12 EB DF 83 CA 2E
10:56:02.859 [TX CF12] 67 2C 57 80 B0 3D 40 B8
10:56:02.870 [TX CF13] 67 2D BA 30 11 17 19 C4
10:56:02.881 [TX CF14] 67 2E 1A 0B D5 EA BC E1
10:56:02.892 [TX CF15] 67 2F 63 E1 69 04 03 06
10:56:02.903 [TX CF0] 67 20 85 7B AE 3C 81 18
10:56:02.914 [TX CF1] 67 21 76 20 74 76 8B 8A
10:56:02.925 [TX CF2] 67 22 6B 06 98 32 06 CA
10:56:02.937 [TX CF3] 67 23 15 BA 64 4A 45 7B
10:56:02.947 [TX CF4] 67 24 A4 F0 CC 70 46 1A
10:56:02.959 [TX CF5] 67 25 80 42 63 07 2C BF
10:56:02.970 [TX CF6] 67 26 3F E8 0C 96 CA 27
10:56:02.981 [TX CF7] 67 27 06 9B FF D0 E3 3F
10:56:02.991 [TX CF8] 67 28 92 0C 04 06 11 40
10:56:03.002 [TX CF9] 67 29 C0 C9 B0 2C 68 6C
10:56:03.013 [TX CF10] 67 2A 38 47 76 03 1C 28
10:56:03.024 [TX CF11] 67 2B 46 68 05 58 5D A4
10:56:03.035 [TX CF12] 67 2C 0E D0 60 D4 3B 30
10:56:03.045 [TX CF13] 67 2D DC 19 D3 3A 05 C8
10:56:03.057 [TX CF14] 67 2E 01 90 1D A0 E0 C6
10:56:03.068 [TX CF15] 67 2F B1 8E D0 98 FF FC
10:56:03.079 [TX CF0] 67 20 17 DB 2A 96 0B C2
10:56:03.089 [TX CF1] 67 21 87 05 46 12 5B AC
10:56:03.099 [TX CF2] 67 22 5A 41 12 F0 62 AF
10:56:03.110 [TX CF3] 67 23 1C 09 1C 4D AA 04
10:56:03.120 [TX CF4] 67 24 AE 1B D1 85 5E 6A
10:56:03.130 [TX CF5] 67 25 70 78 1F 47 13 7A
10:56:03.142 [TX CF6] 67 26 98 48 E1 74 08 37
10:56:03.153 [TX CF7] 67 27 43 A3 07 80 F5 62
10:56:03.164 [TX CF8] 67 28 32 08 17 82 A3 07
10:56:03.175 [TX CF9] 67 29 51 21 15 3B E1 7C
10:56:03.186 [TX CF10] 67 2A 84 C0 B2 F2 28 55
10:56:03.196 [TX CF11] 67 2B 0E C5 84 F0 5D 47
10:56:03.207 [TX CF12] 67 2C F8 43 BF F6 01 EC
10:56:03.219 [TX CF13] 67 2D 38 21 F4 B0 72 04
10:56:03.229 [TX CF14] 67 2E 03 D8 70 85 39 58
10:56:03.241 [TX CF15] 67 2F A0 58 2F 85 64 30
10:56:03.253 [TX CF0] 67 20 A3 E9 46 08 48 2F
10:56:03.264 [TX CF1] 67 21 25 9C 30 C5 A9 7E
10:56:03.275 [TX CF2] 67 22 5F EB 01 74 1C 39
10:56:03.286 [TX CF3] 67 23 78 5F 5F FB 40 60
10:56:03.296 [TX CF4] 67 24 87 10 61 97 C8 5C
10:56:03.308 [TX CF5] 67 25 82 F4 64 43 18 65
10:56:03.319 [TX CF6] 67 26 17 BA 60 00 CF 0E
10:56:03.329 [TX CF7] 67 27 34 D1 2F 58 C7 01
10:56:03.340 [TX CF8] 67 28 AC 1C 81 B0 5E 7F
10:56:03.351 [TX CF9] 67 29 FB C0 64 07 12 6F
10:56:03.362 [TX CF10] 67 2A 97 90 71 80 DD 0E
10:56:03.373 [TX CF11] 67 2B 50 E6 2F 04 CE 05
10:56:03.384 [TX CF12] 67 2C EC EB 86 54 ED 2E
10:56:03.394 [TX CF13] 67 2D E8 DC 01 E4 1C C1
10:56:03.405 [TX CF14] 67 2E E8 5D 99 D4 03 E4
10:56:03.415 [TX CF15] 67 2F 39 93 EC BA C3 54
10:56:03.426 [TX CF0] 67 20 08 00 73 88 11 74
10:56:03.436 [TX CF1] 67 21 BF E7 82 02 A4 A3
10:56:03.448 [TX CF2] 67 22 11 44 3E 10 24 84
10:56:03.458 [TX CF3] 67 23 02 F4 25 50 0E 8A
10:56:03.469 [TX CF4] 67 24 AB 28 04 A6 65 D0
10:56:03.479 [TX CF5] 67 25 89 5E 21 37 88 24
10:56:03.490 [TX CF6] 67 26 AA 5D DA 83 4A 65
10:56:03.500 [TX CF7] 67 27 9D A5 D6 32 A8 73
10:56:03.510 [TX CF8] 67 28 AE 09 54 43 A3 C2
10:56:03.521 [TX CF9] 67 29 BD 63 C8 B0 C2 60
10:56:03.531 [TX CF10] 67 2A 31 9A 1C 2A 0D 12
10:56:03.542 [TX CF11] 67 2B 86 65 08 B0 50 E8
10:56:03.552 [TX CF12] 67 2C 6E F0 24 9C 1B 94
10:56:03.563 [TX CF13] 67 2D 53 C0 92 C3 F0 45
10:56:03.574 [TX CF14] 67 2E 87 E5 E7 81 DE E0
10:56:03.588 [TX CF15] 67 2F 52 A8 17 47 F1 22
10:56:03.598 [TX CF0] 67 20 8D 50 09 88 63 D3
10:56:03.609 [TX CF1] 67 21 A0 A5 10 88 A5 43
10:56:03.621 [TX CF2] 67 22 CA A5 A5 80 DC C4
10:56:03.633 [TX CF3] 67 23 78 FF 9B 68 40 12
10:56:03.643 [TX CF4] 67 24 30 49 11 40 2E 70
10:56:03.654 [TX CF5] 67 25 44 25 D0 E1 32 F1
10:56:03.664 [TX CF6] 67 26 FB D7 94 94 B4 B1
10:56:03.676 [TX CF7] 67 27 1C 23 F2 DA E0 B6
10:56:03.687 [TX CF8] 67 28 04 D0 14 58 40 24
10:56:03.697 [TX CF9] 67 29 B7 BA 74 E1 4D 07
10:56:03.708 [TX CF10] 67 2A 46 61 78 C0 41 B0
10:56:03.719 [TX CF11] 67 2B 10 E8 0C 0B 02 4F
10:56:03.729 [TX CF12] 67 2C 86 E5 84 70 20 37
10:56:03.739 [TX CF13] 67 2D 42 88 A4 92 4A AA
10:56:03.750 [TX CF14] 67 2E 82 09 D1 9A 5D 93
10:56:03.760 [TX CF15] 67 2F B8 70 25 E8 AC 38
10:56:03.771 [TX CF0] 67 20 BE 07 0E 10 0B D5
10:56:03.782 [TX CF1] 67 21 BE 93 42 56 00 2E
10:56:03.793 [TX CF2] 67 22 06 11 18 71 20 B2
10:56:03.803 [TX CF3] 67 23 43 F6 35 82 81 01
10:56:03.814 [TX CF4] 67 24 CC 50 2F 2E E4 16
10:56:03.824 [TX CF5] 67 25 7D 49 56 E2 AC 50
10:56:03.835 [TX CF6] 67 26 87 F4 3E 17 9E 03
10:56:03.845 [TX CF7] 67 27 04 38 03 B8 15 9E
10:56:03.856 [TX CF8] 67 28 18 95 A4 7F 0B 8B
10:56:03.866 [TX CF9] 67 29 17 08 9B 1A 59 85
10:56:03.877 [TX CF10] 67 2A E8 C9 8B 06 26 5C
10:56:03.888 [TX CF11] 67 2B 78 C6 68 76 9A 37
10:56:03.899 [TX CF12] 67 2C 32 E1 30 B9 16 10
10:56:03.910 [TX CF13] 67 2D 80 B1 A1 74 E0 DE
10:56:03.920 [TX CF14] 67 2E 41 AC 87 21 C2 83
10:56:03.932 [TX CF15] 67 2F 46 5C 03 4E 3C 6B
10:56:03.944 [TX CF0] 67 20 54 5C 63 6C 06 BC
10:56:03.955 [TX CF1] 67 21 3E D7 3C 2D 95 31
10:56:03.965 [TX CF2] 67 22 17 0F 83 6E 5E 03
10:56:03.976 [TX CF3] 67 23 76 3C A3 7C 5A 63
10:56:03.986 [TX CF4] 67 24 94 07 0C 3D 97 14
10:56:03.997 [TX CF5] 67 25 F4 86 B8 17 B6 8E
10:56:04.008 [TX CF6] 67 26 90 06 14 79 57 48
10:56:04.020 [TX CF7] 67 27 B0 C7 78 0A 38 78
10:56:04.030 [TX CF8] 67 28 AE C9 E1 17 05 E2
10:56:04.042 [TX CF9] 67 29 0E 74 25 14 37 22
10:56:04.052 [TX CF10] 67 2A 18 9B C1 6B 07 CA
10:56:04.063 [TX CF11] 67 2B 0D 34 9E 88 43 6F
10:56:04.075 [TX CF12] 67 2C 10 5A 1A C5 08 97
10:56:04.085 [TX CF13] 67 2D 45 92 FB 36 5D 2B
10:56:04.095 [TX CF14] 67 2E 8A 1A 0F 41 71 82
10:56:04.106 [TX CF15] 67 2F E1 07 F6 13 DF 06
10:56:04.116 [TX CF0] 67 20 02 5F 24 45 81 7D
10:56:04.126 [TX CF1] 67 21 80 CA 24 BD 1B A5
10:56:04.137 [TX CF2] 67 22 D6 63 79 82 48 19
10:56:04.147 [TX CF3] 67 23 79 61 96 92 01 61
10:56:04.158 [TX CF4] 67 24 C7 BD A5 7D 21 05
10:56:04.169 [TX CF5] 67 25 80 6C 07 B2 DC 50
10:56:04.179 [TX CF6] 67 26 B0 E0 C2 30 A9 52
10:56:04.190 [TX CF7] 67 27 5C 61 25 80 02 30
10:56:04.200 [TX CF8] 67 28 0A 21 BF 73 03 B1
10:56:04.211 [TX CF9] 67 29 B8 40 FC 14 09 7C
10:56:04.221 [TX CF10] 67 2A 07 A0 BA C1 FF 82
10:56:04.232 [TX CF11] 67 2B C9 49 C3 0C BB 48
10:56:04.244 [TX CF12] 67 2C 46 90 3E 08 AC 26
10:56:04.255 [TX CF13] 67 2D F7 68 1C 83 80 F9
10:56:04.266 [TX CF14] 67 2E 82 8C 07 C2 07 B0
10:56:04.276 [TX CF15] 67 2F F8 2B 25 E2 2A 21
10:56:04.287 [TX CF0] 67 20 FC 6D 68 12 0A 25
10:56:04.297 [TX CF1] 67 21 26 11 60 DF FC E9
10:56:04.309 [TX CF2] 67 22 F8 F1 82 16 FC 7D
10:56:04.319 [TX CF3] 67 23 09 21 05 A3 81 B2
10:56:04.329 [TX CF4] 67 24 81 4A 2E 7D 1C B5
10:56:04.339 [TX CF5] 67 25 31 57 84 0B E1 3A
10:56:04.350 [TX CF6] 67 26 FE E5 69 D0 64 EC
10:56:04.360 [TX CF7] 67 27 12 29 8A 1E 01 AC
10:56:04.371 [TX CF8] 67 28 33 6F EA 27 16 00
10:56:04.381 [TX CF9] 67 29 14 0C 8D 3D 24 87
10:56:04.392 [TX CF10] 67 2A C2 09 3E EA 59 BC
10:56:04.404 [TX CF11] 67 2B 18 BB 44 02 57 09
10:56:04.414 [TX CF12] 67 2C E8 40 37 F3 5D 06
10:56:04.425 [TX CF13] 67 2D E6 F3 09 83 C2 61
10:56:04.435 [TX CF14] 67 2E F4 2A E4 E5 7E 00
10:56:04.445 [TX CF15] 67 2F E1 1C C5 1E CB 60
10:56:04.456 [TX CF0] 67 20 C4 0D 40 B4 50 20
10:56:04.467 [TX CF1] 67 21 DE AE 81 17 0C 04
10:56:04.477 [TX CF2] 67 22 13 0B 0E A4 48 B0
10:56:04.489 [TX CF3] 67 23 B4 8F 4C 02 93 19
10:56:04.499 [TX CF4] 67 24 E4 C0 28 31 86 42
10:56:04.510 [TX CF5] 67 25 03 5C 38 1F C9 CD
10:56:04.520 [TX CF6] 67 26 A3 11 0F 80 66 A0
10:56:04.530 [TX CF7] 67 27 43 78 3A 1C A8 07
10:56:04.541 [TX CF8] 67 28 4A 11 01 F0 12 B0
10:56:04.552 [TX CF9] 67 29 A5 43 6F B4 98 5D
10:56:04.562 [TX CF10] 67 2A A3 27 42 5C A1 0A
10:56:04.573 [TX CF11] 67 2B 39 01 9B 81 D0 33
10:56:04.584 [TX CF12] 67 2C 54 2E 77 42 F5 48
10:56:04.594 [TX CF13] 67 2D 80 8F A0 94 F5 FA
10:56:04.605 [TX CF14] 67 2E 10 29 06 22 8F D4
10:56:04.615 [TX CF15] 67 2F F3 E2 4A F0 87 70
10:56:04.625 [TX CF0] 67 20 21 E0 59 42 CB 65
10:56:04.636 [TX CF1] 67 21 B8 11 60 B6 AC B0
10:56:04.646 [TX CF2] 67 22 92 11 C0 B6 F0 20
10:56:04.656 [TX CF3] 67 23 9C 58 75 C4 93 0D
10:56:04.668 [TX CF4] 67 24 01 7F 01 FF FF FF
10:56:04.686 [RX SF ] 67 02 76 02 FF FF FF FF
10:56:04.686 [RX    ] 76 02
10:56:04.686 [PASS  ] TransferData block=2 | expected: 76 ... | received: 76 02
10:56:04.697 ------------------------------------------------------------------------
10:56:04.697 [STEP  ] 0x36 block=3  offset=4080/45254  (9%)
10:56:04.698 [TX TransferData block=3 len=2040] 36 03 36 18 0C 8E 31 42 27 B5 6B A4 C3 ED 19 7A...
10:56:04.698 [TX FF ] 67 17 FA 36 03 36 18 0C
10:56:04.708 [TX CF1] 67 21 8E 31 42 27 B5 6B
10:56:04.719 [TX CF2] 67 22 A4 C3 ED 19 7A 14
10:56:04.730 [TX CF3] 67 23 0C A8 09 55 2E EF
10:56:04.741 [TX CF4] 67 24 42 CA 57 0F BD D0
10:56:04.752 [TX CF5] 67 25 14 60 59 43 B7 E7
10:56:04.763 [TX CF6] 67 26 B1 15 C3 2D A0 D9
10:56:04.773 [TX CF7] 67 27 C0 B8 80 BB 0B 28
10:56:04.784 [TX CF8] 67 28 BE 1F 8A 1C 1C 07
10:56:04.794 [TX CF9] 67 29 86 01 E0 90 7E 2A
10:56:04.805 [TX CF10] 67 2A 0B EC 18 68 40 E0
10:56:04.815 [TX CF11] 67 2B 90 58 34 1E 11 0C
10:56:04.825 [TX CF12] 67 2C 88 45 23 12 01 DA
10:56:04.835 [TX CF13] 67 2D 17 01 74 12 5A C5
10:56:04.846 [TX CF14] 67 2E 22 0A 30 1D 2F 85
10:56:04.856 [TX CF15] 67 2F 5A 91 04 B0 1F B0
10:56:04.866 [TX CF0] 67 20 AB 52 68 36 03 12
10:56:04.877 [TX CF1] 67 21 1C 98 3C 17 A8 80
10:56:04.888 [TX CF2] 67 22 42 03 60 FD 48 30
10:56:04.898 [TX CF3] 67 23 04 C0 75 FF CA A1
10:56:04.909 [TX CF4] 67 24 BC 00 AC 16 0A 25
10:56:04.919 [TX CF5] 67 25 82 86 35 0E AB FC
10:56:04.930 [TX CF6] 67 26 03 61 FA 38 41 21
10:56:04.940 [TX CF7] 67 27 44 25 54 FE 22 12
10:56:04.951 [TX CF8] 67 28 AD FF 01 68 7E BA
10:56:04.961 [TX CF9] 67 29 34 BA 47 06 D0 37
10:56:04.972 [TX CF10] 67 2A C0 08 87 0A C0 8F
10:56:04.984 [TX CF11] 67 2B C3 81 22 C9 40 12
10:56:04.994 [TX CF12] 67 2C 19 51 E9 38 AB 54
10:56:05.005 [TX CF13] 67 2D 1E 47 1A A1 E2 AC
10:56:05.015 [TX CF14] 67 2E 5C AB 4A 87 0E 5D
10:56:05.025 [TX CF15] 67 2F 86 7F 22 A1 59 E8
10:56:05.036 [TX CF0] 67 20 74 A8 15 85 32 8D
10:56:05.047 [TX CF1] 67 21 82 09 22 E1 59 F2
10:56:05.058 [TX CF2] 67 22 50 3C 15 9E 83 4A
10:56:05.069 [TX CF3] 67 23 85 58 13 A8 D9 53
10:56:05.080 [TX CF4] 67 24 C8 D8 A5 F4 93 4A
10:56:05.090 [TX CF5] 67 25 10 19 54 53 A3 A2
10:56:05.101 [TX CF6] 67 26 B4 24 B0 C9 42 34
10:56:05.112 [TX CF7] 67 27 56 0F 54 16 C7 68
10:56:05.122 [TX CF8] 67 28 ED C0 3B 70 84 BA
10:56:05.133 [TX CF9] 67 29 16 3B 04 25 03 04
10:56:05.144 [TX CF10] 67 2A 03 93 08 62 21 62
10:56:05.154 [TX CF11] 67 2B B0 28 90 A9 43 EA
10:56:05.165 [TX CF12] 67 2C 50 78 8D 0F 43 60
10:56:05.176 [TX CF13] 67 2D 8B 78 24 4A 28 E4
10:56:05.188 [TX CF14] 67 2E 56 09 9D 2E 27 40
10:56:05.198 [TX CF15] 67 2F B5 41 52 B8 2B 90
10:56:05.210 [TX CF0] 67 20 53 A1 31 57 83 0E
10:56:05.222 [TX CF1] 67 21 82 4C 29 53 2A 02
10:56:05.234 [TX CF2] 67 22 C1 2E 94 2B A5 02
10:56:05.244 [TX CF3] 67 23 A4 C1 69 30 D5 5A
10:56:05.256 [TX CF4] 67 24 12 14 8C 23 7C 32
10:56:05.267 [TX CF5] 67 25 34 3E 0D 82 00 8B
10:56:05.278 [TX CF6] 67 26 0F EB FB 5D 65 FC
10:56:05.289 [TX CF7] 67 27 FD A2 71 E8 C0 64
10:56:05.300 [TX CF8] 67 28 50 CA 48 E3 28 02
10:56:05.310 [TX CF9] 67 29 38 09 14 8D 7F 1C
10:56:05.321 [TX CF10] 67 2A 1D 82 0A 2B 48 6F
10:56:05.331 [TX CF11] 67 2B F2 3F 49 2C 61 08
10:56:05.341 [TX CF12] 67 2C B1 42 AD 11 0A 18
10:56:05.353 [TX CF13] 67 2D BF 02 44 07 BC 2E
10:56:05.364 [TX CF14] 67 2E 02 B8 B0 07 5C 20
10:56:05.376 [TX CF15] 67 2F 31 0C 04 0E E9 11
10:56:05.386 [TX CF0] 67 20 16 61 A4 F8 32 F0
10:56:05.396 [TX CF1] 67 21 82 32 E1 F4 70 44
10:56:05.406 [TX CF2] 67 22 F0 79 1A 10 F7 19
10:56:05.417 [TX CF3] 67 23 F0 FD 1A 30 9D 12
10:56:05.427 [TX CF4] 67 24 B6 45 19 B8 40 3D
10:56:05.438 [TX CF5] 67 25 0C EC 20 6D 3C 36
10:56:05.448 [TX CF6] 67 26 30 03 A4 30 16 58
10:56:05.458 [TX CF7] 67 27 12 68 07 E5 9F 84
10:56:05.469 [TX CF8] 67 28 31 9D 0E 81 B7 0C
10:56:05.479 [TX CF9] 67 29 3E 7D 00 8F 66 63
10:56:05.490 [TX CF10] 67 2A 8C AC 20 82 A8 1A
10:56:05.501 [TX CF11] 67 2B 40 05 30 80 7B 0E
10:56:05.511 [TX CF12] 67 2C C8 41 BF EE 24 38
10:56:05.522 [TX CF13] 67 2D EE 28 05 C0 0B 70
10:56:05.533 [TX CF14] 67 2E FF C1 DC 50 7B E7
10:56:05.544 [TX CF15] 67 2F F2 83 AC 38 0D A8
10:56:05.555 [TX CF0] 67 20 5B 0C 5F FA 03 BD
10:56:05.565 [TX CF1] 67 21 73 A5 87 74 42 2E
10:56:05.576 [TX CF2] 67 22 41 BE 81 6F 0B 7D
10:56:05.586 [TX CF3] 67 23 3A 42 2A 80 B1 04
10:56:05.597 [TX CF4] 67 24 B2 37 D0 8B F4 E4
10:56:05.607 [TX CF5] 67 25 4D 90 17 88 48 6E
10:56:05.619 [TX CF6] 67 26 54 AE A8 52 09 6C
10:56:05.629 [TX CF7] 67 27 17 A1 13 80 47 EF
10:56:05.639 [TX CF8] 67 28 3C 98 CD 6E 39 6D
10:56:05.650 [TX CF9] 67 29 8F 2F 90 99 C0 22
10:56:05.660 [TX CF10] 67 2A 13 3D 9A BA 07 B4
10:56:05.670 [TX CF11] 67 2B 3F 3B 06 49 E4 04
10:56:05.681 [TX CF12] 67 2C AA 1F D0 A0 48 A1
10:56:05.691 [TX CF13] 67 2D DE 05 DA 1C 7F D9
10:56:05.701 [TX CF14] 67 2E 97 04 5E 14 EF E6
10:56:05.711 [TX CF15] 67 2F C7 10 E0 C3 C3 D1
10:56:05.722 [TX CF0] 67 20 3F 21 B4 B8 6C 70
10:56:05.732 [TX CF1] 67 21 1F 2D EB F9 0F CF
10:56:05.742 [TX CF2] 67 22 9F 01 22 F9 60 3E
10:56:05.752 [TX CF3] 67 23 E0 28 36 AE C4 10
10:56:05.762 [TX CF4] 67 24 08 62 6F 10 19 49
10:56:05.773 [TX CF5] 67 25 91 08 14 A5 DB 8E
10:56:05.783 [TX CF6] 67 26 F5 8A 84 33 F8 08
10:56:05.794 [TX CF7] 67 27 4B 3E 09 86 A0 32
10:56:05.804 [TX CF8] 67 28 81 0D 05 C2 83 70
10:56:05.814 [TX CF9] 67 29 C0 DC 1B 28 44 26
10:56:05.825 [TX CF10] 67 2A 38 14 08 00 E8 57
10:56:05.835 [TX CF11] 67 2B 38 5C 28 FF ED AD
10:56:05.845 [TX CF12] 67 2C 26 99 22 03 01 2A
10:56:05.856 [TX CF13] 67 2D 0C 21 8C F0 68 9F
10:56:05.866 [TX CF14] 67 2E 30 89 F0 C4 78 1A
10:56:05.877 [TX CF15] 67 2F E8 F4 70 BE 0B 55
10:56:05.887 [TX CF0] 67 20 2E B7 78 C1 D0 82
10:56:05.898 [TX CF1] 67 21 78 60 3C 05 7C 00
10:56:05.908 [TX CF2] 67 22 F8 58 2F 12 04 34
10:56:05.919 [TX CF3] 67 23 14 3B 0D C0 71 00
10:56:05.929 [TX CF4] 67 24 4D 08 20 1C 00 F4
10:56:05.939 [TX CF5] 67 25 1D 10 52 17 34 70
10:56:05.950 [TX CF6] 67 26 0F B8 7B 5F BB 4D
10:56:05.960 [TX CF7] 67 27 1A 90 0E 00 3C 04
10:56:05.971 [TX CF8] 67 28 87 C5 88 D1 DA 3A
10:56:05.982 [TX CF9] 67 29 51 AF 18 96 08 C6
10:56:05.993 [TX CF10] 67 2A 4B 65 01 C9 41 24
10:56:06.003 [TX CF11] 67 2B 72 09 15 9A F1 16
10:56:06.013 [TX CF12] 67 2C A1 45 3A 1A 6C 44
10:56:06.024 [TX CF13] 67 2D 02 5D 0D 45 41 9E
10:56:06.036 [TX CF14] 67 2E D3 E2 27 F1 DD F5
10:56:06.047 [TX CF15] 67 2F 0A 0B DA 14 A1 DF
10:56:06.059 [TX CF0] 67 20 93 CD E8 13 8A 18
10:56:06.069 [TX CF1] 67 21 44 08 37 83 47 88
10:56:06.081 [TX CF2] 67 22 8D C7 60 7E 00 DE
10:56:06.092 [TX CF3] 67 23 1D F9 34 1A 81 66
10:56:06.103 [TX CF4] 67 24 11 C1 98 CD EC B3
10:56:06.114 [TX CF5] 67 25 01 98 3B 4F 0C 06
10:56:06.124 [TX CF6] 67 26 68 78 24 65 54 28
10:56:06.135 [TX CF7] 67 27 5D 0B 5D 1A 30 1D
10:56:06.146 [TX CF8] 67 28 82 53 3B E8 08 B0
10:56:06.156 [TX CF9] 67 29 A4 85 40 03 C4 1C
10:56:06.167 [TX CF10] 67 2A 86 D1 46 06 60 3E
10:56:06.177 [TX CF11] 67 2B C6 F1 51 90 52 28
10:56:06.188 [TX CF12] 67 2C 1A 1B 46 BE 47 0B
10:56:06.199 [TX CF13] 67 2D B8 7F A4 74 BB 80
10:56:06.209 [TX CF14] 67 2E E7 08 DD E3 17 70
10:56:06.221 [TX CF15] 67 2F E4 C7 08 89 7F 24
10:56:06.231 [TX CF0] 67 20 D1 EA 01 19 08 F5
10:56:06.241 [TX CF1] 67 21 C0 53 83 BB 0E FC
10:56:06.252 [TX CF2] 67 22 8E 66 AF 82 8D 13
10:56:06.262 [TX CF3] 67 23 1D 41 22 9B 52 FB
10:56:06.273 [TX CF4] 67 24 6F 98 25 71 2E 87
10:56:06.283 [TX CF5] 67 25 5B 65 33 A7 81 20
10:56:06.294 [TX CF6] 67 26 BE C6 6D B6 A1 6A
10:56:06.304 [TX CF7] 67 27 35 D1 5A 10 6E 84
10:56:06.315 [TX CF8] 67 28 BE F1 6D 8E 5E 1B
10:56:06.325 [TX CF9] 67 29 A0 5C 29 31 CB B4
10:56:06.336 [TX CF10] 67 2A 7B F1 D1 A9 47 2B
10:56:06.346 [TX CF11] 67 2B 71 EF 67 46 11 70
10:56:06.357 [TX CF12] 67 2C A4 47 34 16 01 F6
10:56:06.368 [TX CF13] 67 2D 10 0B C0 C3 08 1E
10:56:06.379 [TX CF14] 67 2E C3 E1 BD 59 40 D5
10:56:06.389 [TX CF15] 67 2F C2 71 B5 82 C0 21
10:56:06.399 [TX CF0] 67 20 8E 44 3E 14 9F C3
10:56:06.410 [TX CF1] 67 21 B5 09 43 92 0F BD
10:56:06.421 [TX CF2] 67 22 83 FE 60 40 BD 84
10:56:06.432 [TX CF3] 67 23 57 F1 31 65 42 78
10:56:06.442 [TX CF4] 67 24 81 AB 8C 86 79 4A
10:56:06.453 [TX CF5] 67 25 89 84 C0 95 C2 7A
10:56:06.464 [TX CF6] 67 26 2F 94 8A 58 3F B0
10:56:06.475 [TX CF7] 67 27 0F 61 18 A5 54 AF
10:56:06.486 [TX CF8] 67 28 18 20 CC 0B E8 24
10:56:06.497 [TX CF9] 67 29 30 88 00 45 08 83
10:56:06.508 [TX CF10] 67 2A 9E 1F 63 8E 09 44
10:56:06.520 [TX CF11] 67 2B 8F A1 31 A6 68 2D
10:56:06.531 [TX CF12] 67 2C 1E 1B 46 22 85 1E
10:56:06.541 [TX CF13] 67 2D E8 18 30 90 9B C1
10:56:06.551 [TX CF14] 67 2E 8D 74 7C 16 85 4E
10:56:06.562 [TX CF15] 67 2F 11 18 D0 53 00 F2
10:56:06.572 [TX CF0] 67 20 0F 2C 03 E8 41 BA
10:56:06.583 [TX CF1] 67 21 38 9D 93 EF 0D EF
10:56:06.594 [TX CF2] 67 22 EE 05 E0 3C 65 23
10:56:06.605 [TX CF3] 67 23 FD 9D 30 2F E0 10
10:56:06.616 [TX CF4] 67 24 40 E3 84 0B A2 F0
10:56:06.626 [TX CF5] 67 25 83 21 30 10 A0 65
10:56:06.637 [TX CF6] 67 26 02 21 30 19 80 59
10:56:06.649 [TX CF7] 67 27 42 20 63 94 BA 84
10:56:06.660 [TX CF8] 67 28 76 99 20 03 00 6F
10:56:06.671 [TX CF9] 67 29 83 A3 A0 BC 46 E9
10:56:06.682 [TX CF10] 67 2A B6 91 E4 24 E4 25
10:56:06.693 [TX CF11] 67 2B 37 8C 0D 0A 5B D0
10:56:06.703 [TX CF12] 67 2C 39 E1 08 16 01 28
10:56:06.714 [TX CF13] 67 2D 0F 62 8C 00 40 0D
10:56:06.724 [TX CF14] 67 2E FD F9 1F 87 F5 28
10:56:06.735 [TX CF15] 67 2F BC 68 2E 06 E4 36
10:56:06.746 [TX CF0] 67 20 5F E3 1A 32 87 76
10:56:06.757 [TX CF1] 67 21 08 BD 22 A2 00 6D
10:56:06.767 [TX CF2] 67 22 FF B8 90 86 1E 8F
10:56:06.777 [TX CF3] 67 23 EA 1F E0 48 A1 D5
10:56:06.788 [TX CF4] 67 24 FF 68 51 00 C3 11
10:56:06.798 [TX CF5] 67 25 50 C2 97 D0 4A 52
10:56:06.808 [TX CF6] 67 26 88 A7 20 4A C3 5E
10:56:06.819 [TX CF7] 67 27 47 47 C0 FD 3B 10
10:56:06.829 [TX CF8] 67 28 48 60 92 40 B8 92
10:56:06.840 [TX CF9] 67 29 0D 27 5A 11 5A 66
10:56:06.851 [TX CF10] 67 2A 9E F5 66 B4 60 17
10:56:06.861 [TX CF11] 67 2B F8 40 66 11 88 9D
10:56:06.872 [TX CF12] 67 2C 26 83 60 53 E1 01
10:56:06.882 [TX CF13] 67 2D 5D 01 BF 8B 68 66
10:56:06.892 [TX CF14] 67 2E 0A 6C 3E 17 0F EC
10:56:06.904 [TX CF15] 67 2F 06 4B 10 A4 4D 6A
10:56:06.915 [TX CF0] 67 20 0A 9C 22 6A A8 EE
10:56:06.926 [TX CF1] 67 21 7F D8 6D 21 4E 84
10:56:06.936 [TX CF2] 67 22 06 D1 29 A1 AA 50
10:56:06.946 [TX CF3] 67 23 9C 41 E0 10 F8 5D
10:56:06.958 [TX CF4] 67 24 26 E1 50 90 DA 35
10:56:06.968 [TX CF5] 67 25 50 2C 42 D2 0B 52
10:56:06.978 [TX CF6] 67 26 D7 08 42 C2 38 6D
10:56:06.990 [TX CF7] 67 27 0D 93 87 C7 7B 88
10:56:07.002 [TX CF8] 67 28 69 C2 D7 49 B2 94
10:56:07.012 [TX CF9] 67 29 22 22 BC 82 B1 10
10:56:07.022 [TX CF10] 67 2A 5E E1 44 75 E3 04
10:56:07.033 [TX CF11] 67 2B 8C 2F F0 84 2C C0
10:56:07.043 [TX CF12] 67 2C 70 42 82 C2 1F 27
10:56:07.054 [TX CF13] 67 2D 61 42 C4 64 08 87
10:56:07.064 [TX CF14] 67 2E 02 8C C7 C1 1B 86
10:56:07.075 [TX CF15] 67 2F 6C F4 07 C3 6A 21
10:56:07.086 [TX CF0] 67 20 01 D2 0A 7F 0D FF
10:56:07.097 [TX CF1] 67 21 F9 2E 87 3D 99 0F
10:56:07.108 [TX CF2] 67 22 A5 99 0C 67 FE 9E
10:56:07.118 [TX CF3] 67 23 42 A2 AC 01 96 1E
10:56:07.129 [TX CF4] 67 24 4D A1 2D 2F FE CA
10:56:07.139 [TX CF5] 67 25 D3 FA CE 81 AA 1F
10:56:07.149 [TX CF6] 67 26 1D AD 09 75 2D A5
10:56:07.159 [TX CF7] 67 27 32 15 22 94 DA 35
10:56:07.170 [TX CF8] 67 28 D2 0A 00 13 08 C3
10:56:07.180 [TX CF9] 67 29 23 0C F7 E5 B9 02
10:56:07.191 [TX CF10] 67 2A 79 0B 0F FF 41 80
10:56:07.202 [TX CF11] 67 2B 6F 29 E0 C0 36 B0
10:56:07.213 [TX CF12] 67 2C D4 DA 36 6D C1 71
10:56:07.223 [TX CF13] 67 2D FF 9D 84 D0 47 83
10:56:07.234 [TX CF14] 67 2E 3F 1F FC 83 00 E6
10:56:07.245 [TX CF15] 67 2F 52 C1 80 74 61 52
10:56:07.255 [TX CF0] 67 20 FF B1 F2 81 FC 33
10:56:07.266 [TX CF1] 67 21 9F A7 62 10 AF DA
10:56:07.276 [TX CF2] 67 22 87 04 22 1A 04 28
10:56:07.286 [TX CF3] 67 23 70 5E 88 93 0B 0A
10:56:07.296 [TX CF4] 67 24 42 02 6C 1F 0B 4F
10:56:07.307 [TX CF5] 67 25 E2 2B E0 5E 20 94
10:56:07.318 [TX CF6] 67 26 C1 E1 84 20 38 85
10:56:07.328 [TX CF7] 67 27 79 E4 94 8B F3 0C
10:56:07.339 [TX CF8] 67 28 0B 40 F5 04 98 80
10:56:07.349 [TX CF9] 67 29 DD 07 92 5D 0F C4
10:56:07.359 [TX CF10] 67 2A 13 C1 04 94 40 D0
10:56:07.371 [TX CF11] 67 2B D0 BE D0 CE FE 0C
10:56:07.381 [TX CF12] 67 2C A8 48 6E 1E 07 80
10:56:07.391 [TX CF13] 67 2D 6F AC 01 18 42 1C
10:56:07.402 [TX CF14] 67 2E F0 5C 54 18 78 2E
10:56:07.412 [TX CF15] 67 2F 18 A4 28 18 8A 04
10:56:07.423 [TX CF0] 67 20 71 CF 83 79 28 83
10:56:07.433 [TX CF1] 67 21 7E 50 3E 0E 1C 24
10:56:07.444 [TX CF2] 67 22 A7 F0 26 AE 64 A0
10:56:07.454 [TX CF3] 67 23 C6 18 30 80 BD 2D
10:56:07.465 [TX CF4] 67 24 18 46 4E 1A D0 68
10:56:07.475 [TX CF5] 67 25 18 8B 46 0B 3C E3
10:56:07.485 [TX CF6] 67 26 8E 03 88 A0 E0 9D
10:56:07.496 [TX CF7] 67 27 A8 5D 5D A0 F2 3F
10:56:07.506 [TX CF8] 67 28 52 0C 56 80 6F 05
10:56:07.517 [TX CF9] 67 29 4B 78 A3 C2 B5 AC
10:56:07.527 [TX CF10] 67 2A 98 85 D0 0A A1 D2
10:56:07.539 [TX CF11] 67 2B 77 03 70 DA C1 A0
10:56:07.550 [TX CF12] 67 2C 10 D8 04 52 01 23
10:56:07.561 [TX CF13] 67 2D 34 20 A6 C2 42 EB
10:56:07.573 [TX CF14] 67 2E 4A DF 48 D6 48 69
10:56:07.584 [TX CF15] 67 2F D4 3C 04 66 0B 72
10:56:07.594 [TX CF0] 67 20 A2 60 5E 88 42 26
10:56:07.605 [TX CF1] 67 21 34 AB CC 06 47 13
10:56:07.615 [TX CF2] 67 22 A1 D2 EE 30 1B DE
10:56:07.626 [TX CF3] 67 23 06 E8 FF 42 03 73
10:56:07.636 [TX CF4] 67 24 B8 06 C1 5F C0 1C
10:56:07.646 [TX CF5] 67 25 42 2C BB 03 E1 F6
10:56:07.656 [TX CF6] 67 26 FE 40 A5 A7 44 2C
10:56:07.666 [TX CF7] 67 27 54 82 FE 1A C9 15
10:56:07.677 [TX CF8] 67 28 46 87 40 5C 01 21
10:56:07.688 [TX CF9] 67 29 81 5E E1 54 28 5F
10:56:07.699 [TX CF10] 67 2A 40 FE 84 0A F4 2F
10:56:07.709 [TX CF11] 67 2B C2 3A 8A 82 43 40
10:56:07.721 [TX CF12] 67 2C AF 57 69 30 9B 44
10:56:07.731 [TX CF13] 67 2D 6A 45 89 AF 1C 70
10:56:07.741 [TX CF14] 67 2E 92 76 E6 43 CC 00
10:56:07.753 [TX CF15] 67 2F D8 18 21 E2 7F C4
10:56:07.764 [TX CF0] 67 20 F8 40 65 BF 7E 8D
10:56:07.775 [TX CF1] 67 21 50 59 5D 4A 10 31
10:56:07.786 [TX CF2] 67 22 C3 DA 30 94 F0 80
10:56:07.796 [TX CF3] 67 23 74 08 0C 8A 1D 21
10:56:07.806 [TX CF4] 67 24 1B E0 1E C8 72 85
10:56:07.818 [TX CF5] 67 25 2C 68 0C 70 6A 09
10:56:07.828 [TX CF6] 67 26 31 0C 05 79 13 87
10:56:07.839 [TX CF7] 67 27 6B B5 45 1D 8F 90
10:56:07.849 [TX CF8] 67 28 90 D0 EB 50 29 17
10:56:07.860 [TX CF9] 67 29 A7 CE 5D 56 46 FA
10:56:07.872 [TX CF10] 67 2A 02 04 1E 8E 7A 20
10:56:07.883 [TX CF11] 67 2B 06 9A 4B 02 33 84
10:56:07.894 [TX CF12] 67 2C B9 C3 A6 14 10 04
10:56:07.905 [TX CF13] 67 2D 12 28 55 0E 84 A1
10:56:07.916 [TX CF14] 67 2E 87 03 B0 9B D2 78
10:56:07.926 [TX CF15] 67 2F 1B 21 6A 15 0A 1C
10:56:07.937 [TX CF0] 67 20 21 81 06 28 FE 04
10:56:07.947 [TX CF1] 67 21 07 60 6D 42 65 49
10:56:07.959 [TX CF2] 67 22 2C 68 4B C0 66 81
10:56:07.970 [TX CF3] 67 23 6F 09 79 72 5C C4
10:56:07.982 [TX CF4] 67 24 86 83 5C E4 41 F8
10:56:07.992 [TX CF5] 67 25 10 F2 DE 02 86 2F
10:56:08.004 [TX CF6] 67 26 DF C9 39 26 7A 2E
10:56:08.016 [TX CF7] 67 27 10 61 84 15 D0 05
10:56:08.027 [TX CF8] 67 28 E8 AA 94 0A E5 86
10:56:08.038 [TX CF9] 67 29 B8 C8 E9 10 0B 44
10:56:08.050 [TX CF10] 67 2A B8 66 05 71 15 84
10:56:08.061 [TX CF11] 67 2B 0B A0 80 40 1F 86
10:56:08.072 [TX CF12] 67 2C C7 FD AB D9 0D B0
10:56:08.082 [TX CF13] 67 2D 86 10 C7 32 28 14
10:56:08.093 [TX CF14] 67 2E 42 B9 FC 8B 12 65
10:56:08.104 [TX CF15] 67 2F A3 12 E0 9B 4C 2F
10:56:08.114 [TX CF0] 67 20 5F E1 38 14 09 8D
10:56:08.125 [TX CF1] 67 21 CB EB 71 89 9B 81
10:56:08.135 [TX CF2] 67 22 97 9B C9 C8 FF A6
10:56:08.146 [TX CF3] 67 23 78 80 EE 10 D3 9C
10:56:08.156 [TX CF4] 67 24 ED 54 21 70 05 EC
10:56:08.168 [TX CF5] 67 25 11 A4 08 35 0F F3
10:56:08.178 [TX CF6] 67 26 4B 08 2D 2B 59 23
10:56:08.190 [TX CF7] 67 27 AC 50 E2 11 8C 0E
10:56:08.200 [TX CF8] 67 28 0E 10 54 82 F2 4C
10:56:08.211 [TX CF9] 67 29 C0 AB 8D C4 BE 82
10:56:08.222 [TX CF10] 67 2A EE 0E 84 30 30 06
10:56:08.232 [TX CF11] 67 2B A1 41 84 81 5D 82
10:56:08.242 [TX CF12] 67 2C 43 08 81 D8 13 BA
10:56:08.253 [TX CF13] 67 2D 15 7F E2 03 13 80
10:56:08.263 [TX CF14] 67 2E 1D 2E 54 84 70 85
10:56:08.274 [TX CF15] 67 2F B4 06 01 98 1C 77
10:56:08.285 [TX CF0] 67 20 F2 21 BD 4A 61 00
10:56:08.295 [TX CF1] 67 21 E9 98 F0 63 A0 96
10:56:08.306 [TX CF2] 67 22 42 30 D4 85 32 C5
10:56:08.317 [TX CF3] 67 23 71 38 5F 31 38 0A
10:56:08.328 [TX CF4] 67 24 F1 10 60 FF FF FF
10:56:08.348 [RX SF ] 67 02 76 03 FF FF FF FF
10:56:08.348 [RX    ] 76 03
10:56:08.349 [PASS  ] TransferData block=3 | expected: 76 ... | received: 76 03
10:56:08.359 ------------------------------------------------------------------------
10:56:08.359 [STEP  ] 0x36 block=4  offset=6120/45254  (13%)
10:56:08.359 [TX TransferData block=4 len=2040] 36 04 03 74 13 41 D9 69 10 27 80 12 A8 17 44 D2...
10:56:08.360 [TX FF ] 67 17 FA 36 04 03 74 13
10:56:08.370 [TX CF1] 67 21 41 D9 69 10 27 80
10:56:08.380 [TX CF2] 67 22 12 A8 17 44 D2 85
10:56:08.391 [TX CF3] 67 23 00 04 06 F6 10 38
10:56:08.403 [TX CF4] 67 24 06 AF FF 05 81 68
10:56:08.414 [TX CF5] 67 25 A3 40 6F 06 2C 9A
10:56:08.424 [TX CF6] 67 26 D9 57 29 30 A5 3C
10:56:08.436 [TX CF7] 67 27 30 45 44 02 30 23
10:56:08.447 [TX CF8] 67 28 10 41 98 2A E4 15
10:56:08.458 [TX CF9] 67 29 58 53 D9 F0 21 61
10:56:08.468 [TX CF10] 67 2A 85 29 00 4B 03 59
10:56:08.479 [TX CF11] 67 2B 4F C3 53 A4 F2 2E
10:56:08.490 [TX CF12] 67 2C 4A 14 3F 1B 5C 66
10:56:08.502 [TX CF13] 67 2D C0 54 87 7F F6 15
10:56:08.512 [TX CF14] 67 2E 43 3B FD 5D 61 F3
10:56:08.522 [TX CF15] 67 2F 5E 43 2D FF 2E B1
10:56:08.532 [TX CF0] 67 20 FF 53 0F C0 3C 01
10:56:08.543 [TX CF1] 67 21 84 F4 69 4C 00 0D
10:56:08.554 [TX CF2] 67 22 70 30 41 01 E0 96
10:56:08.564 [TX CF3] 67 23 43 34 AB 82 41 46
10:56:08.575 [TX CF4] 67 24 A4 C2 2E 44 94 18
10:56:08.585 [TX CF5] 67 25 09 41 FA 34 3A 65
10:56:08.596 [TX CF6] 67 26 81 85 0B F5 06 22
10:56:08.607 [TX CF7] 67 27 18 D6 28 36 0B 94
10:56:08.618 [TX CF8] 67 28 FE 91 80 61 43 0A
10:56:08.629 [TX CF9] 67 29 E8 F2 45 98 48 20
10:56:08.639 [TX CF10] 67 2A 9F 0E AF E1 9D 83
10:56:08.649 [TX CF11] 67 2B A1 06 7E 1D 17 F8
10:56:08.659 [TX CF12] 67 2C 12 09 C5 27 11 72
10:56:08.670 [TX CF13] 67 2D 5E E1 46 FE 34 70
10:56:08.680 [TX CF14] 67 2E BE FE 63 12 29 B5
10:56:08.691 [TX CF15] 67 2F 26 0D A8 80 B9 40
10:56:08.702 [TX CF0] 67 20 FF B5 90 9A 52 55
10:56:08.759 [TX CF1] 67 21 88 FC 34 8C B8 24
10:56:08.770 [TX CF2] 67 22 8C F4 20 DA 99 95
10:56:08.780 [TX CF3] 67 23 2A D7 46 99 53 60
10:56:08.792 [TX CF4] 67 24 12 C8 CF 46 1D 78
10:56:08.802 [TX CF5] 67 25 8B DE 37 D4 28 67
10:56:08.813 [TX CF6] 67 26 46 9D 78 AB B8 01
10:56:08.825 [TX CF7] 67 27 84 74 71 D7 8C BB
10:56:08.835 [TX CF8] 67 28 88 15 86 1C 08 E7
10:56:08.845 [TX CF9] 67 29 3A F1 D7 70 03 19
10:56:08.856 [TX CF10] 67 2A E8 49 29 0D 8C 04
10:56:08.866 [TX CF11] 67 2B 58 49 26 30 C9 83
10:56:08.877 [TX CF12] 67 2C 5F 0B 57 FE 07 20
10:56:08.887 [TX CF13] 67 2D 8F 78 23 D7 89 7B
10:56:08.898 [TX CF14] 67 2E 9A 18 A7 46 BD 78
10:56:08.908 [TX CF15] 67 2F B7 BB 41 88 74 73
10:56:08.919 [TX CF0] 67 20 D7 8D 7B 80 37 2A
10:56:08.933 [TX CF1] 67 21 1D EB C7 BD C8 0B
10:56:08.943 [TX CF2] 67 22 21 00 2E 12 D8 EC
10:56:08.955 [TX CF3] 67 23 6E 3B 12 8E C2 63
10:56:08.965 [TX CF4] 67 24 B1 89 47 2F B7 07
10:56:08.976 [TX CF5] 67 25 F0 3A 10 8A 52 4F
10:56:08.986 [TX CF6] 67 26 08 3A 90 B2 7F E0
10:56:08.997 [TX CF7] 67 27 88 3C 3E 17 1F FD
10:56:09.007 [TX CF8] 67 28 92 39 02 96 6E BA
10:56:09.018 [TX CF9] 67 29 70 DD 87 C3 7A 92
10:56:09.028 [TX CF10] 67 2A 41 75 93 55 08 3F
10:56:09.038 [TX CF11] 67 2B E6 15 4C 7C 60 CF
10:56:09.049 [TX CF12] 67 2C 02 19 31 4B A1 24
10:56:09.060 [TX CF13] 67 2D 75 03 35 6C 43 09
10:56:09.071 [TX CF14] 67 2E A4 80 F0 9F 01 21
10:56:09.082 [TX CF15] 67 2F A4 BA C0 F8 75 C1
10:56:09.092 [TX CF0] 67 20 10 E7 FF C9 8C 14
10:56:09.104 [TX CF1] 67 21 80 02 E0 8E 44 52
10:56:09.115 [TX CF2] 67 22 18 50 01 90 D6 81
10:56:09.125 [TX CF3] 67 23 90 CA 01 B0 E5 22
10:56:09.136 [TX CF4] 67 24 68 FC 17 38 61 36
10:56:09.146 [TX CF5] 67 25 10 09 34 AA 9B 2A
10:56:09.158 [TX CF6] 67 26 A6 7C 36 40 0C 2D
10:56:09.169 [TX CF7] 67 27 3F A8 1E 42 52 78
10:56:09.179 [TX CF8] 67 28 82 F5 09 3E 20 F7
10:56:09.191 [TX CF9] 67 29 42 93 40 AC 58 71
10:56:09.201 [TX CF10] 67 2A 4B 14 63 52 8C 05
10:56:09.211 [TX CF11] 67 2B 8B 15 81 D9 64 68
10:56:09.222 [TX CF12] 67 2C 51 BE 90 69 09 06
10:56:09.232 [TX CF13] 67 2D 2A D3 46 C4 60 25
10:56:09.242 [TX CF14] 67 2E 18 88 46 05 58 84
10:56:09.253 [TX CF15] 67 2F 03 13 89 C4 35 50
10:56:09.263 [TX CF0] 67 20 D3 7E A0 E7 E4 31
10:56:09.274 [TX CF1] 67 21 01 DC 39 18 08 06
10:56:09.286 [TX CF2] 67 22 5D B3 87 03 10 20
10:56:09.296 [TX CF3] 67 23 CB 39 FA DC EC B0
10:56:09.306 [TX CF4] 67 24 1B 22 42 11 FE 84
10:56:09.317 [TX CF5] 67 25 E2 08 80 42 05 E0
10:56:09.328 [TX CF6] 67 26 61 E1 E1 F3 F9 F1
10:56:09.340 [TX CF7] 67 27 37 F8 F0 93 0C 06
10:56:09.351 [TX CF8] 67 28 22 8F 43 16 65 42
10:56:09.361 [TX CF9] 67 29 49 81 98 9F C1 3F
10:56:09.372 [TX CF10] 67 2A 30 BA 0C 62 17 48
10:56:09.382 [TX CF11] 67 2B D1 E2 AB 64 38 23
10:56:09.393 [TX CF12] 67 2C 08 BC 1B 48 7C 3F
10:56:09.404 [TX CF13] 67 2D DF 2D 90 93 0E 0E
10:56:09.414 [TX CF14] 67 2E 20 40 81 43 20 F6
10:56:09.425 [TX CF15] 67 2F 16 8C 05 DA 39 20
10:56:09.436 [TX CF0] 67 20 9A 3D 50 81 4B B5
10:56:09.446 [TX CF1] 67 21 FD 38 2B FA 10 5E
10:56:09.457 [TX CF2] 67 22 10 40 84 38 8E 08
10:56:09.468 [TX CF3] 67 23 2E 1D 05 0A 81 0C
10:56:09.480 [TX CF4] 67 24 89 0F C0 4F 25 9D
10:56:09.490 [TX CF5] 67 25 5B C2 B5 40 42 86
10:56:09.502 [TX CF6] 67 26 EF F4 43 C3 97 FB
10:56:09.512 [TX CF7] 67 27 21 69 DD 00 43 C2
10:56:09.522 [TX CF8] 67 28 FD 22 30 26 E0 FB
10:56:09.532 [TX CF9] 67 29 C2 E7 F9 37 E1 25
10:56:09.543 [TX CF10] 67 2A E8 6C E9 34 8B F4
10:56:09.554 [TX CF11] 67 2B 0A 01 FD 95 42 BA
10:56:09.564 [TX CF12] 67 2C 7B 1A 5E 32 FF 65
10:56:09.575 [TX CF13] 67 2D 6F 23 A4 80 46 E3
10:56:09.586 [TX CF14] 67 2E 3D BB D5 6E 0F 14
10:56:09.596 [TX CF15] 67 2F EA FF E5 11 2E 86
10:56:09.608 [TX CF0] 67 20 B6 91 03 91 F0 EE
10:56:09.619 [TX CF1] 67 21 70 29 1E 0E E5 8B
10:56:09.629 [TX CF2] 67 22 BF 76 D2 A8 40 33
10:56:09.639 [TX CF3] 67 23 51 8D 4D 2F A5 18
10:56:09.651 [TX CF4] 67 24 81 58 21 13 1A 0D
10:56:09.663 [TX CF5] 67 25 82 02 7C 03 02 14
10:56:09.674 [TX CF6] 67 26 42 4F FE 98 EF 71
10:56:09.685 [TX CF7] 67 27 17 E7 DE 14 BF D1
10:56:09.695 [TX CF8] 67 28 73 05 CE 19 F6 48
10:56:09.706 [TX CF9] 67 29 17 F8 9C A2 8F D2
10:56:09.717 [TX CF10] 67 2A 90 C6 24 13 1D 05
10:56:09.727 [TX CF11] 67 2B 2A 24 33 82 F1 43
10:56:09.737 [TX CF12] 67 2C 8F 66 E8 3D B8 7C
10:56:09.748 [TX CF13] 67 2D 56 F1 6D 8F 6B 68
10:56:09.758 [TX CF14] 67 2E 3E D8 7E AD C5 09
10:56:09.770 [TX CF15] 67 2F 81 07 A6 16 0B BD
10:56:09.781 [TX CF0] 67 20 4A 39 49 8E 70 36
10:56:09.792 [TX CF1] 67 21 46 0C 3D BD 39 87
10:56:09.803 [TX CF2] 67 22 82 03 27 C9 D3 60
10:56:09.814 [TX CF3] 67 23 52 62 56 0E 74 21
10:56:09.824 [TX CF4] 67 24 12 2C 8D 27 46 56
10:56:09.835 [TX CF5] 67 25 87 93 18 E0 40 21
10:56:09.846 [TX CF6] 67 26 26 20 03 30 4C 08
10:56:09.857 [TX CF7] 67 27 78 6B 7F DA EB 97
10:56:09.868 [TX CF8] 67 28 82 FD C0 81 48 6F
10:56:09.879 [TX CF9] 67 29 FC 98 02 A3 0C 48
10:56:09.889 [TX CF10] 67 2A 60 00 BC 16 03 9A
10:56:09.899 [TX CF11] 67 2B 56 8B 04 BF 02 99
10:56:09.910 [TX CF12] 67 2C 82 77 E0 30 20 49
10:56:09.920 [TX CF13] 67 2D C3 F1 F9 3A B5 80
10:56:09.930 [TX CF14] 67 2E 3C 5B 29 F0 23 E1
10:56:09.940 [TX CF15] 67 2F BB 68 2F DE 5B F6
10:56:09.952 [TX CF0] 67 20 DA 93 A1 C0 C1 64
10:56:09.962 [TX CF1] 67 21 3A 1B 99 4B 08 57
10:56:09.973 [TX CF2] 67 22 42 09 22 BB 52 4F
10:56:09.984 [TX CF3] 67 23 E8 1C B6 BD 7F B4
10:56:09.996 [TX CF4] 67 24 16 87 A6 10 01 54
10:56:10.007 [TX CF5] 67 25 3A 0B 05 56 45 07
10:56:10.019 [TX CF6] 67 26 90 9C D4 DB 7F BC
10:56:10.030 [TX CF7] 67 27 17 3B 62 9C 09 0E
10:56:10.042 [TX CF8] 67 28 06 E5 E9 81 5A E9
10:56:10.054 [TX CF9] 67 29 58 98 C4 06 C0 02
10:56:10.066 [TX CF10] 67 2A C0 B3 C6 A7 FB F1
10:56:10.077 [TX CF11] 67 2B 2F 83 62 A7 FE 2F
10:56:10.089 [TX CF12] 67 2C F8 14 8E 1D 5F E9
10:56:10.101 [TX CF13] 67 2D 6C 0A 07 E6 EE 12
10:56:10.112 [TX CF14] 67 2E 42 79 00 9E C0 26
10:56:10.122 [TX CF15] 67 2F 93 57 5A 01 DC 21
10:56:10.133 [TX CF0] 67 20 17 09 03 1E 08 3C
10:56:10.144 [TX CF1] 67 21 3F AB FB 4F 83 21
10:56:10.155 [TX CF2] 67 22 B8 07 F1 BC 42 28
10:56:10.166 [TX CF3] 67 23 10 26 50 1D 0E 3C
10:56:10.176 [TX CF4] 67 24 81 4F 84 82 E1 03
10:56:10.188 [TX CF5] 67 25 F0 4A 6D 01 3C 0F
10:56:10.199 [TX CF6] 67 26 A8 67 BF 43 94 1E
10:56:10.209 [TX CF7] 67 27 A8 3F 30 83 CB BC
10:56:10.221 [TX CF8] 67 28 FD 34 EA 10 84 F8
10:56:10.233 [TX CF9] 67 29 14 34 FE 09 BC 89
10:56:10.244 [TX CF10] 67 2A 98 52 E9 9A 38 C4
10:56:10.255 [TX CF11] 67 2B 66 F1 0D 83 DD 54
10:56:10.266 [TX CF12] 67 2C A0 49 A1 D4 08 F2
10:56:10.278 [TX CF13] 67 2D AA 09 2C 0E 43 31
10:56:10.288 [TX CF14] 67 2E A0 2A 30 81 4A 6C
10:56:10.299 [TX CF15] 67 2F 1D 09 DF 4E CF E0
10:56:10.309 [TX CF0] 67 20 C8 C0 2C 31 8A 4D
10:56:10.319 [TX CF1] 67 21 AE 42 4F 42 53 61
10:56:10.330 [TX CF2] 67 22 E8 68 2E F5 02 08
10:56:10.342 [TX CF3] 67 23 08 10 20 13 FA 5C
10:56:10.352 [TX CF4] 67 24 69 31 04 CA 2F 5C
10:56:10.362 [TX CF5] 67 25 9D 01 C0 A7 41 E5
10:56:10.373 [TX CF6] 67 26 50 CE 9C 62 31 83
10:56:10.384 [TX CF7] 67 27 BD 5C EE 9C 0B D7
10:56:10.396 [TX CF8] 67 28 02 0F 06 EA 01 B0
10:56:10.406 [TX CF9] 67 29 AA 3A 81 E4 7F 58
10:56:10.418 [TX CF10] 67 2A E9 48 2C B3 7B A1
10:56:10.428 [TX CF11] 67 2B 77 0B 83 4A 02 98
10:56:10.438 [TX CF12] 67 2C 3F 52 A8 12 0D 85
10:56:10.450 [TX CF13] 67 2D C9 0D 81 D9 0B 0D
10:56:10.460 [TX CF14] 67 2E F9 00 94 C0 F1 0C
10:56:10.471 [TX CF15] 67 2F C0 F3 1D C0 B5 04
10:56:10.481 [TX CF0] 67 20 82 61 81 98 0F 40
10:56:10.494 [TX CF1] 67 21 F8 4C D9 20 17 60
10:56:10.505 [TX CF2] 67 22 94 4A FA 32 FF 04
10:56:10.518 [TX CF3] 67 23 82 43 59 AE 2F 50
10:56:10.528 [TX CF4] 67 24 73 A0 BE 40 BB 84
10:56:10.540 [TX CF5] 67 25 F3 F3 24 A7 33 7C
10:56:10.551 [TX CF6] 67 26 90 B4 6F 2D E1 15
10:56:10.561 [TX CF7] 67 27 FE B3 50 82 A1 81
10:56:10.573 [TX CF8] 67 28 86 78 3E EE 38 28
10:56:10.584 [TX CF9] 67 29 11 05 84 31 9B 84
10:56:10.596 [TX CF10] 67 2A 2D 76 2B 6D 08 F7
10:56:10.606 [TX CF11] 67 2B E9 50 84 13 A0 D4
10:56:10.616 [TX CF12] 67 2C 43 E5 BD F3 BA 01
10:56:10.627 [TX CF13] 67 2D 8C 5C 05 58 3B B0
10:56:10.639 [TX CF14] 67 2E B8 6D 61 94 8E 05
10:56:10.649 [TX CF15] 67 2F FF 01 07 89 75 40
10:56:10.661 [TX CF0] 67 20 80 42 E9 B0 49 37
10:56:10.672 [TX CF1] 67 21 A2 F5 30 A1 41 7A
10:56:10.684 [TX CF2] 67 22 2A E4 21 93 5F 06
10:56:10.695 [TX CF3] 67 23 CA 0F 28 FB F4 E0
10:56:10.705 [TX CF4] 67 24 DE 07 C2 04 1C 2D
10:56:10.716 [TX CF5] 67 25 BF F6 BA 1F 47 70
10:56:10.726 [TX CF6] 67 26 37 01 E4 0F D0 A0
10:56:10.736 [TX CF7] 67 27 1B 08 80 43 0F 27
10:56:10.747 [TX CF8] 67 28 08 79 8C 50 1D 83
10:56:10.758 [TX CF9] 67 29 FB 0E 85 07 80 10
10:56:10.769 [TX CF10] 67 2A 8F 99 4E E1 53 E2
10:56:10.779 [TX CF11] 67 2B 7E 08 34 8A 53 00
10:56:10.789 [TX CF12] 67 2C 6A A0 8D 4A 25 FE
10:56:10.800 [TX CF13] 67 2D 37 61 24 E8 EE 2F
10:56:10.811 [TX CF14] 67 2E 66 94 37 17 3B C5
10:56:10.822 [TX CF15] 67 2F F0 15 85 E2 E9 38
10:56:10.832 [TX CF0] 67 20 BE 7E A6 13 8B A4
10:56:10.843 [TX CF1] 67 21 C2 DB 80 8E CC 2C
10:56:10.854 [TX CF2] 67 22 A0 A4 20 B2 8A 9F
10:56:10.865 [TX CF3] 67 23 48 1D 84 E6 F9 06
10:56:10.875 [TX CF4] 67 24 94 CE 7B 37 CB E4
10:56:10.886 [TX CF5] 67 25 14 0F 00 1A 0A 46
10:56:10.896 [TX CF6] 67 26 C5 A0 04 09 E0 04
10:56:10.907 [TX CF7] 67 27 C5 FB 84 C6 13 5D
10:56:10.918 [TX CF8] 67 28 3B A0 31 40 0E A5
10:56:10.929 [TX CF9] 67 29 83 FA FB C3 A5 D0
10:56:10.939 [TX CF10] 67 2A 03 60 06 40 0E 93
10:56:10.950 [TX CF11] 67 2B 21 08 DF F7 FF 22
10:56:10.960 [TX CF12] 67 2C 80 48 43 38 43 83
10:56:10.971 [TX CF13] 67 2D D0 D4 7F 1B 4B 9A
10:56:10.982 [TX CF14] 67 2E 45 20 CE 99 2F E9
10:56:10.993 [TX CF15] 67 2F 28 0D 85 FE 64 17
10:56:11.005 [TX CF0] 67 20 82 65 12 6C C1 2A
10:56:11.015 [TX CF1] 67 21 85 F4 38 D4 AA 1C
10:56:11.026 [TX CF2] 67 22 02 32 78 02 01 51
10:56:11.038 [TX CF3] 67 23 8C 72 6F 50 98 3C
10:56:11.049 [TX CF4] 67 24 0F A8 AC 43 2F F8
10:56:11.060 [TX CF5] 67 25 83 48 20 FE 08 3C
10:56:11.070 [TX CF6] 67 26 82 0A FA 40 FA 0D
10:56:11.081 [TX CF7] 67 27 59 98 0A E3 08 4B
10:56:11.091 [TX CF8] 67 28 BE 0B B3 B9 21 36
10:56:11.103 [TX CF9] 67 29 13 04 BC 17 88 84
10:56:11.114 [TX CF10] 67 2A 8A 15 43 81 5C 22
10:56:11.125 [TX CF11] 67 2B 34 6F B8 DC 05 40
10:56:11.136 [TX CF12] 67 2C 0F 08 46 78 3C 50
10:56:11.146 [TX CF13] 67 2D 84 0C E1 78 64 FE
10:56:11.156 [TX CF14] 67 2E C2 5F DF 00 60 02
10:56:11.168 [TX CF15] 67 2F 49 E3 86 1E 91 C2
10:56:11.178 [TX CF0] 67 20 BD E3 E9 22 8C 24
10:56:11.189 [TX CF1] 67 21 9D 0A 94 7B 85 73
10:56:11.199 [TX CF2] 67 22 A5 5F A2 64 D0 25
10:56:11.209 [TX CF3] 67 23 64 DC 35 34 CC 6D
10:56:11.220 [TX CF4] 67 24 FE DD 00 BA C6 75
10:56:11.231 [TX CF5] 67 25 B0 0B 24 67 C9 7A
10:56:11.242 [TX CF6] 67 26 B2 41 E2 25 28 25
10:56:11.253 [TX CF7] 67 27 50 F5 C8 12 2C 15
10:56:11.264 [TX CF8] 67 28 CB 15 7E E9 40 BB
10:56:11.276 [TX CF9] 67 29 70 02 C6 1A C2 C5
10:56:11.286 [TX CF10] 67 2A B3 AF E3 F5 02 EA
10:56:11.296 [TX CF11] 67 2B 55 EF C1 4D 15 80
10:56:11.307 [TX CF12] 67 2C 04 F8 2F 15 38 3C
10:56:11.317 [TX CF13] 67 2D 0B A9 E7 91 C4 D7
10:56:11.328 [TX CF14] 67 2E 10 5C 0A D8 77 CB
10:56:11.339 [TX CF15] 67 2F 11 8E 90 84 5D 8A
10:56:11.349 [TX CF0] 67 20 A8 7C B6 B0 78 04
10:56:11.361 [TX CF1] 67 21 54 42 05 1A E3 4C
10:56:11.371 [TX CF2] 67 22 37 E1 9A A4 68 42
10:56:11.382 [TX CF3] 67 23 C1 D8 63 32 09 1F
10:56:11.392 [TX CF4] 67 24 26 B8 18 C9 24 A7
10:56:11.404 [TX CF5] 67 25 2B F8 32 42 0F D1
10:56:11.415 [TX CF6] 67 26 13 A1 39 2D E0 1A
10:56:11.426 [TX CF7] 67 27 0E 9E 1B 86 37 D0
10:56:11.436 [TX CF8] 67 28 33 EC 21 C2 FB FC
10:56:11.446 [TX CF9] 67 29 0F E0 2E C1 45 84
10:56:11.458 [TX CF10] 67 2A 26 F1 41 8D 72 76
10:56:11.469 [TX CF11] 67 2B 4E 1C AD 74 68 DD
10:56:11.479 [TX CF12] 67 2C E3 81 18 56 21 AC
10:56:11.490 [TX CF13] 67 2D FF E9 44 61 99 34
10:56:11.501 [TX CF14] 67 2E F6 FF 12 88 0D 12
10:56:11.511 [TX CF15] 67 2F 9C 6D 42 88 55 69
10:56:11.522 [TX CF0] 67 20 86 EC 11 18 1B 32
10:56:11.532 [TX CF1] 67 21 3A 21 AD FF D9 51
10:56:11.542 [TX CF2] 67 22 30 24 20 3A D3 D8
10:56:11.553 [TX CF3] 67 23 3C 43 31 DE D6 36
10:56:11.564 [TX CF4] 67 24 B0 18 02 CB 0D C2
10:56:11.574 [TX CF5] 67 25 CE 0B F3 0D 08 0F
10:56:11.585 [TX CF6] 67 26 4E 00 20 03 C1 52
10:56:11.596 [TX CF7] 67 27 8E 74 B6 58 2A 14
10:56:11.606 [TX CF8] 67 28 1B A1 9A A1 7D 7A
10:56:11.617 [TX CF9] 67 29 12 68 04 42 6D B6
10:56:11.628 [TX CF10] 67 2A AE 41 65 DF 0E 87
10:56:11.639 [TX CF11] 67 2B 8A ED 10 A3 60 68
10:56:11.649 [TX CF12] 67 2C 50 1E 8B 8D 07 52
10:56:11.659 [TX CF13] 67 2D 09 84 22 01 80 2B
10:56:11.670 [TX CF14] 67 2E 90 39 4A 3F 21 7A
10:56:11.680 [TX CF15] 67 2F 10 19 4B B7 01 8A
10:56:11.691 [TX CF0] 67 20 14 5F C4 29 CD 0D
10:56:11.702 [TX CF1] 67 21 45 FB 0B B1 08 0F
10:56:11.712 [TX CF2] 67 22 E1 2F 82 C9 09 B5
10:56:11.724 [TX CF3] 67 23 30 D5 8F 46 4A 27
10:56:11.736 [TX CF4] 67 24 82 6B 52 61 81 27
10:56:11.746 [TX CF5] 67 25 94 5E 0C D8 3B 70
10:56:11.758 [TX CF6] 67 26 86 4D AD B1 CB FC
10:56:11.769 [TX CF7] 67 27 7B F1 D1 84 F8 2E
10:56:11.780 [TX CF8] 67 28 37 A5 EA 1F 7E 83
10:56:11.791 [TX CF9] 67 29 1D 06 A4 1B 2B D2
10:56:11.803 [TX CF10] 67 2A FD 02 A2 15 9F FF
10:56:11.815 [TX CF11] 67 2B C3 CF 13 90 E5 E9
10:56:11.825 [TX CF12] 67 2C 03 14 7F E9 04 24
10:56:11.837 [TX CF13] 67 2D 0D B0 24 16 0B B9
10:56:11.848 [TX CF14] 67 2E 83 0F FA 54 18 5A
10:56:11.858 [TX CF15] 67 2F 5C 17 D6 16 1F EF
10:56:11.869 [TX CF0] 67 20 C7 7B 0C 90 C8 6E
10:56:11.880 [TX CF1] 67 21 DE 5B F1 07 0D 0E
10:56:11.891 [TX CF2] 67 22 04 F8 86 86 E7 A0
10:56:11.902 [TX CF3] 67 23 B0 20 18 B9 1E 21
10:56:11.912 [TX CF4] 67 24 10 21 28 01 21 F0
10:56:11.923 [TX CF5] 67 25 90 FE 15 D8 60 10
10:56:11.934 [TX CF6] 67 26 90 C3 69 10 12 60
10:56:11.944 [TX CF7] 67 27 26 14 30 94 AC 48
10:56:11.954 [TX CF8] 67 28 D8 0B 04 0A 42 90
10:56:11.966 [TX CF9] 67 29 C1 72 82 15 08 45
10:56:11.976 [TX CF10] 67 2A 22 09 23 C1 DC 89
10:56:11.988 [TX CF11] 67 2B A8 06 30 15 E1 38
10:56:11.998 [TX CF12] 67 2C 5E 46 51 48 40 81
10:56:12.009 [TX CF13] 67 2D 43 03 4E 15 2F DC
10:56:12.019 [TX CF14] 67 2E 04 7B 08 05 25 F6
10:56:12.031 [TX CF15] 67 2F 57 7A 44 09 81 3C
10:56:12.041 [TX CF0] 67 20 B5 79 1D D2 92 50
10:56:12.052 [TX CF1] 67 21 D3 D3 E7 7F A4 9A
10:56:12.062 [TX CF2] 67 22 41 E8 85 C2 9D 1C
10:56:12.072 [TX CF3] 67 23 A6 EA 2F 46 FC 21
10:56:12.082 [TX CF4] 67 24 17 0B 45 FF FF FF
10:56:12.103 [RX SF ] 67 02 76 04 FF FF FF FF
10:56:12.104 [RX    ] 76 04
10:56:12.104 [PASS  ] TransferData block=4 | expected: 76 ... | received: 76 04
10:56:12.114 ------------------------------------------------------------------------
10:56:12.114 [STEP  ] 0x36 block=5  offset=8160/45254  (18%)
10:56:12.114 [TX TransferData block=5 len=2040] 36 05 1A 01 78 B4 DE A8 F1 8F FE CB FB F7 FD FF...
10:56:12.115 [TX FF ] 67 17 FA 36 05 1A 01 78
10:56:12.126 [TX CF1] 67 21 B4 DE A8 F1 8F FE
10:56:12.137 [TX CF2] 67 22 CB FB F7 FD FF DA
10:56:12.148 [TX CF3] 67 23 88 6E 28 51 0E D5
10:56:12.158 [TX CF4] 67 24 A6 90 6F C8 C3 85
10:56:12.169 [TX CF5] 67 25 A2 93 62 80 44 A3
10:56:12.180 [TX CF6] 67 26 39 28 06 26 B9 79
10:56:12.190 [TX CF7] 67 27 8D 15 B0 14 61 00
10:56:12.201 [TX CF8] 67 28 33 C1 70 06 21 49
10:56:12.212 [TX CF9] 67 29 50 83 30 4F 45 D1
10:56:12.222 [TX CF10] 67 2A 43 E1 E1 D9 57 95
10:56:12.233 [TX CF11] 67 2B 00 C5 3F 0F 5C 1E
10:56:12.243 [TX CF12] 67 2C 68 41 7A 92 9B 42
10:56:12.254 [TX CF13] 67 2D 8B 08 17 41 F0 82
10:56:12.265 [TX CF14] 67 2E DF 27 BA 57 68 E4
10:56:12.277 [TX CF15] 67 2F 1E 59 CB E9 B6 10
10:56:12.288 [TX CF0] 67 20 E7 FF D5 D8 2D E0
10:56:12.299 [TX CF1] 67 21 00 25 07 03 61 D3
10:56:12.309 [TX CF2] 67 22 B8 51 E2 1B 58 35
10:56:12.320 [TX CF3] 67 23 2D 36 05 84 56 0D
10:56:12.331 [TX CF4] 67 24 6E 31 59 51 42 32
10:56:12.342 [TX CF5] 67 25 C3 37 7A 39 E5 A4
10:56:12.352 [TX CF6] 67 26 FF 44 1D F2 80 92
10:56:12.364 [TX CF7] 67 27 FF 6D 61 90 00 A2
10:56:12.374 [TX CF8] 67 28 14 6A 45 02 33 01
10:56:12.385 [TX CF9] 67 29 C8 40 73 0D 64 0D
10:56:12.396 [TX CF10] 67 2A 58 46 7A 3B A6 D8
10:56:12.406 [TX CF11] 67 2B 10 0A 4C 64 56 81
10:56:12.416 [TX CF12] 67 2C 87 09 D5 26 9B 19
10:56:12.426 [TX CF13] 67 2D A0 BA 41 84 92 E0
10:56:12.436 [TX CF14] 67 2E BD 1F 30 10 E1 4A
10:56:12.447 [TX CF15] 67 2F FD A7 90 88 31 20
10:56:12.458 [TX CF0] 67 20 A1 CA 6E 10 39 35
10:56:12.469 [TX CF1] 67 21 8B C0 08 43 DE 09
10:56:12.480 [TX CF2] 67 22 02 80 09 C2 01 26
10:56:12.490 [TX CF3] 67 23 AE 78 25 F4 8E 05
10:56:12.502 [TX CF4] 67 24 FF 80 2D 03 AA B5
10:56:12.512 [TX CF5] 67 25 42 DB FB 00 21 11
10:56:12.523 [TX CF6] 67 26 E8 CA E9 1A 90 C8
10:56:12.535 [TX CF7] 67 27 34 CB 1D 06 33 0A
10:56:12.545 [TX CF8] 67 28 BC 7F 0B 10 C3 A4
10:56:12.555 [TX CF9] 67 29 51 AA 1C 28 B3 04
10:56:12.565 [TX CF10] 67 2A 9B 83 7F 1C 65 32
10:56:12.576 [TX CF11] 67 2B A1 F0 AE F4 2F 06
10:56:12.586 [TX CF12] 67 2C 80 03 3E 1D 45 05
10:56:12.596 [TX CF13] 67 2D E8 14 84 7A 92 02
10:56:12.608 [TX CF14] 67 2E 42 01 91 80 66 4E
10:56:12.618 [TX CF15] 67 2F 08 06 32 04 61 11
10:56:12.628 [TX CF0] 67 20 15 21 9A 88 DC 1F
10:56:12.638 [TX CF1] 67 21 A8 45 7C 10 69 12
10:56:12.649 [TX CF2] 67 22 91 0F DE CB 81 5C
10:56:12.659 [TX CF3] 67 23 E0 40 21 26 48 4D
10:56:12.669 [TX CF4] 67 24 38 50 FF 70 29 44
10:56:12.680 [TX CF5] 67 25 19 C9 02 2F 07 FC
10:56:12.692 [TX CF6] 67 26 20 BC 85 78 40 6E
10:56:12.703 [TX CF7] 67 27 1A 48 EF EA 6B ED
10:56:12.714 [TX CF8] 67 28 D9 5F E3 8B A4 31
10:56:12.725 [TX CF9] 67 29 74 9C 11 34 16 6E
10:56:12.736 [TX CF10] 67 2A 10 79 6F 8B A4 98
10:56:12.747 [TX CF11] 67 2B 81 C1 04 07 36 73
10:56:12.757 [TX CF12] 67 2C 40 9B 87 26 30 52
10:56:12.769 [TX CF13] 67 2D 42 4E 2A 3C 5C 81
10:56:12.779 [TX CF14] 67 2E F6 08 1E C3 E1 BD
10:56:12.790 [TX CF15] 67 2F 68 A5 C0 89 A5 C0
10:56:12.800 [TX CF0] 67 20 97 F7 DF 5A 32 12
10:56:12.812 [TX CF1] 67 21 DC 0F A1 E8 10 E1
10:56:12.822 [TX CF2] 67 22 F7 3C 21 7E 21 00
10:56:12.833 [TX CF3] 67 23 93 DD A9 14 7C 09
10:56:12.844 [TX CF4] 67 24 1D 00 C2 0B AC 21
10:56:12.854 [TX CF5] 67 25 41 A0 46 E8 44 FF
10:56:12.866 [TX CF6] 67 26 47 F4 1A 99 03 50
10:56:12.876 [TX CF7] 67 27 B7 D3 6E 05 F8 5E
10:56:12.887 [TX CF8] 67 28 30 1D B4 FA 7E 87
10:56:12.897 [TX CF9] 67 29 08 F4 34 17 B8 2C
10:56:12.907 [TX CF10] 67 2A A2 07 D1 D0 62 6D
10:56:12.918 [TX CF11] 67 2B 74 9C 45 0A 0F D0
10:56:12.929 [TX CF12] 67 2C 76 61 80 03 63 2D
10:56:12.940 [TX CF13] 67 2D 8C 7C 36 50 89 47
10:56:12.950 [TX CF14] 67 2E A7 A7 13 F0 1D 70
10:56:12.960 [TX CF15] 67 2F 84 2D 05 92 04 41
10:56:12.971 [TX CF0] 67 20 F7 95 00 B4 1B F2
10:56:12.983 [TX CF1] 67 21 55 E0 53 C0 BD 84
10:56:12.994 [TX CF2] 67 22 3A E1 07 80 79 BC
10:56:13.005 [TX CF3] 67 23 F8 7A 17 93 A5 F8
10:56:13.016 [TX CF4] 67 24 F3 B5 72 92 D1 B5
10:56:13.026 [TX CF5] 67 25 17 6A BD 3C B1 83
10:56:13.037 [TX CF6] 67 26 C7 0C DF 81 DC 87
10:56:13.048 [TX CF7] 67 27 6F FD AE BF 34 B0
10:56:13.060 [TX CF8] 67 28 B2 47 A0 64 30 2E
10:56:13.071 [TX CF9] 67 29 5F 05 EE 10 6A 4C
10:56:13.083 [TX CF10] 67 2A 34 06 85 3E 92 03
10:56:13.095 [TX CF11] 67 2B 42 70 C4 00 68 86
10:56:13.107 [TX CF12] 67 2C 42 70 C5 02 41 78
10:56:13.118 [TX CF13] 67 2D B0 4E 05 20 FE BF
10:56:13.129 [TX CF14] 67 2E 30 5F 03 15 03 8E
10:56:13.140 [TX CF15] 67 2F 53 9F D3 B9 0E 07
10:56:13.150 [TX CF0] 67 20 FB F0 F6 02 51 F6
10:56:13.161 [TX CF1] 67 21 E8 40 65 10 2E 8C
10:56:13.171 [TX CF2] 67 22 82 0D DF E8 CE FC
10:56:13.182 [TX CF3] 67 23 0E A4 3F F2 89 D7
10:56:13.193 [TX CF4] 67 24 44 97 85 A2 ED 3F
10:56:13.205 [TX CF5] 67 25 5D 41 90 97 13 20
10:56:13.217 [TX CF6] 67 26 91 3F D0 D8 DF 97
10:56:13.228 [TX CF7] 67 27 78 1B 90 36 24 13
10:56:13.238 [TX CF8] 67 28 40 79 81 41 2C 71
10:56:13.250 [TX CF9] 67 29 46 18 2F 44 EB 86
10:56:13.260 [TX CF10] 67 2A 83 FC 6A 40 F2 87
10:56:13.271 [TX CF11] 67 2B B3 A3 2A F0 6D 6F
10:56:13.282 [TX CF12] 67 2C 7F F9 6B 83 0B AD
10:56:13.293 [TX CF13] 67 2D EE 27 2D F9 F4 AE
10:56:13.303 [TX CF14] 67 2E 11 99 04 86 81 5C
10:56:13.314 [TX CF15] 67 2F 2E A1 EE E8 96 92
10:56:13.325 [TX CF0] 67 20 41 69 BC FD 23 50
10:56:13.336 [TX CF1] 67 21 F3 74 76 08 90 25
10:56:13.346 [TX CF2] 67 22 11 0E 8D C5 18 04
10:56:13.356 [TX CF3] 67 23 8B 11 54 FF 93 C1
10:56:13.367 [TX CF4] 67 24 47 A0 26 41 5B 86
10:56:13.377 [TX CF5] 67 25 CB FD D9 F3 FF E4
10:56:13.387 [TX CF6] 67 26 9C 4F 3D 82 38 7C
10:56:13.398 [TX CF7] 67 27 C0 F2 87 0B A3 03
10:56:13.410 [TX CF8] 67 28 F0 22 F2 A2 55 39
10:56:13.420 [TX CF9] 67 29 DE 79 05 21 39 85
10:56:13.432 [TX CF10] 67 2A 06 B8 5F C0 F1 82
10:56:13.442 [TX CF11] 67 2B DB 04 A2 18 1A A0
10:56:13.452 [TX CF12] 67 2C 83 04 78 0D FC 3F
10:56:13.462 [TX CF13] 67 2D F2 A8 47 42 93 1C
10:56:13.473 [TX CF14] 67 2E A1 28 E1 2A E0 A4
10:56:13.483 [TX CF15] 67 2F C3 04 A3 8B A2 73
10:56:13.494 [TX CF0] 67 20 46 45 02 B8 7C FC
10:56:13.505 [TX CF1] 67 21 EA 94 28 57 0F A2
10:56:13.516 [TX CF2] 67 22 AA 1C 15 C1 4D 87
10:56:13.526 [TX CF3] 67 23 02 39 13 94 F9 FA
10:56:13.536 [TX CF4] 67 24 69 74 28 9F E8 75
10:56:13.546 [TX CF5] 67 25 23 03 7E 82 48 90
10:56:13.557 [TX CF6] 67 26 18 40 AE 8F 14 20
10:56:13.567 [TX CF7] 67 27 3D 35 06 10 0F 02
10:56:13.578 [TX CF8] 67 28 93 09 CD CE 11 E0
10:56:13.588 [TX CF9] 67 29 57 A1 36 FF 1C 30
10:56:13.599 [TX CF10] 67 2A 9C 5C CF 89 41 E4
10:56:13.609 [TX CF11] 67 2B 0A F4 32 7F D1 EA
10:56:13.620 [TX CF12] 67 2C 4F 9E 08 49 0F 92
10:56:13.630 [TX CF13] 67 2D 20 24 D2 42 77 4C
10:56:13.640 [TX CF14] 67 2E F0 03 C1 B8 F5 45
10:56:13.650 [TX CF15] 67 2F 68 4E 5A 80 B8 F0
10:56:13.661 [TX CF0] 67 20 80 F4 75 D7 38 39
10:56:13.672 [TX CF1] 67 21 CE 13 38 09 04 32
10:56:13.684 [TX CF2] 67 22 5F 96 32 0C 4C AC
10:56:13.695 [TX CF3] 67 23 47 90 2F D0 C3 38
10:56:13.705 [TX CF4] 67 24 1D 9C 37 82 03 A1
10:56:13.717 [TX CF5] 67 25 1D C1 09 AD 63 E8
10:56:13.727 [TX CF6] 67 26 8F 80 20 90 18 54
10:56:13.738 [TX CF7] 67 27 04 DE 05 E2 03 8C
10:56:13.748 [TX CF8] 67 28 80 9E 00 FF 40 7F
10:56:13.759 [TX CF9] 67 29 10 19 54 0A BD 02
10:56:13.769 [TX CF10] 67 2A C6 40 BB 50 2F 08
10:56:13.780 [TX CF11] 67 2B 62 09 04 22 81 E0
10:56:13.790 [TX CF12] 67 2C 25 41 27 9C 50 AD
10:56:13.801 [TX CF13] 67 2D 5D 1B 05 FB FB 28
10:56:13.811 [TX CF14] 67 2E B3 F4 96 C8 4B 3F
10:56:13.822 [TX CF15] 67 2F 8C A4 27 FD 16 12
10:56:13.834 [TX CF0] 67 20 0E 7C 24 4C 38 17
10:56:13.845 [TX CF1] 67 21 30 E9 42 20 CD FA
10:56:13.855 [TX CF2] 67 22 26 F4 1B D8 68 1B
10:56:13.866 [TX CF3] 67 23 F0 CC BA 30 27 08
10:56:13.877 [TX CF4] 67 24 39 B7 10 32 D4 DC
10:56:13.888 [TX CF5] 67 25 0E 38 72 CE 48 65
10:56:13.899 [TX CF6] 67 26 1D 18 22 E6 1C 8B
10:56:13.909 [TX CF7] 67 27 9C 19 1A A2 07 44
10:56:13.920 [TX CF8] 67 28 38 C7 4C 31 EE 8C
10:56:13.931 [TX CF9] 67 29 19 D6 0E 1D D8 08
10:56:13.942 [TX CF10] 67 2A 03 09 0D F9 84 87
10:56:13.952 [TX CF11] 67 2B F5 53 05 03 C5 77
10:56:13.963 [TX CF12] 67 2C 94 5E E4 50 08 84
10:56:13.974 [TX CF13] 67 2D CA 24 8D 02 55 13
10:56:13.984 [TX CF14] 67 2E 72 C1 27 D7 DC B8
10:56:13.996 [TX CF15] 67 2F 10 2D 81 B8 19 45
10:56:14.007 [TX CF0] 67 20 80 AD 83 37 09 46
10:56:14.018 [TX CF1] 67 21 06 DD 60 63 E5 E9
10:56:14.028 [TX CF2] 67 22 FC 4E 68 D2 1B B7
10:56:14.040 [TX CF3] 67 23 C4 7C 1A F9 28 13
10:56:14.050 [TX CF4] 67 24 4F 0E 8B B7 0B 87
10:56:14.062 [TX CF5] 67 25 F5 54 84 0A 01 A0
10:56:14.072 [TX CF6] 67 26 BF 74 F6 50 79 5A
10:56:14.083 [TX CF7] 67 27 CD 17 96 1E 0A 94
10:56:14.094 [TX CF8] 67 28 70 05 86 0E 84 77
10:56:14.105 [TX CF9] 67 29 C2 57 46 8D 5C FC
10:56:14.116 [TX CF10] 67 2A 57 F8 44 96 2B 43
10:56:14.127 [TX CF11] 67 2B F2 DD EB 57 BB 1D
10:56:14.137 [TX CF12] 67 2C FB 35 42 EF F4 A2
10:56:14.149 [TX CF13] 67 2D 30 00 02 16 2F E9
10:56:14.159 [TX CF14] 67 2E B0 0E D7 9C 04 82
10:56:14.169 [TX CF15] 67 2F 5D 0F 47 F1 F9 83
10:56:14.180 [TX CF0] 67 20 6B 08 AF ED F9 85
10:56:14.191 [TX CF1] 67 21 A6 F7 E8 BD 1E 10
10:56:14.203 [TX CF2] 67 22 8B 74 20 12 9F 97
10:56:14.215 [TX CF3] 67 23 41 FB 84 82 B9 81
10:56:14.226 [TX CF4] 67 24 A1 7B 8F 00 28 50
10:56:14.238 [TX CF5] 67 25 63 A1 32 89 DE 33
10:56:14.248 [TX CF6] 67 26 34 2F 47 42 A6 19
10:56:14.258 [TX CF7] 67 27 07 CB D0 C9 86 A1
10:56:14.269 [TX CF8] 67 28 F1 74 15 B8 74 A3
10:56:14.280 [TX CF9] 67 29 9C 3D 94 4E 57 F1
10:56:14.291 [TX CF10] 67 2A E9 A9 B0 B4 DC DB
10:56:14.302 [TX CF11] 67 2B 98 40 20 F0 8E AD
10:56:14.312 [TX CF12] 67 2C 8A FD C8 D9 64 28
10:56:14.324 [TX CF13] 67 2D 50 4E 97 27 64 0E
10:56:14.335 [TX CF14] 67 2E CA 63 FD 08 E1 26
10:56:14.345 [TX CF15] 67 2F 7E 42 34 42 21 30
10:56:14.355 [TX CF0] 67 20 94 DE CD A8 7A 42
10:56:14.366 [TX CF1] 67 21 60 28 00 E8 40 92
10:56:14.376 [TX CF2] 67 22 B8 74 20 A3 B0 2E
10:56:14.387 [TX CF3] 67 23 1F 14 F0 02 82 45
10:56:14.397 [TX CF4] 67 24 7A 79 D3 30 5F A8
10:56:14.407 [TX CF5] 67 25 11 CB 05 D8 25 94
10:56:14.418 [TX CF6] 67 26 63 A3 A1 BF D8 16
10:56:14.429 [TX CF7] 67 27 40 5E 2A 70 78 27
10:56:14.440 [TX CF8] 67 28 53 EF 23 89 D0 22
10:56:14.450 [TX CF9] 67 29 12 28 D5 0D 53 82
10:56:14.460 [TX CF10] 67 2A AB 09 04 8F 85 54
10:56:14.471 [TX CF11] 67 2B 13 E0 96 CA CD FD
10:56:14.482 [TX CF12] 67 2C 1A E1 8E A4 25 50
10:56:14.494 [TX CF13] 67 2D A1 28 80 91 03 30
10:56:14.505 [TX CF14] 67 2E AF FF 79 09 88 3E
10:56:14.516 [TX CF15] 67 2F FF A0 8C 23 2E 3E
10:56:14.527 [TX CF0] 67 20 C5 E0 2F F2 18 C4
10:56:14.538 [TX CF1] 67 21 2A F0 3B 42 27 43
10:56:14.549 [TX CF2] 67 22 85 DC 12 88 63 92
10:56:14.560 [TX CF3] 67 23 A0 48 70 34 A8 8A
10:56:14.570 [TX CF4] 67 24 54 0F BF E3 F2 10
10:56:14.581 [TX CF5] 67 25 4B EA 4D 04 87 A0
10:56:14.592 [TX CF6] 67 26 A7 23 CE 16 9B E5
10:56:14.602 [TX CF7] 67 27 02 3D 23 5B A1 33
10:56:14.612 [TX CF8] 67 28 AC 55 2F 14 8A 35
10:56:14.623 [TX CF9] 67 29 50 3F 8D D2 51 7C
10:56:14.634 [TX CF10] 67 2A FD 4C 25 17 49 05
10:56:14.644 [TX CF11] 67 2B B7 01 1D 90 59 7C
10:56:14.655 [TX CF12] 67 2C 63 29 45 39 72 46
10:56:14.665 [TX CF13] 67 2D B0 D8 A3 01 8C 2B
10:56:14.677 [TX CF14] 67 2E A3 78 A4 B1 D1 C8
10:56:14.687 [TX CF15] 67 2F 12 39 5D 0E 27 70
10:56:14.697 [TX CF0] 67 20 0C 61 DF 30 03 15
10:56:14.708 [TX CF1] 67 21 B8 14 B0 1D A1 D0
10:56:14.718 [TX CF2] 67 22 AA 59 E9 55 6A A5
10:56:14.729 [TX CF3] 67 23 FB CF E0 BF 11 D0
10:56:14.740 [TX CF4] 67 24 F5 14 40 95 43 9C
10:56:14.750 [TX CF5] 67 25 10 C2 2E 8D 94 12
10:56:14.762 [TX CF6] 67 26 58 29 90 08 61 09
10:56:14.772 [TX CF7] 67 27 77 42 2B C2 36 42
10:56:14.782 [TX CF8] 67 28 06 AA 10 05 BC 87
10:56:14.793 [TX CF9] 67 29 EB CF 05 91 42 AE
10:56:14.805 [TX CF10] 67 2A 93 83 38 70 33 8C
10:56:14.816 [TX CF11] 67 2B 26 84 A1 7D 1B 15
10:56:14.827 [TX CF12] 67 2C FE AD 4B CD C6 23
10:56:14.837 [TX CF13] 67 2D AA 78 25 A2 AC 24
10:56:14.848 [TX CF14] 67 2E B7 F8 E8 EA 0F 04
10:56:14.858 [TX CF15] 67 2F 7A E0 05 42 C5 77
10:56:14.869 [TX CF0] 67 20 91 5F CF 68 48 AE
10:56:14.880 [TX CF1] 67 21 FD 2D 92 97 07 FE
10:56:14.892 [TX CF2] 67 22 10 23 8C 31 C2 D0
10:56:14.902 [TX CF3] 67 23 26 B4 20 86 C0 7B
10:56:14.912 [TX CF4] 67 24 A9 10 57 B0 7B FC
10:56:14.923 [TX CF5] 67 25 C8 24 36 64 E8 48
10:56:14.933 [TX CF6] 67 26 A9 46 88 D0 1A C1
10:56:14.944 [TX CF7] 67 27 85 74 25 17 30 6E
10:56:14.955 [TX CF8] 67 28 0F 2C 89 78 44 D6
10:56:14.967 [TX CF9] 67 29 30 52 47 89 40 7E
10:56:14.977 [TX CF10] 67 2A 12 3F C1 CB 08 22
10:56:14.988 [TX CF11] 67 2B 28 08 C4 46 E9 A0
10:56:14.999 [TX CF12] 67 2C 4D 40 36 02 ED 6E
10:56:15.009 [TX CF13] 67 2D 10 43 FB 18 C1 40
10:56:15.020 [TX CF14] 67 2E F0 9F 00 39 42 89
10:56:15.032 [TX CF15] 67 2F C5 20 0F BB CD 36
10:56:15.043 [TX CF0] 67 20 A4 70 18 50 C0 3A
10:56:15.055 [TX CF1] 67 21 97 0A 3E 03 6B 5E
10:56:15.066 [TX CF2] 67 22 58 40 CA 00 55 0C
10:56:15.076 [TX CF3] 67 23 06 43 03 F8 7A 3F
10:56:15.087 [TX CF4] 67 24 F0 1D EC BD 30 1C
10:56:15.098 [TX CF5] 67 25 17 AB 58 A4 60 2F
10:56:15.108 [TX CF6] 67 26 45 2C 30 14 1E 04
10:56:15.118 [TX CF7] 67 27 3D 33 80 5D 05 1A
10:56:15.130 [TX CF8] 67 28 12 94 C0 30 18 3F
10:56:15.140 [TX CF9] 67 29 21 46 0A F5 29 2D
10:56:15.151 [TX CF10] 67 2A 23 83 7F E5 26 43
10:56:15.161 [TX CF11] 67 2B 88 6D 7F C7 F8 28
10:56:15.171 [TX CF12] 67 2C 1C 2B BD 32 99 03
10:56:15.181 [TX CF13] 67 2D 63 82 2D C1 3A 87
10:56:15.192 [TX CF14] 67 2E 17 FF A0 65 02 81
10:56:15.202 [TX CF15] 67 2F C3 FB F7 A4 FF 15
10:56:15.212 [TX CF0] 67 20 F9 7C FA 27 04 2C
10:56:15.222 [TX CF1] 67 21 17 38 86 F6 61 B4
10:56:15.234 [TX CF2] 67 22 83 CA 22 9D 28 BD
10:56:15.245 [TX CF3] 67 23 26 14 5E 06 39 07
10:56:15.255 [TX CF4] 67 24 88 F5 73 90 7D 24
10:56:15.265 [TX CF5] 67 25 3C 55 8C B1 11 84
10:56:15.277 [TX CF6] 67 26 2F C1 3E A6 51 60
10:56:15.288 [TX CF7] 67 27 12 D8 C6 B6 01 64
10:56:15.299 [TX CF8] 67 28 AC E1 60 14 D8 CD
10:56:15.309 [TX CF9] 67 29 B6 D7 AC A1 34 81
10:56:15.320 [TX CF10] 67 2A 90 44 FC 13 85 E4
10:56:15.330 [TX CF11] 67 2B F8 08 04 22 31 44
10:56:15.341 [TX CF12] 67 2C B1 FF 24 11 8A 04
10:56:15.352 [TX CF13] 67 2D 32 47 03 30 C3 C8
10:56:15.362 [TX CF14] 67 2E 6B 00 F1 05 C6 84
10:56:15.372 [TX CF15] 67 2F 42 87 C8 BB B2 90
10:56:15.383 [TX CF0] 67 20 98 6F 13 38 70 22
10:56:15.394 [TX CF1] 67 21 61 58 1F A9 5C 36
10:56:15.405 [TX CF2] 67 22 B2 AA 62 4B 04 FE
10:56:15.417 [TX CF3] 67 23 14 DE AC 42 4B 28
10:56:15.427 [TX CF4] 67 24 A7 4C 2D 0B 04 20
10:56:15.438 [TX CF5] 67 25 BD 0F 85 EA 51 42
10:56:15.449 [TX CF6] 67 26 4E 20 DE 4B 79 FF
10:56:15.459 [TX CF7] 67 27 F8 34 C4 BE B5 32
10:56:15.472 [TX CF8] 67 28 70 65 B3 FF EC 2D
10:56:15.482 [TX CF9] 67 29 2D 7C 20 DD 09 1B
10:56:15.493 [TX CF10] 67 2A 30 0A E3 65 26 5E
10:56:15.505 [TX CF11] 67 2B 08 4C 35 3F FB 85
10:56:15.517 [TX CF12] 67 2C A9 B8 94 BD BB 2C
10:56:15.528 [TX CF13] 67 2D 0D BF 0E 7F FF 30
10:56:15.540 [TX CF14] 67 2E B5 B8 52 9D B8 A5
10:56:15.552 [TX CF15] 67 2F 82 39 21 CA B5 C0
10:56:15.564 [TX CF0] 67 20 73 07 47 73 CB 05
10:56:15.574 [TX CF1] 67 21 74 C3 8B 6D C1 6C
10:56:15.585 [TX CF2] 67 22 75 A1 0B 0D 00 EC
10:56:15.595 [TX CF3] 67 23 8C D7 84 19 DD 0E
10:56:15.607 [TX CF4] 67 24 07 FE AD 41 62 87
10:56:15.618 [TX CF5] 67 25 07 F6 EE C3 29 FD
10:56:15.628 [TX CF6] 67 26 68 21 80 83 FE 13
10:56:15.639 [TX CF7] 67 27 30 6F 5F C9 33 92
10:56:15.649 [TX CF8] 67 28 F2 70 94 E8 26 90
10:56:15.661 [TX CF9] 67 29 84 48 93 D8 40 3E
10:56:15.671 [TX CF10] 67 2A 15 DF FB F5 0A 08
10:56:15.682 [TX CF11] 67 2B 4C 09 14 2A 87 42
10:56:15.692 [TX CF12] 67 2C B9 23 40 81 6F 55
10:56:15.703 [TX CF13] 67 2D 58 41 18 A0 31 40
10:56:15.714 [TX CF14] 67 2E 91 4A A9 2F DC 29
10:56:15.724 [TX CF15] 67 2F FF F8 06 FE 5F A0
10:56:15.736 [TX CF0] 67 20 F0 C0 28 15 C5 A6
10:56:15.746 [TX CF1] 67 21 12 5A 50 05 08 80
10:56:15.757 [TX CF2] 67 22 04 0D FC A7 41 03
10:56:15.767 [TX CF3] 67 23 E4 40 F8 4A A4 24
10:56:15.777 [TX CF4] 67 24 20 89 64 FF FF FF
10:56:15.797 [RX SF ] 67 02 76 05 FF FF FF FF
10:56:15.797 [RX    ] 76 05
10:56:15.797 [PASS  ] TransferData block=5 | expected: 76 ... | received: 76 05
10:56:15.809 ------------------------------------------------------------------------
10:56:15.809 [STEP  ] 0x36 block=6  offset=10200/45254  (22%)
10:56:15.809 [TX TransferData block=6 len=2040] 36 06 A0 A8 D8 28 47 E9 30 8B 82 9B 27 E2 11 B0...
10:56:15.810 [TX FF ] 67 17 FA 36 06 A0 A8 D8
10:56:15.820 [TX CF1] 67 21 28 47 E9 30 8B 82
10:56:15.830 [TX CF2] 67 22 9B 27 E2 11 B0 44
10:56:15.841 [TX CF3] 67 23 71 F0 74 60 DC 23
10:56:15.851 [TX CF4] 67 24 60 A8 63 34 A0 5A
10:56:15.862 [TX CF5] 67 25 06 EC 2A 9F 87 EE
10:56:15.872 [TX CF6] 67 26 18 EF CA 79 07 DE
10:56:15.883 [TX CF7] 67 27 00 24 22 54 C9 02
10:56:15.894 [TX CF8] 67 28 C0 13 C6 06 44 6E
10:56:15.905 [TX CF9] 67 29 4F 4C 22 80 A8 B8
10:56:15.915 [TX CF10] 67 2A 90 89 E0 65 0E 8F
10:56:15.925 [TX CF11] 67 2B E6 C1 7A E0 C1 E0
10:56:15.937 [TX CF12] 67 2C FD 5F F2 4E 1B 0D
10:56:15.948 [TX CF13] 67 2D CA C8 CE C2 E5 06
10:56:15.958 [TX CF14] 67 2E A4 07 F2 10 A1 CD
10:56:15.969 [TX CF15] 67 2F FC 89 F0 E1 7E 60
10:56:15.980 [TX CF0] 67 20 E2 68 60 81 78 45
10:56:15.990 [TX CF1] 67 21 18 71 7F 2B 4C 2B
10:56:16.001 [TX CF2] 67 22 0F 98 67 82 D8 6A
10:56:16.012 [TX CF3] 67 23 02 D8 60 6C D8 6C
10:56:16.023 [TX CF4] 67 24 0F 98 7A D8 10 D6
10:56:16.034 [TX CF5] 67 25 03 32 A3 03 58 61
10:56:16.044 [TX CF6] 67 26 3F 01 B6 00 34 14
10:56:16.055 [TX CF7] 67 27 E8 7C 7D E1 1C 35
10:56:16.066 [TX CF8] 67 28 4F D8 12 70 5C B8
10:56:16.076 [TX CF9] 67 29 37 2D 4D 22 03 68
10:56:16.087 [TX CF10] 67 2A C0 48 B2 34 38 0D
10:56:16.098 [TX CF11] 67 2B 80 78 93 FF 01 EE
10:56:16.109 [TX CF12] 67 2C 49 9C 89 B8 7B 93
10:56:16.120 [TX CF13] 67 2D C0 FE 36 BA 26 94
10:56:16.130 [TX CF14] 67 2E 39 FA 67 03 65 05
10:56:16.142 [TX CF15] 67 2F 69 C3 08 41 C1 D1
10:56:16.153 [TX CF0] 67 20 DA 78 21 68 38 7E
10:56:16.164 [TX CF1] 67 21 BE 0E 44 82 80 B3
10:56:16.174 [TX CF2] 67 22 C3 05 9D A6 CA 2D
10:56:16.184 [TX CF3] 67 23 59 09 0C 26 02 24
10:56:16.195 [TX CF4] 67 24 40 8B 82 6F 09 67
10:56:16.206 [TX CF5] 67 25 43 55 0D 88 D0 A0
10:56:16.217 [TX CF6] 67 26 6E C0 23 DB FA 0F
10:56:16.227 [TX CF7] 67 27 FE 1E 7A 42 01 27
10:56:16.239 [TX CF8] 67 28 F0 28 60 83 43 FA
10:56:16.250 [TX CF9] 67 29 81 C4 65 EE 3C 65
10:56:16.261 [TX CF10] 67 2A 10 3E C4 33 C0 56
10:56:16.271 [TX CF11] 67 2B C2 01 D2 C7 F8 15
10:56:16.281 [TX CF12] 67 2C 78 30 32 29 60 F3
10:56:16.291 [TX CF13] 67 2D 41 5D 84 78 DA 04
10:56:16.302 [TX CF14] 67 2E BC 8F 86 17 C1 20
10:56:16.312 [TX CF15] 67 2F BD 88 F2 90 DC D9
10:56:16.324 [TX CF0] 67 20 B0 4A 2C 7A 09 03
10:56:16.335 [TX CF1] 67 21 13 0D 85 8B 60 3D
10:56:16.345 [TX CF2] 67 22 00 76 05 0F 63 60
10:56:16.355 [TX CF3] 67 23 6D 21 BC F0 48 4E
10:56:16.367 [TX CF4] 67 24 A0 4A 60 7D 1A AC
10:56:16.377 [TX CF5] 67 25 A2 E2 7F 02 41 B5
10:56:16.389 [TX CF6] 67 26 F0 40 A5 32 DE 8D
10:56:16.401 [TX CF7] 67 27 82 E5 21 57 43 8E
10:56:16.412 [TX CF8] 67 28 FD 78 01 B0 4A 2C
10:56:16.423 [TX CF9] 67 29 DD 0C 0C 1A 03 D5
10:56:16.434 [TX CF10] 67 2A 1D 60 7A 42 C3 7A
10:56:16.444 [TX CF11] 67 2B D0 DC B8 10 64 CA
10:56:16.455 [TX CF12] 67 2C 1A 2F 04 A2 D6 9C
10:56:16.465 [TX CF13] 67 2D C3 11 43 30 A1 E8
10:56:16.476 [TX CF14] 67 2E 70 81 0C 80 41 3D
10:56:16.486 [TX CF15] 67 2F 16 2B 43 98 03 AC
10:56:16.497 [TX CF0] 67 20 38 8A 49 91 0B 4D
10:56:16.507 [TX CF1] 67 21 8C E5 85 40 E7 09
10:56:16.518 [TX CF2] 67 22 80 03 C6 12 9B 1E
10:56:16.529 [TX CF3] 67 23 01 F4 05 8B 63 68
10:56:16.540 [TX CF4] 67 24 84 50 F6 16 03 96
10:56:16.550 [TX CF5] 67 25 47 BC 90 B8 40 E5
10:56:16.560 [TX CF6] 67 26 33 DE 9F 2A 3D 00
10:56:16.570 [TX CF7] 67 27 C9 78 AF 51 38 3C
10:56:16.581 [TX CF8] 67 28 6E 1F A6 2A C1 9F
10:56:16.591 [TX CF9] 67 29 CF D0 A4 1D 2A 4C
10:56:16.602 [TX CF10] 67 2A 72 43 72 98 C6 39
10:56:16.612 [TX CF11] 67 2B DB 2C 35 08 B1 82
10:56:16.623 [TX CF12] 67 2C 1D 03 86 10 0C CD
10:56:16.635 [TX CF13] 67 2D 86 31 D6 83 44 BA
10:56:16.645 [TX CF14] 67 2E B0 EB C6 C0 A1 0D
10:56:16.656 [TX CF15] 67 2F 42 0D 23 EA 3A 50
10:56:16.666 [TX CF0] 67 20 8F 94 C0 CC 56 E3
10:56:16.677 [TX CF1] 67 21 D9 87 6C 1D 2A 45
10:56:16.687 [TX CF2] 67 22 E3 D1 61 40 A0 B2
10:56:16.697 [TX CF3] 67 23 43 83 43 E4 EC BD
10:56:16.709 [TX CF4] 67 24 29 38 42 18 24 F0
10:56:16.719 [TX CF5] 67 25 F8 A5 41 C4 50 A1
10:56:16.730 [TX CF6] 67 26 46 A8 2F 5D 18 34
10:56:16.740 [TX CF7] 67 27 0F AA 6B 4B 19 FA
10:56:16.751 [TX CF8] 67 28 84 19 80 4D C3 6F
10:56:16.761 [TX CF9] 67 29 FD 41 3C 08 EC 20
10:56:16.772 [TX CF10] 67 2A 5D 46 52 06 BC 32
10:56:16.782 [TX CF11] 67 2B BF A0 C2 12 FF FA
10:56:16.793 [TX CF12] 67 2C 59 02 AA 10 19 44
10:56:16.804 [TX CF13] 67 2D C7 A2 5E C0 45 84
10:56:16.815 [TX CF14] 67 2E 0F A8 7F C8 C0 82
10:56:16.825 [TX CF15] 67 2F 8B 0A 03 FC 0B 5E
10:56:16.836 [TX CF0] 67 20 27 65 B2 1E 81 23
10:56:16.846 [TX CF1] 67 21 CD 50 F6 56 08 11
10:56:16.856 [TX CF2] 67 22 CC 05 54 30 2B 1C
10:56:16.867 [TX CF3] 67 23 CA D3 92 82 CA FA
10:56:16.877 [TX CF4] 67 24 96 2A 5F 2A 35 D1
10:56:16.887 [TX CF5] 67 25 91 D6 D0 68 6C B3
10:56:16.897 [TX CF6] 67 26 54 29 27 4B 85 68
10:56:16.908 [TX CF7] 67 27 89 43 22 50 4A 5C
10:56:16.919 [TX CF8] 67 28 26 35 43 E1 2A E0
10:56:16.929 [TX CF9] 67 29 B4 CF D5 50 F2 60
10:56:16.940 [TX CF10] 67 2A D8 98 70 01 08 15
10:56:16.950 [TX CF11] 67 2B 84 7E 84 08 7F 02
10:56:16.960 [TX CF12] 67 2C DA 1E 5C 1F B7 0F
10:56:16.970 [TX CF13] 67 2D 89 D0 E0 76 04 BA
10:56:16.982 [TX CF14] 67 2E 07 DC 07 A9 19 30
10:56:16.992 [TX CF15] 67 2F 94 D2 61 4A C0 E1
10:56:17.003 [TX CF0] 67 20 56 38 11 5C 05 24
10:56:17.015 [TX CF1] 67 21 17 8E 45 85 C8 80
10:56:17.025 [TX CF2] 67 22 97 04 0A 01 AC B0
10:56:17.036 [TX CF3] 67 23 12 49 24 0A 97 48
10:56:17.046 [TX CF4] 67 24 82 58 37 FF 3A 7E
10:56:17.056 [TX CF5] 67 25 3D 91 85 BF 1F 49
10:56:17.067 [TX CF6] 67 26 A4 52 69 34 1B 03
10:56:17.077 [TX CF7] 67 27 2D 02 06 10 82 D8
10:56:17.088 [TX CF8] 67 28 1F 08 EF FB 2C 62
10:56:17.099 [TX CF9] 67 29 06 2B 49 E4 60 68
10:56:17.109 [TX CF10] 67 2A D4 88 11 90 0B 0C
10:56:17.119 [TX CF11] 67 2B 21 A3 05 82 89 49
10:56:17.129 [TX CF12] 67 2C 8C 48 A1 56 0C 13
10:56:17.140 [TX CF13] 67 2D 50 0B 0C 36 45 4A
10:56:17.150 [TX CF14] 67 2E B0 CC 1A C0 58 3C
10:56:17.160 [TX CF15] 67 2F 12 2E 94 03 15 61
10:56:17.171 [TX CF0] 67 20 85 2E 81 5E 21 0B
10:56:17.182 [TX CF1] 67 21 B0 4F 59 90 59 20
10:56:17.193 [TX CF2] 67 22 36 A6 A6 0D 84 17
10:56:17.203 [TX CF3] 67 23 08 D8 A7 6C 80 5B
10:56:17.214 [TX CF4] 67 24 D9 0B 30 20 E0 4A
10:56:17.224 [TX CF5] 67 25 4A 72 10 83 04 42
10:56:17.234 [TX CF6] 67 26 43 86 43 07 E0 30
10:56:17.246 [TX CF7] 67 27 86 51 90 88 50 24
10:56:17.257 [TX CF8] 67 28 0E 68 66 99 17 36
10:56:17.267 [TX CF9] 67 29 10 47 44 33 86 34
10:56:17.278 [TX CF10] 67 2A 72 76 41 32 D2 60
10:56:17.289 [TX CF11] 67 2B 18 A0 E6 10 4E 8F
10:56:17.301 [TX CF12] 67 2C A3 13 01 80 44 83
10:56:17.312 [TX CF13] 67 2D B0 C4 3C 0F 24 20
10:56:17.322 [TX CF14] 67 2E 30 44 CA 04 B0 25
10:56:17.333 [TX CF15] 67 2F 0E 38 72 DF E5 0E
10:56:17.344 [TX CF0] 67 20 12 1F F3 C3 09 4B
10:56:17.355 [TX CF1] 67 21 BE 09 4C 07 A3 ED
10:56:17.366 [TX CF2] 67 22 F3 BD 50 67 65 E8
10:56:17.377 [TX CF3] 67 23 C0 C7 9C 00 CC 77
10:56:17.387 [TX CF4] 67 24 AF C4 1B 10 07 70
10:56:17.397 [TX CF5] 67 25 C0 50 78 10 F0 8A
10:56:17.409 [TX CF6] 67 26 51 18 23 17 68 7B
10:56:17.419 [TX CF7] 67 27 20 97 AE 17 4F F3
10:56:17.430 [TX CF8] 67 28 D3 08 9B 8C 18 8B
10:56:17.440 [TX CF9] 67 29 80 42 D8 10 28 38
10:56:17.450 [TX CF10] 67 2A 42 00 24 E4 14 41
10:56:17.461 [TX CF11] 67 2B 60 C2 81 80 80 12
10:56:17.471 [TX CF12] 67 2C BB 14 A0 80 60 3C
10:56:17.481 [TX CF13] 67 2D 25 2C 71 0E 8C 20
10:56:17.492 [TX CF14] 67 2E 63 8C 36 2F 14 20
10:56:17.502 [TX CF15] 67 2F 12 68 43 9A 18 03
10:56:17.512 [TX CF0] 67 20 A6 1F FF FC 2A 86
10:56:17.523 [TX CF1] 67 21 03 C4 13 C4 27 0B
10:56:17.535 [TX CF2] 67 22 95 29 23 F8 0B 41
10:56:17.546 [TX CF3] 67 23 C5 0E 04 3A 43 49
10:56:17.556 [TX CF4] 67 24 82 4A 20 3D A3 2A
10:56:17.566 [TX CF5] 67 25 05 7C 08 E8 08 10
10:56:17.577 [TX CF6] 67 26 50 20 9C C2 20 22
10:56:17.587 [TX CF7] 67 27 05 88 82 7B 08 E0
10:56:17.599 [TX CF8] 67 28 90 14 7E 01 AC 20
10:56:17.609 [TX CF9] 67 29 A2 30 2E 0C D4 29
10:56:17.620 [TX CF10] 67 2A 17 02 0A 4A 0C 3B
10:56:17.630 [TX CF11] 67 2B 9F D6 7E 14 AB C3
10:56:17.640 [TX CF12] 67 2C BF 02 86 11 00 7E
10:56:17.651 [TX CF13] 67 2D 1D 0A 92 0C 01 0C
10:56:17.662 [TX CF14] 67 2E 0D 60 2E 0E 4C 08
10:56:17.674 [TX CF15] 67 2F 39 65 BF EE FC 1E
10:56:17.684 [TX CF0] 67 20 38 00 F0 0A 20 32
10:56:17.695 [TX CF1] 67 21 C2 1D D1 71 E1 DC
10:56:17.705 [TX CF2] 67 22 FE 0D 30 85 74 1E
10:56:17.716 [TX CF3] 67 23 D8 4B 7F A3 5C 3B
10:56:17.727 [TX CF4] 67 24 A3 68 19 B0 F7 3F
10:56:17.738 [TX CF5] 67 25 27 34 1C E0 7F 7E
10:56:17.749 [TX CF6] 67 26 FE 2F F4 0E 91 40
10:56:17.760 [TX CF7] 67 27 16 42 F9 40 6B 87
10:56:17.771 [TX CF8] 67 28 51 C9 08 47 0B C4
10:56:17.782 [TX CF9] 67 29 50 39 84 82 05 0B
10:56:17.792 [TX CF10] 67 2A A0 7F 9C B0 8A 92
10:56:17.803 [TX CF11] 67 2B B4 FF 60 4E 10 47
10:56:17.813 [TX CF12] 67 2C 48 72 FF 83 0C 8D
10:56:17.824 [TX CF13] 67 2D 78 64 7F B4 0D 91
10:56:17.835 [TX CF14] 67 2E 17 00 B4 11 28 34
10:56:17.845 [TX CF15] 67 2F 4E 14 B4 C2 27 0C
10:56:17.855 [TX CF0] 67 20 26 21 00 DF C2 68
10:56:17.866 [TX CF1] 67 21 50 5E 86 0E 0F 0F
10:56:17.877 [TX CF2] 67 22 E8 40 AE 14 08 E5
10:56:17.888 [TX CF3] 67 23 26 3D F9 E8 80 12
10:56:17.898 [TX CF4] 67 24 80 48 BE 7E 72 9A
10:56:17.909 [TX CF5] 67 25 10 5F 01 2D A8 98
10:56:17.920 [TX CF6] 67 26 08 09 CC 1B A7 30
10:56:17.931 [TX CF7] 67 27 DA 45 19 F0 16 21
10:56:17.941 [TX CF8] 67 28 9E 70 3F 9D 29 86
10:56:17.951 [TX CF9] 67 29 F2 93 07 80 74 E1
10:56:17.961 [TX CF10] 67 2A 9C 08 07 56 09 C0
10:56:17.971 [TX CF11] 67 2B C4 8B 80 E9 C0 B0
10:56:17.982 [TX CF12] 67 2C 18 08 E3 E3 02 F6
10:56:17.994 [TX CF13] 67 2D 05 04 02 29 2F 90
10:56:18.005 [TX CF14] 67 2E A9 40 70 51 88 5D
10:56:18.017 [TX CF15] 67 2F E3 27 60 A5 DE 22
10:56:18.028 [TX CF0] 67 20 76 0C 4D E2 3B 4A
10:56:18.040 [TX CF1] 67 21 C0 D4 0C 68 44 36
10:56:18.051 [TX CF2] 67 22 94 AB 44 72 97 C0
10:56:18.062 [TX CF3] 67 23 8C 50 AC 10 A1 64
10:56:18.074 [TX CF4] 67 24 12 A8 89 40 09 51
10:56:18.084 [TX CF5] 67 25 3F 08 84 A8 9D 84
10:56:18.095 [TX CF6] 67 26 4A 54 8E 42 41 2A
10:56:18.108 [TX CF7] 67 27 80 F4 24 52 A8 5F
10:56:18.118 [TX CF8] 67 28 45 73 84 52 97 13
10:56:18.128 [TX CF9] 67 29 A0 2F 90 57 20 57
10:56:18.139 [TX CF10] 67 2A 42 05 60 81 F8 0E
10:56:18.149 [TX CF11] 67 2B 58 44 0E 70 AF 30
10:56:18.159 [TX CF12] 67 2C 85 5A 56 A8 70 ED
10:56:18.170 [TX CF13] 67 2D 50 EA 54 6A 81 CB
10:56:18.180 [TX CF14] 67 2E B4 43 A9 91 CA 04
10:56:18.192 [TX CF15] 67 2F 52 87 C4 B1 1D B0
10:56:18.202 [TX CF0] 67 20 86 1D E3 39 60 B6
10:56:18.213 [TX CF1] 67 21 48 CB 84 26 F5 19
10:56:18.224 [TX CF2] 67 22 A1 E2 56 F0 C4 68
10:56:18.234 [TX CF3] 67 23 6C CC 22 1B C2 92
10:56:18.246 [TX CF4] 67 24 50 C8 8A 17 08 24
10:56:18.257 [TX CF5] 67 25 60 2B 00 65 0F FF
10:56:18.269 [TX CF6] 67 26 3F 11 88 1C 41 77
10:56:18.280 [TX CF7] 67 27 BB C0 A0 17 F4 40
10:56:18.291 [TX CF8] 67 28 39 23 20 11 89 49
10:56:18.301 [TX CF9] 67 29 A2 32 FE 14 08 C4
10:56:18.312 [TX CF10] 67 2A 9E 93 40 AC 1A 52
10:56:18.322 [TX CF11] 67 2B CD C0 0D 68 44 4D
10:56:18.333 [TX CF12] 67 2C 60 C0 D7 30 1F 01
10:56:18.343 [TX CF13] 67 2D 6E E1 0F A4 CE 42
10:56:18.355 [TX CF14] 67 2E 80 05 10 44 C2 8C
10:56:18.366 [TX CF15] 67 2F 4A 15 4A 4C 60 7F
10:56:18.376 [TX CF0] 67 20 C2 3C 73 85 AF 85
10:56:18.388 [TX CF1] 67 21 4A 07 0A A0 1D 52
10:56:18.399 [TX CF2] 67 22 34 A5 01 CE 25 50
10:56:18.409 [TX CF3] 67 23 6D 21 A1 47 83 18
10:56:18.419 [TX CF4] 67 24 A4 D0 EA 08 4D 26
10:56:18.429 [TX CF5] 67 25 08 78 51 49 24 72
10:56:18.440 [TX CF6] 67 26 3B A0 93 4A 37 01
10:56:18.451 [TX CF7] 67 27 8D C2 53 F8 44 61
10:56:18.461 [TX CF8] 67 28 F0 98 3A 09 06 96
10:56:18.471 [TX CF9] 67 29 09 0D B8 92 3A DC
10:56:18.483 [TX CF10] 67 2A 05 4F 96 3E 49 A3
10:56:18.494 [TX CF11] 67 2B 60 C1 43 C7 C8 62
10:56:18.505 [TX CF12] 67 2C 34 05 5A 3E 05 92
10:56:18.516 [TX CF13] 67 2D 12 14 20 E0 1C 54
10:56:18.526 [TX CF14] 67 2E 90 DC 10 F1 F8 FF
10:56:18.537 [TX CF15] 67 2F F5 05 BC 5B 4A 35
10:56:18.548 [TX CF0] 67 20 28 CA 85 2E F3 01
10:56:18.559 [TX CF1] 67 21 95 CC 7A 30 BB CC
10:56:18.569 [TX CF2] 67 22 02 56 2E 42 41 2B
10:56:18.579 [TX CF3] 67 23 85 F4 04 28 62 24
10:56:18.590 [TX CF4] 67 24 74 1A 65 56 DF 25
10:56:18.601 [TX CF5] 67 25 A0 47 68 75 5B 3E
10:56:18.613 [TX CF6] 67 26 56 DF 2C A0 48 E8
10:56:18.624 [TX CF7] 67 27 79 3B 3B 03 09 ED
10:56:18.634 [TX CF8] 67 28 31 66 86 82 49 A4
10:56:18.645 [TX CF9] 67 29 80 4E A9 6C 24 23
10:56:18.655 [TX CF10] 67 2A B4 09 2B 0E 39 59
10:56:18.665 [TX CF11] 67 2B 43 0A 1E 52 CF 37
10:56:18.676 [TX CF12] 67 2C A5 D5 2D 67 C4 2A
10:56:18.687 [TX CF13] 67 2D 96 3C A5 AE 47 40
10:56:18.697 [TX CF14] 67 2E C9 D8 E0 12 3A 9D
10:56:18.707 [TX CF15] 67 2F 97 27 65 99 D2 F8
10:56:18.717 [TX CF0] 67 20 71 85 82 1E 4A 1D
10:56:18.728 [TX CF1] 67 21 76 D0 C2 C2 BB 60
10:56:18.738 [TX CF2] 67 22 CE DA 18 98 67 2C
10:56:18.748 [TX CF3] 67 23 10 CB 42 F9 0C 6D
10:56:18.758 [TX CF4] 67 24 E6 32 5A 81 7F 0C
10:56:18.768 [TX CF5] 67 25 83 A3 64 8F 55 2C
10:56:18.779 [TX CF6] 67 26 12 8A 64 9A 93 D6
10:56:18.790 [TX CF7] 67 27 B7 43 A8 12 6A 1F
10:56:18.801 [TX CF8] 67 28 5A CD 16 B7 CC 68
10:56:18.811 [TX CF9] 67 29 10 CA 1C 52 CF 11
10:56:18.822 [TX CF10] 67 2A 6A 41 4C 86 1D 00
10:56:18.832 [TX CF11] 67 2B 90 E2 60 AB 44 22
10:56:18.844 [TX CF12] 67 2C 36 08 CF 81 B5 96
10:56:18.854 [TX CF13] 67 2D 22 43 1C A6 37 30
10:56:18.864 [TX CF14] 67 2E 93 50 21 CD E0 E6
10:56:18.876 [TX CF15] 67 2F 8B 40 62 2C 60 6C
10:56:18.887 [TX CF0] 67 20 30 8A 8D 81 8F 90
10:56:18.899 [TX CF1] 67 21 AF 06 E7 C0 84 3A
10:56:18.910 [TX CF2] 67 22 96 A7 0E 1D 4B 14
10:56:18.920 [TX CF3] 67 23 52 D6 3B 82 22 D0
10:56:18.930 [TX CF4] 67 24 82 42 DA 82 23 65
10:56:18.940 [TX CF5] 67 25 58 E1 C9 A1 F5 2D
10:56:18.952 [TX CF6] 67 26 EF 2C 58 C0 53 20
10:56:18.962 [TX CF7] 67 27 11 98 25 A1 E8 82
10:56:18.972 [TX CF8] 67 28 D3 16 BC 14 98 0B
10:56:18.983 [TX CF9] 67 29 0C 18 5D 22 51 40
10:56:18.994 [TX CF10] 67 2A 84 1D 60 90 C0 68
10:56:19.005 [TX CF11] 67 2B 6E 3C 2E 0B 58 D0
10:56:19.015 [TX CF12] 67 2C E9 49 29 33 E8 04
10:56:19.025 [TX CF13] 67 2D 06 08 96 D3 08 87
10:56:19.036 [TX CF14] 67 2E 94 30 02 23 0D F8
10:56:19.047 [TX CF15] 67 2F CA 09 84 43 6A 04
10:56:19.057 [TX CF0] 67 20 82 C1 68 1B 64 41
10:56:19.068 [TX CF1] 67 21 C6 B8 1F C2 0D D1
10:56:19.078 [TX CF2] 67 22 90 5A 48 D8 66 BF
10:56:19.089 [TX CF3] 67 23 7A 0B 45 86 D1 13
10:56:19.099 [TX CF4] 67 24 A5 62 14 50 6F 5E
10:56:19.111 [TX CF5] 67 25 38 50 96 E1 40 61
10:56:19.122 [TX CF6] 67 26 11 89 50 EE 0A B4
10:56:19.133 [TX CF7] 67 27 06 01 09 EA 0E D0
10:56:19.144 [TX CF8] 67 28 0F 25 81 A0 43 69
10:56:19.154 [TX CF9] 67 29 0A BC 37 FF 3A 7E
10:56:19.165 [TX CF10] 67 2A 3C 34 85 BF 1E 01
10:56:19.176 [TX CF11] 67 2B 4A 10 13 36 0A 17
10:56:19.187 [TX CF12] 67 2C 1E 08 19 85 1C 86
10:56:19.197 [TX CF13] 67 2D 42 24 40 C2 F9 C5
10:56:19.209 [TX CF14] 67 2E 31 E3 E1 17 A1 00
10:56:19.220 [TX CF15] 67 2F 13 C3 F8 DA C1 60
10:56:19.230 [TX CF0] 67 20 10 39 6C 03 B7 7C
10:56:19.241 [TX CF1] 67 21 75 81 49 B5 40 2A
10:56:19.252 [TX CF2] 67 22 51 98 94 07 19 18
10:56:19.262 [TX CF3] 67 23 90 48 6C 35 C9 74
10:56:19.272 [TX CF4] 67 24 8B 45 5C 36 61 6F
10:56:19.284 [TX CF5] 67 25 E8 41 25 36 F1 F8
10:56:19.294 [TX CF6] 67 26 20 94 24 16 8A D5
10:56:19.304 [TX CF7] 67 27 26 82 99 02 D1 01
10:56:19.315 [TX CF8] 67 28 40 43 0A B0 55 46
10:56:19.326 [TX CF9] 67 29 81 D4 A1 55 28 10
10:56:19.338 [TX CF10] 67 2A D9 1A 70 DB 0A 35
10:56:19.348 [TX CF11] 67 2B 43 CF 68 EC C0 91
10:56:19.358 [TX CF12] 67 2C E8 55 06 E0 58 07
10:56:19.368 [TX CF13] 67 2D 98 3E D0 84 48 01
10:56:19.379 [TX CF14] 67 2E E8 4E BF 75 AD 08
10:56:19.389 [TX CF15] 67 2F CD 02 46 1E 2F D9
10:56:19.400 [TX CF0] 67 20 03 0A 80 DC 3C 94
10:56:19.410 [TX CF1] 67 21 2B 25 02 DD C1 73
10:56:19.421 [TX CF2] 67 22 70 D5 02 10 BB 04
10:56:19.431 [TX CF3] 67 23 86 01 20 98 90 50
10:56:19.443 [TX CF4] 67 24 D9 10 80 FF FF FF
10:56:19.464 [RX SF ] 67 02 76 06 FF FF FF FF
10:56:19.464 [RX    ] 76 06
10:56:19.465 [PASS  ] TransferData block=6 | expected: 76 ... | received: 76 06
10:56:19.476 ------------------------------------------------------------------------
10:56:19.476 [STEP  ] 0x36 block=7  offset=12240/45254  (27%)
10:56:19.476 [TX TransferData block=7 len=2040] 36 07 04 41 F7 BF FF E9 34 F2 3C 17 8A AC B8 1A...
10:56:19.477 [TX FF ] 67 17 FA 36 07 04 41 F7
10:56:19.487 [TX CF1] 67 21 BF FF E9 34 F2 3C
10:56:19.498 [TX CF2] 67 22 17 8A AC B8 1A 08
10:56:19.508 [TX CF3] 67 23 2F 0B BF 46 29 21
10:56:19.518 [TX CF4] 67 24 9E 52 35 42 C8 51
10:56:19.529 [TX CF5] 67 25 89 12 70 81 7F B0
10:56:19.540 [TX CF6] 67 26 12 5B 68 22 09 11
10:56:19.550 [TX CF7] 67 27 88 09 C2 18 09 80
10:56:19.560 [TX CF8] 67 28 C9 0F F7 F4 A7 86
10:56:19.571 [TX CF9] 67 29 1A 40 08 42 70 51
10:56:19.581 [TX CF10] 67 2A 07 ED FD 90 9D C0
10:56:19.592 [TX CF11] 67 2B 90 4D 69 58 A5 38
10:56:19.602 [TX CF12] 67 2C 16 41 F6 13 32 D4
10:56:19.612 [TX CF13] 67 2D 56 19 BD 20 3E 81
10:56:19.622 [TX CF14] 67 2E FF 22 32 07 84 26
10:56:19.635 [TX CF15] 67 2F B4 8C 82 70 08 0E
10:56:19.645 [TX CF0] 67 20 16 31 2C 17 C2 2D
10:56:19.655 [TX CF1] 67 21 43 55 18 93 48 FC
10:56:19.665 [TX CF2] 67 22 75 C8 3C AE 11 D1
10:56:19.676 [TX CF3] 67 23 E0 48 F3 70 28 9D
10:56:19.686 [TX CF4] 67 24 82 35 01 83 0A 00
10:56:19.697 [TX CF5] 67 25 94 E3 FA 10 19 07
10:56:19.707 [TX CF6] 67 26 CB 7B 2B 4D 81 60
10:56:19.717 [TX CF7] 67 27 95 D2 A5 A6 50 55
10:56:19.728 [TX CF8] 67 28 18 7A AA 06 2D 17
10:56:19.738 [TX CF9] 67 29 88 4A 29 78 A2 94
10:56:19.748 [TX CF10] 67 2A 10 1A 6C 67 AB 50
10:56:19.758 [TX CF11] 67 2B 96 9B C3 4C 61 24
10:56:19.769 [TX CF12] 67 2C A5 76 27 7C B8 C6
10:56:19.779 [TX CF13] 67 2D 0E A1 A5 B4 C7 A9
10:56:19.790 [TX CF14] 67 2E 1F 49 D2 33 03 16
10:56:19.801 [TX CF15] 67 2F 45 04 0E 08 40 32
10:56:19.812 [TX CF0] 67 20 5B F9 16 FE 47 DB
10:56:19.824 [TX CF1] 67 21 A1 C0 33 F3 FB 44
10:56:19.835 [TX CF2] 67 22 7E 81 15 A0 4F 4F
10:56:19.846 [TX CF3] 67 23 A0 CF 6C 16 5B 4C
10:56:19.856 [TX CF4] 67 24 B6 4F E4 AE BB 30
10:56:19.868 [TX CF5] 67 25 7C E4 CF C2 54 9D
10:56:19.878 [TX CF6] 67 26 0E 15 48 87 54 24
10:56:19.890 [TX CF7] 67 27 13 82 F2 10 1B 41
10:56:19.901 [TX CF8] 67 28 4D 0C 14 C9 2A 82
10:56:19.911 [TX CF9] 67 29 15 02 5A 06 AC 28
10:56:19.922 [TX CF10] 67 2A 11 22 64 12 88 80
10:56:19.934 [TX CF11] 67 2B 97 48 24 45 71 88
10:56:19.944 [TX CF12] 67 2C 83 08 05 21 19 0C
10:56:19.955 [TX CF13] 67 2D 0D 1D 86 C5 1F 0C
10:56:19.965 [TX CF14] 67 2E 9A 10 8E 87 89 0A
10:56:19.975 [TX CF15] 67 2F 06 61 0C 49 C3 00
10:56:19.987 [TX CF0] 67 20 D0 50 8A E8 44 52
10:56:19.997 [TX CF1] 67 21 28 C4 66 01 D0 04
10:56:20.007 [TX CF2] 67 22 B0 C1 13 30 C2 12
10:56:20.019 [TX CF3] 67 23 B8 FC 36 B8 9D 84
10:56:20.029 [TX CF4] 67 24 30 3A 07 43 42 0B
10:56:20.039 [TX CF5] 67 25 82 53 05 E8 48 93
10:56:20.051 [TX CF6] 67 26 D0 4A A0 9D 1B 12
10:56:20.061 [TX CF7] 67 27 80 18 0F 46 07 20
10:56:20.072 [TX CF8] 67 28 F2 78 6D 54 68 85
10:56:20.083 [TX CF9] 67 29 C6 D1 46 82 DE 60
10:56:20.094 [TX CF10] 67 2A 52 D8 77 73 7B 48
10:56:20.105 [TX CF11] 67 2B 16 28 74 C2 0D 90
10:56:20.116 [TX CF12] 67 2C 80 64 24 D2 2C 05
10:56:20.128 [TX CF13] 67 2D 72 1F 28 82 F4 79
10:56:20.139 [TX CF14] 67 2E 10 78 1F 56 17 20
10:56:20.149 [TX CF15] 67 2F E7 F8 60 52 0E 6F
10:56:20.161 [TX CF0] 67 20 86 51 46 2C 21 C4
10:56:20.171 [TX CF1] 67 21 FF 6D 29 D7 08 CC
10:56:20.181 [TX CF2] 67 22 1F 21 07 CC 40 2F
10:56:20.192 [TX CF3] 67 23 10 15 5C 2A 4C 20
10:56:20.202 [TX CF4] 67 24 17 95 7E 1C EF F4
10:56:20.212 [TX CF5] 67 25 26 41 BD 13 C0 B2
10:56:20.223 [TX CF6] 67 26 82 D1 02 C8 6B 48
10:56:20.235 [TX CF7] 67 27 60 56 20 32 2C 8D
10:56:20.245 [TX CF8] 67 28 0F 57 4A C0 D4 20
10:56:20.255 [TX CF9] 67 29 59 8D 55 24 78 82
10:56:20.265 [TX CF10] 67 2A E1 0D 55 3E 0E 8A
10:56:20.276 [TX CF11] 67 2B 03 31 C0 B4 EA 69
10:56:20.287 [TX CF12] 67 2C 30 8B 01 A9 09 05
10:56:20.298 [TX CF13] 67 2D D1 14 87 81 81 0C
10:56:20.309 [TX CF14] 67 2E 1F 33 08 B8 10 31
10:56:20.319 [TX CF15] 67 2F 54 C1 98 97 05 60
10:56:20.330 [TX CF0] 67 20 26 83 00 E8 E8 CD
10:56:20.340 [TX CF1] 67 21 20 48 20 39 08 1E
10:56:20.352 [TX CF2] 67 22 61 7A 80 2D 08 2B
10:56:20.362 [TX CF3] 67 23 14 19 33 18 16 26
10:56:20.373 [TX CF4] 67 24 0B BC 18 D8 40 BA
10:56:20.384 [TX CF5] 67 25 29 8C 0A 98 32 70
10:56:20.395 [TX CF6] 67 26 82 B3 61 81 F4 4A
10:56:20.405 [TX CF7] 67 27 D9 4C 23 0C AC A8
10:56:20.416 [TX CF8] 67 28 00 B8 61 BD 08 06
10:56:20.426 [TX CF9] 67 29 66 41 22 C4 83 60
10:56:20.437 [TX CF10] 67 2A 94 99 90 6A E1 89
10:56:20.447 [TX CF11] 67 2B B4 65 4C 30 AE D0
10:56:20.457 [TX CF12] 67 2C 5B A2 0F 06 03 FA
10:56:20.469 [TX CF13] 67 2D 5B A5 88 5E 42 87
10:56:20.479 [TX CF14] 67 2E C1 73 82 25 2F 7F
10:56:20.489 [TX CF15] 67 2F CE 21 85 B9 6D 9B
10:56:20.501 [TX CF0] 67 20 99 68 98 90 30 E0
10:56:20.511 [TX CF1] 67 21 94 C1 3A 59 2D 94
10:56:20.521 [TX CF2] 67 22 0B 32 48 43 6D FA
10:56:20.533 [TX CF3] 67 23 82 78 2A 50 87 2E
10:56:20.544 [TX CF4] 67 24 5C 4F D1 5D 0C 2B
10:56:20.555 [TX CF5] 67 25 84 0C 42 79 08 4C
10:56:20.566 [TX CF6] 67 26 6A 11 94 80 E7 D5
10:56:20.576 [TX CF7] 67 27 28 41 32 30 B7 3C
10:56:20.587 [TX CF8] 67 28 2E 8C 36 EE 98 70
10:56:20.597 [TX CF9] 67 29 8E A8 60 D9 98 4A
10:56:20.607 [TX CF10] 67 2A A4 0C 8C 11 C8 04
10:56:20.618 [TX CF11] 67 2B 6A 08 CB 05 F4 84
10:56:20.628 [TX CF12] 67 2C 23 31 80 B4 61 E8
10:56:20.639 [TX CF13] 67 2D 53 6E 94 02 4A C9
10:56:20.649 [TX CF14] 67 2E 42 10 B3 83 3D 14
10:56:20.660 [TX CF15] 67 2F E9 5E 23 33 11 70
10:56:20.670 [TX CF0] 67 20 02 A0 3E 17 56 E4
10:56:20.680 [TX CF1] 67 21 12 88 9F 42 DB 1C
10:56:20.690 [TX CF2] 67 22 F6 EC BE BE 77 D2
10:56:20.702 [TX CF3] 67 23 0D 2C 2D 34 6C 4E
10:56:20.712 [TX CF4] 67 24 22 03 70 00 25 09
10:56:20.722 [TX CF5] 67 25 85 50 6E 1A D7 F0
10:56:20.734 [TX CF6] 67 26 30 1D 4B ED 2B 63
10:56:20.744 [TX CF7] 67 27 F2 1F 77 46 0B 96
10:56:20.755 [TX CF8] 67 28 BF C6 5E B8 71 EC
10:56:20.765 [TX CF9] 67 29 10 46 84 3D 2E 83
10:56:20.775 [TX CF10] 67 2A 83 1C 23 87 47 42
10:56:20.787 [TX CF11] 67 2B 10 6C D6 26 31 03
10:56:20.797 [TX CF12] 67 2C CD 42 14 10 66 B7
10:56:20.808 [TX CF13] 67 2D 4E 50 40 B8 57 FF
10:56:20.819 [TX CF14] 67 2E 5B AF 3E 0E 91 20
10:56:20.830 [TX CF15] 67 2F AC 08 90 FD F5 17
10:56:20.842 [TX CF0] 67 20 D8 2D 50 F3 FF 55
10:56:20.852 [TX CF1] 67 21 C8 40 A4 30 7C D4
10:56:20.863 [TX CF2] 67 22 46 E1 08 61 C1 74
10:56:20.874 [TX CF3] 67 23 FB 78 22 92 22 3A
10:56:20.885 [TX CF4] 67 24 17 CA 46 AE 01 5B
10:56:20.896 [TX CF5] 67 25 8C E6 E0 1C 03 D8
10:56:20.908 [TX CF6] 67 26 1F 08 EF E6 61 1D
10:56:20.918 [TX CF7] 67 27 A0 46 59 58 C8 20
10:56:20.930 [TX CF8] 67 28 B9 A8 85 C2 64 99
10:56:20.940 [TX CF9] 67 29 02 65 50 AA 83 70
10:56:20.952 [TX CF10] 67 2A 87 AF A0 79 01 68
10:56:20.963 [TX CF11] 67 2B B9 D2 81 D8 10 F0
10:56:20.974 [TX CF12] 67 2C FF C8 F0 53 32 32
10:56:20.985 [TX CF13] 67 2D 4E 3C 13 D8 28 90
10:56:20.995 [TX CF14] 67 2E 98 95 20 98 BB 70
10:56:21.006 [TX CF15] 67 2F B0 A7 A1 67 21 86
10:56:21.016 [TX CF0] 67 20 90 D2 60 17 15 E8
10:56:21.028 [TX CF1] 67 21 19 16 C2 0A A4 31
10:56:21.038 [TX CF2] 67 22 55 C4 F2 0E 44 20
10:56:21.049 [TX CF3] 67 23 1D 98 40 5E 09 54
10:56:21.061 [TX CF4] 67 24 55 B0 04 A6 65 D0
10:56:21.071 [TX CF5] 67 25 91 DA 23 A9 60 33
10:56:21.081 [TX CF6] 67 26 51 6B 45 82 9F F6
10:56:21.092 [TX CF7] 67 27 8C CD ED 1B F8 3C
10:56:21.102 [TX CF8] 67 28 A3 AB 40 8E 40 25
10:56:21.113 [TX CF9] 67 29 70 1E 84 BE F1 00
10:56:21.125 [TX CF10] 67 2A F0 7F E4 F3 7B 1B
10:56:21.136 [TX CF11] 67 2B F7 0A 4C 7A 3D D0
10:56:21.146 [TX CF12] 67 2C F7 79 E1 F2 A8 E7
10:56:21.157 [TX CF13] 67 2D 45 80 04 69 3F 0C
10:56:21.167 [TX CF14] 67 2E 0F 25 13 A3 55 E9
10:56:21.178 [TX CF15] 67 2F 50 73 D2 19 A8 AD
10:56:21.188 [TX CF0] 67 20 A2 A5 4E D6 C6 65
10:56:21.200 [TX CF1] 67 21 D6 8D B4 1E 1B D5
10:56:21.210 [TX CF2] 67 22 C0 47 20 79 E8 04
10:56:21.221 [TX CF3] 67 23 BA 09 D0 8F 5E 26
10:56:21.232 [TX CF4] 67 24 D0 2A FD E2 7C 7D
10:56:21.243 [TX CF5] 67 25 03 C1 07 CF 4B AC
10:56:21.254 [TX CF6] 67 26 79 B1 E8 3E B1 9C
10:56:21.265 [TX CF7] 67 27 19 27 1A 14 CA 5E
10:56:21.275 [TX CF8] 67 28 40 5B 04 06 BB 18
10:56:21.287 [TX CF9] 67 29 C8 50 A6 1D 36 16
10:56:21.297 [TX CF10] 67 2A 10 56 1C 2C B4 25
10:56:21.309 [TX CF11] 67 2B 8C 60 96 68 37 A1
10:56:21.320 [TX CF12] 67 2C 81 2E 81 80 D8 28
10:56:21.330 [TX CF13] 67 2D 94 88 C0 76 0C C9
10:56:21.342 [TX CF14] 67 2E CD 06 B6 10 98 0C
10:56:21.352 [TX CF15] 67 2F 0B 35 42 A8 68 14
10:56:21.363 [TX CF0] 67 20 00 0B E1 2C E1 0F
10:56:21.373 [TX CF1] 67 21 18 C1 D1 A0 42 27
10:56:21.384 [TX CF2] 67 22 B4 9A C9 62 0C D1
10:56:21.395 [TX CF3] 67 23 B3 0E 91 D0 2D 96
10:56:21.405 [TX CF4] 67 24 22 A1 57 34 81 BF
10:56:21.416 [TX CF5] 67 25 46 A4 94 49 1C 92
10:56:21.426 [TX CF6] 67 26 41 24 7A 7B 04 B6
10:56:21.437 [TX CF7] 67 27 11 18 D4 90 B8 04
10:56:21.447 [TX CF8] 67 28 B0 74 84 82 30 F4
10:56:21.458 [TX CF9] 67 29 42 0C CB 82 49 04
10:56:21.469 [TX CF10] 67 2A AE C3 CD 70 0F E1
10:56:21.479 [TX CF11] 67 2B 73 E0 9E C2 0F D0
10:56:21.491 [TX CF12] 67 2C 96 1B 81 92 40 65
10:56:21.502 [TX CF13] 67 2D 91 99 35 A2 18 3C
10:56:21.512 [TX CF14] 67 2E 02 87 27 5F 41 2A
10:56:21.523 [TX CF15] 67 2F 38 A1 2D 39 1A 71
10:56:21.534 [TX CF0] 67 20 DA 05 26 FB 1E 80
10:56:21.545 [TX CF1] 67 21 B4 4D E8 07 A4 0E
10:56:21.556 [TX CF2] 67 22 DB 49 6D 12 EA 04
10:56:21.568 [TX CF3] 67 23 98 F5 2C 72 33 19
10:56:21.579 [TX CF4] 67 24 A6 C1 33 D6 6A 8C
10:56:21.591 [TX CF5] 67 25 5A 98 84 43 13 B2
10:56:21.601 [TX CF6] 67 26 96 49 68 B5 D9 6C
10:56:21.611 [TX CF7] 67 27 06 C3 51 89 17 E1
10:56:21.622 [TX CF8] 67 28 30 61 C3 AE 46 CB
10:56:21.632 [TX CF9] 67 29 50 67 79 B5 00 8A
10:56:21.643 [TX CF10] 67 2A 12 D2 A0 72 26 D4
10:56:21.654 [TX CF11] 67 2B 56 88 73 78 95 A2
10:56:21.665 [TX CF12] 67 2C 90 FF E8 81 08 4E
10:56:21.676 [TX CF13] 67 2D C3 E1 BD 88 19 A1
10:56:21.688 [TX CF14] 67 2E A0 44 98 20 4A 0C
10:56:21.698 [TX CF15] 67 2F F1 7F D2 F8 40 34
10:56:21.710 [TX CF0] 67 20 06 9C 21 11 24 D6
10:56:21.720 [TX CF1] 67 21 10 C4 E4 30 44 EC
10:56:21.730 [TX CF2] 67 22 46 68 6E 1B 48 84
10:56:21.741 [TX CF3] 67 23 EA 07 D3 BC 72 54
10:56:21.752 [TX CF4] 67 24 18 5E 38 1F BE 95
10:56:21.763 [TX CF5] 67 25 4E 0F 01 E9 C6 39
10:56:21.774 [TX CF6] 67 26 31 8E 04 07 AB 08
10:56:21.785 [TX CF7] 67 27 E4 C2 38 1D 28 3C
10:56:21.796 [TX CF8] 67 28 13 A7 0B C4 40 F0
10:56:21.806 [TX CF9] 67 29 18 98 E1 1B 03 AE
10:56:21.818 [TX CF10] 67 2A 0A 5C 21 77 88 1D
10:56:21.828 [TX CF11] 67 2B C2 E1 BC B8 51 F1
10:56:21.839 [TX CF12] 67 2C 6A 40 3A 38 38 3F
10:56:21.849 [TX CF13] 67 2D 87 A1 12 A1 41 7A
10:56:21.860 [TX CF14] 67 2E 0A B4 29 24 70 2E
10:56:21.871 [TX CF15] 67 2F 03 94 2A 51 EF CF
10:56:21.882 [TX CF0] 67 20 45 59 82 77 08 4A
10:56:21.894 [TX CF1] 67 21 F2 0A C6 06 0F C8
10:56:21.905 [TX CF2] 67 22 87 AC D0 84 52 B0
10:56:21.916 [TX CF3] 67 23 0B D0 1B E0 48 F3
10:56:21.927 [TX CF4] 67 24 54 3E 5C 1F B7 0F
10:56:21.938 [TX CF5] 67 25 13 E1 03 B0 2D 90
10:56:21.949 [TX CF6] 67 26 82 52 68 35 8E 44
10:56:21.961 [TX CF7] 67 27 1F 80 B6 0A E4 9C
10:56:21.971 [TX CF8] 67 28 C2 30 53 01 7E 1C
10:56:21.981 [TX CF9] 67 29 5A 96 1D 42 03 2A
10:56:21.993 [TX CF10] 67 2A 5B E0 CE 42 22 57
10:56:22.004 [TX CF11] 67 2B 05 7B 86 29 26 0A
10:56:22.014 [TX CF12] 67 2C CD 28 8B 06 15 52
10:56:22.025 [TX CF13] 67 2D 0C 2C 98 AA 30 F4
10:56:22.035 [TX CF14] 67 2E 88 6D 31 30 7C 4C
10:56:22.045 [TX CF15] 67 2F 3E 16 C1 86 06 B8
10:56:22.056 [TX CF0] 67 20 02 49 8C A0 68 E8
10:56:22.068 [TX CF1] 67 21 78 AA 04 69 26 0C
10:56:22.078 [TX CF2] 67 22 41 59 0C 1D 69 0B
10:56:22.088 [TX CF3] 67 23 4D 08 2D 2F 83 50
10:56:22.099 [TX CF4] 67 24 82 D2 4B 68 31 92
10:56:22.110 [TX CF5] 67 25 AA 2F E1 6A 40 D8
10:56:22.121 [TX CF6] 67 26 C2 B8 D8 85 AE 02
10:56:22.133 [TX CF7] 67 27 FB 09 02 FA 1C 0C
10:56:22.143 [TX CF8] 67 28 7A 13 1F 31 E1 FC
10:56:22.154 [TX CF9] 67 29 E9 31 92 88 6D 60
10:56:22.165 [TX CF10] 67 2A 12 28 1C 86 3F 20
10:56:22.175 [TX CF11] 67 2B 74 61 EC FC 38 32
10:56:22.186 [TX CF12] 67 2C 32 E0 E2 43 CF F8
10:56:22.197 [TX CF13] 67 2D 97 D2 25 EB C0 2C
10:56:22.208 [TX CF14] 67 2E 0E 64 0A E8 42 24
10:56:22.220 [TX CF15] 67 2F 01 5C 7F F2 EA 64
10:56:22.231 [TX CF0] 67 20 E7 42 FB 4B 1D F8
10:56:22.241 [TX CF1] 67 21 9A 3A A3 B4 7E 25
10:56:22.252 [TX CF2] 67 22 46 FC 2D 18 08 56
10:56:22.262 [TX CF3] 67 23 02 05 27 91 40 A8
10:56:22.273 [TX CF4] 67 24 70 AB 04 A0 CE 83
10:56:22.284 [TX CF5] 67 25 C2 0B 05 2A D1 3F
10:56:22.295 [TX CF6] 67 26 91 89 F0 A5 D8 24
10:56:22.305 [TX CF7] 67 27 B4 9E 04 8B 25 02
10:56:22.315 [TX CF8] 67 28 78 A1 24 A5 44 C7
10:56:22.326 [TX CF9] 67 29 00 49 1A 18 43 E4
10:56:22.337 [TX CF10] 67 2A 91 CA 1C 52 C1 22
10:56:22.347 [TX CF11] 67 2B A5 62 AC 02 64 21
10:56:22.358 [TX CF12] 67 2C 8F 40 45 08 70 6D
10:56:22.369 [TX CF13] 67 2D E9 24 B8 56 72 8E
10:56:22.379 [TX CF14] 67 2E 11 0D EE 03 6B 19
10:56:22.390 [TX CF15] 67 2F A4 15 76 8D 00 61
10:56:22.401 [TX CF0] 67 20 47 80 56 CB 31 20
10:56:22.411 [TX CF1] 67 21 C0 41 61 AE E8 0E
10:56:22.423 [TX CF2] 67 22 B0 38 45 CE B8 C7
10:56:22.433 [TX CF3] 67 23 CC 7E 20 3B D8 8D
10:56:22.445 [TX CF4] 67 24 2A 21 60 C8 B3 01
10:56:22.455 [TX CF5] 67 25 85 D2 12 08 60 14
10:56:22.466 [TX CF6] 67 26 80 75 5F F8 03 D0
10:56:22.476 [TX CF7] 67 27 86 84 01 E0 C1 96
10:56:22.487 [TX CF8] 67 28 B9 40 35 14 6A 04
10:56:22.497 [TX CF9] 67 29 0D 36 06 C4 D1 0C
10:56:22.508 [TX CF10] 67 2A 99 36 80 57 08 46
10:56:22.518 [TX CF11] 67 2B C4 31 86 23 60 19
10:56:22.529 [TX CF12] 67 2C C2 81 B2 34 E1 20
10:56:22.540 [TX CF13] 67 2D D8 86 F0 A0 06 61
10:56:22.551 [TX CF14] 67 2E 82 07 61 A2 06 E1
10:56:22.562 [TX CF15] 67 2F 88 07 62 4F 61 02
10:56:22.573 [TX CF0] 67 20 59 E1 07 33 C2 22
10:56:22.584 [TX CF1] 67 21 40 E1 00 5E 09 C3
10:56:22.595 [TX CF2] 67 22 82 18 10 24 3B 17
10:56:22.606 [TX CF3] 67 23 E2 6F 48 9C 39 A1
10:56:22.618 [TX CF4] 67 24 14 60 E7 D2 C5 FF
10:56:22.629 [TX CF5] 67 25 9B 53 0C 78 4F DD
10:56:22.639 [TX CF6] 67 26 51 E5 3F 13 E7 64
10:56:22.650 [TX CF7] 67 27 76 CF C4 CA 91 81
10:56:22.661 [TX CF8] 67 28 B7 CC A9 50 AA 06
10:56:22.672 [TX CF9] 67 29 02 43 09 81 30 F0
10:56:22.682 [TX CF10] 67 2A C0 D9 E6 14 97 9A
10:56:22.693 [TX CF11] 67 2B 11 24 EA 10 48 2B
10:56:22.704 [TX CF12] 67 2C D0 3C 53 CE 15 C6
10:56:22.714 [TX CF13] 67 2D 0F B4 38 56 FE 1B
10:56:22.724 [TX CF14] 67 2E F8 07 C4 32 26 8C
10:56:22.735 [TX CF15] 67 2F 2F F4 3C 50 26 92
10:56:22.745 [TX CF0] 67 20 0F BC 20 EF C8 C6
10:56:22.757 [TX CF1] 67 21 38 58 A0 8F EC 30
10:56:22.768 [TX CF2] 67 22 56 79 1B D6 57 D6
10:56:22.779 [TX CF3] 67 23 0F 7C 64 BA BA 1C
10:56:22.790 [TX CF4] 67 24 76 4B 1D A1 C5 6C
10:56:22.801 [TX CF5] 67 25 12 07 D9 23 1C 21
10:56:22.812 [TX CF6] 67 26 94 3C 23 FE 19 90
10:56:22.822 [TX CF7] 67 27 02 18 C0 06 72 76
10:56:22.832 [TX CF8] 67 28 40 4E 21 60 7A 60
10:56:22.843 [TX CF9] 67 29 40 D0 62 40 E1 61
10:56:22.853 [TX CF10] 67 2A 81 02 61 C0 18 57
10:56:22.864 [TX CF11] 67 2B 9A 05 50 88 05 89
10:56:22.876 [TX CF12] 67 2C 30 60 1A 40 C7 87
10:56:22.886 [TX CF13] 67 2D FE FF FE FF C3 36
10:56:22.897 [TX CF14] 67 2E 26 3C 03 6B 1A 10
10:56:22.907 [TX CF15] 67 2F 30 60 16 C0 CD 80
10:56:22.918 [TX CF0] 67 20 7D 20 CA 06 6C 04
10:56:22.929 [TX CF1] 67 21 89 37 F1 36 E5 30
10:56:22.940 [TX CF2] 67 22 37 84 25 42 0B 00
10:56:22.950 [TX CF3] 67 23 94 62 2C 54 A8 95
10:56:22.962 [TX CF4] 67 24 71 84 84 D7 A1 02
10:56:22.972 [TX CF5] 67 25 95 4D BA 32 AB C9
10:56:22.984 [TX CF6] 67 26 CF 08 67 47 01 22
10:56:22.995 [TX CF7] 67 27 89 40 B2 34 28 0F
10:56:23.005 [TX CF8] 67 28 62 A9 1A 80 78 20
10:56:23.017 [TX CF9] 67 29 12 44 FC 1C 0D 91
10:56:23.027 [TX CF10] 67 2A 5D 0A 3F E3 43 B2
10:56:23.037 [TX CF11] 67 2B 8F F8 0E 98 1D B1
10:56:23.048 [TX CF12] 67 2C 92 49 20 5A 13 C4
10:56:23.059 [TX CF13] 67 2D 36 13 CC 52 14 3A
10:56:23.069 [TX CF14] 67 2E 07 B4 A7 1F 89 0B
10:56:23.080 [TX CF15] 67 2F 80 0F 04 0E 55 07
10:56:23.091 [TX CF0] 67 20 3F 46 84 41 05 94
10:56:23.102 [TX CF1] 67 21 B9 08 0C 18 F4 04
10:56:23.114 [TX CF2] 67 22 AA 17 D1 40 E0 87
10:56:23.125 [TX CF3] 67 23 CA 4C 0A 82 42 72
10:56:23.136 [TX CF4] 67 24 41 18 84 FF FF FF
10:56:23.154 [RX SF ] 67 02 76 07 FF FF FF FF
10:56:23.154 [RX    ] 76 07
10:56:23.154 [PASS  ] TransferData block=7 | expected: 76 ... | received: 76 07
10:56:23.164 ------------------------------------------------------------------------
10:56:23.164 [STEP  ] 0x36 block=8  offset=14280/45254  (31%)
10:56:23.165 [TX TransferData block=8 len=2040] 36 08 AB F1 31 DE A2 F2 8F 23 C1 80 62 28 54 98...
10:56:23.165 [TX FF ] 67 17 FA 36 08 AB F1 31
10:56:23.175 [TX CF1] 67 21 DE A2 F2 8F 23 C1
10:56:23.185 [TX CF2] 67 22 80 62 28 54 98 49
10:56:23.196 [TX CF3] 67 23 CE 09 4C 03 A0 CA
10:56:23.207 [TX CF4] 67 24 C0 01 82 3F 08 07
10:56:23.218 [TX CF5] 67 25 C3 5B FA 2C 21 F8
10:56:23.228 [TX CF6] 67 26 70 40 63 02 49 3D
10:56:23.239 [TX CF7] 67 27 A6 CE E9 F2 88 05
10:56:23.250 [TX CF8] 67 28 E2 61 04 C0 51 B0
10:56:23.261 [TX CF9] 67 29 10 6B 8A 47 09 CA
10:56:23.271 [TX CF10] 67 2A 4C 15 7E 16 48 E6
10:56:23.283 [TX CF11] 67 2B B6 3B A0 D9 40 A5
10:56:23.294 [TX CF12] 67 2C 1F 1E 9F C5 1F 0A
10:56:23.305 [TX CF13] 67 2D 57 0C AF EB EB E7
10:56:23.316 [TX CF14] 67 2E 4F E1 00 E9 A5 10
10:56:23.327 [TX CF15] 67 2F B8 6D 61 C6 FC 29
10:56:23.337 [TX CF0] 67 20 34 36 00 11 83 50
10:56:23.348 [TX CF1] 67 21 10 C8 C5 E2 69 66
10:56:23.358 [TX CF2] 67 22 3B A0 9C 02 55 4C
10:56:23.370 [TX CF3] 67 23 3A 43 13 3A 41 D3
10:56:23.380 [TX CF4] 67 24 42 A1 20 E8 52 7C
10:56:23.390 [TX CF5] 67 25 12 0C 44 99 25 1C
10:56:23.402 [TX CF6] 67 26 13 A1 43 56 01 29
10:56:23.414 [TX CF7] 67 27 90 F4 25 DD 39 FF
10:56:23.425 [TX CF8] 67 28 80 66 94 0B E1 DF
10:56:23.437 [TX CF9] 67 29 FF B8 F0 94 2B 61
10:56:23.448 [TX CF10] 67 2A 8F 24 A1 80 4A 62
10:56:23.460 [TX CF11] 67 2B 8A A8 25 2A CC 15
10:56:23.471 [TX CF12] 67 2C 78 CA 61 EB 18 10
10:56:23.483 [TX CF13] 67 2D 30 AC F0 E7 AD 21
10:56:23.496 [TX CF14] 67 2E 8C 2D 61 8B 2D A3
10:56:23.506 [TX CF15] 67 2F 57 E0 B8 42 21 D0
10:56:23.518 [TX CF0] 67 20 8A AE 61 8F F4 62
10:56:23.528 [TX CF1] 67 21 54 D8 0B 90 0C 44
10:56:23.540 [TX CF2] 67 22 A2 31 80 BC 25 70
10:56:23.551 [TX CF3] 67 23 F7 7E 58 6A 40 2F
10:56:23.562 [TX CF4] 67 24 2C 54 3D 1F 98 89
10:56:23.573 [TX CF5] 67 25 F6 06 1C 2A 14 A8
10:56:23.585 [TX CF6] 67 26 5F A8 5A 14 04 5C
10:56:23.596 [TX CF7] 67 27 2C B4 27 BF A5 DA
10:56:23.606 [TX CF8] 67 28 02 DC 05 68 50 7F
10:56:23.616 [TX CF9] 67 29 F0 25 EC 0C F8 6F
10:56:23.626 [TX CF10] 67 2A DF F9 8B 70 06 7C
10:56:23.637 [TX CF11] 67 2B 33 9F FD C3 7B B6
10:56:23.648 [TX CF12] 67 2C 69 81 20 A8 43 DA
10:56:23.658 [TX CF13] 67 2D B8 38 10 10 A1 22
10:56:23.668 [TX CF14] 67 2E 12 81 32 43 A1 36
10:56:23.679 [TX CF15] 67 2F 98 CC 9A B8 57 17
10:56:23.689 [TX CF0] 67 20 78 54 7F E7 20 2A
10:56:23.700 [TX CF1] 67 21 9D 19 A3 6A 18 54
10:56:23.710 [TX CF2] 67 22 A2 05 D2 A0 47 26
10:56:23.721 [TX CF3] 67 23 92 1B 05 52 41 8F
10:56:23.732 [TX CF4] 67 24 DC 52 52 40 2A 90
10:56:23.743 [TX CF5] 67 25 A0 C1 0B 88 25 50
10:56:23.754 [TX CF6] 67 26 80 F8 26 CD D8 66
10:56:23.765 [TX CF7] 67 27 12 1B 0B 78 08 04
10:56:23.776 [TX CF8] 67 28 46 55 1A ED 2F D0
10:56:23.788 [TX CF9] 67 29 81 74 42 E8 7F A4
10:56:23.800 [TX CF10] 67 2A 10 8A 06 86 31 88
10:56:23.811 [TX CF11] 67 2B B8 CE 9C A0 F0 20
10:56:23.821 [TX CF12] 67 2C F3 6E A3 75 2D 62
10:56:23.833 [TX CF13] 67 2D BA 0B C2 48 09 87
10:56:23.843 [TX CF14] 67 2E 4E 19 20 97 B8 01
10:56:23.854 [TX CF15] 67 2F 75 E5 FD 90 C0 68
10:56:23.865 [TX CF0] 67 20 0F 24 24 35 40 02
10:56:23.876 [TX CF1] 67 21 33 A8 34 AA 07 D2
10:56:23.886 [TX CF2] 67 22 C0 4C 79 3B 27 8E
10:56:23.897 [TX CF3] 67 23 1E 4F 3C 2D E2 7C
10:56:23.908 [TX CF4] 67 24 82 FD 40 83 50 21
10:56:23.919 [TX CF5] 67 25 D2 0B B3 56 09 54
10:56:23.929 [TX CF6] 67 26 8B 41 54 96 38 01
10:56:23.940 [TX CF7] 67 27 82 48 25 6E 60 60
10:56:23.951 [TX CF8] 67 28 34 39 5C 8B 43 54
10:56:23.963 [TX CF9] 67 29 96 80 C1 84 50 C0
10:56:23.973 [TX CF10] 67 2A A8 39 10 15 60 F1
10:56:23.984 [TX CF11] 67 2B 49 EA 83 5D 08 94
10:56:23.995 [TX CF12] 67 2C A6 1B DA D6 D2 C5
10:56:24.006 [TX CF13] 67 2D 90 58 A3 15 28 06
10:56:24.016 [TX CF14] 67 2E 6A B5 30 91 F0 6A
10:56:24.027 [TX CF15] 67 2F 83 34 39 30 11 A2
10:56:24.038 [TX CF0] 67 20 1C 1C 33 47 0C 5F
10:56:24.050 [TX CF1] 67 21 FC 12 84 2E 01 81
10:56:24.061 [TX CF2] 67 22 9D C1 65 7F AE 96
10:56:24.071 [TX CF3] 67 23 96 97 4A 06 81 18
10:56:24.083 [TX CF4] 67 24 0A 21 D2 AD 7B 3C
10:56:24.093 [TX CF5] 67 25 F1 14 9C 1D B4 A2
10:56:24.103 [TX CF6] 67 26 09 74 28 71 88 E5
10:56:24.113 [TX CF7] 67 27 FB 3B 79 D6 50 A2
10:56:24.125 [TX CF8] 67 28 3D 0C ED 3A 9F 00
10:56:24.135 [TX CF9] 67 29 BD 03 21 DB 46 26
10:56:24.146 [TX CF10] 67 2A 58 89 BD E6 67 26
10:56:24.156 [TX CF11] 67 2B C3 57 66 F4 28 37
10:56:24.166 [TX CF12] 67 2C 42 61 26 C0 D5 63
10:56:24.177 [TX CF13] 67 2D 97 69 10 F6 00 84
10:56:24.188 [TX CF14] 67 2E 36 5F FA 83 04 BA
10:56:24.199 [TX CF15] 67 2F 2D 34 32 19 5A 63
10:56:24.209 [TX CF0] 67 20 19 1B C2 CF 0F 0F
10:56:24.219 [TX CF1] 67 21 FA C1 88 5D E1 D3
10:56:24.230 [TX CF2] 67 22 FF 70 29 90 29 3C
10:56:24.240 [TX CF3] 67 23 03 30 D9 00 03 83
10:56:24.252 [TX CF4] 67 24 FF 09 88 B2 2C C3
10:56:24.264 [TX CF5] 67 25 8F 06 DA 19 DF F3
10:56:24.276 [TX CF6] 67 26 71 04 9E 18 3F 04
10:56:24.287 [TX CF7] 67 27 06 4A EB C8 4E 80
10:56:24.297 [TX CF8] 67 28 0F 07 E6 53 39 0D
10:56:24.308 [TX CF9] 67 29 94 5A 0B 7F 21 96
10:56:24.319 [TX CF10] 67 2A 4C 9C 06 8A 43 64
10:56:24.331 [TX CF11] 67 2B CF 9C 2C D5 4C 23
10:56:24.341 [TX CF12] 67 2C 3C 3C B7 FC 70 94
10:56:24.352 [TX CF13] 67 2D E2 84 BA 42 40 C8
10:56:24.362 [TX CF14] 67 2E 02 0F 00 87 C3 5B
10:56:24.374 [TX CF15] 67 2F D0 74 46 B8 59 EA
10:56:24.386 [TX CF0] 67 20 90 74 50 12 88 1F
10:56:24.396 [TX CF1] 67 21 44 04 80 D7 01 72
10:56:24.408 [TX CF2] 67 22 00 74 06 B9 60 47
10:56:24.418 [TX CF3] 67 23 A1 B4 90 1F 65 05
10:56:24.428 [TX CF4] 67 24 1A 43 25 1B 41 25
10:56:24.439 [TX CF5] 67 25 1B A0 48 40 71 C4
10:56:24.450 [TX CF6] 67 26 BE 41 26 AA 68 2F
10:56:24.460 [TX CF7] 67 27 39 9A 48 D1 0F 0E
10:56:24.471 [TX CF8] 67 28 19 A6 94 0F FE 26
10:56:24.481 [TX CF9] 67 29 02 C5 49 89 48 B1
10:56:24.493 [TX CF10] 67 2A 77 8C 1D C4 AE 84
10:56:24.504 [TX CF11] 67 2B 0E ED 89 8E B7 D0
10:56:24.515 [TX CF12] 67 2C A9 47 BE FD 19 09
10:56:24.526 [TX CF13] 67 2D 38 18 33 3C 1F F7
10:56:24.537 [TX CF14] 67 2E DF D5 FF AD 52 13
10:56:24.548 [TX CF15] 67 2F 00 1E 90 38 E0 4C
10:56:24.558 [TX CF0] 67 20 42 60 3F 86 33 D0
10:56:24.569 [TX CF1] 67 21 B4 5E 5D 98 40 FA
10:56:24.579 [TX CF2] 67 22 BE 1D 91 C0 01 1E
10:56:24.589 [TX CF3] 67 23 16 3F FA 79 28 94
10:56:24.600 [TX CF4] 67 24 B3 E1 DB 9A 18 01
10:56:24.610 [TX CF5] 67 25 1F A5 07 E8 12 34
10:56:24.622 [TX CF6] 67 26 9D 8F A5 82 F4 60
10:56:24.632 [TX CF7] 67 27 D2 08 27 80 DC 80
10:56:24.643 [TX CF8] 67 28 EF 0B 85 50 2D 84
10:56:24.654 [TX CF9] 67 29 1C 10 1C 16 40 46
10:56:24.665 [TX CF10] 67 2A C8 A2 84 9C 5D 0B
10:56:24.676 [TX CF11] 67 2B 7D 01 32 13 C9 A2
10:56:24.686 [TX CF12] 67 2C 8D 1E 95 97 CE 24
10:56:24.697 [TX CF13] 67 2D CB 55 48 80 DA 29
10:56:24.707 [TX CF14] 67 2E 31 C8 0D 82 DF 4D
10:56:24.718 [TX CF15] 67 2F 81 49 A7 94 F3 A2
10:56:24.729 [TX CF0] 67 20 12 8A E4 0E 51 31
10:56:24.739 [TX CF1] 67 21 ED A2 D0 9A 48 B5
10:56:24.749 [TX CF2] 67 22 35 48 14 82 75 22
10:56:24.760 [TX CF3] 67 23 D5 13 C0 91 C4 C9
10:56:24.771 [TX CF4] 67 24 80 48 B5 63 B0 24
10:56:24.783 [TX CF5] 67 25 52 F9 1F A8 9A 04
10:56:24.793 [TX CF6] 67 26 92 62 81 86 25 2A
10:56:24.805 [TX CF7] 67 27 80 F6 D0 C8 20 10
10:56:24.815 [TX CF8] 67 28 16 E1 69 AE 5E E3
10:56:24.826 [TX CF9] 67 29 B9 CA 35 2E 01 5A
10:56:24.837 [TX CF10] 67 2A 06 43 63 A3 66 90
10:56:24.847 [TX CF11] 67 2B 40 50 A0 5D 05 1C
10:56:24.857 [TX CF12] 67 2C 03 DC 3E 7F EB C4
10:56:24.868 [TX CF13] 67 2D 74 C7 80 53 0A 8C
10:56:24.879 [TX CF14] 67 2E 62 93 00 A0 57 28
10:56:24.889 [TX CF15] 67 2F 06 30 D1 D9 40 8C
10:56:24.901 [TX CF0] 67 20 B0 F8 36 51 29 47
10:56:24.912 [TX CF1] 67 21 BF B7 3C 9A DD A3
10:56:24.924 [TX CF2] 67 22 DC 6E 89 E3 0F FB
10:56:24.935 [TX CF3] 67 23 70 08 07 05 AB 09
10:56:24.947 [TX CF4] 67 24 E5 0C 41 E8 5A 60
10:56:24.957 [TX CF5] 67 25 AC 09 2C 6A 91 40
10:56:24.968 [TX CF6] 67 26 C4 5A 68 D0 8C 05
10:56:24.978 [TX CF7] 67 27 FE 4D 08 93 94 50
10:56:24.989 [TX CF8] 67 28 25 A1 04 22 81 DA
10:56:24.999 [TX CF9] 67 29 3B 61 6D 8F 7E 13
10:56:25.010 [TX CF10] 67 2A 30 92 34 E1 0A 40
10:56:25.020 [TX CF11] 67 2B BC 1A 50 85 F4 30
10:56:25.031 [TX CF12] 67 2C 46 08 1F 40 DA 28
10:56:25.042 [TX CF13] 67 2D D0 0C 47 E6 04 53
10:56:25.052 [TX CF14] 67 2E 5A 9F FE 72 20 93
10:56:25.062 [TX CF15] 67 2F 43 CC 40 82 FD 30
10:56:25.073 [TX CF0] 67 20 A0 3F DA 29 21 36
10:56:25.084 [TX CF1] 67 21 29 8F 3D FF 75 BC
10:56:25.095 [TX CF2] 67 22 F0 4E 2A 6B 0B 82
10:56:25.106 [TX CF3] 67 23 E6 1F F7 F9 34 86
10:56:25.117 [TX CF4] 67 24 F1 AB 09 F9 08 07
10:56:25.128 [TX CF5] 67 25 74 30 87 C3 69 44
10:56:25.139 [TX CF6] 67 26 84 40 64 51 0A 04
10:56:25.150 [TX CF7] 67 27 06 47 43 A0 4A 69
10:56:25.160 [TX CF8] 67 28 B2 68 0C D2 37 A4
10:56:25.171 [TX CF9] 67 29 80 4B 23 32 F9 2D
10:56:25.181 [TX CF10] 67 2A 96 BB 03 96 D1 CF
10:56:25.191 [TX CF11] 67 2B E0 49 65 D2 6D 2D
10:56:25.202 [TX CF12] 67 2C 56 CF 7E CF C9 A7
10:56:25.213 [TX CF13] 67 2D D4 0B 32 CA 07 44
10:56:25.223 [TX CF14] 67 2E 1D 08 0C A6 3F D0
10:56:25.235 [TX CF15] 67 2F 9D F8 28 30 0B 0C
10:56:25.246 [TX CF0] 67 20 60 00 86 36 A9 59
10:56:25.256 [TX CF1] 67 21 66 43 89 AE 3A 10
10:56:25.268 [TX CF2] 67 22 87 F4 60 72 2F 05
10:56:25.278 [TX CF3] 67 23 E5 80 84 86 FD 49
10:56:25.289 [TX CF4] 67 24 83 52 61 D2 1B B5
10:56:25.299 [TX CF5] 67 25 86 FD 0A A0 64 28
10:56:25.309 [TX CF6] 67 26 52 7E 87 F2 44 D4
10:56:25.319 [TX CF7] 67 27 C2 21 43 B0 08 A0
10:56:25.330 [TX CF8] 67 28 F0 35 10 81 48 B8
10:56:25.340 [TX CF9] 67 29 54 08 55 0E C5 76
10:56:25.351 [TX CF10] 67 2A 4B 40 4F 41 3E 87
10:56:25.362 [TX CF11] 67 2B 16 81 AE A1 B2 50
10:56:25.372 [TX CF12] 67 2C A0 09 70 66 81 25
10:56:25.383 [TX CF13] 67 2D A1 55 40 88 60 AB
10:56:25.394 [TX CF14] 67 2E 9F C9 2C 56 80 E0
10:56:25.405 [TX CF15] 67 2F 43 0B 54 AC 37 A2
10:56:25.416 [TX CF0] 67 20 91 60 19 F0 11 41
10:56:25.426 [TX CF1] 67 21 B0 5F BB 2C 08 28
10:56:25.438 [TX CF2] 67 22 76 1B B3 F7 00 76
10:56:25.449 [TX CF3] 67 23 00 3C 1A 78 7C 37
10:56:25.460 [TX CF4] 67 24 8B E4 2A 10 F5 E6
10:56:25.471 [TX CF5] 67 25 10 18 21 7C 03 BA
10:56:25.481 [TX CF6] 67 26 3D 37 56 13 0D A4
10:56:25.491 [TX CF7] 67 27 DA 95 03 80 C6 23
10:56:25.502 [TX CF8] 67 28 58 08 04 42 31 2F
10:56:25.513 [TX CF9] 67 29 70 43 03 95 4F 3B
10:56:25.525 [TX CF10] 67 2A 70 A8 04 13 A1 02
10:56:25.535 [TX CF11] 67 2B 94 AA 70 81 CA 62
10:56:25.545 [TX CF12] 67 2C BD 09 7B 6E 0B F5
10:56:25.555 [TX CF13] 67 2D 4A 0D 52 87 40 99
10:56:25.566 [TX CF14] 67 2E 30 48 A5 52 3E 12
10:56:25.576 [TX CF15] 67 2F D0 09 1C 91 EE 0E
10:56:25.588 [TX CF0] 67 20 01 05 09 63 0A 13
10:56:25.598 [TX CF1] 67 21 20 07 E4 14 0A 04
10:56:25.609 [TX CF2] 67 22 8A 35 43 A1 5D 90
10:56:25.620 [TX CF3] 67 23 48 42 9F 76 C8 1F
10:56:25.630 [TX CF4] 67 24 F1 C0 E4 72 A9 24
10:56:25.640 [TX CF5] 67 25 0E AA D6 42 57 24
10:56:25.651 [TX CF6] 67 26 82 57 62 8E 20 24
10:56:25.662 [TX CF7] 67 27 B4 4A AC B0 0F 0C
10:56:25.672 [TX CF8] 67 28 B6 47 C3 AE 46 A8
10:56:25.682 [TX CF9] 67 29 00 C4 1F 48 40 FC
10:56:25.693 [TX CF10] 67 2A 0F DD 28 77 69 74
10:56:25.704 [TX CF11] 67 2B 8B 03 54 98 3A A1
10:56:25.715 [TX CF12] 67 2C 5E A9 10 DA 70 A0
10:56:25.726 [TX CF13] 67 2D FD 28 7C 3E 97 40
10:56:25.737 [TX CF14] 67 2E 84 41 20 32 07 84
10:56:25.748 [TX CF15] 67 2F 31 87 8C 00 C8 60
10:56:25.758 [TX CF0] 67 20 72 B8 77 6E 07 7E
10:56:25.769 [TX CF1] 67 21 90 49 3A 87 5C 28
10:56:25.781 [TX CF2] 67 22 70 4B B4 22 47 D3
10:56:25.792 [TX CF3] 67 23 A0 00 F0 64 E1 01
10:56:25.803 [TX CF4] 67 24 E8 00 B0 57 E1 9A
10:56:25.815 [TX CF5] 67 25 A1 C4 E0 01 0C 22
10:56:25.826 [TX CF6] 67 26 01 28 57 38 C5 13
10:56:25.837 [TX CF7] 67 27 78 5D 04 90 BA D3
10:56:25.849 [TX CF8] 67 28 80 42 E9 10 A9 4C
10:56:25.861 [TX CF9] 67 29 13 A5 0A A4 24 91
10:56:25.871 [TX CF10] 67 2A 8C 0F 30 A0 56 9D
10:56:25.883 [TX CF11] 67 2B C8 4E 36 A8 5C 20
10:56:25.894 [TX CF12] 67 2C D4 DD 06 CA 05 F0
10:56:25.904 [TX CF13] 67 2D FF 7F 05 58 5A 2A
10:56:25.916 [TX CF14] 67 2E 46 5C 63 82 DC 21
10:56:25.928 [TX CF15] 67 2F 52 8F AF 4E 62 9A
10:56:25.939 [TX CF0] 67 20 0D D6 94 43 6B 05
10:56:25.951 [TX CF1] 67 21 A6 48 2F 0A 7C 3B
10:56:25.962 [TX CF2] 67 22 FF F5 46 03 6C 3B
10:56:25.973 [TX CF3] 67 23 9F FD 00 E0 1E CF
10:56:25.984 [TX CF4] 67 24 FE 21 BD D0 2F 21
10:56:25.994 [TX CF5] 67 25 76 A1 09 E9 44 A9
10:56:26.005 [TX CF6] 67 26 31 3A 54 42 B9 42
10:56:26.016 [TX CF7] 67 27 78 82 DE 42 11 18
10:56:26.026 [TX CF8] 67 28 D0 0A C0 AF 08 D1
10:56:26.038 [TX CF9] 67 29 90 2F 90 4E 21 0E
10:56:26.050 [TX CF10] 67 2A A6 42 CF 80 C3 69
10:56:26.060 [TX CF11] 67 2B E3 64 B8 1F F9 4C
10:56:26.071 [TX CF12] 67 2C 03 41 31 DC 50 A0
10:56:26.083 [TX CF13] 67 2D DD 08 55 2B 01 18
10:56:26.094 [TX CF14] 67 2E D2 48 AA 50 1A 85
10:56:26.105 [TX CF15] 67 2F 0F 00 F3 C3 C0 E3
10:56:26.116 [TX CF0] 67 20 81 42 81 99 01 82
10:56:26.126 [TX CF1] 67 21 09 8C 3D 6A 60 46
10:56:26.137 [TX CF2] 67 22 89 6D 13 70 EC 93
10:56:26.147 [TX CF3] 67 23 70 8C D2 81 7E 17
10:56:26.157 [TX CF4] 67 24 78 2F 50 1E 61 1E
10:56:26.167 [TX CF5] 67 25 A4 C7 C7 C4 EA 88
10:56:26.178 [TX CF6] 67 26 24 C6 A9 91 7A 6C
10:56:26.188 [TX CF7] 67 27 0E 4D 2F 80 6A A6
10:56:26.199 [TX CF8] 67 28 E4 5C B1 BF F8 BD
10:56:26.211 [TX CF9] 67 29 27 11 42 84 74 22
10:56:26.221 [TX CF10] 67 2A D4 9A 41 2E 01 3A
10:56:26.231 [TX CF11] 67 2B 10 CC 1C 85 24 85
10:56:26.242 [TX CF12] 67 2C 06 87 88 26 07 78
10:56:26.252 [TX CF13] 67 2D C0 0D F2 BE 7F E1
10:56:26.262 [TX CF14] 67 2E C6 10 CD 28 18 BF
10:56:26.273 [TX CF15] 67 2F 90 6E 30 17 8C 46
10:56:26.285 [TX CF0] 67 20 E7 11 40 8D 4E 09
10:56:26.295 [TX CF1] 67 21 B0 E9 09 D0 F4 C9
10:56:26.306 [TX CF2] 67 22 F0 8C F4 CE 14 61
10:56:26.317 [TX CF3] 67 23 CA 14 A5 CB C7 4F
10:56:26.327 [TX CF4] 67 24 18 60 36 B0 19 53
10:56:26.337 [TX CF5] 67 25 29 08 11 EC 18 2F
10:56:26.348 [TX CF6] 67 26 81 A1 84 13 C1 01
10:56:26.358 [TX CF7] 67 27 95 C0 BA 2B FC 0D
10:56:26.368 [TX CF8] 67 28 D8 C8 95 D8 50 FF
10:56:26.378 [TX CF9] 67 29 90 1D E8 D5 08 E4
10:56:26.389 [TX CF10] 67 2A 02 97 1E CD D0 7B
10:56:26.399 [TX CF11] 67 2B 74 3E DC 3E 43 00
10:56:26.410 [TX CF12] 67 2C FE FD F3 3F 81 D6
10:56:26.420 [TX CF13] 67 2D 03 54 04 E8 40 4F
10:56:26.432 [TX CF14] 67 2E E0 21 50 6D C3 04
10:56:26.444 [TX CF15] 67 2F A5 6B 24 75 8A 1C
10:56:26.455 [TX CF0] 67 20 50 B3 04 D2 10 BB
10:56:26.467 [TX CF1] 67 21 03 EF 4E FD 10 A0
10:56:26.477 [TX CF2] 67 22 1D 61 D0 86 1D B0
10:56:26.488 [TX CF3] 67 23 3D 20 85 C3 0F F8
10:56:26.498 [TX CF4] 67 24 81 6F 52 0B 10 D0
10:56:26.509 [TX CF5] 67 25 80 49 C5 98 53 52
10:56:26.521 [TX CF6] 67 26 B8 53 BC 05 24 3E
10:56:26.531 [TX CF7] 67 27 11 CF F4 A3 11 70
10:56:26.542 [TX CF8] 67 28 C2 5A 31 1B 0C 20
10:56:26.552 [TX CF9] 67 29 D3 09 85 73 F6 E9
10:56:26.562 [TX CF10] 67 2A 02 81 28 BD 0F F0
10:56:26.573 [TX CF11] 67 2B 82 30 01 84 50 E4
10:56:26.584 [TX CF12] 67 2C 12 1B 85 53 EE 9B
10:56:26.595 [TX CF13] 67 2D 96 10 9D 9D 2D 8C
10:56:26.605 [TX CF14] 67 2E 83 81 46 4F 61 71
10:56:26.615 [TX CF15] 67 2F 70 80 D6 87 01 07
10:56:26.626 [TX CF0] 67 20 C0 43 DA E8 28 D2
10:56:26.637 [TX CF1] 67 21 98 40 34 93 08 3D
10:56:26.647 [TX CF2] 67 22 C2 73 49 84 DA 31
10:56:26.657 [TX CF3] 67 23 37 8A 0D C0 9C 86
10:56:26.668 [TX CF4] 67 24 B2 6D 0A 9A C0 A5
10:56:26.678 [TX CF5] 67 25 9C CE 99 3F 02 E2
10:56:26.690 [TX CF6] 67 26 13 2A 5B B2 0D 64
10:56:26.701 [TX CF7] 67 27 96 D9 43 8D C6 63
10:56:26.712 [TX CF8] 67 28 98 D2 72 11 CC 2A
10:56:26.723 [TX CF9] 67 29 0B 0A D4 D2 C9 78
10:56:26.733 [TX CF10] 67 2A B6 D1 A5 97 0A D4
10:56:26.744 [TX CF11] 67 2B 92 39 5D B2 C7 3D
10:56:26.755 [TX CF12] 67 2C DB 28 84 B9 DB 83
10:56:26.765 [TX CF13] 67 2D 19 0B 7D 1A 7F 78
10:56:26.776 [TX CF14] 67 2E 5C A1 BE A1 44 0F
10:56:26.786 [TX CF15] 67 2F E0 49 2B 92 5A ED
10:56:26.797 [TX CF0] 67 20 75 BF 04 4F A3 2A
10:56:26.807 [TX CF1] 67 21 99 CC 97 D0 CB 28
10:56:26.818 [TX CF2] 67 22 6C 0C 2B 95 51 0E
10:56:26.830 [TX CF3] 67 23 04 C0 21 32 15 2A
10:56:26.842 [TX CF4] 67 24 0C 4C 16 FF FF FF
10:56:26.862 [RX SF ] 67 02 76 08 FF FF FF FF
10:56:26.862 [RX    ] 76 08
10:56:26.863 [PASS  ] TransferData block=8 | expected: 76 ... | received: 76 08
10:56:26.874 ------------------------------------------------------------------------
10:56:26.874 [STEP  ] 0x36 block=9  offset=16320/45254  (36%)
10:56:26.875 [TX TransferData block=9 len=2040] 36 09 08 58 03 10 D0 B0 B1 88 CD 28 23 0D 6A 41...
10:56:26.876 [TX FF ] 67 17 FA 36 09 08 58 03
10:56:26.886 [TX CF1] 67 21 10 D0 B0 B1 88 CD
10:56:26.896 [TX CF2] 67 22 28 23 0D 6A 41 1D
10:56:26.908 [TX CF3] 67 23 AA 2C 12 82 C0 0C
10:56:26.918 [TX CF4] 67 24 18 60 A0 11 28 C5
10:56:26.930 [TX CF5] 67 25 4A 01 89 8C 45 51
10:56:26.941 [TX CF6] 67 26 50 D0 E8 7D 28 C5
10:56:26.953 [TX CF7] 67 27 4F 19 0B C0 64 F1
10:56:26.964 [TX CF8] 67 28 94 BC 04 52 01 92
10:56:26.975 [TX CF9] 67 29 9A 48 F1 18 B7 E2
10:56:26.987 [TX CF10] 67 2A 17 9C 5D C6 C7 79
10:56:26.997 [TX CF11] 67 2B E5 DC 61 D7 AF C4
10:56:27.009 [TX CF12] 67 2C 8E 67 40 D3 5E 7E
10:56:27.019 [TX CF13] 67 2D F0 7F FC 3E 3E 9E
10:56:27.031 [TX CF14] 67 2E 82 47 D2 AE 54 A1
10:56:27.042 [TX CF15] 67 2F 10 60 24 33 BA 1C
10:56:27.054 [TX CF0] 67 20 2E E5 0A 91 42 29
10:56:27.065 [TX CF1] 67 21 7C 06 34 15 82 FE
10:56:27.076 [TX CF2] 67 22 19 AF C8 4E 03 42
10:56:27.086 [TX CF3] 67 23 14 BF FC 82 EC 74
10:56:27.097 [TX CF4] 67 24 4A 59 0E 29 60 8F
10:56:27.107 [TX CF5] 67 25 49 54 83 8F 0E 03
10:56:27.119 [TX CF6] 67 26 79 04 68 09 48 24
10:56:27.130 [TX CF7] 67 27 BA CA 67 A1 2E 0D
10:56:27.140 [TX CF8] 67 28 E3 FB AB A4 40 2D
10:56:27.152 [TX CF9] 67 29 10 03 3A 10 6B AF
10:56:27.162 [TX CF10] 67 2A 55 D1 95 C3 FB 26
10:56:27.173 [TX CF11] 67 2B 80 62 26 D3 0C 66
10:56:27.184 [TX CF12] 67 2C 9E 92 2A 42 61 84
10:56:27.195 [TX CF13] 67 2D 76 62 A5 07 E1 83
10:56:27.206 [TX CF14] 67 2E 99 5F FA 10 7A 47
10:56:27.217 [TX CF15] 67 2F 56 40 EE 82 60 88
10:56:27.228 [TX CF0] 67 20 C1 B5 84 2A 85 11
10:56:27.239 [TX CF1] 67 21 E8 22 40 C4 4C 79
10:56:27.250 [TX CF2] 67 22 38 BC E5 2A 25 68
10:56:27.260 [TX CF3] 67 23 89 63 32 34 2A BF
10:56:27.270 [TX CF4] 67 24 4A 05 7F FE C8 62
10:56:27.280 [TX CF5] 67 25 34 08 0D DD 3A 84
10:56:27.291 [TX CF6] 67 26 2A 87 02 BB C0 B1
10:56:27.302 [TX CF7] 67 27 90 09 0C 51 13 05
10:56:27.312 [TX CF8] 67 28 FF 24 F6 86 29 D0
10:56:27.323 [TX CF9] 67 29 C9 AB 01 7C 60 7F
10:56:27.335 [TX CF10] 67 2A 83 11 32 E9 62 DF
10:56:27.345 [TX CF11] 67 2B 58 50 5F 70 48 40
10:56:27.355 [TX CF12] 67 2C 18 44 44 10 5D FF
10:56:27.366 [TX CF13] 67 2D 6A 70 5F D9 3D 70
10:56:27.376 [TX CF14] 67 2E 74 60 E0 C2 91 FF
10:56:27.387 [TX CF15] 67 2F 9A 78 38 38 BC 43
10:56:27.398 [TX CF0] 67 20 E6 18 9E 33 32 48
10:56:27.408 [TX CF1] 67 21 83 A4 FC 40 0E 8B
10:56:27.419 [TX CF2] 67 22 F4 58 47 80 0A 86
10:56:27.429 [TX CF3] 67 23 2A 85 24 03 5B 1C
10:56:27.440 [TX CF4] 67 24 F0 3D 32 A0 5F E0
10:56:27.451 [TX CF5] 67 25 12 88 BF 42 81 1E
10:56:27.462 [TX CF6] 67 26 7B E5 48 BB C0 20
10:56:27.472 [TX CF7] 67 27 D1 1E 88 11 28 0C
10:56:27.483 [TX CF8] 67 28 82 23 7F 51 61 10
10:56:27.493 [TX CF9] 67 29 BB 84 10 4D E1 11
10:56:27.504 [TX CF10] 67 2A 04 40 4D 02 80 21
10:56:27.514 [TX CF11] 67 2B 41 3F 90 8B 0F 78
10:56:27.524 [TX CF12] 67 2C 8E 38 0E 56 DB 4F
10:56:27.535 [TX CF13] 67 2D 3E 60 E4 C2 40 A6
10:56:27.546 [TX CF14] 67 2E 80 44 08 A5 09 0D
10:56:27.557 [TX CF15] 67 2F 51 E9 85 6A 61 41
10:56:27.569 [TX CF0] 67 20 BC 56 A4 5A 3A E5
10:56:27.579 [TX CF1] 67 21 2A 39 D5 5C C1 2D
10:56:27.589 [TX CF2] 67 22 96 04 F0 A1 4B 3A
10:56:27.599 [TX CF3] 67 23 14 B8 07 8E 31 5D
10:56:27.610 [TX CF4] 67 24 C6 D8 63 14 A9 1F
10:56:27.620 [TX CF5] 67 25 26 B9 6B A3 46 6E
10:56:27.630 [TX CF6] 67 26 14 25 5C 16 88 55
10:56:27.642 [TX CF7] 67 27 E2 A7 06 80 75 38
10:56:27.654 [TX CF8] 67 28 22 90 24 36 1A E6
10:56:27.666 [TX CF9] 67 29 26 0F 89 87 DA A8
10:56:27.676 [TX CF10] 67 2A D1 2B C4 4A 0F 4A
10:56:27.687 [TX CF11] 67 2B EA 0E B2 02 E1 3B
10:56:27.697 [TX CF12] 67 2C E8 0F 32 E9 C1 D0
10:56:27.709 [TX CF13] 67 2D 98 72 A0 FD 28 7B
10:56:27.720 [TX CF14] 67 2E D7 0A 8D 02 17 42
10:56:27.730 [TX CF15] 67 2F 98 BD E0 BE 52 61
10:56:27.742 [TX CF0] 67 20 1C 98 3D 87 19 2A
10:56:27.752 [TX CF1] 67 21 EA D2 63 92 94 00
10:56:27.763 [TX CF2] 67 22 3D 0F 3C 07 3B 01
10:56:27.773 [TX CF3] 67 23 93 E0 6F 13 93 0C
10:56:27.784 [TX CF4] 67 24 3F E5 38 38 2B 84
10:56:27.796 [TX CF5] 67 25 02 46 47 42 14 0B
10:56:27.806 [TX CF6] 67 26 05 89 93 B9 0D 5C
10:56:27.818 [TX CF7] 67 27 DA E1 78 9C 15 F0
10:56:27.829 [TX CF8] 67 28 E8 EE FC 2F 4C A3
10:56:27.840 [TX CF9] 67 29 52 1A 0D 79 43 86
10:56:27.852 [TX CF10] 67 2A 02 BD 81 A1 40 FA
10:56:27.863 [TX CF11] 67 2B 13 F7 54 3C 0C 64
10:56:27.875 [TX CF12] 67 2C C2 E1 30 BC 06 B0
10:56:27.885 [TX CF13] 67 2D 28 A1 A4 F0 86 F0
10:56:27.895 [TX CF14] 67 2E 2B E1 A8 F0 D2 63
10:56:27.918 [TX CF15] 67 2F D6 14 D0 03 90 54
10:56:27.930 [TX CF0] 67 20 D9 5A 68 D0 9B C0
10:56:27.941 [TX CF1] 67 21 E7 20 B2 12 09 16
10:56:27.952 [TX CF2] 67 22 86 A9 32 01 81 88
10:56:27.962 [TX CF3] 67 23 C1 5F 7A 50 78 67
10:56:27.972 [TX CF4] 67 24 57 07 7D 25 61 1A
10:56:27.982 [TX CF5] 67 25 25 C1 75 FE B6 E1
10:56:27.993 [TX CF6] 67 26 C1 DD 49 98 70 AE
10:56:28.004 [TX CF7] 67 27 B0 2B B6 22 47 E2
10:56:28.016 [TX CF8] 67 28 A8 50 70 7C 2B EC
10:56:28.026 [TX CF9] 67 29 02 55 45 E8 50 82
10:56:28.036 [TX CF10] 67 2A 80 46 8D 58 60 71
10:56:28.047 [TX CF11] 67 2B B9 2D 94 9E 97 53
10:56:28.057 [TX CF12] 67 2C A1 D6 A3 1C 09 1C
10:56:28.069 [TX CF13] 67 2D 6E 04 DB C2 17 D0
10:56:28.079 [TX CF14] 67 2E 38 65 1E 80 45 A8
10:56:28.089 [TX CF15] 67 2F 19 EA 14 2F A3 1D
10:56:28.101 [TX CF0] 67 20 A1 42 7A 2D 40 2B
10:56:28.111 [TX CF1] 67 21 70 26 7E 02 8C 0E
10:56:28.122 [TX CF2] 67 22 59 2E 80 8F 1D 21
10:56:28.133 [TX CF3] 67 23 97 F4 22 50 C8 94
10:56:28.144 [TX CF4] 67 24 12 A5 19 A9 46 89
10:56:28.155 [TX CF5] 67 25 90 62 26 71 95 64
10:56:28.166 [TX CF6] 67 26 0C 7C 2C 01 C4 2E
10:56:28.177 [TX CF7] 67 27 D3 18 35 FA EC CD
10:56:28.189 [TX CF8] 67 28 82 B7 59 40 0F 8A
10:56:28.199 [TX CF9] 67 29 A9 C0 6F C4 64 20
10:56:28.210 [TX CF10] 67 2A 37 69 D0 0E 0D 96
10:56:28.221 [TX CF11] 67 2B 5B 1B B1 A1 47 3A
10:56:28.231 [TX CF12] 67 2C 59 1C 69 AD 01 EE
10:56:28.241 [TX CF13] 67 2D 04 10 0F D8 56 8F
10:56:28.251 [TX CF14] 67 2E E0 46 8F F8 60 6F
10:56:28.263 [TX CF15] 67 2F B0 20 94 26 64 30
10:56:28.275 [TX CF0] 67 20 B8 5E 0D F7 FF 29
10:56:28.286 [TX CF1] 67 21 2C A1 33 F3 91 90
10:56:28.296 [TX CF2] 67 22 E0 DD 66 1E 7D 05
10:56:28.306 [TX CF3] 67 23 2F 8B E7 80 6F DC
10:56:28.316 [TX CF4] 67 24 8B 78 96 38 25 F0
10:56:28.328 [TX CF5] 67 25 50 01 76 EF F9 FA
10:56:28.339 [TX CF6] 67 26 10 94 8A 12 1F 3D
10:56:28.351 [TX CF7] 67 27 22 F1 C0 83 C0 73
10:56:28.361 [TX CF8] 67 28 03 7C 32 07 88 1D
10:56:28.372 [TX CF9] 67 29 A0 C3 BF 82 94 B0
10:56:28.383 [TX CF10] 67 2A D0 7D B4 3E 08 BA
10:56:28.394 [TX CF11] 67 2B 03 B7 0C F3 DA 28
10:56:28.406 [TX CF12] 67 2C CE B4 20 85 90 3B
10:56:28.416 [TX CF13] 67 2D 70 D5 14 79 1D 0E
10:56:28.427 [TX CF14] 67 2E 26 BB 88 A1 4F FA
10:56:28.437 [TX CF15] 67 2F 29 F4 86 C8 17 D2
10:56:28.449 [TX CF0] 67 20 85 75 44 99 0A D2
10:56:28.459 [TX CF1] 67 21 82 08 E0 30 81 21
10:56:28.470 [TX CF2] 67 22 B0 55 2C 18 C0 DE
10:56:28.481 [TX CF3] 67 23 10 9F 04 21 31 02
10:56:28.493 [TX CF4] 67 24 B8 01 5C 22 34 95
10:56:28.503 [TX CF5] 67 25 CA C7 2C 18 44 E2
10:56:28.515 [TX CF6] 67 26 09 DC BB 9F B4 0E
10:56:28.527 [TX CF7] 67 27 13 8B 46 02 33 80
10:56:28.538 [TX CF8] 67 28 C4 DE A9 34 1A 1D
10:56:28.549 [TX CF9] 67 29 A2 11 08 8C 24 40
10:56:28.561 [TX CF10] 67 2A 80 FC 2E 5F BB C5
10:56:28.573 [TX CF11] 67 2B 25 4E 84 3F B1 A0
10:56:28.583 [TX CF12] 67 2C 2E 41 00 AF 4C 30
10:56:28.594 [TX CF13] 67 2D B5 31 4A CA 54 B0
10:56:28.606 [TX CF14] 67 2E 10 7C 04 3D 5B A7
10:56:28.616 [TX CF15] 67 2F 27 CD 08 A3 7B 54
10:56:28.626 [TX CF0] 67 20 A1 DB 54 D1 C0 3A
10:56:28.638 [TX CF1] 67 21 18 21 48 6A 95 96
10:56:28.648 [TX CF2] 67 22 1F AD 41 58 20 AB
10:56:28.659 [TX CF3] 67 23 7D 5F 0A D7 6C AA
10:56:28.670 [TX CF4] 67 24 E0 7A BA EA 99 5F
10:56:28.682 [TX CF5] 67 25 EE A8 BE 06 08 BF
10:56:28.692 [TX CF6] 67 26 07 41 19 60 21 05
10:56:28.702 [TX CF7] 67 27 C0 ED FC F0 88 07
10:56:28.713 [TX CF8] 67 28 E3 CE DA 4A FA B2
10:56:28.724 [TX CF9] 67 29 C1 3F 4D EF CC A2
10:56:28.735 [TX CF10] 67 2A DA F8 EB 0D 29 85
10:56:28.746 [TX CF11] 67 2B 29 93 1C C1 50 7A
10:56:28.756 [TX CF12] 67 2C B1 F5 85 EB 4E A9
10:56:28.768 [TX CF13] 67 2D 4D B9 E6 2B AA 7C
10:56:28.779 [TX CF14] 67 2E 1F A9 7B 86 18 07
10:56:28.789 [TX CF15] 67 2F 62 D8 E5 06 D4 A2
10:56:28.799 [TX CF0] 67 20 8D DD 84 B5 DF 1C
10:56:28.811 [TX CF1] 67 21 37 A1 F7 7D 62 39
10:56:28.821 [TX CF2] 67 22 41 F8 A7 EC 55 2F
10:56:28.832 [TX CF3] 67 23 81 6A 0F 83 09 59
10:56:28.842 [TX CF4] 67 24 F3 B2 FF 68 1E F4
10:56:28.852 [TX CF5] 67 25 7D B1 4C 10 02 3C
10:56:28.863 [TX CF6] 67 26 38 07 4E 6B F5 0C
10:56:28.874 [TX CF7] 67 27 03 87 6D 04 43 6B
10:56:28.885 [TX CF8] 67 28 F3 93 70 FF FD E7
10:56:28.969 [TX CF9] 67 29 3F D2 82 1F E6 14
10:56:28.980 [TX CF10] 67 2A 37 1B 85 B6 39 AC
10:56:28.992 [TX CF11] 67 2B 9A 40 A5 B0 0E 95
10:56:29.003 [TX CF12] 67 2C AF CB 03 D8 7C 37
10:56:29.014 [TX CF13] 67 2D A9 7C 60 1F FF FE
10:56:29.026 [TX CF14] 67 2E E6 0A 34 48 68 04
10:56:29.037 [TX CF15] 67 2F 0C 6E 0C 06 04 38
10:56:29.048 [TX CF0] 67 20 44 6F 84 0A 04 37
10:56:29.058 [TX CF1] 67 21 02 03 F8 DA C0 24
10:56:29.069 [TX CF2] 67 22 D3 2A 64 CE 9B FE
10:56:29.080 [TX CF3] 67 23 93 FC 1B 50 F3 BF
10:56:29.090 [TX CF4] 67 24 45 90 32 13 0D 0E
10:56:29.101 [TX CF5] 67 25 22 83 80 D0 DE 70
10:56:29.111 [TX CF6] 67 26 37 1F 0D E7 83 71
10:56:29.121 [TX CF7] 67 27 80 DE A7 34 09 15
10:56:29.133 [TX CF8] 67 28 EB A7 07 ED C3 E1
10:56:29.144 [TX CF9] 67 29 74 38 1D CA D3 8C
10:56:29.154 [TX CF10] 67 2A 80 E0 25 25 68 68
10:56:29.164 [TX CF11] 67 2B 0C 40 60 9D 54 72
10:56:29.175 [TX CF12] 67 2C 09 84 07 B8 7F 3E
10:56:29.187 [TX CF13] 67 2D F2 FF F5 D8 61 04
10:56:29.197 [TX CF14] 67 2E D6 14 31 02 5D DC
10:56:29.208 [TX CF15] 67 2F E9 FC 77 A3 B4 64
10:56:29.219 [TX CF0] 67 20 F1 FA 6C 06 4D F8
10:56:29.230 [TX CF1] 67 21 1F 03 A6 FD 4B 20
10:56:29.240 [TX CF2] 67 22 17 09 A4 70 90 0E
10:56:29.250 [TX CF3] 67 23 0B 1B 10 90 C8 A4
10:56:29.261 [TX CF4] 67 24 12 8A F4 09 6F 07
10:56:29.273 [TX CF5] 67 25 E2 41 84 B8 15 A0
10:56:29.283 [TX CF6] 67 26 AE 50 21 13 04 58
10:56:29.294 [TX CF7] 67 27 1D 19 45 F0 B3 96
10:56:29.305 [TX CF8] 67 28 83 19 1C E8 D0 68
10:56:29.316 [TX CF9] 67 29 56 1C 24 6B C1 A1
10:56:29.327 [TX CF10] 67 2A B4 A5 A0 80 4A 61
10:56:29.337 [TX CF11] 67 2B 9D 08 85 20 AE 87
10:56:29.348 [TX CF12] 67 2C AB F1 61 BC 43 69
10:56:29.359 [TX CF13] 67 2D 51 2B 46 4B 1B 6B
10:56:29.370 [TX CF14] 67 2E A3 46 B0 16 AA 34
10:56:29.381 [TX CF15] 67 2F 4B 11 8A A1 40 7A
10:56:29.391 [TX CF0] 67 20 4E 2C 3C 9E 73 2E
10:56:29.403 [TX CF1] 67 21 54 98 F2 1F 02 BA
10:56:29.413 [TX CF2] 67 22 1C AF C7 DB CE B5
10:56:29.424 [TX CF3] 67 23 C2 FE 4D 06 05 2F
10:56:29.434 [TX CF4] 67 24 E2 93 C1 96 43 92
10:56:29.444 [TX CF5] 67 25 D8 25 56 1F C1 D0
10:56:29.456 [TX CF6] 67 26 81 FF A4 16 BA 4C
10:56:29.466 [TX CF7] 67 27 2A 01 9A 99 44 EF
10:56:29.477 [TX CF8] 67 28 10 3A 04 4E E1 A3
10:56:29.738 [TX CF9] 67 29 91 54 90 40 46 21
10:56:29.749 [TX CF10] 67 2A 57 88 81 6F 0B 85
10:56:29.759 [TX CF11] 67 2B C2 8E 4F CA C7 4E
10:56:29.770 [TX CF12] 67 2C 80 C9 4A 39 54 7F
10:56:29.781 [TX CF13] 67 2D 53 0B E4 04 21 0C
10:56:29.791 [TX CF14] 67 2E D0 E4 84 D2 45 7C
10:56:29.803 [TX CF15] 67 2F 95 50 A2 3D 13 02
10:56:29.813 [TX CF0] 67 20 11 10 68 07 E8 66
10:56:29.824 [TX CF1] 67 21 37 4D 05 E8 FC 8D
10:56:29.835 [TX CF2] 67 22 0F 43 72 AC 95 21
10:56:29.846 [TX CF3] 67 23 C0 62 B4 18 19 05
10:56:29.857 [TX CF4] 67 24 FC 5D 94 86 EF 01
10:56:29.868 [TX CF5] 67 25 F0 20 70 87 74 10
10:56:29.878 [TX CF6] 67 26 88 4A 28 56 8E 84
10:56:29.890 [TX CF7] 67 27 48 DF 85 79 30 85
10:56:29.900 [TX CF8] 67 28 86 BC F0 42 25 D1
10:56:29.910 [TX CF9] 67 29 D0 62 60 12 88 A7
10:56:29.921 [TX CF10] 67 2A 41 B1 82 1F 09 57
10:56:29.931 [TX CF11] 67 2B 81 17 80 BB 24 2E
10:56:29.941 [TX CF12] 67 2C 08 84 10 99 22 70
10:56:29.952 [TX CF13] 67 2D A4 15 21 E0 63 3C
10:56:29.963 [TX CF14] 67 2E 17 6F 1F 9E 8C 86
10:56:29.973 [TX CF15] 67 2F 97 CF E7 3E E0 17
10:56:29.984 [TX CF0] 67 20 49 07 81 47 0F DF
10:56:29.994 [TX CF1] 67 21 DF 59 FA 90 23 01
10:56:30.004 [TX CF2] 67 22 8A F4 27 C4 80 5D
10:56:30.015 [TX CF3] 67 23 78 50 20 F0 32 50
10:56:30.026 [TX CF4] 67 24 12 14 F2 04 BC 2A
10:56:30.037 [TX CF5] 67 25 1F D9 1E 22 01 22
10:56:30.047 [TX CF6] 67 26 85 A9 01 E0 51 94
10:56:30.058 [TX CF7] 67 27 F8 41 A4 13 1A F0
10:56:30.069 [TX CF8] 67 28 23 08 DF 56 91 42
10:56:30.080 [TX CF9] 67 29 C0 6C A3 1E 09 9A
10:56:30.091 [TX CF10] 67 2A 86 18 0D E2 14 16
10:56:30.102 [TX CF11] 67 2B 86 65 7C A9 42 10
10:56:30.112 [TX CF12] 67 2C 18 41 BA 30 19 14
10:56:30.124 [TX CF13] 67 2D 5A 43 41 AF 29 12
10:56:30.135 [TX CF14] 67 2E B0 FF 7B 3E 7E 4C
10:56:30.146 [TX CF15] 67 2F 1B AF D5 98 DF 29
10:56:30.157 [TX CF0] 67 20 30 85 86 11 1A 17
10:56:30.168 [TX CF1] 67 21 4B A1 18 90 FC 7C
10:56:30.179 [TX CF2] 67 22 F2 7A 4C 26 D1 2A
10:56:30.190 [TX CF3] 67 23 91 62 AB D9 0A 14
10:56:30.202 [TX CF4] 67 24 17 B7 E0 C4 C9 29
10:56:30.213 [TX CF5] 67 25 4B AC 20 69 18 23
10:56:30.223 [TX CF6] 67 26 90 04 54 12 0F 06
10:56:30.234 [TX CF7] 67 27 05 77 84 27 1A E1
10:56:30.246 [TX CF8] 67 28 C2 0B D2 36 63 36
10:56:30.256 [TX CF9] 67 29 36 E0 31 C2 DF E7
10:56:30.266 [TX CF10] 67 2A 37 60 BE C9 38 D5
10:56:30.278 [TX CF11] 67 2B 65 3F 1C 3F A1 15
10:56:30.288 [TX CF12] 67 2C 50 DB FD FE 29 7A
10:56:30.299 [TX CF13] 67 2D EE F9 E1 AA CB D6
10:56:30.310 [TX CF14] 67 2E 1C 45 3F BD F5 A0
10:56:30.321 [TX CF15] 67 2F 3D D5 A8 72 9A 17
10:56:30.331 [TX CF0] 67 20 67 A0 B0 C1 6F 91
10:56:30.342 [TX CF1] 67 21 C1 61 B2 47 A4 06
10:56:30.352 [TX CF2] 67 22 B0 43 1C 38 7C 30
10:56:30.363 [TX CF3] 67 23 7F 9D FD 3A 60 D3
10:56:30.373 [TX CF4] 67 24 87 92 CC 86 C3 1E
10:56:30.384 [TX CF5] 67 25 C4 D0 79 30 F5 F2
10:56:30.396 [TX CF6] 67 26 12 18 06 0F 10 4A
10:56:30.406 [TX CF7] 67 27 40 7E 80 B5 09 67
10:56:30.417 [TX CF8] 67 28 EF 71 48 02 A1 AC
10:56:30.427 [TX CF9] 67 29 91 54 68 74 18 C2
10:56:30.438 [TX CF10] 67 2A A7 08 84 C1 6C 84
10:56:30.448 [TX CF11] 67 2B 0E F1 13 23 01 70
10:56:30.458 [TX CF12] 67 2C 85 BB C0 99 C7 EF
10:56:30.469 [TX CF13] 67 2D 1F D9 04 E2 81 64
10:56:30.480 [TX CF14] 67 2E 1C E1 27 9E 50 20
10:56:30.490 [TX CF15] 67 2F 94 38 E5 C1 DD 94
10:56:30.501 [TX CF0] 67 20 8E 8D EF 92 47 1E
10:56:30.512 [TX CF1] 67 21 B0 5C 1C 10 62 30
10:56:30.522 [TX CF2] 67 22 42 BC 2E 13 07 82
10:56:30.533 [TX CF3] 67 23 11 AA 1C 0A E1 48
10:56:30.544 [TX CF4] 67 24 48 43 01 E8 B9 50
10:56:30.554 [TX CF5] 67 25 A0 62 79 18 28 18
10:56:30.565 [TX CF6] 67 26 28 07 80 12 17 56
10:56:30.577 [TX CF7] 67 27 0D 14 8D D8 5F 07
10:56:30.587 [TX CF8] 67 28 70 E8 29 92 03 F0
10:56:30.598 [TX CF9] 67 29 12 5C 0B 72 19 FF
10:56:30.609 [TX CF10] 67 2A 42 43 8B A4 C7 24
10:56:30.620 [TX CF11] 67 2B 38 3B 16 2F 13 B2
10:56:30.630 [TX CF12] 67 2C C8 D0 A4 BD 2B 05
10:56:30.642 [TX CF13] 67 2D ED 93 84 23 A0 88
10:56:30.653 [TX CF14] 67 2E CA C3 73 80 48 C0
10:56:30.665 [TX CF15] 67 2F 18 41 89 60 B4 52
10:56:30.676 [TX CF0] 67 20 05 A1 41 03 42 0C
10:56:30.687 [TX CF1] 67 21 43 FA 0D 3F C0 0B
10:56:30.698 [TX CF2] 67 22 86 76 0C 8F C2 14
10:56:30.709 [TX CF3] 67 23 8E 0E 0F 96 62 BE
10:56:30.721 [TX CF4] 67 24 80 36 09 67 03 F2
10:56:30.732 [TX CF5] 67 25 44 B4 05 A8 70 13
10:56:30.743 [TX CF6] 67 26 F0 5F 3F 48 90 AE
10:56:30.753 [TX CF7] 67 27 92 3C 5F 8A F9 05
10:56:30.764 [TX CF8] 67 28 0B 0B C6 F3 A1 30
10:56:30.776 [TX CF9] 67 29 84 50 A0 1D 1C BA
10:56:30.787 [TX CF10] 67 2A 4C 0C 52 F7 0D 06
10:56:30.797 [TX CF11] 67 2B 0B C3 8A 55 A0 8F
10:56:30.808 [TX CF12] 67 2C 42 31 D2 11 21 40
10:56:30.819 [TX CF13] 67 2D 84 86 10 8E F4 41
10:56:30.830 [TX CF14] 67 2E 69 40 81 92 84 54
10:56:30.841 [TX CF15] 67 2F 18 20 13 50 2F 94
10:56:30.851 [TX CF0] 67 20 F3 A2 4C C4 9C 0E
10:56:30.862 [TX CF1] 67 21 5F A7 73 DE 89 F0
10:56:30.872 [TX CF2] 67 22 25 A5 24 FE 0B 50
10:56:30.884 [TX CF3] 67 23 EF 88 C3 69 20 1C
10:56:30.895 [TX CF4] 67 24 40 A4 87 FF FF FF
10:56:30.914 [RX SF ] 67 02 76 09 FF FF FF FF
10:56:30.915 [RX    ] 76 09
10:56:30.915 [PASS  ] TransferData block=9 | expected: 76 ... | received: 76 09
10:56:30.926 ------------------------------------------------------------------------
10:56:30.926 [STEP  ] 0x36 block=10  offset=18360/45254  (40%)
10:56:30.926 [TX TransferData block=10 len=2040] 36 0A 37 F0 4B 4A 6D FC 90 A1 20 94 C5 FA 10 29...
10:56:30.927 [TX FF ] 67 17 FA 36 0A 37 F0 4B
10:56:30.937 [TX CF1] 67 21 4A 6D FC 90 A1 20
10:56:30.948 [TX CF2] 67 22 94 C5 FA 10 29 4C
10:56:30.958 [TX CF3] 67 23 20 5E 02 E4 19 14
10:56:30.970 [TX CF4] 67 24 8B 13 5E 8E 48 B4
10:56:30.981 [TX CF5] 67 25 55 EC 04 6B 02 A0
10:56:30.992 [TX CF6] 67 26 83 B4 05 42 00 2E
10:56:31.003 [TX CF7] 67 27 07 93 D0 12 A4 D9
10:56:31.013 [TX CF8] 67 28 42 06 3B 9F 81 E7
10:56:31.024 [TX CF9] 67 29 AA 91 09 88 11 C1
10:56:31.036 [TX CF10] 67 2A F4 F6 C5 A8 44 12
10:56:31.046 [TX CF11] 67 2B C1 5D 0D 08 0F 92
10:56:31.056 [TX CF12] 67 2C CF 7E 29 89 78 70
10:56:31.067 [TX CF13] 67 2D 37 92 0E 11 3E 80
10:56:31.079 [TX CF14] 67 2E 6B 21 6A 30 88 2D
10:56:31.090 [TX CF15] 67 2F 01 D9 80 83 2A 40
10:56:31.101 [TX CF0] 67 20 88 14 46 77 47 CE
10:56:31.112 [TX CF1] 67 21 1A 0B A6 8A F7 E2
10:56:31.123 [TX CF2] 67 22 12 02 25 42 36 8A
10:56:31.133 [TX CF3] 67 23 81 21 0F A0 B3 0B
10:56:31.144 [TX CF4] 67 24 77 02 D7 53 12 F0
10:56:31.156 [TX CF5] 67 25 B0 49 04 22 87 20
10:56:31.167 [TX CF6] 67 26 42 01 7B F0 18 01
10:56:31.179 [TX CF7] 67 27 90 60 E6 A8 68 60
10:56:31.190 [TX CF8] 67 28 78 9B 1E 0C 1D 84
10:56:31.201 [TX CF9] 67 29 10 2C 38 65 4C 17
10:56:31.212 [TX CF10] 67 2A 9C 5E 80 A1 08 70
10:56:31.225 [TX CF11] 67 2B BC 12 DA 02 E4 23
10:56:31.236 [TX CF12] 67 2C 5D 10 BE 42 8C 2E
10:56:31.248 [TX CF13] 67 2D FE 70 CB 09 CC 27
10:56:31.259 [TX CF14] 67 2E 5E 76 4A 10 19 44
10:56:31.271 [TX CF15] 67 2F 0F A2 20 CB 83 FE
10:56:31.282 [TX CF0] 67 20 45 21 02 94 41 3A
10:56:31.293 [TX CF1] 67 21 01 14 06 1A 78 BC
10:56:31.304 [TX CF2] 67 22 E8 E4 3E 45 58 E7
10:56:31.315 [TX CF3] 67 23 83 F8 F4 BF B8 06
10:56:31.326 [TX CF4] 67 24 41 10 96 A1 13 04
10:56:31.337 [TX CF5] 67 25 A2 4B D0 8B 9B C1
10:56:31.347 [TX CF6] 67 26 92 48 68 05 08 24
10:56:31.358 [TX CF7] 67 27 36 1A F4 03 35 52
10:56:31.370 [TX CF8] 67 28 8D 60 86 00 76 E0
10:56:31.381 [TX CF9] 67 29 46 E0 2E 50 43 1C
10:56:31.391 [TX CF10] 67 2A 19 AC 49 1C 18 A7
10:56:31.402 [TX CF11] 67 2B 6E 4B 72 91 5F 24
10:56:31.413 [TX CF12] 67 2C 12 18 89 52 19 11
10:56:31.423 [TX CF13] 67 2D 06 09 53 F9 01 3E
10:56:31.433 [TX CF14] 67 2E 10 64 10 12 A5 EA
10:56:31.444 [TX CF15] 67 2F 1D F3 5C 14 03 62
10:56:31.455 [TX CF0] 67 20 09 9C 10 B8 17 32
10:56:31.466 [TX CF1] 67 21 C3 20 61 30 23 83
10:56:31.477 [TX CF2] 67 22 41 A0 34 53 56 85
10:56:31.488 [TX CF3] 67 23 81 46 8B 81 26 FA
10:56:31.498 [TX CF4] 67 24 50 3A 49 E8 08 84
10:56:31.508 [TX CF5] 67 25 62 01 01 84 29 E0
10:56:31.519 [TX CF6] 67 26 8E C2 2C 17 0A 3A
10:56:31.530 [TX CF7] 67 27 91 27 12 10 09 3C
10:56:31.540 [TX CF8] 67 28 02 49 27 A6 CB A0
10:56:31.551 [TX CF9] 67 29 10 89 B7 81 0E 0E
10:56:31.561 [TX CF10] 67 2A 0F F9 29 BC 16 30
10:56:31.572 [TX CF11] 67 2B 3F E0 82 40 25 81
10:56:31.583 [TX CF12] 67 2C FD 08 57 41 5C 82
10:56:31.593 [TX CF13] 67 2D 2B 0E F7 EE 63 78
10:56:31.605 [TX CF14] 67 2E 4A 21 0B 25 01 E0
10:56:31.616 [TX CF15] 67 2F 57 25 17 FC 7D 3C
10:56:31.626 [TX CF0] 67 20 EC D4 3F 3E 79 85
10:56:31.637 [TX CF1] 67 21 C0 FE 82 63 09 7D
10:56:31.649 [TX CF2] 67 22 C2 DF 80 B2 47 25
10:56:31.659 [TX CF3] 67 23 B1 D1 BA 0B 34 16
10:56:31.669 [TX CF4] 67 24 28 77 7A 6C 44 22
10:56:31.680 [TX CF5] 67 25 94 9C 02 B6 08 C0
10:56:31.691 [TX CF6] 67 26 7F 17 CC 0D 80 30
10:56:31.701 [TX CF7] 67 27 0A 9C 27 1B 58 7D
10:56:31.713 [TX CF8] 67 28 2F 09 00 8D C6 6B
10:56:31.723 [TX CF9] 67 29 98 88 75 35 4D 86
10:56:31.734 [TX CF10] 67 2A A8 59 86 2B 28 30
10:56:31.745 [TX CF11] 67 2B 03 A4 BC 42 B9 80
10:56:31.756 [TX CF12] 67 2C 98 EF 79 32 24 3A
10:56:31.766 [TX CF13] 67 2D 17 4F E3 29 08 3B
10:56:31.777 [TX CF14] 67 2E 00 36 12 0C 1C 18
10:56:31.787 [TX CF15] 67 2F 59 29 90 60 23 5C
10:56:31.797 [TX CF0] 67 20 A0 47 B0 14 1E 05
10:56:31.808 [TX CF1] 67 21 0F 81 0F 54 E3 14
10:56:31.819 [TX CF2] 67 22 52 E1 2C 89 B5 30
10:56:31.830 [TX CF3] 67 23 8F D2 45 88 40 93
10:56:31.840 [TX CF4] 67 24 20 48 23 D4 98 45
10:56:31.851 [TX CF5] 67 25 C1 9F 84 72 95 90
10:56:31.862 [TX CF6] 67 26 A1 3F 90 D6 D2 38
10:56:31.872 [TX CF7] 67 27 17 86 CA 11 96 D0
10:56:31.883 [TX CF8] 67 28 7A AA 46 01 B8 0A
10:56:31.893 [TX CF9] 67 29 2F 01 9E 0B 24 21
10:56:31.903 [TX CF10] 67 2A DD 06 1A 1A 6A 45
10:56:31.915 [TX CF11] 67 2B 06 F3 05 94 C0 7A
10:56:31.925 [TX CF12] 67 2C 10 49 4C 53 A3 C1
10:56:31.935 [TX CF13] 67 2D BC 90 B0 5D 60 0F
10:56:31.946 [TX CF14] 67 2E 42 01 E0 3E E1 41
10:56:31.957 [TX CF15] 67 2F B8 B8 70 CF D2 0B
10:56:31.967 [TX CF0] 67 20 08 38 D4 83 26 40
10:56:31.978 [TX CF1] 67 21 BD 39 78 C0 BA 21
10:56:31.988 [TX CF2] 67 22 30 21 98 6C 41 60
10:56:31.999 [TX CF3] 67 23 A4 5C 71 17 13 2E
10:56:32.010 [TX CF4] 67 24 10 AB 8B A6 0C 46
10:56:32.020 [TX CF5] 67 25 05 DF 8A 8E 1A E3
10:56:32.031 [TX CF6] 67 26 9C 08 07 51 AB 0A
10:56:32.042 [TX CF7] 67 27 AD 19 02 23 0A 9F
10:56:32.053 [TX CF8] 67 28 EE 08 A7 C1 F2 0D
10:56:32.064 [TX CF9] 67 29 3F F7 8C A7 CE 6F
10:56:32.076 [TX CF10] 67 2A 9A 15 AC 2F 68 27
10:56:32.088 [TX CF11] 67 2B 97 42 1A 17 9B CC
10:56:32.098 [TX CF12] 67 2C 0D 61 03 AC 17 1E
10:56:32.109 [TX CF13] 67 2D 0E 34 53 20 DE 6E
10:56:32.120 [TX CF14] 67 2E 37 9B E2 D5 28 0C
10:56:32.131 [TX CF15] 67 2F 02 F0 FF 07 71 79
10:56:32.141 [TX CF0] 67 20 81 9F E0 00 80 BA
10:56:32.152 [TX CF1] 67 21 80 04 02 EA 17 D6
10:56:32.162 [TX CF2] 67 22 1B 8B 8C E0 B1 03
10:56:32.172 [TX CF3] 67 23 84 1B C5 E5 BF 88
10:56:32.183 [TX CF4] 67 24 1C 16 FE 60 B0 6F
10:56:32.193 [TX CF5] 67 25 17 12 D4 1F 86 10
10:56:32.204 [TX CF6] 67 26 12 09 C5 C0 22 80
10:56:32.214 [TX CF7] 67 27 2D 08 04 9A 79 00
10:56:32.226 [TX CF8] 67 28 9E C0 2C 17 98 5C
10:56:32.237 [TX CF9] 67 29 A2 01 D9 CC 78 20
10:56:32.247 [TX CF10] 67 2A 3A 18 4D 72 93 00
10:56:32.257 [TX CF11] 67 2B C7 D1 32 30 5C 3D
10:56:32.269 [TX CF12] 67 2C F2 D9 66 AF 57 28
10:56:32.279 [TX CF13] 67 2D B3 88 CC 3B 92 25
10:56:32.290 [TX CF14] 67 2E 85 6E 84 E3 F8 1D
10:56:32.300 [TX CF15] 67 2F 49 67 87 DF F5 5A
10:56:32.310 [TX CF0] 67 20 F0 5A 31 3F A9 15
10:56:32.320 [TX CF1] 67 21 49 13 85 0A 07 D2
10:56:32.331 [TX CF2] 67 22 15 20 58 01 4B 05
10:56:32.342 [TX CF3] 67 23 DC 30 04 82 EA 82
10:56:32.353 [TX CF4] 67 24 00 3B 1D 0F F8 B2
10:56:32.363 [TX CF5] 67 25 42 08 80 04 40 87
10:56:32.375 [TX CF6] 67 26 C3 F4 0D C2 21 D0
10:56:32.385 [TX CF7] 67 27 0E E5 2E 14 80 68
10:56:32.396 [TX CF8] 67 28 04 55 87 83 F4 21
10:56:32.406 [TX CF9] 67 29 C0 48 95 62 92 D6
10:56:32.416 [TX CF10] 67 2A 83 01 B2 29 21 60
10:56:32.427 [TX CF11] 67 2B E9 09 90 AC 88 60
10:56:32.438 [TX CF12] 67 2C C0 C2 E4 15 61 38
10:56:32.449 [TX CF13] 67 2D 12 0F 05 C4 59 94
10:56:32.460 [TX CF14] 67 2E 60 5C 2F 28 57 04
10:56:32.470 [TX CF15] 67 2F 80 6A 84 2A 41 49
10:56:32.482 [TX CF0] 67 20 10 C3 4C 22 01 89
10:56:32.493 [TX CF1] 67 21 6B 63 D2 18 24 BD
10:56:32.503 [TX CF2] 67 22 80 73 97 63 F4 39
10:56:32.514 [TX CF3] 67 23 49 5D 85 DB F6 7F
10:56:32.525 [TX CF4] 67 24 48 76 94 26 41 34
10:56:32.536 [TX CF5] 67 25 13 03 32 23 C3 2E
10:56:32.546 [TX CF6] 67 26 1E 83 3F 1F 07 E6
10:56:32.557 [TX CF7] 67 27 E9 C1 E4 16 0B 8C
10:56:32.567 [TX CF8] 67 28 08 93 0A 2F 09 51
10:56:32.577 [TX CF9] 67 29 66 01 DC 32 72 6C
10:56:32.588 [TX CF10] 67 2A 33 8A 49 2C 00 26
10:56:32.598 [TX CF11] 67 2B 10 11 A0 26 34 06
10:56:32.609 [TX CF12] 67 2C 19 22 12 CD 10 A0
10:56:32.620 [TX CF13] 67 2D 94 46 7A 30 59 04
10:56:32.630 [TX CF14] 67 2E 49 3F 09 19 03 5A
10:56:32.642 [TX CF15] 67 2F 04 CC 25 F4 8A 16
10:56:32.653 [TX CF0] 67 20 23 C3 79 2A A5 77
10:56:32.663 [TX CF1] 67 21 FD 43 3C 01 64 17
10:56:32.673 [TX CF2] 67 22 C8 42 48 B0 84 D0
10:56:32.684 [TX CF3] 67 23 1B 65 03 26 47 38
10:56:32.694 [TX CF4] 67 24 58 01 28 83 74 17
10:56:32.705 [TX CF5] 67 25 A8 6B 63 8B C4 20
10:56:32.715 [TX CF6] 67 26 4A D4 3A 55 CF 39
10:56:32.726 [TX CF7] 67 27 4F 0D C5 E1 04 80
10:56:32.736 [TX CF8] 67 28 21 03 06 1B 85 D0
10:56:32.748 [TX CF9] 67 29 12 0B C5 CB 90 27
10:56:32.759 [TX CF10] 67 2A 8F 37 FB 2E 25 69
10:56:32.770 [TX CF11] 67 2B 2B 42 64 42 32 DB
10:56:32.781 [TX CF12] 67 2C 83 11 69 25 83 99
10:56:32.791 [TX CF13] 67 2D E9 1A 70 EE 79 CD
10:56:32.803 [TX CF14] 67 2E 79 3E D0 A7 7E BE
10:56:32.813 [TX CF15] 67 2F 7E 70 76 0E 0C 21
10:56:32.825 [TX CF0] 67 20 9D 10 6A 05 6C 22
10:56:32.836 [TX CF1] 67 21 E4 58 6F 27 F0 25
10:56:32.846 [TX CF2] 67 22 30 03 BC 17 20 9E
10:56:32.857 [TX CF3] 67 23 40 34 37 37 02 C2
10:56:32.867 [TX CF4] 67 24 0F FC 16 08 2C B0
10:56:32.878 [TX CF5] 67 25 86 03 20 E8 C3 25
10:56:32.888 [TX CF6] 67 26 27 74 1F 18 1A 90
10:56:32.899 [TX CF7] 67 27 3D E4 13 46 E4 BF
10:56:32.910 [TX CF8] 67 28 40 15 8D C0 21 90
10:56:32.922 [TX CF9] 67 29 4B 24 26 0F 6D 1A
10:56:32.932 [TX CF10] 67 2A A9 5C 36 B2 8A 64
10:56:32.943 [TX CF11] 67 2B A1 15 85 72 9B 28
10:56:32.953 [TX CF12] 67 2C 89 74 24 D4 8E 0D
10:56:32.963 [TX CF13] 67 2D E2 13 07 84 C3 EC
10:56:32.975 [TX CF14] 67 2E 37 17 2A 10 39 14
10:56:32.986 [TX CF15] 67 2F 0E 47 0B A0 68 EE
10:56:32.997 [TX CF0] 67 20 98 98 44 2A 81 E2
10:56:33.007 [TX CF1] 67 21 BA 40 2F 3C 18 35
10:56:33.019 [TX CF2] 67 22 25 20 05 CA 81 09
10:56:33.030 [TX CF3] 67 23 D0 5C AF F2 08 ED
10:56:33.041 [TX CF4] 67 24 26 14 68 82 81 23
10:56:33.052 [TX CF5] 67 25 BF F6 E0 31 3A 1C
10:56:33.062 [TX CF6] 67 26 2E E1 4A BC 44 28
10:56:33.073 [TX CF7] 67 27 1A 2B F9 4C 08 15
10:56:33.083 [TX CF8] 67 28 0E 94 C2 02 4D 00
10:56:33.094 [TX CF9] 67 29 92 FA 08 70 D3 BF
10:56:33.104 [TX CF10] 67 2A 60 7C 1C 08 69 AE
10:56:33.115 [TX CF11] 67 2B F2 6B BC 13 C0 9F
10:56:33.126 [TX CF12] 67 2C C0 40 87 F7 F2 29
10:56:33.137 [TX CF13] 67 2D 4A DB 1C 51 E0 BE
10:56:33.147 [TX CF14] 67 2E 43 DD D3 B8 21 40
10:56:33.158 [TX CF15] 67 2F 90 A7 F2 A0 11 21
10:56:33.169 [TX CF0] 67 20 82 F4 5D 70 3B 50
10:56:33.179 [TX CF1] 67 21 12 C1 F0 F3 E8 2E
10:56:33.190 [TX CF2] 67 22 FE E5 C4 2A 94 A6
10:56:33.200 [TX CF3] 67 23 8A A8 7D 1D 13 20
10:56:33.211 [TX CF4] 67 24 1D F5 10 3E 4F 3C
10:56:33.222 [TX CF5] 67 25 03 7F D8 89 23 20
10:56:33.233 [TX CF6] 67 26 9E 35 21 B0 2D 61
10:56:33.244 [TX CF7] 67 27 F0 3E 20 92 C6 69
10:56:33.255 [TX CF8] 67 28 D1 AA 7A BD 28 DF
10:56:33.265 [TX CF9] 67 29 ED 57 97 E6 F8 EE
10:56:33.276 [TX CF10] 67 2A 43 73 7C 03 E0 FF
10:56:33.286 [TX CF11] 67 2B 42 01 29 16 20 7A
10:56:33.298 [TX CF12] 67 2C 41 43 83 B3 04 0A
10:56:33.309 [TX CF13] 67 2D 05 DC 0B 38 42 8B
10:56:33.319 [TX CF14] 67 2E 10 4A 60 EB F0 4D
10:56:33.330 [TX CF15] 67 2F 28 80 20 6B C2 62
10:56:33.341 [TX CF0] 67 20 C0 D3 83 9D 03 CA
10:56:33.352 [TX CF1] 67 21 0A 64 26 17 03 26
10:56:33.363 [TX CF2] 67 22 0A 6C BB 7D 3F 06
10:56:33.373 [TX CF3] 67 23 F6 0E 45 03 B9 05
10:56:33.383 [TX CF4] 67 24 A5 54 6B 90 77 68
10:56:33.393 [TX CF5] 67 25 1D B6 3E 0D C4 20
10:56:33.404 [TX CF6] 67 26 94 AE 4C 02 A3 18
10:56:33.414 [TX CF7] 67 27 84 57 1D 18 4B 96
10:56:33.425 [TX CF8] 67 28 D0 AD 12 E8 70 11
10:56:33.437 [TX CF9] 67 29 18 22 D0 0A 61 57
10:56:33.447 [TX CF10] 67 2A A6 17 F0 67 81 60
10:56:33.458 [TX CF11] 67 2B B8 68 23 90 09 0C
10:56:33.469 [TX CF12] 67 2C 06 E1 E0 8E 36 50
10:56:33.480 [TX CF13] 67 2D 4C 00 DA 42 82 D8
10:56:33.490 [TX CF14] 67 2E 01 B6 18 E7 2C FF
10:56:33.501 [TX CF15] 67 2F E6 40 55 04 5D 07
10:56:33.511 [TX CF0] 67 20 13 F5 60 6F CB A0
10:56:33.521 [TX CF1] 67 21 70 C7 C6 71 81 73
10:56:33.532 [TX CF2] 67 22 80 C9 55 18 38 F2
10:56:33.545 [TX CF3] 67 23 E2 8A E1 8D B1 20
10:56:33.556 [TX CF4] 67 24 73 47 BF 74 03 1A
10:56:33.566 [TX CF5] 67 25 E8 68 2F 6B D4 23
10:56:33.577 [TX CF6] 67 26 9D 1D 01 DA 06 C8
10:56:33.588 [TX CF7] 67 27 14 3D 0D C4 FC 03
10:56:33.598 [TX CF8] 67 28 B9 2F 0D C5 D8 94
10:56:33.610 [TX CF9] 67 29 4D 59 03 B8 39 0D
10:56:33.621 [TX CF10] 67 2A C4 BC 84 16 87 65
10:56:33.631 [TX CF11] 67 2B B8 C3 BC 1A 03 1C
10:56:33.643 [TX CF12] 67 2C 0E E8 AE 1D EF 3F
10:56:33.653 [TX CF13] 67 2D 81 EF 1F 86 E1 DF
10:56:33.663 [TX CF14] 67 2E F3 AC 30 F0 3B 01
10:56:33.674 [TX CF15] 67 2F 65 21 E8 32 43 10
10:56:33.684 [TX CF0] 67 20 9A 38 F0 65 21 AA
10:56:33.695 [TX CF1] 67 21 54 03 2C 0C A1 01
10:56:33.706 [TX CF2] 67 22 84 46 20 37 86 16
10:56:33.716 [TX CF3] 67 23 0A 5C 30 00 38 01
10:56:33.727 [TX CF4] 67 24 41 B3 D0 67 65 25
10:56:33.738 [TX CF5] 67 25 01 13 C0 02 97 1F
10:56:33.748 [TX CF6] 67 26 01 12 94 C0 17 D4
10:56:33.758 [TX CF7] 67 27 60 04 50 48 B6 A6
10:56:33.769 [TX CF8] 67 28 0B 3C 22 20 88 E8
10:56:33.780 [TX CF9] 67 29 17 8A 04 7B 01 41
10:56:33.790 [TX CF10] 67 2A E0 43 DA 38 7D BC
10:56:33.801 [TX CF11] 67 2B F0 C0 E8 74 10 50
10:56:33.812 [TX CF12] 67 2C 81 8A D2 B0 08 78
10:56:33.823 [TX CF13] 67 2D A0 04 8B AA 22 A1
10:56:33.833 [TX CF14] 67 2E FF 2D E0 92 68 E9
10:56:33.844 [TX CF15] 67 2F 51 78 EC 42 01 0C
10:56:33.854 [TX CF0] 67 20 98 44 60 10 89 8C
10:56:33.865 [TX CF1] 67 21 56 01 14 9A C5 85
10:56:33.876 [TX CF2] 67 22 F8 4D A0 39 08 06
10:56:33.887 [TX CF3] 67 23 47 C3 B2 94 5A 20
10:56:33.898 [TX CF4] 67 24 17 8F FF DE 4D FF
10:56:33.910 [TX CF5] 67 25 10 E1 B6 A4 87 70
10:56:33.921 [TX CF6] 67 26 98 58 01 38 4A AD
10:56:33.933 [TX CF7] 67 27 11 3B C6 66 84 C5
10:56:33.943 [TX CF8] 67 28 43 20 37 02 50 C3
10:56:33.954 [TX CF9] 67 29 40 92 85 08 7B 04
10:56:33.966 [TX CF10] 67 2A AA 23 D0 F0 6C B2
10:56:33.976 [TX CF11] 67 2B 14 73 C2 08 DC 0C
10:56:33.987 [TX CF12] 67 2C B8 4D A3 B2 D8 EC
10:56:33.998 [TX CF13] 67 2D 03 31 80 6C 41 90
10:56:34.010 [TX CF14] 67 2E 80 91 21 1A A1 BF
10:56:34.022 [TX CF15] 67 2F 8E 10 30 00 21 D9
10:56:34.033 [TX CF0] 67 20 E9 C7 BC 1A 6A 44
10:56:34.045 [TX CF1] 67 21 26 03 40 0F 01 88
10:56:34.055 [TX CF2] 67 22 9C 60 27 38 89 84
10:56:34.067 [TX CF3] 67 23 82 11 40 61 A3 98
10:56:34.079 [TX CF4] 67 24 81 E2 08 88 40 24
10:56:34.089 [TX CF5] 67 25 58 2A F1 1F 05 4E
10:56:34.100 [TX CF6] 67 26 13 BF C4 C2 D0 3A
10:56:34.110 [TX CF7] 67 27 C0 A1 94 53 F0 36
10:56:34.121 [TX CF8] 67 28 C3 00 3D 87 AE 40
10:56:34.131 [TX CF9] 67 29 86 53 68 C4 DA 31
10:56:34.142 [TX CF10] 67 2A 14 7E 97 9E 07 B0
10:56:34.153 [TX CF11] 67 2B F8 6F 6F 34 8C AD
10:56:34.163 [TX CF12] 67 2C 26 83 61 E0 D8 68
10:56:34.173 [TX CF13] 67 2D 36 2C 0D 86 02 5C
10:56:34.184 [TX CF14] 67 2E 82 C4 2D C1 AA 84
10:56:34.195 [TX CF15] 67 2F 12 01 74 A6 E8 A0
10:56:34.205 [TX CF0] 67 20 1A E8 C5 CA D3 12
10:56:34.216 [TX CF1] 67 21 BC 64 68 47 F4 31
10:56:34.226 [TX CF2] 67 22 94 B8 94 07 35 18
10:56:34.237 [TX CF3] 67 23 F9 58 49 48 56 63
10:56:34.247 [TX CF4] 67 24 17 1B 0F 44 AB 01
10:56:34.257 [TX CF5] 67 25 EA 0E 81 61 0B 85
10:56:34.268 [TX CF6] 67 26 A4 6E 84 A6 32 98
10:56:34.278 [TX CF7] 67 27 C3 05 42 33 E1 08
10:56:34.289 [TX CF8] 67 28 B8 5C 2D 46 94 31
10:56:34.299 [TX CF9] 67 29 46 A8 F1 06 C0 37
10:56:34.310 [TX CF10] 67 2A B3 8D AC 32 00 32
10:56:34.320 [TX CF11] 67 2B 42 35 00 F1 C1 E0
10:56:34.330 [TX CF12] 67 2C 3D 58 14 8D 78 84
10:56:34.340 [TX CF13] 67 2D 06 47 A5 83 40 FA
10:56:34.350 [TX CF14] 67 2E B1 98 03 79 0A 2F
10:56:34.360 [TX CF15] 67 2F E2 63 BD F1 2E C0
10:56:34.371 [TX CF0] 67 20 EA 9D 70 A7 1D A1
10:56:34.382 [TX CF1] 67 21 6C 61 78 A5 50 20
10:56:34.392 [TX CF2] 67 22 11 08 C6 07 00 2C
10:56:34.403 [TX CF3] 67 23 48 F9 94 43 6B 01
10:56:34.413 [TX CF4] 67 24 92 5C E9 26 B0 31
10:56:34.424 [TX CF5] 67 25 31 89 0C 8B 15 80
10:56:34.435 [TX CF6] 67 26 B9 52 AA 58 8C 56
10:56:34.446 [TX CF7] 67 27 04 6F 84 8B FE B7
10:56:34.457 [TX CF8] 67 28 00 FC 81 7D 01 BE
10:56:34.467 [TX CF9] 67 29 19 3F E0 F7 08 4F
10:56:34.477 [TX CF10] 67 2A 46 D7 48 B0 C0 09
10:56:34.488 [TX CF11] 67 2B 58 60 D2 68 48 68
10:56:34.498 [TX CF12] 67 2C 55 EC 0E 21 8E 02
10:56:34.508 [TX CF13] 67 2D 17 0E 32 10 04 2C
10:56:34.520 [TX CF14] 67 2E 23 84 24 9E 03 EE
10:56:34.531 [TX CF15] 67 2F 96 23 FC 72 04 08
10:56:34.542 [TX CF0] 67 20 36 14 10 BF 3F F0
10:56:34.553 [TX CF1] 67 21 63 08 02 F8 09 23
10:56:34.564 [TX CF2] 67 22 1C 08 86 F5 09 A5
10:56:34.576 [TX CF3] 67 23 B5 0D 1C E5 10 7E
10:56:34.587 [TX CF4] 67 24 81 19 1C FF FF FF
10:56:34.607 [RX SF ] 67 02 76 0A FF FF FF FF
10:56:34.607 [RX    ] 76 0A
10:56:34.607 [PASS  ] TransferData block=10 | expected: 76 ... | received: 76 0A
10:56:34.618 ------------------------------------------------------------------------
10:56:34.618 [STEP  ] 0x36 block=11  offset=20400/45254  (45%)
10:56:34.618 [TX TransferData block=11 len=2040] 36 0B 34 71 03 30 0E 8F 32 42 96 C1 D4 85 AF F0...
10:56:34.619 [TX FF ] 67 17 FA 36 0B 34 71 03
10:56:34.630 [TX CF1] 67 21 30 0E 8F 32 42 96
10:56:34.641 [TX CF2] 67 22 C1 D4 85 AF F0 97
10:56:34.651 [TX CF3] 67 23 40 BC A3 97 0A 62
10:56:34.662 [TX CF4] 67 24 6C 1A 34 60 5D 06
10:56:34.673 [TX CF5] 67 25 C3 00 A2 CA 6B F9
10:56:34.684 [TX CF6] 67 26 98 60 53 C9 6D FF
10:56:34.694 [TX CF7] 67 27 D1 F4 24 74 44 D9
10:56:34.705 [TX CF8] 67 28 F7 94 64 7D 8F F7
10:56:34.716 [TX CF9] 67 29 5F CE A4 DA 76 A7
10:56:34.726 [TX CF10] 67 2A 0D A7 02 A3 48 82
10:56:34.736 [TX CF11] 67 2B AA 5C 4A 54 49 2A
10:56:34.747 [TX CF12] 67 2C 56 00 0A 0A D4 A6
10:56:34.757 [TX CF13] 67 2D 4A EB EA 8B 30 F5
10:56:34.767 [TX CF14] 67 2E 5F ED 92 D4 19 55
10:56:34.777 [TX CF15] 67 2F 24 F5 80 3F 03 CE
10:56:34.789 [TX CF0] 67 20 07 BC 70 47 C4 B0
10:56:34.800 [TX CF1] 67 21 1B 58 3A 42 38 56
10:56:34.810 [TX CF2] 67 22 2A 4B 4B CD E2 33
10:56:34.820 [TX CF3] 67 23 54 28 0F 4A A5 1C
10:56:34.832 [TX CF4] 67 24 85 60 B9 72 15 D2
10:56:34.842 [TX CF5] 67 25 10 DF C4 04 F3 04
10:56:34.855 [TX CF6] 67 26 03 58 B8 C0 4E 09
10:56:34.866 [TX CF7] 67 27 F1 63 E2 C6 FC 20
10:56:34.878 [TX CF8] 67 28 A3 18 03 58 40 3F
10:56:34.888 [TX CF9] 67 29 6A C0 3F EB D8 1B
10:56:34.899 [TX CF10] 67 2A 78 62 D4 20 C1 3A
10:56:34.909 [TX CF11] 67 2B 0D 20 1B 99 5D FF
10:56:34.920 [TX CF12] 67 2C E7 94 1B E9 34 90
10:56:34.932 [TX CF13] 67 2D 82 B4 C0 6F C2 B3
10:56:34.942 [TX CF14] 67 2E C3 E5 FE 70 A1 02
10:56:34.953 [TX CF15] 67 2F 69 E1 20 E5 99 E1
10:56:34.964 [TX CF0] 67 20 47 63 B4 84 D2 6A
10:56:34.974 [TX CF1] 67 21 70 0E 5C 62 37 8A
10:56:34.984 [TX CF2] 67 22 84 53 34 98 8D 18
10:56:34.994 [TX CF3] 67 23 F2 0E 90 D6 00 EE
10:56:35.005 [TX CF4] 67 24 26 90 62 1B C7 42
10:56:35.015 [TX CF5] 67 25 10 8E 0B 9A 08 08
10:56:35.026 [TX CF6] 67 26 E6 0A E0 6D 26 A2
10:56:35.037 [TX CF7] 67 27 52 C1 74 33 0D A5
10:56:35.047 [TX CF8] 67 28 A6 91 69 A4 DA A9
10:56:35.058 [TX CF9] 67 29 47 2C 22 97 88 1C
10:56:35.069 [TX CF10] 67 2A B2 0B D1 AA 62 28
10:56:35.080 [TX CF11] 67 2B B8 AB 24 6E 19 80
10:56:35.090 [TX CF12] 67 2C E2 62 69 98 08 D4
10:56:35.100 [TX CF13] 67 2D CA 13 1D 23 21 5B
10:56:35.110 [TX CF14] 67 2E 8F 7C 7A 33 07 7C
10:56:35.122 [TX CF15] 67 2F 35 FA 51 EB 2E 16
10:56:35.133 [TX CF0] 67 20 2F 15 42 82 76 A8
10:56:35.143 [TX CF1] 67 21 18 CC 0B 40 0E D0
10:56:35.154 [TX CF2] 67 22 B1 6F C6 D6 0C DA
10:56:35.164 [TX CF3] 67 23 86 2E E0 06 97 FF
10:56:35.175 [TX CF4] 67 24 99 40 2A F4 98 D4
10:56:35.186 [TX CF5] 67 25 8E A7 43 E6 C6 25
10:56:35.198 [TX CF6] 67 26 22 30 62 09 A8 20
10:56:35.208 [TX CF7] 67 27 13 00 40 34 C5 08
10:56:35.218 [TX CF8] 67 28 12 08 0C 86 03 2C
10:56:35.229 [TX CF9] 67 29 0B E1 A9 B8 95 40
10:56:35.239 [TX CF10] 67 2A 81 48 25 17 0F 8E
10:56:35.249 [TX CF11] 67 2B F7 D3 71 D4 60 25
10:56:35.260 [TX CF12] 67 2C 21 30 60 32 98 D0
10:56:35.270 [TX CF13] 67 2D B0 09 65 15 7C 04
10:56:35.281 [TX CF14] 67 2E A2 87 DD A3 52 EA
10:56:35.291 [TX CF15] 67 2F 90 08 DC 67 B9 8B
10:56:35.302 [TX CF0] 67 20 C2 50 A6 DD AA E6
10:56:35.312 [TX CF1] 67 21 33 41 42 99 F6 82
10:56:35.323 [TX CF2] 67 22 29 40 C2 50 BB 50
10:56:35.333 [TX CF3] 67 23 A0 3D A0 C4 57 31
10:56:35.343 [TX CF4] 67 24 51 28 DC 2A A5 DA
10:56:35.353 [TX CF5] 67 25 C4 E2 5A 20 54 82
10:56:35.363 [TX CF6] 67 26 A8 40 A5 32 AE 8C
10:56:35.375 [TX CF7] 67 27 0A 59 28 0B C3 26
10:56:35.386 [TX CF8] 67 28 EA D0 68 50 CD 94
10:56:35.397 [TX CF9] 67 29 DA 90 E9 C3 81 18
10:56:35.408 [TX CF10] 67 2A E1 E2 DD 88 45 FB
10:56:35.420 [TX CF11] 67 2B 54 3C 66 72 85 14
10:56:35.430 [TX CF12] 67 2C 02 01 23 F5 DC 60
10:56:35.441 [TX CF13] 67 2D 12 3D 5E 02 D2 1E
10:56:35.452 [TX CF14] 67 2E 02 42 14 C3 23 00
10:56:35.462 [TX CF15] 67 2F 97 D2 AD 78 8A 26
10:56:35.472 [TX CF0] 67 20 2A 37 1B A9 D4 B8
10:56:35.483 [TX CF1] 67 21 18 9C 94 72 A1 52
10:56:35.493 [TX CF2] 67 22 06 A9 FD FF 08 F0
10:56:35.504 [TX CF3] 67 23 E5 48 41 B8 38 B0
10:56:35.515 [TX CF4] 67 24 82 14 80 50 03 24
10:56:35.525 [TX CF5] 67 25 FD 8D B0 6C E8 0E
10:56:35.537 [TX CF6] 67 26 42 E1 FE 91 D2 23
10:56:35.547 [TX CF7] 67 27 52 1A 6D 0E 80 75
10:56:35.557 [TX CF8] 67 28 42 43 C1 B8 D1 2E
10:56:35.567 [TX CF9] 67 29 58 1B 8C 12 E5 01
10:56:35.578 [TX CF10] 67 2A B8 39 70 8E 52 70
10:56:35.588 [TX CF11] 67 2B 0E D8 2B C7 DC 23
10:56:35.599 [TX CF12] 67 2C 44 38 A3 10 29 0D
10:56:35.609 [TX CF13] 67 2D 00 89 0C 60 14 04
10:56:35.619 [TX CF14] 67 2E 8A A1 43 78 E4 3B
10:56:35.630 [TX CF15] 67 2F 5B 87 FE 08 21 0E
10:56:35.640 [TX CF0] 67 20 E8 C4 1E D0 20 01
10:56:35.650 [TX CF1] 67 21 A4 E2 E1 F4 AD 5C
10:56:35.660 [TX CF2] 67 22 03 A5 5E A9 B0 80
10:56:35.670 [TX CF3] 67 23 A1 45 7B 75 18 D6
10:56:35.680 [TX CF4] 67 24 22 85 12 ED 81 50
10:56:35.691 [TX CF5] 67 25 99 09 00 96 7E FA
10:56:35.701 [TX CF6] 67 26 2E 94 35 4C D8 60
10:56:35.711 [TX CF7] 67 27 52 2C 4D 7A 0A 31
10:56:35.721 [TX CF8] 67 28 00 A2 04 62 A5 8B
10:56:35.732 [TX CF9] 67 29 C5 94 81 81 76 F1
10:56:35.742 [TX CF10] 67 2A 25 38 7D 80 40 4A
10:56:35.753 [TX CF11] 67 2B A8 3D 12 A4 45 0B
10:56:35.763 [TX CF12] 67 2C F8 50 22 26 0C 1B
10:56:35.774 [TX CF13] 67 2D 38 40 37 F8 1D 0E
10:56:35.784 [TX CF14] 67 2E 08 9E 05 61 9A 84
10:56:35.796 [TX CF15] 67 2F 4E 31 73 A6 79 6B
10:56:35.806 [TX CF0] 67 20 90 99 14 AA 81 64
10:56:35.817 [TX CF1] 67 21 8E 78 EB 90 CB C6
10:56:35.827 [TX CF2] 67 22 50 B8 07 46 99 78
10:56:35.838 [TX CF3] 67 23 15 E1 06 E8 42 AE
10:56:35.848 [TX CF4] 67 24 14 BB 81 8B 0B B6
10:56:35.858 [TX CF5] 67 25 84 93 81 E1 0C 63
10:56:35.869 [TX CF6] 67 26 96 17 46 16 8A 55
10:56:35.880 [TX CF7] 67 27 0E 01 18 8C 1E D0
10:56:35.890 [TX CF8] 67 28 A1 47 30 71 C0 62
10:56:35.900 [TX CF9] 67 29 10 80 B4 17 88 4C
10:56:35.911 [TX CF10] 67 2A 92 19 43 82 1B 20
10:56:35.921 [TX CF11] 67 2B 90 44 2E 05 E4 23
10:56:35.932 [TX CF12] 67 2C 17 08 AF 82 09 78
10:56:35.942 [TX CF13] 67 2D FF 48 48 E0 10 90
10:56:35.953 [TX CF14] 67 2E 8D 83 00 95 93 70
10:56:35.963 [TX CF15] 67 2F 84 C1 E1 9D 58 8D
10:56:35.973 [TX CF0] 67 20 E3 FF 29 81 F4 29
10:56:35.985 [TX CF1] 67 21 31 C8 8D C2 13 06
10:56:35.995 [TX CF2] 67 22 82 F4 0E 88 7D E4
10:56:36.007 [TX CF3] 67 23 70 BA 04 0C EC 1B
10:56:36.017 [TX CF4] 67 24 BD 27 96 17 0D A1
10:56:36.028 [TX CF5] 67 25 53 0A 95 29 93 84
10:56:36.038 [TX CF6] 67 26 47 02 6C C2 B9 A3
10:56:36.050 [TX CF7] 67 27 3A 61 1D B4 4B 8F
10:56:36.061 [TX CF8] 67 28 B0 4B 82 18 5B 91
10:56:36.071 [TX CF9] 67 29 40 C0 7A 21 EC 2D
10:56:36.082 [TX CF10] 67 2A 17 04 4A 52 6A 04
10:56:36.093 [TX CF11] 67 2B 5A E1 6D BC 55 43
10:56:36.104 [TX CF12] 67 2C E0 5C 0F D8 46 E3
10:56:36.114 [TX CF13] 67 2D BD 28 E0 57 0F 57
10:56:36.125 [TX CF14] 67 2E 76 E0 FF 05 4A 85
10:56:36.135 [TX CF15] 67 2F 0E 99 20 C4 D0 23
10:56:36.145 [TX CF0] 67 20 92 06 52 1B 28 A4
10:56:36.157 [TX CF1] 67 21 A2 75 D3 5F 21 25
10:56:36.167 [TX CF2] 67 22 C0 F8 E4 DB 68 14
10:56:36.178 [TX CF3] 67 23 C1 65 84 A2 15 D1
10:56:36.188 [TX CF4] 67 24 B8 26 C1 83 F4 76
10:56:36.199 [TX CF5] 67 25 09 C8 42 18 7C 13
10:56:36.210 [TX CF6] 67 26 C0 A3 10 43 61 00
10:56:36.221 [TX CF7] 67 27 F0 03 F0 73 60 C6
10:56:36.232 [TX CF8] 67 28 43 30 0F 05 64 85
10:56:36.244 [TX CF9] 67 29 EB FF E0 BC 4C 6D
10:56:36.255 [TX CF10] 67 2A 13 3A 56 44 D6 0C
10:56:36.266 [TX CF11] 67 2B 24 20 05 0F C3 70
10:56:36.278 [TX CF12] 67 2C 92 DC 4B C8 58 2E
10:56:36.288 [TX CF13] 67 2D 31 2F 01 E5 08 0D
10:56:36.298 [TX CF14] 67 2E 01 51 85 82 F2 26
10:56:36.309 [TX CF15] 67 2F 42 19 D1 84 41 E1
10:56:36.320 [TX CF0] 67 20 5D 59 02 7E 13 F2
10:56:36.332 [TX CF1] 67 21 09 64 45 B0 41 8F
10:56:36.342 [TX CF2] 67 22 C8 7D E4 10 8A 07
10:56:36.354 [TX CF3] 67 23 81 52 1A 91 0A C7
10:56:36.365 [TX CF4] 67 24 FD 7E 83 8A 00 32
10:56:36.376 [TX CF5] 67 25 10 09 3C AF 49 20
10:56:36.387 [TX CF6] 67 26 A6 CA F4 C8 6C 05
10:56:36.398 [TX CF7] 67 27 F8 5A 6E 1A 9B 84
10:56:36.409 [TX CF8] 67 28 C2 D1 02 3D 81 2A
10:56:36.421 [TX CF9] 67 29 40 23 70 A0 DC 24
10:56:36.432 [TX CF10] 67 2A 17 83 72 1E AF EC
10:56:36.443 [TX CF11] 67 2B 0B C1 42 5E 43 F6
10:56:36.454 [TX CF12] 67 2C E8 DF E3 93 68 EF
10:56:36.464 [TX CF13] 67 2D B6 38 67 C2 03 2F
10:56:36.475 [TX CF14] 67 2E F4 77 42 A8 21 30
10:56:36.485 [TX CF15] 67 2F 31 23 23 8D 69 24
10:56:36.495 [TX CF0] 67 20 B7 8C 29 A6 1B 2D
10:56:36.505 [TX CF1] 67 21 E3 1A 02 03 A1 5B
10:56:36.517 [TX CF2] 67 22 8E 79 23 90 29 5F
10:56:36.529 [TX CF3] 67 23 D7 B7 0F F0 69 6F
10:56:36.539 [TX CF4] 67 24 19 5A 17 DF A3 0A
10:56:36.550 [TX CF5] 67 25 A4 56 60 1C 98 C5
10:56:36.561 [TX CF6] 67 26 06 30 76 42 11 70
10:56:36.571 [TX CF7] 67 27 A4 5C 31 17 0E C6
10:56:36.582 [TX CF8] 67 28 C8 73 84 73 FE 5E
10:56:36.593 [TX CF9] 67 29 48 A9 9D 24 C9 81
10:56:36.605 [TX CF10] 67 2A C7 07 8E 92 43 04
10:56:36.615 [TX CF11] 67 2B 35 A6 D2 2F 54 10
10:56:36.626 [TX CF12] 67 2C F8 41 74 94 55 6A
10:56:36.637 [TX CF13] 67 2D 11 83 BC 07 8C 21
10:56:36.647 [TX CF14] 67 2E 8B E0 2F 07 F4 30
10:56:36.658 [TX CF15] 67 2F 17 83 BE 0F EC 8D
10:56:36.669 [TX CF0] 67 20 40 54 7A 34 BA 8B
10:56:36.680 [TX CF1] 67 21 63 08 28 1B 08 04
10:56:36.690 [TX CF2] 67 22 08 C1 0C 59 B3 08
10:56:36.700 [TX CF3] 67 23 19 0B 2D 22 CB 49
10:56:36.711 [TX CF4] 67 24 A0 D8 2C AF 70 1D
10:56:36.721 [TX CF5] 67 25 20 52 1D 18 3A 70
10:56:36.731 [TX CF6] 67 26 84 48 3F BF 7F 07
10:56:36.742 [TX CF7] 67 27 F6 F1 A1 C0 48 38
10:56:36.752 [TX CF8] 67 28 04 B4 3E 1D DF FD
10:56:36.763 [TX CF9] 67 29 85 2B 05 A3 4D 0B
10:56:36.774 [TX CF10] 67 2A 98 50 D5 40 65 A4
10:56:36.785 [TX CF11] 67 2B B6 D8 05 96 C3 A5
10:56:36.795 [TX CF12] 67 2C B0 DC F4 35 DA 43
10:56:36.806 [TX CF13] 67 2D BB 0E 87 FE B9 48
10:56:36.816 [TX CF14] 67 2E 80 DA 21 D4 38 35
10:56:36.827 [TX CF15] 67 2F 82 8B 61 C2 D8 6C
10:56:36.837 [TX CF0] 67 20 76 8A D5 26 B5 4A
10:56:36.848 [TX CF1] 67 21 89 D0 21 74 3B 1D
10:56:36.859 [TX CF2] 67 22 83 4B 68 AC D2 E3
10:56:36.870 [TX CF3] 67 23 B4 0D 04 9B ED 04
10:56:36.880 [TX CF4] 67 24 97 50 F4 D6 0C 04
10:56:36.891 [TX CF5] 67 25 D2 08 99 02 C1 55
10:56:36.903 [TX CF6] 67 26 A6 D9 6C 16 E8 E3
10:56:36.913 [TX CF7] 67 27 FD 0D 74 73 CD 60
10:56:36.924 [TX CF8] 67 28 F7 C7 24 F6 1A 95
10:56:36.935 [TX CF9] 67 29 3E CF 61 A2 5A 24
10:56:36.946 [TX CF10] 67 2A 46 14 28 6E 8C 30
10:56:36.957 [TX CF11] 67 2B 36 84 0E 19 09 0C
10:56:36.968 [TX CF12] 67 2C 26 0B 19 A1 E0 5F
10:56:36.978 [TX CF13] 67 2D F0 0D 50 54 01 60
10:56:36.989 [TX CF14] 67 2E 9C C2 DD 58 24 50
10:56:36.999 [TX CF15] 67 2F 05 60 0D C3 83 60
10:56:37.010 [TX CF0] 67 20 82 D8 68 D6 1E 4C
10:56:37.020 [TX CF1] 67 21 77 02 10 80 1E 05
10:56:37.030 [TX CF2] 67 22 84 FD 84 06 C5 45
10:56:37.041 [TX CF3] 67 23 74 40 13 82 90 13
10:56:37.051 [TX CF4] 67 24 C0 B0 84 12 D1 45
10:56:37.062 [TX CF5] 67 25 A5 F8 E3 08 94 30
10:56:37.072 [TX CF6] 67 26 0F E0 20 0F EC 23
10:56:37.083 [TX CF7] 67 27 D6 00 BE 57 60 C8
10:56:37.094 [TX CF8] 67 28 74 5B DF BE 04 1A
10:56:37.105 [TX CF9] 67 29 42 7D 4E 97 50 3F
10:56:37.115 [TX CF10] 67 2A 12 59 6C 0A 7B 40
10:56:37.126 [TX CF11] 67 2B 9A D0 E3 B6 0C 1D
10:56:37.137 [TX CF12] 67 2C A6 76 01 82 33 2E
10:56:37.147 [TX CF13] 67 2D 53 01 43 95 D8 38
10:56:37.157 [TX CF14] 67 2E 76 9E DE CA 01 93
10:56:37.168 [TX CF15] 67 2F 9C 52 E0 B7 AD 6C
10:56:37.178 [TX CF0] 67 20 02 BB 19 9B D3 B5
10:56:37.189 [TX CF1] 67 21 A2 30 77 F2 7D F5
10:56:37.199 [TX CF2] 67 22 0F 69 46 80 67 A6
10:56:37.211 [TX CF3] 67 23 F4 0B 35 1A 6F 43
10:56:37.221 [TX CF4] 67 24 97 D8 32 0F 28 20
10:56:37.233 [TX CF5] 67 25 22 7C 26 34 E8 3D
10:56:37.245 [TX CF6] 67 26 EA 7F 01 F7 54 60
10:56:37.256 [TX CF7] 67 27 D7 A9 B4 04 51 94
10:56:37.268 [TX CF8] 67 28 32 4E 2C C8 4D 84
10:56:37.278 [TX CF9] 67 29 B4 5D 0C AE 9D 2C
10:56:37.290 [TX CF10] 67 2A A7 F9 23 3A CA 8C
10:56:37.300 [TX CF11] 67 2B 12 F5 24 80 C7 23
10:56:37.311 [TX CF12] 67 2C 32 AA 6D 84 70 1C
10:56:37.321 [TX CF13] 67 2D 6E 33 28 A6 51 71
10:56:37.331 [TX CF14] 67 2E 56 D8 44 76 A3 A0
10:56:37.342 [TX CF15] 67 2F 91 95 20 67 E1 20
10:56:37.353 [TX CF0] 67 20 98 54 A3 DA 93 A0
10:56:37.364 [TX CF1] 67 21 12 18 7D 22 05 68
10:56:37.374 [TX CF2] 67 22 85 50 DD 38 60 A1
10:56:37.385 [TX CF3] 67 23 B4 3B 44 4E 87 43
10:56:37.395 [TX CF4] 67 24 B0 43 69 10 3B 40
10:56:37.406 [TX CF5] 67 25 29 00 62 14 12 14
10:56:37.417 [TX CF6] 67 26 34 2B 03 15 08 8D
10:56:37.428 [TX CF7] 67 27 24 C7 83 5D 07 28
10:56:37.438 [TX CF8] 67 28 10 87 06 0D 88 60
10:56:37.448 [TX CF9] 67 29 10 88 02 08 05 B6
10:56:37.458 [TX CF10] 67 2A 1B 18 0B 63 09 32
10:56:37.469 [TX CF11] 67 2B B5 02 6E 10 08 89
10:56:37.480 [TX CF12] 67 2C 43 19 01 47 19 89
10:56:37.490 [TX CF13] 67 2D 4B 02 7A 04 E4 3F
10:56:37.500 [TX CF14] 67 2E DF FF 67 FF F0 A5
10:56:37.511 [TX CF15] 67 2F 03 C1 06 88 13 40
10:56:37.521 [TX CF0] 67 20 86 15 E0 2A 20 58
10:56:37.533 [TX CF1] 67 21 87 11 C1 27 41 C4
10:56:37.543 [TX CF2] 67 22 6A A0 B3 00 A3 04
10:56:37.553 [TX CF3] 67 23 03 FF 07 FF FF F1
10:56:37.565 [TX CF4] 67 24 05 78 60 1A 0A 15
10:56:37.576 [TX CF5] 67 25 02 20 5C 86 01 22
10:56:37.586 [TX CF6] 67 26 98 48 20 91 26 2E
10:56:37.597 [TX CF7] 67 27 16 0B 0D 54 9A 81
10:56:37.607 [TX CF8] 67 28 8A 18 61 92 15 8E
10:56:37.617 [TX CF9] 67 29 06 5C 5C 98 15 30
10:56:37.629 [TX CF10] 67 2A 33 4B F4 15 80 9E
10:56:37.639 [TX CF11] 67 2B 83 A8 D6 87 E1 13
10:56:37.650 [TX CF12] 67 2C FC 50 09 18 51 CD
10:56:37.660 [TX CF13] 67 2D A8 1C D0 82 F5 2B
10:56:37.671 [TX CF14] 67 2E FD 03 62 10 B3 68
10:56:37.681 [TX CF15] 67 2F 26 BC 0D B8 1A F2
10:56:37.693 [TX CF0] 67 20 82 FE 0E 39 40 E8
10:56:37.703 [TX CF1] 67 21 CF B4 3C DD 43 0A
10:56:37.713 [TX CF2] 67 22 10 38 56 2E 85 0B
10:56:37.725 [TX CF3] 67 23 E9 40 E1 27 7C 23
10:56:37.736 [TX CF4] 67 24 3D 2A 1C 20 F2 84
10:56:37.746 [TX CF5] 67 25 BB A5 41 8D 40 3A
10:56:37.756 [TX CF6] 67 26 50 1A 35 4A 83 10
10:56:37.767 [TX CF7] 67 27 A3 38 70 FF C8 A1
10:56:37.777 [TX CF8] 67 28 30 29 FF 42 25 06
10:56:37.789 [TX CF9] 67 29 3B E1 05 E9 C4 A2
10:56:37.800 [TX CF10] 67 2A 47 F4 10 18 40 50
10:56:37.810 [TX CF11] 67 2B 31 9E 33 4C 41 E0
10:56:37.820 [TX CF12] 67 2C 84 C2 B8 67 90 50
10:56:37.832 [TX CF13] 67 2D 68 72 E0 3C 08 D1
10:56:37.843 [TX CF14] 67 2E F5 0C 1A 1E 3C 5A
10:56:37.853 [TX CF15] 67 2F 24 3A 1A 2A 3A 5A
10:56:37.863 [TX CF0] 67 20 30 33 C6 48 34 21
10:56:37.874 [TX CF1] 67 21 68 90 F8 67 A8 51
10:56:37.885 [TX CF2] 67 22 08 C0 11 29 A4 E3
10:56:37.895 [TX CF3] 67 23 C5 A5 43 3D 24 8E
10:56:37.905 [TX CF4] 67 24 45 2A 1E 20 E6 07
10:56:37.915 [TX CF5] 67 25 4E 80 92 87 9E 7C
10:56:37.927 [TX CF6] 67 26 84 FB 94 23 6B C0
10:56:37.938 [TX CF7] 67 27 A3 28 30 84 6F 67
10:56:37.949 [TX CF8] 67 28 EA A0 02 B0 F2 EF
10:56:37.959 [TX CF9] 67 29 1F F9 5B 29 08 1D
10:56:37.969 [TX CF10] 67 2A 02 79 2B 44 21 FF
10:56:37.980 [TX CF11] 67 2B 91 F2 EE 00 DC 08
10:56:37.991 [TX CF12] 67 2C 08 7D 3A 29 FC 22
10:56:38.002 [TX CF13] 67 2D 1B 5A CD 32 C1 78
10:56:38.014 [TX CF14] 67 2E E0 41 E1 BD 55 FA
10:56:38.024 [TX CF15] 67 2F 1B BF F2 AB 0F F0
10:56:38.036 [TX CF0] 67 20 30 0A 05 86 E0 6C
10:56:38.048 [TX CF1] 67 21 43 93 FA 56 21 BC
10:56:38.059 [TX CF2] 67 22 FF 2B 10 D0 2C 41
10:56:38.070 [TX CF3] 67 23 D9 7F 22 1B DB 86
10:56:38.080 [TX CF4] 67 24 D6 04 61 02 46 D5
10:56:38.091 [TX CF5] 67 25 42 79 2A 80 F4 65
10:56:38.102 [TX CF6] 67 26 12 0B 86 F6 1D 00
10:56:38.112 [TX CF7] 67 27 BE CA A0 7D 10 5C
10:56:38.125 [TX CF8] 67 28 0A F4 36 BF A5 BA
10:56:38.135 [TX CF9] 67 29 1F F9 26 46 0D 89
10:56:38.146 [TX CF10] 67 2A 87 4F 25 30 8E 90
10:56:38.156 [TX CF11] 67 2B 4F 0E 6B 36 18 1F
10:56:38.167 [TX CF12] 67 2C 42 03 23 84 DE 72
10:56:38.178 [TX CF13] 67 2D 29 C8 3A 31 C2 E8
10:56:38.189 [TX CF14] 67 2E 12 C8 FF 42 81 4D
10:56:38.199 [TX CF15] 67 2F 96 5C 28 14 8F 0C
10:56:38.210 [TX CF0] 67 20 02 85 18 88 2A C0
10:56:38.221 [TX CF1] 67 21 83 46 FA A5 38 0A
10:56:38.232 [TX CF2] 67 22 50 54 AD 19 0A 3C
10:56:38.242 [TX CF3] 67 23 E6 93 4A BC 65 28
10:56:38.253 [TX CF4] 67 24 50 FE 8E FF FF FF
10:56:38.272 [RX SF ] 67 02 76 0B FF FF FF FF
10:56:38.273 [RX    ] 76 0B
10:56:38.273 [PASS  ] TransferData block=11 | expected: 76 ... | received: 76 0B
10:56:38.284 ------------------------------------------------------------------------
10:56:38.284 [STEP  ] 0x36 block=12  offset=22440/45254  (49%)
10:56:38.284 [TX TransferData block=12 len=2040] 36 0C 26 F1 CA 84 40 E0 F1 B8 7E 6A 85 09 4F 41...
10:56:38.285 [TX FF ] 67 17 FA 36 0C 26 F1 CA
10:56:38.296 [TX CF1] 67 21 84 40 E0 F1 B8 7E
10:56:38.307 [TX CF2] 67 22 6A 85 09 4F 41 23
10:56:38.317 [TX CF3] 67 23 A4 C1 E9 30 FC 5D
10:56:38.328 [TX CF4] 67 24 03 63 5C B6 5E 34
10:56:38.340 [TX CF5] 67 25 90 78 17 54 EB 86
10:56:38.350 [TX CF6] 67 26 CE A8 B7 43 33 43
10:56:38.361 [TX CF7] 67 27 85 C0 3F 5E 76 2E
10:56:38.371 [TX CF8] 67 28 0D 34 30 1B 59 E4
10:56:38.382 [TX CF9] 67 29 A2 19 D1 84 5E 0D
10:56:38.393 [TX CF10] 67 2A 58 41 7A 32 A7 54
10:56:38.404 [TX CF11] 67 2B 17 88 0C 88 90 8D
10:56:38.414 [TX CF12] 67 2C C2 03 BD 26 C0 B9
10:56:38.424 [TX CF13] 67 2D C3 8B FA 6D E1 25
10:56:38.435 [TX CF14] 67 2E 21 01 78 2C C1 25
10:56:38.446 [TX CF15] 67 2F A5 F4 A0 19 A8 C3
10:56:38.457 [TX CF0] 67 20 21 26 EE 0A 9C 2F
10:56:38.467 [TX CF1] 67 21 B2 88 17 45 73 86
10:56:38.478 [TX CF2] 67 22 7F F4 B3 42 3D 4A
10:56:38.488 [TX CF3] 67 23 6A A1 1C A5 D6 EF
10:56:38.498 [TX CF4] 67 24 19 85 F8 1D 1A 9D
10:56:38.510 [TX CF5] 67 25 E3 FB 24 8E 50 1A
10:56:38.520 [TX CF6] 67 26 60 28 32 59 A0 D6
10:56:38.532 [TX CF7] 67 27 42 2E C9 86 05 23
10:56:38.542 [TX CF8] 67 28 22 61 4B 75 46 E2
10:56:38.553 [TX CF9] 67 29 42 25 48 80 35 60
10:56:38.565 [TX CF10] 67 2A A3 C0 A5 10 3E 91
10:56:38.575 [TX CF11] 67 2B 27 0E 01 90 0A E1
10:56:38.586 [TX CF12] 67 2C 31 15 B8 0F 20 53
10:56:38.596 [TX CF13] 67 2D 98 2A 51 DA 1F B0
10:56:38.607 [TX CF14] 67 2E 85 52 FB 97 8C 63
10:56:38.617 [TX CF15] 67 2F 04 1E D5 C2 39 79
10:56:38.628 [TX CF0] 67 20 7C E5 1A B8 F6 A3
10:56:38.639 [TX CF1] 67 21 91 1A A4 43 78 F1
10:56:38.650 [TX CF2] 67 22 D3 FF 21 81 39 80
10:56:38.662 [TX CF3] 67 23 8C 70 6E 04 C4 8A
10:56:38.673 [TX CF4] 67 24 10 16 F0 80 C4 CB
10:56:38.685 [TX CF5] 67 25 78 76 3E 06 4C 15
10:56:38.696 [TX CF6] 67 26 38 4B 69 92 0B EE
10:56:38.707 [TX CF7] 67 27 06 0F 08 EA FF 55
10:56:38.717 [TX CF8] 67 28 C0 C8 6E BE 0B 49
10:56:38.727 [TX CF9] 67 29 AB 08 17 43 00 F5
10:56:38.739 [TX CF10] 67 2A 07 C1 61 72 A0 06
10:56:38.750 [TX CF11] 67 2B 42 18 76 C1 BF 0D
10:56:38.760 [TX CF12] 67 2C 06 55 06 E9 39 F0
10:56:38.771 [TX CF13] 67 2D 85 AF E0 80 12 C0
10:56:38.781 [TX CF14] 67 2E FE FD E6 7F B8 37
10:56:38.793 [TX CF15] 67 2F 82 29 20 CC 5C 23
10:56:38.804 [TX CF0] 67 20 17 8A C5 C2 FF 20
10:56:38.814 [TX CF1] 67 21 26 01 03 74 C0 F1
10:56:38.826 [TX CF2] 67 22 01 5C 00 5C 09 0E
10:56:38.836 [TX CF3] 67 23 06 E7 C8 90 D2 60
10:56:38.846 [TX CF4] 67 24 1C 1C 17 12 E6 EB
10:56:38.856 [TX CF5] 67 25 C3 8A C4 C2 41 16
10:56:38.868 [TX CF6] 67 26 A4 C2 03 40 2B B0
10:56:38.878 [TX CF7] 67 27 A3 C5 29 38 AB DC
10:56:38.890 [TX CF8] 67 28 0A 54 FA 40 3D 91
10:56:38.901 [TX CF9] 67 29 27 08 55 F2 FC B8
10:56:38.912 [TX CF10] 67 2A 80 23 03 E2 0B 9D
10:56:38.924 [TX CF11] 67 2B 00 2F 85 CD EE 84
10:56:38.935 [TX CF12] 67 2C 30 46 18 2D 05 1A
10:56:38.946 [TX CF13] 67 2D 02 54 04 C9 42 29
10:56:38.958 [TX CF14] 67 2E 04 14 30 37 4E 0D
10:56:38.969 [TX CF15] 67 2F F3 FC DA 82 81 C2
10:56:38.981 [TX CF0] 67 20 BA 40 6F BF D1 6C
10:56:38.992 [TX CF1] 67 21 30 2B A8 61 0E 0D
10:56:39.003 [TX CF2] 67 22 87 83 81 0C 60 1B
10:56:39.013 [TX CF3] 67 23 42 03 83 0F A1 74
10:56:39.024 [TX CF4] 67 24 02 43 00 89 01 30
10:56:39.035 [TX CF5] 67 25 FC 6D 56 48 69 BF
10:56:39.046 [TX CF6] 67 26 BF FF BE 6F FF AB
10:56:39.056 [TX CF7] 67 27 A7 EE 2F 70 49 42
10:56:39.067 [TX CF8] 67 28 D9 01 BE 1C 2F FC
10:56:39.077 [TX CF9] 67 29 F1 2F 84 B2 15 D0
10:56:39.088 [TX CF10] 67 2A B2 47 B4 1B 26 C2
10:56:39.099 [TX CF11] 67 2B 53 8C 1C 06 40 EF
10:56:39.109 [TX CF12] 67 2C 4E 41 B8 BA 4F 30
10:56:39.120 [TX CF13] 67 2D 7F 8C 50 F9 01 E6
10:56:39.131 [TX CF14] 67 2E 1B 9B DC 06 53 01
10:56:39.142 [TX CF15] 67 2F 52 80 6F 03 A3 40
10:56:39.153 [TX CF0] 67 20 8F 7E 30 50 08 20
10:56:39.164 [TX CF1] 67 21 E9 2D 37 FE 71 7D
10:56:39.174 [TX CF2] 67 22 E0 C1 ED 5D 55 6E
10:56:39.185 [TX CF3] 67 23 53 9B AD E2 F3 F0
10:56:39.196 [TX CF4] 67 24 90 C2 28 51 4E 8C
10:56:39.207 [TX CF5] 67 25 0A 0F 12 87 D7 BA
10:56:39.217 [TX CF6] 67 26 10 79 55 73 A5 FA
10:56:39.228 [TX CF7] 67 27 B9 CE 2F 33 8B A6
10:56:39.238 [TX CF8] 67 28 E6 3B B7 A4 04 B0
10:56:39.250 [TX CF9] 67 29 D8 FE 96 A8 0F D0
10:56:39.260 [TX CF10] 67 2A 81 10 60 B9 FE 2F
10:56:39.271 [TX CF11] 67 2B 82 BC 20 34 3F CD
10:56:39.282 [TX CF12] 67 2C D2 9D E0 F8 48 D4
10:56:39.292 [TX CF13] 67 2D A8 44 25 71 97 20
10:56:39.303 [TX CF14] 67 2E 10 78 04 37 73 79
10:56:39.313 [TX CF15] 67 2F A0 00 60 8F CE A5
10:56:39.325 [TX CF0] 67 20 34 1E 97 E2 E7 05
10:56:39.336 [TX CF1] 67 21 2A 81 70 28 E5 05
10:56:39.347 [TX CF2] 67 22 91 7E 63 BA 82 9C
10:56:39.357 [TX CF3] 67 23 39 36 EC 05 60 2E
10:56:39.367 [TX CF4] 67 24 05 64 39 12 0A 04
10:56:39.378 [TX CF5] 67 25 00 8E 89 54 19 87
10:56:39.388 [TX CF6] 67 26 83 76 44 82 57 2B
10:56:39.398 [TX CF7] 67 27 E8 82 50 90 4A 65
10:56:39.409 [TX CF8] 67 28 1D 19 CD F2 74 C0
10:56:39.420 [TX CF9] 67 29 86 49 D1 DC DE 21
10:56:39.430 [TX CF10] 67 2A F2 28 7C 92 09 40
10:56:39.441 [TX CF11] 67 2B D0 D0 A3 DD 19 E5
10:56:39.452 [TX CF12] 67 2C E3 F7 7B D2 C7 73
10:56:39.463 [TX CF13] 67 2D B4 28 3F 6A 0D 25
10:56:39.474 [TX CF14] 67 2E 53 E0 2F C3 75 70
10:56:39.485 [TX CF15] 67 2F 0D 25 F9 C1 42 3C
10:56:39.495 [TX CF0] 67 20 03 0C 27 25 58 24
10:56:39.506 [TX CF1] 67 21 3B 9B 9F E4 AE 03
10:56:39.516 [TX CF2] 67 22 6A 1F D5 D2 3B 1B
10:56:39.528 [TX CF3] 67 23 F5 6C 8A 58 63 A9
10:56:39.538 [TX CF4] 67 24 71 88 C9 8B 0A F7
10:56:39.550 [TX CF5] 67 25 EA C1 19 2F E1 01
10:56:39.560 [TX CF6] 67 26 F0 0D F0 9C 7F D6
10:56:39.571 [TX CF7] 67 27 28 46 FF A5 6C 09
10:56:39.582 [TX CF8] 67 28 48 40 3A 9F 7F 02
10:56:39.593 [TX CF9] 67 29 B7 22 C2 05 4C 4A
10:56:39.604 [TX CF10] 67 2A D0 58 47 58 74 BF
10:56:39.614 [TX CF11] 67 2B C6 B4 30 34 25 26
10:56:39.624 [TX CF12] 67 2C 17 F9 48 A3 0B F4
10:56:39.635 [TX CF13] 67 2D A6 01 D0 DF 9F E1
10:56:39.646 [TX CF14] 67 2E E4 7F AF 17 4B EB
10:56:39.657 [TX CF15] 67 2F C4 1D 93 DA 0E 8E
10:56:39.667 [TX CF0] 67 20 03 C1 B7 47 41 D0
10:56:39.678 [TX CF1] 67 21 D7 78 3F 17 B8 32
10:56:39.688 [TX CF2] 67 22 40 1D 87 80 7F 90
10:56:39.699 [TX CF3] 67 23 0C 1E 8E AC ED 04
10:56:39.710 [TX CF4] 67 24 92 E9 4D 51 21 69
10:56:39.721 [TX CF5] 67 25 50 C1 70 D7 29 00
10:56:39.731 [TX CF6] 67 26 97 41 3A 36 48 E5
10:56:39.742 [TX CF7] 67 27 B6 39 04 96 7E 3A
10:56:39.753 [TX CF8] 67 28 74 8F 05 B8 30 04
10:56:39.763 [TX CF9] 67 29 B2 34 5B 02 5D 30
10:56:39.774 [TX CF10] 67 2A E8 25 D0 84 DE 26
10:56:39.785 [TX CF11] 67 2B 22 E0 2F 16 BA 34
10:56:39.796 [TX CF12] 67 2C 6E F1 13 A0 66 58
10:56:39.806 [TX CF13] 67 2D 20 E3 FC 10 29 64
10:56:39.817 [TX CF14] 67 2E D1 3B 0C 89 3D 2D
10:56:39.827 [TX CF15] 67 2F 0A F2 A0 E3 03 E0
10:56:39.839 [TX CF0] 67 20 8B A5 60 97 7B 94
10:56:39.849 [TX CF1] 67 21 B2 E0 94 13 DD 57
10:56:39.860 [TX CF2] 67 22 F0 4B 3B 3D 15 2E
10:56:39.872 [TX CF3] 67 23 90 25 3C F6 A2 2C
10:56:39.882 [TX CF4] 67 24 12 CE D1 1A 06 C0
10:56:39.893 [TX CF5] 67 25 11 9E 0E CA 05 29
10:56:39.905 [TX CF6] 67 26 B1 F4 B8 1B 23 FE
10:56:39.915 [TX CF7] 67 27 16 EF F1 0D 02 7E
10:56:39.925 [TX CF8] 67 28 16 84 A0 17 89 85
10:56:39.936 [TX CF9] 67 29 01 AD 85 67 A5 B4
10:56:39.946 [TX CF10] 67 2A F3 AA D0 F6 F4 3C
10:56:39.957 [TX CF11] 67 2B 3E 74 06 19 2F E2
10:56:39.968 [TX CF12] 67 2C 57 0A 45 3A 6B 00
10:56:39.978 [TX CF13] 67 2D D4 A6 20 94 90 F0
10:56:39.989 [TX CF14] 67 2E B8 2D E1 85 40 04
10:56:39.999 [TX CF15] 67 2F 88 2E 72 AE 7F A0
10:56:40.009 [TX CF0] 67 20 5E 06 36 56 AF F2
10:56:40.020 [TX CF1] 67 21 67 4F 6F 4D 81 86
10:56:40.032 [TX CF2] 67 22 13 F9 38 14 01 28
10:56:40.042 [TX CF3] 67 23 9C 84 60 42 C3 2E
10:56:40.053 [TX CF4] 67 24 48 87 33 35 81 49
10:56:40.065 [TX CF5] 67 25 E4 31 40 81 62 9B
10:56:40.075 [TX CF6] 67 26 E0 50 E6 E0 B0 6F
10:56:40.087 [TX CF7] 67 27 54 AC 85 0A 53 D1
10:56:40.097 [TX CF8] 67 28 A4 5E 5A 58 42 AF
10:56:40.108 [TX CF9] 67 29 2D 3C 21 CD 48 6E
10:56:40.119 [TX CF10] 67 2A ED 58 64 03 F0 2F
10:56:40.130 [TX CF11] 67 2B 8E D4 20 12 A8 7F
10:56:40.141 [TX CF12] 67 2C 46 6F 22 A5 5C 01
10:56:40.152 [TX CF13] 67 2D D0 62 AE 10 E9 17
10:56:40.163 [TX CF14] 67 2E 29 BC 16 01 9B 84
10:56:40.173 [TX CF15] 67 2F 49 9D 1C 1A 40 13
10:56:40.184 [TX CF0] 67 20 C0 68 93 85 01 E6
10:56:40.194 [TX CF1] 67 21 05 5C 1C 58 0D 60
10:56:40.204 [TX CF2] 67 22 BC 17 C0 F0 7E AF
10:56:40.215 [TX CF3] 67 23 75 28 F7 4B 65 67
10:56:40.225 [TX CF4] 67 24 0D 61 F0 89 FF 19
10:56:40.236 [TX CF5] 67 25 88 4F 19 A0 5F 78
10:56:40.246 [TX CF6] 67 26 10 78 E7 52 70 44
10:56:40.258 [TX CF7] 67 27 82 51 11 14 81 28
10:56:40.269 [TX CF8] 67 28 8B BF 20 6B 61 7B
10:56:40.279 [TX CF9] 67 29 C0 9F C0 BC 50 42
10:56:40.290 [TX CF10] 67 2A C0 06 22 1B 01 73
10:56:40.300 [TX CF11] 67 2B 3B 62 64 9E 13 E0
10:56:40.311 [TX CF12] 67 2C 89 0A E0 BC 50 26
10:56:40.321 [TX CF13] 67 2D 23 24 1E 28 1F F0
10:56:40.332 [TX CF14] 67 2E 91 FF 8F E9 4F 97
10:56:40.342 [TX CF15] 67 2F 60 21 61 75 E1 1F
10:56:40.353 [TX CF0] 67 20 FE 7C 77 B5 2A 40
10:56:40.363 [TX CF1] 67 21 B3 F1 88 F8 23 C8
10:56:40.373 [TX CF2] 67 22 12 A2 2A 1F A9 0F
10:56:40.384 [TX CF3] 67 23 26 00 33 4A 00 0A
10:56:40.395 [TX CF4] 67 24 C0 6B 0C 43 6B 04
10:56:40.406 [TX CF5] 67 25 80 10 12 A2 52 30
10:56:40.416 [TX CF6] 67 26 80 28 25 88 9C 01
10:56:40.426 [TX CF7] 67 27 19 40 0E D0 82 70
10:56:40.437 [TX CF8] 67 28 0E 21 3F A4 60 2F
10:56:40.447 [TX CF9] 67 29 83 3C 3A BE 7B 86
10:56:40.459 [TX CF10] 67 2A D6 7B 4D D4 DE C8
10:56:40.470 [TX CF11] 67 2B B8 4D FA 3E EB DC
10:56:40.480 [TX CF12] 67 2C A6 F1 B1 A1 4C FA
10:56:40.491 [TX CF13] 67 2D 40 CC 2D 17 C9 05
10:56:40.501 [TX CF14] 67 2E C3 FF 22 82 C8 7C
10:56:40.512 [TX CF15] 67 2F 11 C7 5E 15 BF E4
10:56:40.522 [TX CF0] 67 20 A1 B8 03 86 0E 8C
10:56:40.533 [TX CF1] 67 21 CA 01 34 A4 94 10
10:56:40.543 [TX CF2] 67 22 81 F4 A6 05 B8 21
10:56:40.554 [TX CF3] 67 23 F6 0B 84 6B C1 10
10:56:40.565 [TX CF4] 67 24 90 08 90 D3 5C 0C
10:56:40.575 [TX CF5] 67 25 28 07 10 3E A1 0D
10:56:40.586 [TX CF6] 67 26 FC 99 B0 D4 09 20
10:56:40.596 [TX CF7] 67 27 93 44 BC 00 BC 04
10:56:40.607 [TX CF8] 67 28 78 30 D0 84 C1 E1
10:56:40.617 [TX CF9] 67 29 30 F8 45 0C 47 80
10:56:40.627 [TX CF10] 67 2A 77 09 B4 6B E3 B2
10:56:40.638 [TX CF11] 67 2B 83 A2 A0 E9 C1 A4
10:56:40.648 [TX CF12] 67 2C DF 2D 94 92 93 09
10:56:40.659 [TX CF13] 67 2D 8C 68 04 B0 FD BF
10:56:40.671 [TX CF14] 67 2E 16 E3 00 01 AC 37
10:56:40.681 [TX CF15] 67 2F A2 6C 06 68 47 9F
10:56:40.692 [TX CF0] 67 20 20 D0 AF 18 98 C2
10:56:40.702 [TX CF1] 67 21 B7 0A 94 73 05 70
10:56:40.713 [TX CF2] 67 22 E1 DE F9 5B 2C D5
10:56:40.723 [TX CF3] 67 23 0A 0D D3 82 48 B0
10:56:40.734 [TX CF4] 67 24 57 38 15 F6 05 23
10:56:40.744 [TX CF5] 67 25 89 D0 E0 77 56 42
10:56:40.754 [TX CF6] 67 26 1C 89 15 4A 01 C2
10:56:40.765 [TX CF7] 67 27 C1 3E 90 0A 20 0C
10:56:40.775 [TX CF8] 67 28 42 03 00 88 D2 30
10:56:40.786 [TX CF9] 67 29 57 B8 5D E2 FD 2B
10:56:40.797 [TX CF10] 67 2A 83 29 20 04 03 04
10:56:40.807 [TX CF11] 67 2B 95 07 B0 81 DF 7B
10:56:40.817 [TX CF12] 67 2C 70 78 7F 50 8B 84
10:56:40.828 [TX CF13] 67 2D 06 49 1C A1 C1 00
10:56:40.838 [TX CF14] 67 2E 90 08 20 58 40 44
10:56:40.849 [TX CF15] 67 2F 08 75 0B 81 01 F6
10:56:40.861 [TX CF0] 67 20 10 89 14 02 3A 31
10:56:40.871 [TX CF1] 67 21 43 79 F8 09 60 11
10:56:40.882 [TX CF2] 67 22 03 FF 7F 27 E3 FF
10:56:40.893 [TX CF3] 67 23 05 81 01 05 C2 E4
10:56:40.904 [TX CF4] 67 24 48 16 96 25 F2 05
10:56:40.914 [TX CF5] 67 25 A3 01 22 C9 40 CF
10:56:40.925 [TX CF6] 67 26 38 40 85 78 51 E7
10:56:40.936 [TX CF7] 67 27 1B 5C 35 24 49 85
10:56:40.946 [TX CF8] 67 28 2A C0 79 46 C1 04
10:56:40.957 [TX CF9] 67 29 90 E1 29 51 3B 44
10:56:40.967 [TX CF10] 67 2A 2E 81 FC E8 C1 60
10:56:40.978 [TX CF11] 67 2B 18 3A 67 2A 03 29
10:56:40.988 [TX CF12] 67 2C B4 15 00 75 61 05
10:56:40.998 [TX CF13] 67 2D FF 50 24 45 FD 3A
10:56:41.009 [TX CF14] 67 2E 1F D9 8E F4 B1 85
10:56:41.019 [TX CF15] 67 2F E8 B3 3D E6 93 0A
10:56:41.031 [TX CF0] 67 20 B4 54 A0 FF CE A1
10:56:41.041 [TX CF1] 67 21 79 0B BD 32 95 0D
10:56:41.051 [TX CF2] 67 22 31 29 EE FE DA AD
10:56:41.061 [TX CF3] 67 23 06 B5 3B C6 40 E0
10:56:41.071 [TX CF4] 67 24 38 98 04 A6 75 D0
10:56:41.082 [TX CF5] 67 25 B6 97 21 80 CA E6
10:56:41.092 [TX CF6] 67 26 DD 08 04 8F 87 72
10:56:41.104 [TX CF7] 67 27 C1 DE A0 96 8B 65
10:56:41.114 [TX CF8] 67 28 34 E6 84 2F A3 AC
10:56:41.124 [TX CF9] 67 29 A1 4B 7A 78 98 15
10:56:41.136 [TX CF10] 67 2A 86 31 6A A5 64 68
10:56:41.146 [TX CF11] 67 2B 52 8E 96 84 4F 87
10:56:41.157 [TX CF12] 67 2C 45 17 86 DF FE 64
10:56:41.168 [TX CF13] 67 2D 40 EF 84 87 A6 09
10:56:41.179 [TX CF14] 67 2E 40 F2 85 90 2C 05
10:56:41.190 [TX CF15] 67 2F 0A 39 D2 B0 C1 E9
10:56:41.201 [TX CF0] 67 20 30 F8 CF 46 05 2B
10:56:41.211 [TX CF1] 67 21 81 1F 01 E0 1F 41
10:56:41.221 [TX CF2] 67 22 82 20 C1 31 A1 16
10:56:41.233 [TX CF3] 67 23 FC 21 30 81 CA E1
10:56:41.243 [TX CF4] 67 24 A5 E0 24 35 12 D4
10:56:41.253 [TX CF5] 67 25 12 18 89 6E 1A A9
10:56:41.263 [TX CF6] 67 26 72 52 AE 15 44 E4
10:56:41.273 [TX CF7] 67 27 1F 0E B1 BE 17 AA
10:56:41.284 [TX CF8] 67 28 18 1B 94 08 0A 05
10:56:41.294 [TX CF9] 67 29 C9 09 84 70 19 0E
10:56:41.305 [TX CF10] 67 2A 8A F4 DC 42 C9 D0
10:56:41.315 [TX CF11] 67 2B A5 95 61 2F C1 60
10:56:41.327 [TX CF12] 67 2C E8 48 71 34 98 F2
10:56:41.338 [TX CF13] 67 2D 40 00 3E 10 6E 85
10:56:41.350 [TX CF14] 67 2E 57 A7 03 95 4D 3A
10:56:41.361 [TX CF15] 67 2F 11 31 D0 12 A9 1F
10:56:41.373 [TX CF0] 67 20 42 9F E0 07 20 1A
10:56:41.385 [TX CF1] 67 21 02 81 07 A0 43 E0
10:56:41.396 [TX CF2] 67 22 72 89 87 46 13 04
10:56:41.408 [TX CF3] 67 23 4D 21 20 2B 00 09
10:56:41.418 [TX CF4] 67 24 06 81 18 11 C0 54
10:56:41.429 [TX CF5] 67 25 01 92 85 A3 FF 13
10:56:41.439 [TX CF6] 67 26 DE CE D3 A3 C7 D3
10:56:41.449 [TX CF7] 67 27 F0 A6 F0 50 61 08
10:56:41.459 [TX CF8] 67 28 98 28 B0 B0 2A 61
10:56:41.471 [TX CF9] 67 29 55 40 A3 4A DC A4
10:56:41.481 [TX CF10] 67 2A 84 9A 84 86 D0 BC
10:56:41.492 [TX CF11] 67 2B 47 E1 36 FC 07 90
10:56:41.503 [TX CF12] 67 2C 86 74 4A A0 2C 30
10:56:41.514 [TX CF13] 67 2D 87 AA 45 56 E1 2B
10:56:41.525 [TX CF14] 67 2E 2E 43 5B 83 D6 D3
10:56:41.536 [TX CF15] 67 2F D0 4A C9 38 39 90
10:56:41.546 [TX CF0] 67 20 F0 5C 9F B8 46 3C
10:56:41.557 [TX CF1] 67 21 0A 84 20 68 D0 17
10:56:41.568 [TX CF2] 67 22 11 8A 10 57 61 08
10:56:41.578 [TX CF3] 67 23 98 C8 6C 08 8C 28
10:56:41.589 [TX CF4] 67 24 28 98 60 36 08 82
10:56:41.599 [TX CF5] 67 25 76 13 4A 0B D4 23
10:56:41.609 [TX CF6] 67 26 E8 E0 6D 9F D5 6E
10:56:41.621 [TX CF7] 67 27 0B 94 24 18 14 86
10:56:41.632 [TX CF8] 67 28 1E 1B 96 82 E4 B4
10:56:41.643 [TX CF9] 67 29 C2 30 A5 85 DD 84
10:56:41.654 [TX CF10] 67 2A 04 87 00 CC 0A 3A
10:56:41.665 [TX CF11] 67 2B ED 02 C2 51 8A 6C
10:56:41.676 [TX CF12] 67 2C 66 99 2C B0 30 D0
10:56:41.686 [TX CF13] 67 2D B1 FF 58 F8 25 50
10:56:41.697 [TX CF14] 67 2E 66 A1 C8 83 C0 7A
10:56:41.707 [TX CF15] 67 2F AE 64 26 5B DC 44
10:56:41.717 [TX CF0] 67 20 1F 81 0F 68 E1 14
10:56:41.727 [TX CF1] 67 21 4E 83 FF 90 AE 90
10:56:41.738 [TX CF2] 67 22 80 D0 38 12 28 94
10:56:41.749 [TX CF3] 67 23 10 F4 84 0F A6 40
10:56:41.759 [TX CF4] 67 24 C3 05 20 E0 41 45
10:56:41.770 [TX CF5] 67 25 68 42 29 38 8A 14
10:56:41.780 [TX CF6] 67 26 13 A7 0D 6D 43 80
10:56:41.792 [TX CF7] 67 27 A0 B4 B0 05 22 CB
10:56:41.804 [TX CF8] 67 28 06 11 E1 86 3D D0
10:56:41.816 [TX CF9] 67 29 6F C3 D0 F1 B7 F1
10:56:41.827 [TX CF10] 67 2A E8 38 71 71 21 41
10:56:41.839 [TX CF11] 67 2B 6A E0 E3 C2 49 03
10:56:41.850 [TX CF12] 67 2C 46 20 40 C2 01 CE
10:56:41.861 [TX CF13] 67 2D 84 40 9C B8 43 1C
10:56:41.872 [TX CF14] 67 2E F0 A8 80 72 61 80
10:56:41.883 [TX CF15] 67 2F DA FF FC EF 0C 23
10:56:41.894 [TX CF0] 67 20 34 98 45 82 11 20
10:56:41.905 [TX CF1] 67 21 0E 61 DE FF C0 49
10:56:41.917 [TX CF2] 67 22 F0 C0 E0 11 08 04
10:56:41.928 [TX CF3] 67 23 29 C6 87 44 28 87
10:56:41.939 [TX CF4] 67 24 C3 69 1B FF FF FF
10:56:41.959 [RX SF ] 67 02 76 0C FF FF FF FF
10:56:41.959 [RX    ] 76 0C
10:56:41.961 [PASS  ] TransferData block=12 | expected: 76 ... | received: 76 0C
10:56:41.971 ------------------------------------------------------------------------
10:56:41.971 [STEP  ] 0x36 block=13  offset=24480/45254  (54%)
10:56:41.971 [TX TransferData block=13 len=2040] 36 0D D1 43 E4 91 6D 2C 7A F1 46 A0 4C 19 38 50...
10:56:41.973 [TX FF ] 67 17 FA 36 0D D1 43 E4
10:56:41.983 [TX CF1] 67 21 91 6D 2C 7A F1 46
10:56:41.994 [TX CF2] 67 22 A0 4C 19 38 50 25
10:56:42.005 [TX CF3] 67 23 F5 C9 84 26 21 5C
10:56:42.016 [TX CF4] 67 24 BC 50 2B 71 C4 BA
10:56:42.028 [TX CF5] 67 25 1F 4E 8F C3 78 CB
10:56:42.038 [TX CF6] 67 26 42 31 B4 86 52 C8
10:56:42.048 [TX CF7] 67 27 F8 D8 21 74 C8 E5
10:56:42.060 [TX CF8] 67 28 85 F8 84 03 29 00
10:56:42.070 [TX CF9] 67 29 CE 48 B0 0F 04 20
10:56:42.080 [TX CF10] 67 2A 9D 08 15 E2 35 72
10:56:42.091 [TX CF11] 67 2B A0 3E 01 FD 74 7B
10:56:42.102 [TX CF12] 67 2C 05 60 36 51 27 CC
10:56:42.113 [TX CF13] 67 2D 20 AC 61 14 47 30
10:56:42.124 [TX CF14] 67 2E 52 62 08 00 5C 24
10:56:42.135 [TX CF15] 67 2F 2E FC 1F F0 01 E1
10:56:42.146 [TX CF0] 67 20 80 57 B7 9E 2B 0C
10:56:42.157 [TX CF1] 67 21 FF BB 83 E1 67 2F
10:56:42.169 [TX CF2] 67 22 D2 0D 1F F6 3F 41
10:56:42.180 [TX CF3] 67 23 80 67 64 7B EA 37
10:56:42.193 [TX CF4] 67 24 6E CB F8 C6 44 75
10:56:42.203 [TX CF5] 67 25 F3 2E 55 5F D3 74
10:56:42.214 [TX CF6] 67 26 D2 51 AA 51 E8 42
10:56:42.226 [TX CF7] 67 27 66 0B C4 31 EE 83
10:56:42.237 [TX CF8] 67 28 E0 08 E6 8E 85 F7
10:56:42.247 [TX CF9] 67 29 E8 46 23 76 4A 33
10:56:42.258 [TX CF10] 67 2A 77 20 BA 4E A4 1D
10:56:42.268 [TX CF11] 67 2B A8 71 44 D0 4A 21
10:56:42.279 [TX CF12] 67 2C 3D 0F DF DE 1E 51
10:56:42.290 [TX CF13] 67 2D 82 51 05 E8 7E 7E
10:56:42.301 [TX CF14] 67 2E F7 CF DD 02 3C DC
10:56:42.311 [TX CF15] 67 2F C6 86 D2 C2 04 EE
10:56:42.323 [TX CF0] 67 20 86 21 B4 C4 0F 80
10:56:42.333 [TX CF1] 67 21 80 E0 23 10 3B 44
10:56:42.344 [TX CF2] 67 22 C2 95 1A A0 42 24
10:56:42.355 [TX CF3] 67 23 7C BA F4 0A 49 0C
10:56:42.366 [TX CF4] 67 24 AF 92 10 C5 DE 64
10:56:42.376 [TX CF5] 67 25 74 39 63 F2 0A 04
10:56:42.387 [TX CF6] 67 26 50 91 05 82 87 68
10:56:42.397 [TX CF7] 67 27 5A A0 25 41 51 00
10:56:42.407 [TX CF8] 67 28 99 0E 65 E4 4F 84
10:56:42.418 [TX CF9] 67 29 26 F1 21 A1 EE A4
10:56:42.428 [TX CF10] 67 2A 75 B8 03 9F 01 E2
10:56:42.439 [TX CF11] 67 2B 14 36 04 0F 98 4A
10:56:42.449 [TX CF12] 67 2C C8 08 D2 85 5E 28
10:56:42.459 [TX CF13] 67 2D 56 0A 4D E1 80 83
10:56:42.471 [TX CF14] 67 2E E7 09 05 28 47 84
10:56:42.481 [TX CF15] 67 2F 08 D1 0B 43 06 4E
10:56:42.492 [TX CF0] 67 20 50 0B 54 22 E0 CA
10:56:42.503 [TX CF1] 67 21 CA 36 37 BB 00 3B
10:56:42.514 [TX CF2] 67 22 C9 DE 82 F1 02 4A
10:56:42.525 [TX CF3] 67 23 0F 0C 84 48 44 A9
10:56:42.536 [TX CF4] 67 24 91 B8 CC 72 D1 A4
10:56:42.546 [TX CF5] 67 25 83 C1 7A A1 44 23
10:56:42.556 [TX CF6] 67 26 96 30 A6 59 0A 17
10:56:42.567 [TX CF7] 67 27 DB A6 32 48 84 D4
10:56:42.577 [TX CF8] 67 28 24 8B 46 20 90 96
10:56:42.588 [TX CF9] 67 29 24 93 3E 03 99 FF
10:56:42.599 [TX CF10] 67 2A FF DF E6 60 68 31
10:56:42.609 [TX CF11] 67 2B 7F E2 AE 11 08 89
10:56:42.621 [TX CF12] 67 2C 5B 09 86 D2 15 4B
10:56:42.631 [TX CF13] 67 2D C0 40 23 71 82 32
10:56:42.642 [TX CF14] 67 2E 10 9A 6C A1 EA 0C
10:56:42.653 [TX CF15] 67 2F 61 D9 05 20 B9 94
10:56:42.663 [TX CF0] 67 20 FE 41 10 A1 E1 1B
10:56:42.674 [TX CF1] 67 21 40 50 24 14 38 2D
10:56:42.685 [TX CF2] 67 22 02 3B 60 2F 61 30
10:56:42.695 [TX CF3] 67 23 25 83 04 C0 50 A8
10:56:42.706 [TX CF4] 67 24 17 FF FF EF FF 40
10:56:42.716 [TX CF5] 67 25 32 C2 22 58 70 84
10:56:42.726 [TX CF6] 67 26 06 47 9A A1 C0 AC
10:56:42.738 [TX CF7] 67 27 02 44 22 22 C0 4E
10:56:42.748 [TX CF8] 67 28 88 0B 50 C6 12 00
10:56:42.759 [TX CF9] 67 29 15 40 6D 04 5C 84
10:56:42.769 [TX CF10] 67 2A 36 97 23 18 83 03
10:56:42.780 [TX CF11] 67 2B B0 50 AD 17 E3 50
10:56:42.790 [TX CF12] 67 2C 22 84 05 B9 DE 85
10:56:42.801 [TX CF13] 67 2D E8 1C B0 18 7F 78
10:56:42.812 [TX CF14] 67 2E C1 0D 65 F3 E6 3F
10:56:42.823 [TX CF15] 67 2F BF F8 C5 9E 05 00
10:56:42.833 [TX CF0] 67 20 0C E0 E6 40 82 84
10:56:42.844 [TX CF1] 67 21 02 53 02 E8 25 70
10:56:42.856 [TX CF2] 67 22 81 74 57 08 06 90
10:56:42.866 [TX CF3] 67 23 A5 7E C4 28 ED 70
10:56:42.876 [TX CF4] 67 24 BB 02 12 08 04 72
10:56:42.887 [TX CF5] 67 25 30 1C 92 43 08 16
10:56:42.897 [TX CF6] 67 26 45 1F 84 0F 23 6A
10:56:42.908 [TX CF7] 67 27 A3 44 6E 90 09 5A
10:56:42.919 [TX CF8] 67 28 05 19 58 77 08 5F
10:56:42.931 [TX CF9] 67 29 81 06 84 DB F7 69
10:56:42.941 [TX CF10] 67 2A A3 21 90 82 78 10
10:56:42.952 [TX CF11] 67 2B 59 4C 11 C0 A3 F2
10:56:42.963 [TX CF12] 67 2C 89 7F 20 BB 08 02
10:56:42.974 [TX CF13] 67 2D 12 09 44 1F A1 50
10:56:42.986 [TX CF14] 67 2E 90 C0 37 EF 84 10
10:56:42.996 [TX CF15] 67 2F 18 7E FA 21 F4 16
10:56:43.007 [TX CF0] 67 20 48 7D C9 B0 B2 30
10:56:43.017 [TX CF1] 67 21 83 74 60 94 8C 14
10:56:43.028 [TX CF2] 67 22 35 01 84 05 70 00
10:56:43.039 [TX CF3] 67 23 DA 18 15 84 08 96
10:56:43.049 [TX CF4] 67 24 42 65 0A A0 1F D0
10:56:43.060 [TX CF5] 67 25 0E A0 9C 41 91 9F
10:56:43.071 [TX CF6] 67 26 C3 5D FC 77 20 A0
10:56:43.083 [TX CF7] 67 27 49 02 8A 68 04 5C
10:56:43.093 [TX CF8] 67 28 1B D4 B2 18 9A 0F
10:56:43.103 [TX CF9] 67 29 26 87 C9 87 A3 B2
10:56:43.113 [TX CF10] 67 2A 53 AD 03 90 7F 7E
10:56:43.124 [TX CF11] 67 2B FC BF D2 9B 03 FE
10:56:43.134 [TX CF12] 67 2C 11 5A 44 26 53 25
10:56:43.144 [TX CF13] 67 2D EC 40 74 55 2A E6
10:56:43.156 [TX CF14] 67 2E 5E 88 95 C2 15 10
10:56:43.167 [TX CF15] 67 2F 8B 47 24 52 89 74
10:56:43.177 [TX CF0] 67 20 D2 75 40 88 52 28
10:56:43.188 [TX CF1] 67 21 18 B2 6E 10 EA 46
10:56:43.198 [TX CF2] 67 22 01 6B 0C 35 6A 06
10:56:43.209 [TX CF3] 67 23 21 6E 84 2E 91 C0
10:56:43.220 [TX CF4] 67 24 5C 43 0A 6A 01 89
10:56:43.230 [TX CF5] 67 25 6F 62 B6 81 74 0C
10:56:43.242 [TX CF6] 67 26 1D 79 02 EE 18 2A
10:56:43.254 [TX CF7] 67 27 E6 05 F4 29 AC 28
10:56:43.265 [TX CF8] 67 28 0C 00 60 4B B0 31
10:56:43.276 [TX CF9] 67 29 49 E4 8A F8 08 70
10:56:43.286 [TX CF10] 67 2A 86 44 E4 08 68 36
10:56:43.296 [TX CF11] 67 2B B0 B0 3A 10 0A C5
10:56:43.307 [TX CF12] 67 2C 0E A5 08 50 63 D4
10:56:43.317 [TX CF13] 67 2D 34 61 00 F0 60 23
10:56:43.327 [TX CF14] 67 2E 5F FF BD 4B F3 01
10:56:43.338 [TX CF15] 67 2F D9 36 B1 E8 70 22
10:56:43.348 [TX CF0] 67 20 FC 11 04 10 3A 4C
10:56:43.359 [TX CF1] 67 21 31 B3 82 4F 16 34
10:56:43.369 [TX CF2] 67 22 B4 A2 06 11 86 5A
10:56:43.379 [TX CF3] 67 23 14 4F CB 69 28 07
10:56:43.390 [TX CF4] 67 24 65 91 00 0D 06 82
10:56:43.400 [TX CF5] 67 25 11 0D AC 11 FB 04
10:56:43.412 [TX CF6] 67 26 A6 07 D0 69 E1 38
10:56:43.422 [TX CF7] 67 27 FC E8 1A B0 90 C0
10:56:43.432 [TX CF8] 67 28 6B 61 10 DE B1 12
10:56:43.443 [TX CF9] 67 29 2C A1 0E A5 60 A3
10:56:43.453 [TX CF10] 67 2A 11 4B 41 C1 22 3E
10:56:43.463 [TX CF11] 67 2B 10 DA 6C 94 C4 05
10:56:43.474 [TX CF12] 67 2C 0F 53 23 8D C1 A5
10:56:43.484 [TX CF13] 67 2D 74 38 9D 80 45 B4
10:56:43.495 [TX CF14] 67 2E 20 4A 0D 2E D1 E0
10:56:43.506 [TX CF15] 67 2F 92 79 20 82 9D 0F
10:56:43.517 [TX CF0] 67 20 78 D8 4C 69 42 19
10:56:43.527 [TX CF1] 67 21 10 40 3F 8D D4 48
10:56:43.538 [TX CF2] 67 22 48 95 70 78 21 F8
10:56:43.550 [TX CF3] 67 23 3F A0 C2 47 E1 6E
10:56:43.561 [TX CF4] 67 24 51 C2 4C 02 23 09
10:56:43.571 [TX CF5] 67 25 A1 E9 7F DB 54 DC
10:56:43.581 [TX CF6] 67 26 11 41 10 12 88 87
10:56:43.593 [TX CF7] 67 27 42 29 28 98 F4 23
10:56:43.605 [TX CF8] 67 28 32 8A 47 41 66 81
10:56:43.616 [TX CF9] 67 29 0F 0E 37 82 46 FA
10:56:43.627 [TX CF10] 67 2A 06 07 E2 98 BE E1
10:56:43.637 [TX CF11] 67 2B 87 78 B6 8F D0 66
10:56:43.648 [TX CF12] 67 2C 9E 29 C7 8A 03 2C
10:56:43.658 [TX CF13] 67 2D 80 74 36 BE 09 45
10:56:43.670 [TX CF14] 67 2E E3 89 09 A0 41 A8
10:56:43.681 [TX CF15] 67 2F 10 E5 2E 08 C4 20
10:56:43.691 [TX CF0] 67 20 1D 2D 7F 82 06 A1
10:56:43.703 [TX CF1] 67 21 06 13 D3 D5 F8 1B
10:56:43.713 [TX CF2] 67 22 38 41 FF 90 09 62
10:56:43.724 [TX CF3] 67 23 2D 00 3E 12 5F D4
10:56:43.735 [TX CF4] 67 24 97 C4 A9 42 2D E2
10:56:43.745 [TX CF5] 67 25 04 60 D9 43 9A F2
10:56:43.757 [TX CF6] 67 26 06 6F FC 8E F8 B9
10:56:43.768 [TX CF7] 67 27 94 80 4E 11 E5 6C
10:56:43.779 [TX CF8] 67 28 12 08 5F 8A 06 00
10:56:43.791 [TX CF9] 67 29 87 25 E0 B4 DE 00
10:56:43.804 [TX CF10] 67 2A 38 7F E5 10 8E 8F
10:56:43.815 [TX CF11] 67 2B FE 52 9A 43 54 14
10:56:43.826 [TX CF12] 67 2C 02 55 03 E8 FF BE
10:56:43.837 [TX CF13] 67 2D F3 D7 76 12 0F DF
10:56:43.848 [TX CF14] 67 2E 84 2C 80 5F 0A B0
10:56:43.858 [TX CF15] 67 2F 62 05 08 21 8C 3E
10:56:43.869 [TX CF0] 67 20 9E 19 8A B2 0F 08
10:56:43.880 [TX CF1] 67 21 07 0A 3C 1A FF 0E
10:56:43.891 [TX CF2] 67 22 84 C8 38 14 68 32
10:56:43.901 [TX CF3] 67 23 18 09 7D 65 39 04
10:56:43.911 [TX CF4] 67 24 BE 51 D0 85 4B EE
10:56:43.923 [TX CF5] 67 25 5D 10 02 16 EE 8C
10:56:43.934 [TX CF6] 67 26 2A 41 28 B8 5B AE
10:56:43.944 [TX CF7] 67 27 10 29 34 02 49 6B
10:56:43.955 [TX CF8] 67 28 A3 40 35 55 28 E4
10:56:43.965 [TX CF9] 67 29 03 52 52 C3 C1 B2
10:56:43.975 [TX CF10] 67 2A 0D 21 5F FF DA 28
10:56:43.986 [TX CF11] 67 2B D8 0B C6 A2 AA 2B
10:56:43.997 [TX CF12] 67 2C C2 81 78 B4 C7 31
10:56:44.008 [TX CF13] 67 2D 02 D0 60 17 8D 48
10:56:44.018 [TX CF14] 67 2E BA 11 52 54 7F FE
10:56:44.029 [TX CF15] 67 2F A6 33 C8 B8 4D A3
10:56:44.040 [TX CF0] 67 20 BF 6D 95 90 54 0C
10:56:44.050 [TX CF1] 67 21 0A 51 E1 ED CC 12
10:56:44.061 [TX CF2] 67 22 B8 78 60 52 CA 3F
10:56:44.071 [TX CF3] 67 23 46 D1 78 99 40 20
10:56:44.082 [TX CF4] 67 24 54 04 8E 02 5C A5
10:56:44.093 [TX CF5] 67 25 E3 98 04 E0 49 50
10:56:44.104 [TX CF6] 67 26 E8 7A 06 30 CB BF
10:56:44.114 [TX CF7] 67 27 F0 41 08 19 88 25
10:56:44.124 [TX CF8] 67 28 0A 2D D0 13 F0 3D
10:56:44.135 [TX CF9] 67 29 CA 58 2B 8F 70 2D
10:56:44.146 [TX CF10] 67 2A 0C E9 00 BB 4D C9
10:56:44.156 [TX CF11] 67 2B 20 1D C4 67 88 33
10:56:44.166 [TX CF12] 67 2C 8E DA 43 84 6B 87
10:56:44.178 [TX CF13] 67 2D 77 B7 CE F3 C0 24
10:56:44.188 [TX CF14] 67 2E E3 7C 22 E3 88 66
10:56:44.199 [TX CF15] 67 2F 90 08 21 B2 09 01
10:56:44.210 [TX CF0] 67 20 11 08 2F FE 40 D5
10:56:44.222 [TX CF1] 67 21 81 43 04 9C 16 80
10:56:44.232 [TX CF2] 67 22 AB 0F FF F8 A7 95
10:56:44.243 [TX CF3] 67 23 FE 38 55 40 75 96
10:56:44.253 [TX CF4] 67 24 A2 E0 1C 43 D0 3B
10:56:44.263 [TX CF5] 67 25 82 E3 05 90 5D 7C
10:56:44.274 [TX CF6] 67 26 2C 58 2F DE 18 94
10:56:44.285 [TX CF7] 67 27 82 F8 37 87 F3 D1
10:56:44.297 [TX CF8] 67 28 0F 20 39 80 26 85
10:56:44.308 [TX CF9] 67 29 02 30 A7 02 81 1A
10:56:44.320 [TX CF10] 67 2A 7D 21 99 65 41 38
10:56:44.330 [TX CF11] 67 2B 98 74 3C 12 1C 4C
10:56:44.340 [TX CF12] 67 2C 00 C4 81 37 08 07
10:56:44.352 [TX CF13] 67 2D 63 0D E0 A0 47 CC
10:56:44.363 [TX CF14] 67 2E 58 60 CC F0 A8 70
10:56:44.374 [TX CF15] 67 2F 33 61 7F F0 40 23
10:56:44.385 [TX CF0] 67 20 F6 AE 85 62 70 FD
10:56:44.396 [TX CF1] 67 21 42 35 E1 C0 1A 01
10:56:44.406 [TX CF2] 67 22 ED F8 22 86 C8 77
10:56:44.417 [TX CF3] 67 23 C6 78 12 D0 74 7D
10:56:44.427 [TX CF4] 67 24 67 08 FB BE 0E 01
10:56:44.439 [TX CF5] 67 25 C4 1F 61 9E 3F 81
10:56:44.450 [TX CF6] 67 26 C2 3F A1 CE 3D 9F
10:56:44.460 [TX CF7] 67 27 82 A1 38 A0 F4 34
10:56:44.471 [TX CF8] 67 28 A6 20 FE 66 B0 3C
10:56:44.483 [TX CF9] 67 29 22 F4 52 B0 48 A0
10:56:44.494 [TX CF10] 67 2A DC 0F 8C 93 59 70
10:56:44.504 [TX CF11] 67 2B 62 E0 5A C2 0F 22
10:56:44.515 [TX CF12] 67 2C 48 A1 28 8E A3 50
10:56:44.526 [TX CF13] 67 2D A9 FF 3D 97 29 51
10:56:44.536 [TX CF14] 67 2E 62 0B 9A 05 38 04
10:56:44.547 [TX CF15] 67 2F 36 60 82 C2 95 FC
10:56:44.557 [TX CF0] 67 20 96 5D 65 72 0B 45
10:56:44.567 [TX CF1] 67 21 D5 0A A4 59 0E 0D
10:56:44.578 [TX CF2] 67 22 07 F9 6C BB CB A4
10:56:44.588 [TX CF3] 67 23 1A 8B B8 E9 0F 45
10:56:44.600 [TX CF4] 67 24 DD 13 A4 81 17 0C
10:56:44.611 [TX CF5] 67 25 DB F8 8F 52 4E 91
10:56:44.622 [TX CF6] 67 26 05 28 02 35 09 65
10:56:44.632 [TX CF7] 67 27 53 19 20 97 C8 6D
10:56:44.643 [TX CF8] 67 28 15 48 22 4A 39 82
10:56:44.653 [TX CF9] 67 29 50 19 2F F2 69 20
10:56:44.665 [TX CF10] 67 2A FB 81 60 91 42 60
10:56:44.676 [TX CF11] 67 2B 5A 88 E2 67 08 F7
10:56:44.686 [TX CF12] 67 2C F1 37 86 0A 93 68
10:56:44.696 [TX CF13] 67 2D 41 43 19 FE 42 24
10:56:44.707 [TX CF14] 67 2E 07 1C 20 E9 70 28
10:56:44.717 [TX CF15] 67 2F DF BF BD 87 FE 8E
10:56:44.728 [TX CF0] 67 20 40 B3 82 05 2F 42
10:56:44.739 [TX CF1] 67 21 74 18 62 48 58 52
10:56:44.750 [TX CF2] 67 22 66 18 37 F2 23 20
10:56:44.762 [TX CF3] 67 23 EC 28 65 A7 7F D4
10:56:44.772 [TX CF4] 67 24 99 27 32 FD FE C3
10:56:44.784 [TX CF5] 67 25 F8 73 7C 07 D6 92
10:56:44.794 [TX CF6] 67 26 C8 20 30 4B E6 82
10:56:44.804 [TX CF7] 67 27 87 D9 FB 96 5C B4
10:56:44.815 [TX CF8] 67 28 08 90 2E 50 89 15
10:56:44.826 [TX CF9] 67 29 A2 92 A8 53 C7 FB
10:56:44.837 [TX CF10] 67 2A D6 5D 35 48 E8 2E
10:56:44.847 [TX CF11] 67 2B 8B 8C 2C AB 98 62
10:56:44.857 [TX CF12] 67 2C 8B A8 7B 4B 70 2E
10:56:44.867 [TX CF13] 67 2D FA B4 48 17 75 C6
10:56:44.878 [TX CF14] 67 2E 1F F3 28 06 64 63
10:56:44.888 [TX CF15] 67 2F CB F0 7A 1F B9 32
10:56:44.899 [TX CF0] 67 20 56 1D 74 82 4E 97
10:56:44.909 [TX CF1] 67 21 04 74 8A 5C 15 EA
10:56:44.920 [TX CF2] 67 22 15 A5 F0 32 96 20
10:56:44.930 [TX CF3] 67 23 3C 2F DB 25 0A C3
10:56:44.941 [TX CF4] 67 24 28 19 8B 2C 1D E7
10:56:44.952 [TX CF5] 67 25 EE 73 20 C7 78 19
10:56:44.963 [TX CF6] 67 26 88 54 69 2A E4 B6
10:56:44.973 [TX CF7] 67 27 BF B1 2A 18 7F 02
10:56:44.984 [TX CF8] 67 28 8F 26 82 14 EA 4A
10:56:44.995 [TX CF9] 67 29 97 2D 63 30 1A 6A
10:56:45.006 [TX CF10] 67 2A F8 18 5B 38 1D 37
10:56:45.017 [TX CF11] 67 2B EC B9 85 E3 C0 F4
10:56:45.027 [TX CF12] 67 2C 4B 8B 33 80 C0 0F
10:56:45.039 [TX CF13] 67 2D AB 2D 32 68 A5 97
10:56:45.050 [TX CF14] 67 2E FD C1 A4 16 95 84
10:56:45.061 [TX CF15] 67 2F EB 8C 1B FA 63 1A
10:56:45.071 [TX CF0] 67 20 50 D7 9A 00 F0 24
10:56:45.082 [TX CF1] 67 21 2E 5C B0 AE 70 6A
10:56:45.092 [TX CF2] 67 22 EE 80 79 0E 90 EF
10:56:45.104 [TX CF3] 67 23 CE A8 6A 0D 00 66
10:56:45.115 [TX CF4] 67 24 6D 10 EE EE E0 69
10:56:45.125 [TX CF5] 67 25 2E B8 58 49 3C 12
10:56:45.136 [TX CF6] 67 26 B7 BC 61 A0 F8 1B
10:56:45.146 [TX CF7] 67 27 98 68 26 3A 9B 85
10:56:45.157 [TX CF8] 67 28 02 38 4C C2 5B 28
10:56:45.167 [TX CF9] 67 29 FC 74 E5 F2 09 C0
10:56:45.177 [TX CF10] 67 2A 1E 19 77 E9 48 84
10:56:45.188 [TX CF11] 67 2B 0E 41 33 F0 07 50
10:56:45.198 [TX CF12] 67 2C 9E 3D A0 12 C2 2E
10:56:45.209 [TX CF13] 67 2D 42 85 1C 85 3E 01
10:56:45.219 [TX CF14] 67 2E 21 21 4A 7C 02 29
10:56:45.230 [TX CF15] 67 2F C2 47 28 FB 74 E4
10:56:45.240 [TX CF0] 67 20 72 09 1F 82 0A 12
10:56:45.250 [TX CF1] 67 21 07 55 E6 94 5E 65
10:56:45.262 [TX CF2] 67 22 37 88 0C A6 3F D1
10:56:45.273 [TX CF3] 67 23 09 A0 9C 40 33 86
10:56:45.284 [TX CF4] 67 24 26 31 1A A5 62 63
10:56:45.295 [TX CF5] 67 25 51 3E 80 2D 28 27
10:56:45.305 [TX CF6] 67 26 42 32 0D 06 0F 29
10:56:45.316 [TX CF7] 67 27 86 76 62 1E 08 C5
10:56:45.326 [TX CF8] 67 28 32 41 00 FE FD F1
10:56:45.337 [TX CF9] 67 29 DF F9 14 A2 25 D0
10:56:45.348 [TX CF10] 67 2A 08 A5 82 29 C0 14
10:56:45.360 [TX CF11] 67 2B 07 19 FF 5A 23 20
10:56:45.371 [TX CF12] 67 2C 7D A1 14 FC 42 5F
10:56:45.381 [TX CF13] 67 2D B0 C1 4C 98 40 15
10:56:45.391 [TX CF14] 67 2E 08 40 3E 12 CF D4
10:56:45.402 [TX CF15] 67 2F 09 B6 00 5E 18 97
10:56:45.412 [TX CF0] 67 20 E2 07 B0 F8 6F 64
10:56:45.423 [TX CF1] 67 21 1E D0 D8 10 28 58
10:56:45.434 [TX CF2] 67 22 7F 08 46 02 07 00
10:56:45.445 [TX CF3] 67 23 8C 08 61 84 27 80
10:56:45.456 [TX CF4] 67 24 80 44 04 30 C8 04
10:56:45.467 [TX CF5] 67 25 50 C1 A0 42 0C 2A
10:56:45.477 [TX CF6] 67 26 C6 80 20 1A 5E D8
10:56:45.488 [TX CF7] 67 27 9F 0A E3 78 01 20
10:56:45.500 [TX CF8] 67 28 1B 49 35 26 11 68
10:56:45.511 [TX CF9] 67 29 A1 41 EA 50 F2 DE
10:56:45.522 [TX CF10] 67 2A 10 8B 04 92 90 DD
10:56:45.533 [TX CF11] 67 2B 02 07 6C 91 D3 34
10:56:45.545 [TX CF12] 67 2C 74 28 17 42 4E 2E
10:56:45.556 [TX CF13] 67 2D 06 00 63 82 D3 00
10:56:45.566 [TX CF14] 67 2E 82 A1 A0 85 58 22
10:56:45.578 [TX CF15] 67 2F 1B CB 85 1E 61 B4
10:56:45.589 [TX CF0] 67 20 8D 8A C9 8C D2 20
10:56:45.599 [TX CF1] 67 21 62 E8 24 11 CB 64
10:56:45.611 [TX CF2] 67 22 62 9B AC 18 03 1B
10:56:45.622 [TX CF3] 67 23 A5 C6 C6 30 E6 ED
10:56:45.632 [TX CF4] 67 24 31 B8 5C FF FF FF
10:56:45.652 [RX SF ] 67 02 76 0D FF FF FF FF
10:56:45.652 [RX    ] 76 0D
10:56:45.653 [PASS  ] TransferData block=13 | expected: 76 ... | received: 76 0D
10:56:45.663 ------------------------------------------------------------------------
10:56:45.664 [STEP  ] 0x36 block=14  offset=26520/45254  (58%)
10:56:45.664 [TX TransferData block=14 len=2040] 36 0E 62 80 01 40 67 84 C0 69 0C E3 6B 0C 80 3E...
10:56:45.664 [TX FF ] 67 17 FA 36 0E 62 80 01
10:56:45.675 [TX CF1] 67 21 40 67 84 C0 69 0C
10:56:45.687 [TX CF2] 67 22 E3 6B 0C 80 3E D0
10:56:45.698 [TX CF3] 67 23 F2 7F C6 60 10 90
10:56:45.709 [TX CF4] 67 24 E5 FF DE D8 C2 A0
10:56:45.721 [TX CF5] 67 25 52 D8 4F 6E 08 21
10:56:45.732 [TX CF6] 67 26 01 95 04 00 A5 85
10:56:45.742 [TX CF7] 67 27 6F FC DC C0 22 81
10:56:45.753 [TX CF8] 67 28 21 0A BF F8 8E 84
10:56:45.764 [TX CF9] 67 29 CB 7B 88 91 D6 E0
10:56:45.774 [TX CF10] 67 2A 3C 08 C4 0A 47 13
10:56:45.785 [TX CF11] 67 2B A1 D0 EC 10 1B 14
10:56:45.796 [TX CF12] 67 2C 06 43 01 B0 0D 30
10:56:45.806 [TX CF13] 67 2D 80 44 C7 E0 69 09
10:56:45.817 [TX CF14] 67 2E 30 48 3F DC A2 9A
10:56:45.827 [TX CF15] 67 2F 10 DA 59 35 08 0C
10:56:45.837 [TX CF0] 67 20 8E 07 60 81 58 B8
10:56:45.847 [TX CF1] 67 21 36 12 86 22 20 20
10:56:45.858 [TX CF2] 67 22 1C 4A 09 05 02 36
10:56:45.869 [TX CF3] 67 23 11 D2 10 3F 1F FC
10:56:45.879 [TX CF4] 67 24 C5 FD 0E 22 43 49
10:56:45.890 [TX CF5] 67 25 28 21 50 88 6F 62
10:56:45.900 [TX CF6] 67 26 05 98 62 62 00 29
10:56:45.910 [TX CF7] 67 27 45 AC 3D FF FF 9F
10:56:45.921 [TX CF8] 67 28 9E 09 11 0D 80 44
10:56:45.932 [TX CF9] 67 29 86 01 70 2F 83 15
10:56:45.943 [TX CF10] 67 2A 80 53 A0 84 3C 36
10:56:45.955 [TX CF11] 67 2B 9F FC 04 8B 25 00
10:56:45.965 [TX CF12] 67 2C D4 EC B2 34 28 4F
10:56:45.975 [TX CF13] 67 2D 46 29 49 B0 C6 21
10:56:45.986 [TX CF14] 67 2E 56 82 AA 02 60 38
10:56:45.996 [TX CF15] 67 2F 10 EC 1D 03 35 43
10:56:46.006 [TX CF0] 67 20 1F E1 70 DE D4 20
10:56:46.017 [TX CF1] 67 21 1A DD 96 14 57 87
10:56:46.027 [TX CF2] 67 22 46 1B 48 90 46 38
10:56:46.039 [TX CF3] 67 23 36 B8 0C 8B E7 0E
10:56:46.050 [TX CF4] 67 24 CD 50 32 34 3E 0D
10:56:46.061 [TX CF5] 67 25 8C DC 84 24 E2 0C
10:56:46.073 [TX CF6] 67 26 A4 D6 05 82 D3 68
10:56:46.083 [TX CF7] 67 27 A0 D8 26 3B D2 7E
10:56:46.094 [TX CF8] 67 28 98 89 15 4A 03 80
10:56:46.104 [TX CF9] 67 29 8C 41 A4 54 22 78
10:56:46.115 [TX CF10] 67 2A 3F 5F 38 9F 0E A1
10:56:46.126 [TX CF11] 67 2B 8A 19 81 FA 2D A0
10:56:46.138 [TX CF12] 67 2C 8F 02 0E 10 39 2C
10:56:46.149 [TX CF13] 67 2D A2 85 11 E8 CA 68
10:56:46.160 [TX CF14] 67 2E 50 FE 8C 12 55 0D
10:56:46.171 [TX CF15] 67 2F E9 8D 90 84 C7 63
10:56:46.182 [TX CF0] 67 20 16 08 DC 76 25 1F
10:56:46.192 [TX CF1] 67 21 42 21 F8 E9 20 50
10:56:46.205 [TX CF2] 67 22 82 78 1B 50 59 23
10:56:46.217 [TX CF3] 67 23 91 8B 85 6C 03 04
10:56:46.228 [TX CF4] 67 24 7A 00 88 03 A2 40
10:56:46.240 [TX CF5] 67 25 4B F1 B5 C4 52 31
10:56:46.251 [TX CF6] 67 26 14 9C 4D 2A A2 34
10:56:46.263 [TX CF7] 67 27 02 C1 88 48 13 87
10:56:46.275 [TX CF8] 67 28 49 92 A0 C1 D3 86
10:56:46.286 [TX CF9] 67 29 27 F5 85 A6 41 64
10:56:46.298 [TX CF10] 67 2A B0 19 34 3D 8D 82
10:56:46.308 [TX CF11] 67 2B 04 07 EE 16 85 16
10:56:46.320 [TX CF12] 67 2C 18 EF EC 86 3A 9B
10:56:46.331 [TX CF13] 67 2D CA 71 FE 5C 81 7F
10:56:46.342 [TX CF14] 67 2E A4 44 0A A0 5A 2F
10:56:46.354 [TX CF15] 67 2F D4 B8 5D 00 AB 86
10:56:46.365 [TX CF0] 67 20 22 41 40 80 A8 10
10:56:46.377 [TX CF1] 67 21 C3 58 24 36 93 B6
10:56:46.387 [TX CF2] 67 22 07 70 2F 54 9A 8C
10:56:46.398 [TX CF3] 67 23 62 17 68 DD D0 E0
10:56:46.408 [TX CF4] 67 24 10 78 04 3E 31 43
10:56:46.420 [TX CF5] 67 25 1C 21 20 BF 06 A0
10:56:46.430 [TX CF6] 67 26 06 E1 76 50 07 31
10:56:46.441 [TX CF7] 67 27 A1 97 60 8E 4D 2D
10:56:46.452 [TX CF8] 67 28 B1 EE AF 47 69 04
10:56:46.464 [TX CF9] 67 29 B9 53 49 30 E4 20
10:56:46.474 [TX CF10] 67 2A 06 B8 24 4E 34 19
10:56:46.485 [TX CF11] 67 2B A8 27 10 EA 7F 5C
10:56:46.496 [TX CF12] 67 2C 78 06 92 59 E1 C2
10:56:46.507 [TX CF13] 67 2D 5A 41 96 58 F1 C8
10:56:46.517 [TX CF14] 67 2E FE 9C 90 5A A9 B6
10:56:46.528 [TX CF15] 67 2F FE D9 96 16 EE 96
10:56:46.539 [TX CF0] 67 20 93 EA 16 E5 EB 97
10:56:46.550 [TX CF1] 67 21 53 E7 3F B5 A5 ED
10:56:46.560 [TX CF2] 67 22 BA 06 0C E9 CC 18
10:56:46.570 [TX CF3] 67 23 8D 65 18 F3 E0 BF
10:56:46.581 [TX CF4] 67 24 B4 E6 55 B8 66 74
10:56:46.591 [TX CF5] 67 25 F7 4F ED 21 AF 6D
10:56:46.603 [TX CF6] 67 26 E1 B7 3D 9B FB 42
10:56:46.613 [TX CF7] 67 27 A4 41 64 30 2B 44
10:56:46.623 [TX CF8] 67 28 E2 99 12 8C C5 2D
10:56:46.634 [TX CF9] 67 29 13 4A 1C 52 C1 28
10:56:46.644 [TX CF10] 67 2A 98 52 63 DF 6E 8A
10:56:46.654 [TX CF11] 67 2B C3 1F 84 77 F0 E0
10:56:46.665 [TX CF12] 67 2C C1 FD 83 AD 08 CB
10:56:46.676 [TX CF13] 67 2D B0 18 13 B4 18 AB
10:56:46.687 [TX CF14] 67 2E B8 11 CE 0E F4 22
10:56:46.697 [TX CF15] 67 2F 2F 00 42 E8 3C 50
10:56:46.707 [TX CF0] 67 20 86 BC 81 1B E0 F3
10:56:46.718 [TX CF1] 67 21 42 12 F4 06 0C F5
10:56:46.728 [TX CF2] 67 22 06 0A F6 06 0E F7
10:56:46.738 [TX CF3] 67 23 06 03 F8 F8 97 A1
10:56:46.749 [TX CF4] 67 24 96 52 B0 65 80 23
10:56:46.759 [TX CF5] 67 25 1C 08 04 52 30 47
10:56:46.770 [TX CF6] 67 26 42 07 D1 91 DE 7C
10:56:46.781 [TX CF7] 67 27 56 8D 0D A2 4E 32
10:56:46.791 [TX CF8] 67 28 01 BE 04 0B 02 83
10:56:46.802 [TX CF9] 67 29 83 A6 AA 42 41 28
10:56:46.812 [TX CF10] 67 2A 7F 20 9D C2 49 49
10:56:46.823 [TX CF11] 67 2B A0 D6 06 38 3E 10
10:56:46.833 [TX CF12] 67 2C 91 5E 53 B9 41 FF
10:56:46.843 [TX CF13] 67 2D AF EC 2C 56 95 26
10:56:46.854 [TX CF14] 67 2E 11 34 4C 16 88 ED
10:56:46.864 [TX CF15] 67 2F 2B 01 58 A0 D0 CC
10:56:46.875 [TX CF0] 67 20 E8 74 A0 38 98 C7
10:56:46.885 [TX CF1] 67 21 26 17 22 01 81 2A
10:56:46.896 [TX CF2] 67 22 80 F4 28 31 AA 4C
10:56:46.906 [TX CF3] 67 23 70 0D A7 CB F8 08
10:56:46.916 [TX CF4] 67 24 C1 C0 90 1D 29 07
10:56:46.928 [TX CF5] 67 25 F4 BC 80 7F 03 1C
10:56:46.938 [TX CF6] 67 26 32 61 2E 10 0D 8A
10:56:46.949 [TX CF7] 67 27 AB 0C 35 02 01 48
10:56:46.960 [TX CF8] 67 28 84 06 80 C4 06 71
10:56:46.971 [TX CF9] 67 29 84 61 C3 60 21 60
10:56:46.982 [TX CF10] 67 2A A0 4E 38 62 9C 20
10:56:46.993 [TX CF11] 67 2B 85 84 20 17 F2 D4
10:56:47.005 [TX CF12] 67 2C 1F F3 12 52 41 0C
10:56:47.016 [TX CF13] 67 2D 25 28 03 78 D0 03
10:56:47.026 [TX CF14] 67 2E 58 E0 03 78 C0 03
10:56:47.037 [TX CF15] 67 2F 98 D8 03 B8 71 03
10:56:47.048 [TX CF0] 67 20 D0 C2 03 F0 DC B6
10:56:47.059 [TX CF1] 67 21 D0 41 B0 16 08 20
10:56:47.071 [TX CF2] 67 22 C4 02 80 30 30 28
10:56:47.081 [TX CF3] 67 23 05 08 9D 68 08 10
10:56:47.092 [TX CF4] 67 24 00 81 03 50 E0 63
10:56:47.102 [TX CF5] 67 25 87 C8 59 42 14 17
10:56:47.113 [TX CF6] 67 26 03 A3 13 90 57 3C
10:56:47.123 [TX CF7] 67 27 10 3B C4 6A 0F 12
10:56:47.134 [TX CF8] 67 28 87 C1 7A 10 29 54
10:56:47.145 [TX CF9] 67 29 7B A1 09 E9 C0 E5
10:56:47.155 [TX CF10] 67 2A 53 7E 85 47 C1 3F
10:56:47.166 [TX CF11] 67 2B 91 11 30 F8 1D 70
10:56:47.176 [TX CF12] 67 2C 0D 81 F0 AB FE 0F
10:56:47.187 [TX CF13] 67 2D 08 41 65 28 3C 28
10:56:47.197 [TX CF14] 67 2E 37 8A AC A6 19 D1
10:56:47.207 [TX CF15] 67 2F C0 DE 35 52 93 4A
10:56:47.218 [TX CF0] 67 20 1C 1B C5 6A 53 06
10:56:47.228 [TX CF1] 67 21 75 41 79 D2 80 E1
10:56:47.239 [TX CF2] 67 22 8C 42 47 78 56 87
10:56:47.249 [TX CF3] 67 23 90 8C F0 9B F8 3E
10:56:47.260 [TX CF4] 67 24 12 28 D5 00 1E 84
10:56:47.270 [TX CF5] 67 25 CB A3 06 94 C4 FA
10:56:47.281 [TX CF6] 67 26 34 4B C4 02 59 10
10:56:47.291 [TX CF7] 67 27 E8 2C A0 A0 21 20
10:56:47.302 [TX CF8] 67 28 E9 10 50 85 80 60
10:56:47.312 [TX CF9] 67 29 26 C1 43 A0 DE 61
10:56:47.322 [TX CF10] 67 2A 30 28 2D E6 53 43
10:56:47.334 [TX CF11] 67 2B 84 C1 23 34 34 BE
10:56:47.345 [TX CF12] 67 2C 1B 4F C0 C0 08 BF
10:56:47.355 [TX CF13] 67 2D 80 8C 84 6C 8E 2C
10:56:47.365 [TX CF14] 67 2E 58 92 0C 4B A7 FB
10:56:47.376 [TX CF15] 67 2F 98 F2 B6 54 18 EE
10:56:47.387 [TX CF0] 67 20 0E F1 1B 81 12 90
10:56:47.399 [TX CF1] 67 21 91 D0 E0 97 99 24
10:56:47.411 [TX CF2] 67 22 0B 81 78 82 50 E4
10:56:47.422 [TX CF3] 67 23 01 F4 0A 40 E6 DD
10:56:47.434 [TX CF4] 67 24 80 48 3F DF 7C 1F
10:56:47.444 [TX CF5] 67 25 F4 8B 90 17 08 91
10:56:47.455 [TX CF6] 67 26 80 16 DA 07 84 04
10:56:47.465 [TX CF7] 67 27 60 45 45 81 C5 45
10:56:47.475 [TX CF8] 67 28 B0 FF BC F8 0D A8
10:56:47.486 [TX CF9] 67 29 61 07 EE 12 09 5C
10:56:47.496 [TX CF10] 67 2A 2D 1A 00 3E 0E 94
10:56:47.507 [TX CF11] 67 2B 52 41 08 F0 4C 24
10:56:47.518 [TX CF12] 67 2C 50 FA 4A 5F 0B EF
10:56:47.528 [TX CF13] 67 2D E2 60 60 06 CA BA
10:56:47.538 [TX CF14] 67 2E 83 7A 62 CA D4 70
10:56:47.548 [TX CF15] 67 2F 04 D0 82 AB 08 29
10:56:47.559 [TX CF0] 67 20 24 03 2C 70 63 38
10:56:47.570 [TX CF1] 67 21 67 44 0D E8 53 9C
10:56:47.580 [TX CF2] 67 22 50 1B C1 A8 9C 01
10:56:47.591 [TX CF3] 67 23 11 62 30 96 69 C6
10:56:47.601 [TX CF4] 67 24 13 21 95 9E 8E 90
10:56:47.612 [TX CF5] 67 25 15 20 F9 48 45 8F
10:56:47.622 [TX CF6] 67 26 C2 10 F8 00 8E 82
10:56:47.633 [TX CF7] 67 27 08 0D FA 0D 1F 84
10:56:47.643 [TX CF8] 67 28 29 06 06 FB FA 68
10:56:47.654 [TX CF9] 67 29 05 04 84 B7 F0 15
10:56:47.665 [TX CF10] 67 2A 42 53 FB 43 61 2F
10:56:47.676 [TX CF11] 67 2B FC 1E 91 F8 58 90
10:56:47.688 [TX CF12] 67 2C 40 EA 3F 06 34 36
10:56:47.698 [TX CF13] 67 2D 9F AF FF DE 01 FE
10:56:47.709 [TX CF14] 67 2E 46 A1 B6 FC 7E BE
10:56:47.720 [TX CF15] 67 2F F6 CF E8 1F 08 17
10:56:47.731 [TX CF0] 67 20 E7 F1 F7 87 7F 11
10:56:47.741 [TX CF1] 67 21 48 5E 3F 28 34 60
10:56:47.752 [TX CF2] 67 22 0F AC 20 F4 9B CD
10:56:47.763 [TX CF3] 67 23 12 31 31 83 53 2F
10:56:47.773 [TX CF4] 67 24 94 48 B4 D2 09 E0
10:56:47.784 [TX CF5] 67 25 84 47 61 56 80 6E
10:56:47.795 [TX CF6] 67 26 18 8A 39 FB 0D 0D
10:56:47.805 [TX CF7] 67 27 0B F1 D1 0B 21 24
10:56:47.816 [TX CF8] 67 28 82 8A 70 A0 27 21
10:56:47.827 [TX CF9] 67 29 34 C1 01 15 82 2E
10:56:47.837 [TX CF10] 67 2A 42 10 30 84 D0 84
10:56:47.847 [TX CF11] 67 2B 3E 90 6D 40 5B 84
10:56:47.858 [TX CF12] 67 2C 3E 95 02 51 81 48
10:56:47.869 [TX CF13] 67 2D 51 60 A3 C2 11 20
10:56:47.880 [TX CF14] 67 2E 36 E1 6C FC 43 69
10:56:47.891 [TX CF15] 67 2F 0A CC 3B 12 2A 94
10:56:47.902 [TX CF0] 67 20 16 19 4B 50 61 13
10:56:47.912 [TX CF1] 67 21 A1 C0 EC 10 BA 4A
10:56:47.923 [TX CF2] 67 22 A5 08 CD 81 4F 84
10:56:47.933 [TX CF3] 67 23 2D 53 0C 6A 86 A5
10:56:47.944 [TX CF4] 67 24 42 15 48 55 A0 2B
10:56:47.954 [TX CF5] 67 25 41 13 8C 20 35 80
10:56:47.965 [TX CF6] 67 26 61 20 BA 47 34 16
10:56:47.976 [TX CF7] 67 27 38 60 20 2A 0C 11
10:56:47.988 [TX CF8] 67 28 C0 7F E0 14 35 94
10:56:47.998 [TX CF9] 67 29 1C 98 04 45 69 87
10:56:48.009 [TX CF10] 67 2A F5 6D 0D 8D 6F 14
10:56:48.020 [TX CF11] 67 2B C5 69 82 51 08 95
10:56:48.031 [TX CF12] 67 2C 30 15 84 0E 43 88
10:56:48.041 [TX CF13] 67 2D 2E C1 60 88 52 22
10:56:48.051 [TX CF14] 67 2E 29 F0 62 26 58 3E
10:56:48.062 [TX CF15] 67 2F 15 EF CD 82 D1 30
10:56:48.073 [TX CF0] 67 20 5F 03 10 76 41 43
10:56:48.083 [TX CF1] 67 21 B0 D8 18 48 43 69
10:56:48.094 [TX CF2] 67 22 30 1A 05 82 1B 08
10:56:48.105 [TX CF3] 67 23 A1 B1 40 75 65 B1
10:56:48.116 [TX CF4] 67 24 FC E8 2D 7A 18 6B
10:56:48.126 [TX CF5] 67 25 11 0D 0D 8C 01 8C
10:56:48.137 [TX CF6] 67 26 05 29 82 63 08 15
10:56:48.148 [TX CF7] 67 27 03 F9 D0 0B 22 B5
10:56:48.158 [TX CF8] 67 28 84 F8 8C AA 20 A0
10:56:48.168 [TX CF9] 67 29 86 18 7D 87 FF F0
10:56:48.179 [TX CF10] 67 2A 10 63 02 56 E1 30
10:56:48.189 [TX CF11] 67 2B DA 40 B3 95 BA 6E
10:56:48.199 [TX CF12] 67 2C 01 68 84 62 15 43
10:56:48.210 [TX CF13] 67 2D 55 21 80 90 D2 5C
10:56:48.220 [TX CF14] 67 2E B8 50 0A 38 56 29
10:56:48.231 [TX CF15] 67 2F 4D 7C 14 A8 2B 30
10:56:48.241 [TX CF0] 67 20 06 61 12 82 C5 1A
10:56:48.252 [TX CF1] 67 21 40 16 E0 B0 4C 37
10:56:48.263 [TX CF2] 67 22 89 FC 23 9B 5A 9D
10:56:48.274 [TX CF3] 67 23 22 A6 A2 86 A6 A3
10:56:48.285 [TX CF4] 67 24 85 C1 82 93 40 92
10:56:48.296 [TX CF5] 67 25 1E EF FE 02 49 24
10:56:48.306 [TX CF6] 67 26 34 60 62 03 21 23
10:56:48.318 [TX CF7] 67 27 11 80 14 06 65 20
10:56:48.328 [TX CF8] 67 28 47 21 D4 5B 60 E7
10:56:48.340 [TX CF9] 67 29 9E 66 EA 07 98 EB
10:56:48.350 [TX CF10] 67 2A 26 54 EE 07 88 EF
10:56:48.360 [TX CF11] 67 2B 26 56 F2 07 78 EB
10:56:48.371 [TX CF12] 67 2C 26 6A F6 07 68 F7
10:56:48.382 [TX CF13] 67 2D 26 6C FA 07 59 FF
10:56:48.393 [TX CF14] 67 2E 99 52 27 14 9E 0D
10:56:48.404 [TX CF15] 67 2F 87 85 69 E1 58 70
10:56:48.415 [TX CF0] 67 20 32 28 15 8A 05 61
10:56:48.425 [TX CF1] 67 21 A1 58 60 56 68 0D
10:56:48.436 [TX CF2] 67 22 9E 03 6F 02 21 82
10:56:48.446 [TX CF3] 67 23 B0 60 AC F8 89 0F
10:56:48.458 [TX CF4] 67 24 06 C5 01 B1 E1 8C
10:56:48.468 [TX CF5] 67 25 C0 59 28 36 49 7D
10:56:48.479 [TX CF6] 67 26 27 83 65 E0 DB 41
10:56:48.489 [TX CF7] 67 27 48 4B 8C E0 59 A8
10:56:48.501 [TX CF8] 67 28 36 E0 62 12 DA 5E
10:56:48.512 [TX CF9] 67 29 0E CD 81 B7 60 6C
10:56:48.522 [TX CF10] 67 2A DC 3B 37 06 DD C1
10:56:48.533 [TX CF11] 67 2B B3 63 64 38 1B 1F
10:56:48.543 [TX CF12] 67 2C 06 C7 84 90 D0 6C
10:56:48.554 [TX CF13] 67 2D F8 B0 38 16 09 3D
10:56:48.565 [TX CF14] 67 2E 25 F9 84 2A CD 4A
10:56:48.576 [TX CF15] 67 2F B3 72 AC 7C AB 2D
10:56:48.586 [TX CF0] 67 20 2A C1 8A B0 72 83
10:56:48.597 [TX CF1] 67 21 00 58 E1 56 1A 55
10:56:48.608 [TX CF2] 67 22 87 15 61 85 59 29
10:56:48.619 [TX CF3] 67 23 56 48 50 5C 0B 0C
10:56:48.631 [TX CF4] 67 24 0E CB 03 B6 87 50
10:56:48.641 [TX CF5] 67 25 8F 52 F8 76 4C 19
10:56:48.653 [TX CF6] 67 26 6D 0B 2E 0E C9 89
10:56:48.663 [TX CF7] 67 27 92 61 2C B4 4B 1F
10:56:48.674 [TX CF8] 67 28 0E CF 0B 0C 01 23
10:56:48.686 [TX CF9] 67 29 C5 D9 A3 34 BE 5D
10:56:48.696 [TX CF10] 67 2A 9B 97 6E 12 A1 82
10:56:48.708 [TX CF11] 67 2B 91 AA B0 8B D2 D8
10:56:48.719 [TX CF12] 67 2C F0 50 ED 02 84 21
10:56:48.730 [TX CF13] 67 2D 41 78 2C 78 20 18
10:56:48.742 [TX CF14] 67 2E 16 2C 15 8A 27 48
10:56:48.753 [TX CF15] 67 2F 8A 31 80 B0 0B 30
10:56:48.765 [TX CF0] 67 20 6E 61 D2 80 C2 AC
10:56:48.777 [TX CF1] 67 21 11 37 14 16 51 62
10:56:48.787 [TX CF2] 67 22 10 81 84 1B D8 26
10:56:48.798 [TX CF3] 67 23 02 85 40 C0 C0 20
10:56:48.808 [TX CF4] 67 24 89 3C 21 10 A5 91
10:56:48.819 [TX CF5] 67 25 23 4C 06 68 43 20
10:56:48.829 [TX CF6] 67 26 18 71 C4 38 D1 C4
10:56:48.839 [TX CF7] 67 27 38 31 D4 38 41 94
10:56:48.851 [TX CF8] 67 28 23 B4 20 50 0C 50
10:56:48.863 [TX CF9] 67 29 EA 1C 10 FA 1C 04
10:56:48.874 [TX CF10] 67 2A 48 69 82 CD 18 86
10:56:48.886 [TX CF11] 67 2B 02 64 37 C3 A3 0B
10:56:48.896 [TX CF12] 67 2C 80 7D 2F FE 13 F6
10:56:48.906 [TX CF13] 67 2D 12 7A 44 A1 45 09
10:56:48.916 [TX CF14] 67 2E 17 06 6A 11 28 11
10:56:48.927 [TX CF15] 67 2F 02 0E 04 8E 37 06
10:56:48.938 [TX CF0] 67 20 6C 20 23 41 FA 86
10:56:48.949 [TX CF1] 67 21 06 C1 07 33 03 23
10:56:48.960 [TX CF2] 67 22 52 41 78 A4 C7 20
10:56:48.971 [TX CF3] 67 23 37 06 FE 0E A4 3D
10:56:48.981 [TX CF4] 67 24 5F FB 12 3B 09 3C
10:56:48.993 [TX CF5] 67 25 10 B8 84 96 3B 4E
10:56:49.004 [TX CF6] 67 26 86 78 1C A8 6E 92
10:56:49.015 [TX CF7] 67 27 20 C1 11 10 4A 20
10:56:49.026 [TX CF8] 67 28 DD 03 FA 17 0B C4
10:56:49.036 [TX CF9] 67 29 C6 F1 88 A1 40 0D
10:56:49.046 [TX CF10] 67 2A 50 6F CA 08 15 B4
10:56:49.057 [TX CF11] 67 2B F7 74 28 11 C2 74
10:56:49.067 [TX CF12] 67 2C 09 14 35 7F A2 CE
10:56:49.078 [TX CF13] 67 2D 1C 08 3C 0B AA 5C
10:56:49.088 [TX CF14] 67 2E C3 67 FA F8 F9 CB
10:56:49.100 [TX CF15] 67 2F E8 75 8B B0 CA 28
10:56:49.110 [TX CF0] 67 20 50 2E 81 83 0E BF
10:56:49.121 [TX CF1] 67 21 EB D3 E7 90 18 A3
10:56:49.131 [TX CF2] 67 22 EC 7E BC 9E 79 C2
10:56:49.141 [TX CF3] 67 23 D4 09 47 87 A3 C0
10:56:49.153 [TX CF4] 67 24 A3 1A 30 EF 79 E0
10:56:49.164 [TX CF5] 67 25 AA 78 09 B2 A4 F1
10:56:49.174 [TX CF6] 67 26 F0 40 3C 19 FC 31
10:56:49.185 [TX CF7] 67 27 13 09 07 B4 DB 84
10:56:49.195 [TX CF8] 67 28 EA 29 20 90 5C 36
10:56:49.206 [TX CF9] 67 29 A3 3C 27 2A 78 67
10:56:49.217 [TX CF10] 67 2A 2D B0 28 0E 2C 0E
10:56:49.227 [TX CF11] 67 2B 48 40 2D 10 0B 63
10:56:49.238 [TX CF12] 67 2C FF 02 D6 10 1E 82
10:56:49.248 [TX CF13] 67 2D 2D 0B DF E2 6E 72
10:56:49.258 [TX CF14] 67 2E 86 92 54 C3 AB 31
10:56:49.269 [TX CF15] 67 2F A4 E2 AD 30 19 1E
10:56:49.280 [TX CF0] 67 20 6A 87 63 BF 77 60
10:56:49.290 [TX CF1] 67 21 FE D8 7C 56 87 8D
10:56:49.302 [TX CF2] 67 22 B0 F2 AD 30 33 E0
10:56:49.313 [TX CF3] 67 23 32 09 1F 8E B9 9B
10:56:49.323 [TX CF4] 67 24 83 E6 E1 FF FF FF
10:56:49.345 [RX SF ] 67 02 76 0E FF FF FF FF
10:56:49.346 [RX    ] 76 0E
10:56:49.346 [PASS  ] TransferData block=14 | expected: 76 ... | received: 76 0E
10:56:49.356 ------------------------------------------------------------------------
10:56:49.356 [STEP  ] 0x36 block=15  offset=28560/45254  (63%)
10:56:49.357 [TX TransferData block=15 len=2040] 36 0F ED 84 39 76 19 6D 2A 27 68 82 C9 62 B6 0B...
10:56:49.357 [TX FF ] 67 17 FA 36 0F ED 84 39
10:56:49.367 [TX CF1] 67 21 76 19 6D 2A 27 68
10:56:49.378 [TX CF2] 67 22 82 C9 62 B6 0B 2D
10:56:49.388 [TX CF3] 67 23 AA 5D 68 87 58 A5
10:56:49.399 [TX CF4] 67 24 B1 D9 6D A2 9B 62
10:56:49.410 [TX CF5] 67 25 AD C1 EB 68 28 2C
10:56:49.420 [TX CF6] 67 26 1C BB 4C 9E 95 1A
10:56:49.431 [TX CF7] 67 27 A0 78 ED 31 B8 17
10:56:49.441 [TX CF8] 67 28 FA 4B ED 80 C7 68
10:56:49.451 [TX CF9] 67 29 07 E4 39 B6 1C 5D
10:56:49.461 [TX CF10] 67 2A A6 46 8B 06 47 68
10:56:49.471 [TX CF11] 67 2B 8D C1 2C B6 89 6C
10:56:49.482 [TX CF12] 67 2C 0F E1 26 9B 40 A5
10:56:49.492 [TX CF13] 67 2D D4 08 F5 0F 46 91
10:56:49.504 [TX CF14] 67 2E 02 05 F0 92 CB 51
10:56:49.514 [TX CF15] 67 2F B0 CD 68 7E 3B 44
10:56:49.525 [TX CF0] 67 20 AE 87 25 B4 C7 4F
10:56:49.536 [TX CF1] 67 21 90 5A 53 08 49 2F
10:56:49.546 [TX CF2] 67 22 D1 CA 1C 62 97 23
10:56:49.557 [TX CF3] 67 23 55 03 8B 0D 81 68
10:56:49.568 [TX CF4] 67 24 C1 C3 49 39 50 61
10:56:49.578 [TX CF5] 67 25 B0 2B 41 0B 06 72
10:56:49.588 [TX CF6] 67 26 17 0D EC 48 ED 05
10:56:49.599 [TX CF7] 67 27 81 97 86 01 A3 03
10:56:49.610 [TX CF8] 67 28 34 58 75 21 40 86
10:56:49.621 [TX CF9] 67 29 02 47 5B 81 12 70
10:56:49.632 [TX CF10] 67 2A 13 A1 10 90 33 54
10:56:49.642 [TX CF11] 67 2B 36 25 08 5A C3 FF
10:56:49.654 [TX CF12] 67 2C 5B 23 A4 64 21 20
10:56:49.664 [TX CF13] 67 2D FF 72 95 E8 35 12
10:56:49.674 [TX CF14] 67 2E 80 44 E8 0A D0 30
10:56:49.684 [TX CF15] 67 2F 0A DC 07 48 34 E0
10:56:49.696 [TX CF0] 67 20 B9 7F E1 E3 38 15
10:56:49.706 [TX CF1] 67 21 90 C4 A9 11 36 68
10:56:49.718 [TX CF2] 67 22 56 0A 55 A2 84 19
10:56:49.728 [TX CF3] 67 23 02 D0 05 C3 95 68
10:56:49.739 [TX CF4] 67 24 E1 0A 60 B4 80 B0
10:56:49.749 [TX CF5] 67 25 A5 5A 40 68 1E D0
10:56:49.760 [TX CF6] 67 26 15 60 7F 40 02 84
10:56:49.770 [TX CF7] 67 27 2A D4 02 42 95 6A
10:56:49.780 [TX CF8] 67 28 15 A1 8A B5 0A F0
10:56:49.791 [TX CF9] 67 29 E5 5A B8 56 28 55
10:56:49.802 [TX CF10] 67 2A AE 05 63 A5 5A E8
10:56:49.813 [TX CF11] 67 2B 56 3C 55 AF 05 63
10:56:49.824 [TX CF12] 67 2C E4 DA C2 48 40 C5
10:56:49.834 [TX CF13] 67 2D A0 59 0D 88 EF F7
10:56:49.844 [TX CF14] 67 2E 91 13 86 03 58 38
10:56:49.854 [TX CF15] 67 2F 94 15 7A 50 0D F7
10:56:49.865 [TX CF0] 67 20 F7 CF 80 DA C1 CE
10:56:49.876 [TX CF1] 67 21 A0 F0 36 50 52 AC
10:56:49.888 [TX CF2] 67 22 1D 1F F7 DE 0B FE
10:56:49.898 [TX CF3] 67 23 2A A1 01 E8 B3 12
10:56:49.909 [TX CF4] 67 24 80 EF 5A 49 0D 60
10:56:49.920 [TX CF5] 67 25 A8 40 15 98 5C 36
10:56:49.931 [TX CF6] 67 26 90 19 08 55 08 9F
10:56:49.942 [TX CF7] 67 27 82 06 75 82 3B 0B
10:56:49.953 [TX CF8] 67 28 31 43 4D A3 7A E3
10:56:49.964 [TX CF9] 67 29 15 B8 F4 6A C1 1B
10:56:49.975 [TX CF10] 67 2A 8E C9 23 F0 49 67
10:56:49.986 [TX CF11] 67 2B EB A5 1D 80 69 A0
10:56:49.998 [TX CF12] 67 2C F0 1E AC 6B 01 AD
10:56:50.009 [TX CF13] 67 2D 8E 43 16 20 74 25
10:56:50.019 [TX CF14] 67 2E 57 08 23 62 18 04
10:56:50.030 [TX CF15] 67 2F B3 CF D1 B8 6F 09
10:56:50.041 [TX CF0] 67 20 D8 71 55 B8 7F F6
10:56:50.053 [TX CF1] 67 21 91 36 52 2A E8 55
10:56:50.064 [TX CF2] 67 22 78 35 30 9D E1 16
10:56:50.074 [TX CF3] 67 23 58 0F F0 6A 60 3F
10:56:50.085 [TX CF4] 67 24 41 D7 12 BB 0F 20
10:56:50.097 [TX CF5] 67 25 F6 08 1C 0E 03 F7
10:56:50.108 [TX CF6] 67 26 5A 81 67 76 21 11
10:56:50.119 [TX CF7] 67 27 A8 7F 60 10 39 A3
10:56:50.131 [TX CF8] 67 28 B2 1D 04 02 0B 03
10:56:50.143 [TX CF9] 67 29 82 41 7F F0 68 3B
10:56:50.154 [TX CF10] 67 2A C3 08 64 08 82 8C
10:56:50.164 [TX CF11] 67 2B 04 7B 83 25 38 0F
10:56:50.174 [TX CF12] 67 2C E1 DB 04 22 13 00
10:56:50.186 [TX CF13] 67 2D FE C0 5F 38 3D 60
10:56:50.197 [TX CF14] 67 2E 77 21 00 F4 3E F0
10:56:50.207 [TX CF15] 67 2F 82 BA A1 72 C2 FE
10:56:50.219 [TX CF0] 67 20 FC 06 78 1D F0 5D
10:56:50.229 [TX CF1] 67 21 E0 FF C2 87 86 1F
10:56:50.240 [TX CF2] 67 22 0E 5E 20 FC 4A 78
10:56:50.251 [TX CF3] 67 23 A5 F1 6D E3 1F C6
10:56:50.261 [TX CF4] 67 24 C7 8E 9F 1F 5E 42
10:56:50.273 [TX CF5] 67 25 FC 8E 79 2D F2 7D
10:56:50.283 [TX CF6] 67 26 E5 3F CB 07 97 1F
10:56:50.294 [TX CF7] 67 27 30 5E 64 FC D2 79
10:56:50.304 [TX CF8] 67 28 B5 F3 8D E7 5F CF
10:56:50.314 [TX CF9] 67 29 47 9F 9F 41 5E 86
10:56:50.324 [TX CF10] 67 2A FD 16 7A 3D F4 9D
10:56:50.335 [TX CF11] 67 2B E9 7F D3 87 A8 1F
10:56:50.345 [TX CF12] 67 2C 52 5E A8 FD 5A 7A
10:56:50.356 [TX CF13] 67 2D C5 F5 AD EB 9F D7
10:56:50.366 [TX CF14] 67 2E C7 B0 9F 63 5E CA
10:56:50.377 [TX CF15] 67 2F FD 9E 7B 4D F6 BD
10:56:50.387 [TX CF0] 67 20 ED BF DC 07 B9 1F
10:56:50.397 [TX CF1] 67 21 74 5E EC FD E2 7B
10:56:50.408 [TX CF2] 67 22 D5 F7 CD EF DF C0
10:56:50.419 [TX CF3] 67 23 47 81 9F 05 5E 0E
10:56:50.431 [TX CF4] 67 24 FC 26 78 5D F0 DD
10:56:50.441 [TX CF5] 67 25 E1 FF C4 87 8A 1F
10:56:50.452 [TX CF6] 67 26 16 5E 30 FC 6A 78
10:56:50.462 [TX CF7] 67 27 E5 F1 ED E4 1F C8
10:56:50.472 [TX CF8] 67 28 C7 92 9F 27 5E 52
10:56:50.483 [TX CF9] 67 29 FC AE 79 6D F2 FD
10:56:50.493 [TX CF10] 67 2A E6 3F CD 07 9B 1F
10:56:50.504 [TX CF11] 67 2B 38 5E 74 FC F2 79
10:56:50.514 [TX CF12] 67 2C F5 F4 0D E8 5F D1
10:56:50.524 [TX CF13] 67 2D 47 A3 9F 49 5E 96
10:56:50.536 [TX CF14] 67 2E FD 36 7A 7D F5 1D
10:56:50.547 [TX CF15] 67 2F EA 7F D5 87 AC 1F
10:56:50.557 [TX CF0] 67 20 5A 5E B8 FD 7A 7B
10:56:50.567 [TX CF1] 67 21 05 F6 2D EC 9F D9
10:56:50.578 [TX CF2] 67 22 C7 B4 9F 6B 5E DA
10:56:50.588 [TX CF3] 67 23 FD BE 7B 8D F7 3D
10:56:50.598 [TX CF4] 67 24 EE BF DE 07 BD 1F
10:56:50.609 [TX CF5] 67 25 7C 5E FC FC 02 78
10:56:50.619 [TX CF6] 67 26 15 F0 4D E0 DF C2
10:56:50.629 [TX CF7] 67 27 47 85 9F 0D 5E 1E
10:56:50.639 [TX CF8] 67 28 FC 46 78 9D F1 5D
10:56:50.650 [TX CF9] 67 29 E2 FF C6 87 8E 1F
10:56:50.660 [TX CF10] 67 2A 1E 5E 40 FC 8A 79
10:56:50.671 [TX CF11] 67 2B 25 F2 6D E5 1F CA
10:56:50.681 [TX CF12] 67 2C C7 96 9F 2F 5E 62
10:56:50.692 [TX CF13] 67 2D FC CE 79 AD F3 7D
10:56:50.702 [TX CF14] 67 2E E7 3F CF 07 9F 1F
10:56:50.713 [TX CF15] 67 2F 40 5E 84 FD 12 7A
10:56:50.724 [TX CF0] 67 20 35 F4 8D E9 5F D3
10:56:50.736 [TX CF1] 67 21 47 A7 9F 51 5E A6
10:56:50.747 [TX CF2] 67 22 FD 56 7A BD F5 9D
10:56:50.757 [TX CF3] 67 23 EB 7F D7 87 B0 1F
10:56:50.768 [TX CF4] 67 24 62 5E C8 FD 9A 7B
10:56:50.780 [TX CF5] 67 25 45 F6 AD ED 9F DB
10:56:50.791 [TX CF6] 67 26 C7 B8 9F 73 5E EA
10:56:50.801 [TX CF7] 67 27 FD DE 7B CD F7 BD
10:56:50.811 [TX CF8] 67 28 EF BF DF FF 81 1F
10:56:50.821 [TX CF9] 67 29 04 5E 0C FC 22 78
10:56:50.832 [TX CF10] 67 2A 55 F0 CD E1 DF C4
10:56:50.843 [TX CF11] 67 2B 47 89 9F 15 5E 2E
10:56:50.854 [TX CF12] 67 2C FC 66 78 DD F1 DD
10:56:50.864 [TX CF13] 67 2D E3 FF C8 87 92 1F
10:56:50.874 [TX CF14] 67 2E 26 5E 50 FC AA 79
10:56:50.885 [TX CF15] 67 2F 65 F2 ED E6 1F CC
10:56:50.896 [TX CF0] 67 20 C7 9A 9F 37 5E 72
10:56:50.907 [TX CF1] 67 21 FC EE 79 ED F3 FD
10:56:50.918 [TX CF2] 67 22 E8 3F D1 07 A3 1F
10:56:50.928 [TX CF3] 67 23 48 5E 94 FD 32 7A
10:56:50.939 [TX CF4] 67 24 75 F5 0D EA 5F D5
10:56:50.950 [TX CF5] 67 25 47 AB 9F 59 5E B6
10:56:50.960 [TX CF6] 67 26 FD 76 7A FD F6 1D
10:56:50.970 [TX CF7] 67 27 EC 7F D9 87 B4 1F
10:56:50.981 [TX CF8] 67 28 6A 5E D8 FD BA 7B
10:56:50.992 [TX CF9] 67 29 85 F7 2D EE 9F DD
10:56:51.002 [TX CF10] 67 2A C7 BC 9F 7B 5E FA
10:56:51.013 [TX CF11] 67 2B FD FE 78 0D F0 3D
10:56:51.023 [TX CF12] 67 2C E0 BF C2 07 85 1F
10:56:51.034 [TX CF13] 67 2D 0C 5E 1C FC 42 78
10:56:51.044 [TX CF14] 67 2E 95 F1 4D E2 DF C6
10:56:51.054 [TX CF15] 67 2F 47 8D 9F 1D 5E 3E
10:56:51.064 [TX CF0] 67 20 FC 86 79 1D F2 5D
10:56:51.075 [TX CF1] 67 21 E4 FF CA 87 96 1F
10:56:51.086 [TX CF2] 67 22 2E 5E 60 FC CA 79
10:56:51.096 [TX CF3] 67 23 A5 F3 6D E7 1F CE
10:56:51.107 [TX CF4] 67 24 C7 9E 9F 3F 5E 82
10:56:51.117 [TX CF5] 67 25 FD 0E 7A 2D F4 7D
10:56:51.129 [TX CF6] 67 26 E9 3F D3 07 A7 1F
10:56:51.140 [TX CF7] 67 27 50 5E A4 FD 52 7A
10:56:51.150 [TX CF8] 67 28 B5 F5 8D EB 5F D7
10:56:51.160 [TX CF9] 67 29 47 AF 9F 61 5E C6
10:56:51.171 [TX CF10] 67 2A FD 96 7B 3D F6 9D
10:56:51.182 [TX CF11] 67 2B ED 7F DB 87 B8 1F
10:56:51.194 [TX CF12] 67 2C 72 5E E8 FD DA 7B
10:56:51.204 [TX CF13] 67 2D C5 F7 AD EF 9F DF
10:56:51.215 [TX CF14] 67 2E C7 80 9F 03 5E 0A
10:56:51.226 [TX CF15] 67 2F FC 1E 78 4D F0 BD
10:56:51.237 [TX CF0] 67 20 E1 BF C4 07 89 1F
10:56:51.247 [TX CF1] 67 21 14 5E 2C FC 62 78
10:56:51.258 [TX CF2] 67 22 D5 F1 CD E3 DF C8
10:56:51.268 [TX CF3] 67 23 47 91 9F 25 5E 4E
10:56:51.279 [TX CF4] 67 24 FC A6 79 5D F2 DD
10:56:51.289 [TX CF5] 67 25 E5 FF CC 87 9A 1F
10:56:51.301 [TX CF6] 67 26 36 5E 70 FC EA 79
10:56:51.311 [TX CF7] 67 27 E5 F3 ED E8 1F D0
10:56:51.323 [TX CF8] 67 28 C7 A2 9F 47 5E 92
10:56:51.334 [TX CF9] 67 29 FD 2E 7A 6D F4 FD
10:56:51.346 [TX CF10] 67 2A EA 3F D5 07 AB 1F
10:56:51.357 [TX CF11] 67 2B 58 5E B4 FD 72 7A
10:56:51.368 [TX CF12] 67 2C F5 F6 0D EC 5F D9
10:56:51.379 [TX CF13] 67 2D 47 B3 9F 69 5E D6
10:56:51.390 [TX CF14] 67 2E FD B6 7B 7D F7 1D
10:56:51.401 [TX CF15] 67 2F EE 7F DD 87 BC 1F
10:56:51.412 [TX CF0] 67 20 7A 5E F8 FD FA 78
10:56:51.422 [TX CF1] 67 21 05 F0 2D E0 9F C1
10:56:51.433 [TX CF2] 67 22 C7 84 9F 0B 5E 1A
10:56:51.443 [TX CF3] 67 23 FC 3E 78 8D F1 3D
10:56:51.454 [TX CF4] 67 24 E2 BF C6 07 8D 1F
10:56:51.465 [TX CF5] 67 25 1C 5E 3C FC 82 79
10:56:51.475 [TX CF6] 67 26 15 F2 4D E4 DF CA
10:56:51.486 [TX CF7] 67 27 47 95 9F 2D 5E 5E
10:56:51.498 [TX CF8] 67 28 FC C6 79 9D F3 5D
10:56:51.508 [TX CF9] 67 29 E6 FF CE 87 9E 1F
10:56:51.520 [TX CF10] 67 2A 3E 5E 80 FD 0A 7A
10:56:51.531 [TX CF11] 67 2B 25 F4 6D E9 1F D2
10:56:51.542 [TX CF12] 67 2C C7 A6 9F 4F 5E A2
10:56:51.553 [TX CF13] 67 2D FD 4E 7A AD F5 7D
10:56:51.564 [TX CF14] 67 2E EB 3F D7 07 AF 1F
10:56:51.574 [TX CF15] 67 2F 60 5E C4 FD 92 7B
10:56:51.585 [TX CF0] 67 20 35 F6 8D ED 5F DB
10:56:51.596 [TX CF1] 67 21 47 B7 9F 71 5E E6
10:56:51.607 [TX CF2] 67 22 FD D6 7B BD F7 9D
10:56:51.617 [TX CF3] 67 23 EF 7F DF 87 80 1F
10:56:51.628 [TX CF4] 67 24 02 5E 08 FC 1A 78
10:56:51.638 [TX CF5] 67 25 45 F0 AD E1 9F C3
10:56:51.648 [TX CF6] 67 26 C7 88 9F 13 5E 2A
10:56:51.659 [TX CF7] 67 27 FC 5E 78 CD F1 BD
10:56:51.670 [TX CF8] 67 28 E3 BF C8 07 91 1F
10:56:51.681 [TX CF9] 67 29 24 5E 4C FC A2 79
10:56:51.691 [TX CF10] 67 2A 55 F2 CD E5 DF CC
10:56:51.702 [TX CF11] 67 2B 47 99 9F 35 5E 6E
10:56:51.713 [TX CF12] 67 2C FC E6 79 DD F3 DD
10:56:51.723 [TX CF13] 67 2D E7 FF D0 87 A2 1F
10:56:51.734 [TX CF14] 67 2E 46 5E 90 FD 2A 7A
10:56:51.744 [TX CF15] 67 2F 65 F4 ED EA 1F D4
10:56:51.755 [TX CF0] 67 20 C7 AA 9F 57 5E B2
10:56:51.766 [TX CF1] 67 21 FD 6E 7A ED F5 FD
10:56:51.776 [TX CF2] 67 22 EC 3F D9 07 B3 1F
10:56:51.788 [TX CF3] 67 23 68 5E D4 FD B2 7B
10:56:51.798 [TX CF4] 67 24 75 F7 0D EE 5F DD
10:56:51.808 [TX CF5] 67 25 47 BB 9F 79 5E F6
10:56:51.820 [TX CF6] 67 26 FD F6 7B FD F0 1D
10:56:51.831 [TX CF7] 67 27 E0 7F C1 87 84 1F
10:56:51.841 [TX CF8] 67 28 0A 5E 18 FC 3A 78
10:56:51.852 [TX CF9] 67 29 85 F1 2D E2 9F C5
10:56:51.862 [TX CF10] 67 2A C7 8C 9F 1B 5E 3A
10:56:51.874 [TX CF11] 67 2B FC 7E 79 0D F2 3D
10:56:51.884 [TX CF12] 67 2C E4 BF CA 07 95 1F
10:56:51.895 [TX CF13] 67 2D 2C 5E 5C FC C2 79
10:56:51.906 [TX CF14] 67 2E 95 F3 4D E6 DF CE
10:56:51.916 [TX CF15] 67 2F 47 9D 9F 3D 5E 7E
10:56:51.928 [TX CF0] 67 20 FD 06 7A 1D F4 5D
10:56:51.938 [TX CF1] 67 21 E8 FF D2 87 A6 1F
10:56:51.949 [TX CF2] 67 22 4E 5E A0 FD 4A 7A
10:56:51.960 [TX CF3] 67 23 A5 F5 6D EB 1F D6
10:56:51.972 [TX CF4] 67 24 C7 AE 9F 5F 5E C2
10:56:51.984 [TX CF5] 67 25 FD 8E 7B 2D F6 7D
10:56:51.995 [TX CF6] 67 26 ED 3F DB 07 B7 1F
10:56:52.006 [TX CF7] 67 27 70 5E E4 FD D2 7B
10:56:52.017 [TX CF8] 67 28 B5 F7 8D EF 5F DF
10:56:52.028 [TX CF9] 67 29 47 BF 9F 01 5E 06
10:56:52.039 [TX CF10] 67 2A FC 16 78 3D F0 9D
10:56:52.049 [TX CF11] 67 2B E1 7F C3 87 88 1F
10:56:52.059 [TX CF12] 67 2C 12 5E 28 FC 5A 78
10:56:52.070 [TX CF13] 67 2D C5 F1 AD E3 9F C7
10:56:52.080 [TX CF14] 67 2E C7 90 9F 23 5E 4A
10:56:52.090 [TX CF15] 67 2F FC 9E 79 4D F2 BD
10:56:52.101 [TX CF0] 67 20 E5 BF CC 07 99 1F
10:56:52.112 [TX CF1] 67 21 34 5E 6C FC E2 79
10:56:52.122 [TX CF2] 67 22 D5 F3 CD E7 DF D0
10:56:52.133 [TX CF3] 67 23 47 A1 9F 45 5E 8E
10:56:52.143 [TX CF4] 67 24 FD 26 7A 5D F4 DD
10:56:52.154 [TX CF5] 67 25 E9 FF D4 87 AA 1F
10:56:52.164 [TX CF6] 67 26 56 5E B0 FD 6A 7A
10:56:52.176 [TX CF7] 67 27 E5 F5 ED EC 1F D8
10:56:52.188 [TX CF8] 67 28 C7 B2 9F 67 5E D2
10:56:52.198 [TX CF9] 67 29 FD AE 7B 6D F6 FD
10:56:52.208 [TX CF10] 67 2A EE 3F DD 07 BB 1F
10:56:52.218 [TX CF11] 67 2B 78 5E F4 FD F2 7B
10:56:52.228 [TX CF12] 67 2C F5 F0 0D E0 5F C1
10:56:52.239 [TX CF13] 67 2D 47 83 9F 09 5E 16
10:56:52.249 [TX CF14] 67 2E FC 36 78 7D F1 1D
10:56:52.259 [TX CF15] 67 2F E2 7F C5 87 8C 1F
10:56:52.271 [TX CF0] 67 20 1A 5E 38 FC 7A 79
10:56:52.281 [TX CF1] 67 21 05 F2 2D E4 9F C9
10:56:52.291 [TX CF2] 67 22 C7 94 9F 2B 5E 5A
10:56:52.301 [TX CF3] 67 23 FC BE 79 8D F3 3D
10:56:52.311 [TX CF4] 67 24 E6 BF CE 07 9D 1F
10:56:52.321 [TX CF5] 67 25 3C 5E 7C FD 02 7A
10:56:52.332 [TX CF6] 67 26 15 F4 4D E8 DF D2
10:56:52.343 [TX CF7] 67 27 47 A5 9F 4D 5E 9E
10:56:52.353 [TX CF8] 67 28 FD 46 7A 9D F5 5D
10:56:52.364 [TX CF9] 67 29 EA FF D6 87 AE 1F
10:56:52.374 [TX CF10] 67 2A 5E 5E C0 FD 8A 7B
10:56:52.384 [TX CF11] 67 2B 25 F6 6D ED 1F DA
10:56:52.395 [TX CF12] 67 2C C7 B6 9F 6F 5E E2
10:56:52.406 [TX CF13] 67 2D FD CE 7B AD F7 7D
10:56:52.417 [TX CF14] 67 2E EF 3F DF 07 BF 1F
10:56:52.427 [TX CF15] 67 2F 00 5E 04 FC 12 78
10:56:52.438 [TX CF0] 67 20 35 F0 8D E1 5F C3
10:56:52.448 [TX CF1] 67 21 47 87 9F 11 5E 26
10:56:52.458 [TX CF2] 67 22 FC 56 78 BD F1 9D
10:56:52.470 [TX CF3] 67 23 E3 7F C7 87 90 1F
10:56:52.480 [TX CF4] 67 24 22 5E 48 FC 9A 79
10:56:52.490 [TX CF5] 67 25 45 F2 AD E5 9F CB
10:56:52.501 [TX CF6] 67 26 C7 98 9F 33 5E 6A
10:56:52.511 [TX CF7] 67 27 FC DE 79 CD F3 BD
10:56:52.523 [TX CF8] 67 28 E7 BF D0 07 A1 1F
10:56:52.533 [TX CF9] 67 29 44 5E 8C FD 22 7A
10:56:52.543 [TX CF10] 67 2A 55 F4 CD E9 DF D4
10:56:52.554 [TX CF11] 67 2B 47 A9 9F 55 5E AE
10:56:52.565 [TX CF12] 67 2C FD 66 7A DD F5 DD
10:56:52.575 [TX CF13] 67 2D EB FF D8 87 B2 1F
10:56:52.586 [TX CF14] 67 2E 66 5E D0 FD AA 7B
10:56:52.596 [TX CF15] 67 2F 65 F6 ED EE 1F DC
10:56:52.607 [TX CF0] 67 20 C7 BA 9F 77 5E F2
10:56:52.618 [TX CF1] 67 21 FD EE 7B ED F7 FD
10:56:52.629 [TX CF2] 67 22 E0 3F C1 07 83 1F
10:56:52.639 [TX CF3] 67 23 08 5E 14 FC 32 78
10:56:52.650 [TX CF4] 67 24 75 F1 0D E2 5F C5
10:56:52.660 [TX CF5] 67 25 47 8B 9F 19 5E 36
10:56:52.671 [TX CF6] 67 26 FC 76 78 FD F2 1D
10:56:52.681 [TX CF7] 67 27 E4 7F C9 87 94 1F
10:56:52.692 [TX CF8] 67 28 2A 5E 58 FC BA 79
10:56:52.703 [TX CF9] 67 29 85 F3 2D E6 9F CD
10:56:52.714 [TX CF10] 67 2A C7 9C 9F 3B 5E 7A
10:56:52.724 [TX CF11] 67 2B FC FE 7A 0D F4 3D
10:56:52.735 [TX CF12] 67 2C E8 BF D2 07 A5 1F
10:56:52.745 [TX CF13] 67 2D 4C 5E 9C FD 42 7A
10:56:52.756 [TX CF14] 67 2E 95 F5 4D EA DF D6
10:56:52.767 [TX CF15] 67 2F 47 AD 9F 5D 5E BE
10:56:52.777 [TX CF0] 67 20 FD 86 7B 1D F6 5D
10:56:52.788 [TX CF1] 67 21 EC FF DA 87 B6 1F
10:56:52.799 [TX CF2] 67 22 6E 5E E0 FD CA 7B
10:56:52.809 [TX CF3] 67 23 A5 F7 6D EF 1F DE
10:56:52.820 [TX CF4] 67 24 C7 BE 9F 7F 5E 02
10:56:52.830 [TX CF5] 67 25 FC 0E 78 2D F0 7D
10:56:52.841 [TX CF6] 67 26 E1 3F C3 07 87 1F
10:56:52.852 [TX CF7] 67 27 10 5E 24 FC 52 78
10:56:52.863 [TX CF8] 67 28 B5 F1 8D E3 5F C7
10:56:52.873 [TX CF9] 67 29 47 8F 9F 21 5E 46
10:56:52.883 [TX CF10] 67 2A FC 96 79 3D F2 9D
10:56:52.893 [TX CF11] 67 2B E5 7F CB 87 98 1F
10:56:52.904 [TX CF12] 67 2C 32 5E 68 FC DA 79
10:56:52.915 [TX CF13] 67 2D C5 F3 AD E7 9F CF
10:56:52.926 [TX CF14] 67 2E C7 A0 9F 43 5E 8A
10:56:52.937 [TX CF15] 67 2F FD 1E 7A 4D F4 BD
10:56:52.948 [TX CF0] 67 20 E9 BF D4 07 A9 1F
10:56:52.958 [TX CF1] 67 21 54 5E AC FD 62 7A
10:56:52.969 [TX CF2] 67 22 D5 F5 CD EB DF D8
10:56:52.981 [TX CF3] 67 23 47 B1 9F 65 5E CE
10:56:52.991 [TX CF4] 67 24 FD A6 7B FF FF FF
10:56:53.013 [RX SF ] 67 02 76 0F FF FF FF FF
10:56:53.013 [RX    ] 76 0F
10:56:53.013 [PASS  ] TransferData block=15 | expected: 76 ... | received: 76 0F
10:56:53.023 ------------------------------------------------------------------------
10:56:53.023 [STEP  ] 0x36 block=16  offset=30600/45254  (67%)
10:56:53.024 [TX TransferData block=16 len=2040] 36 10 5D F6 DD ED FF DC 87 BA 1F 76 5E F0 FD EA...
10:56:53.024 [TX FF ] 67 17 FA 36 10 5D F6 DD
10:56:53.035 [TX CF1] 67 21 ED FF DC 87 BA 1F
10:56:53.046 [TX CF2] 67 22 76 5E F0 FD EA 7B
10:56:53.056 [TX CF3] 67 23 E5 F7 ED E0 1F C0
10:56:53.066 [TX CF4] 67 24 C7 82 9F 07 5E 12
10:56:53.077 [TX CF5] 67 25 FC 2E 78 6D F0 FD
10:56:53.087 [TX CF6] 67 26 E2 3F C5 07 8B 1F
10:56:53.098 [TX CF7] 67 27 18 5E 34 FC 72 78
10:56:53.108 [TX CF8] 67 28 F5 F2 0D E4 5F C9
10:56:53.119 [TX CF9] 67 29 47 93 9F 29 5E 56
10:56:53.129 [TX CF10] 67 2A FC B6 79 7D F3 1D
10:56:53.140 [TX CF11] 67 2B E6 7F CD 87 9C 1F
10:56:53.150 [TX CF12] 67 2C 3A 5E 78 FC FA 7A
10:56:53.160 [TX CF13] 67 2D 05 F4 2D E8 9F D1
10:56:53.171 [TX CF14] 67 2E C7 A4 9F 4B 5E 9A
10:56:53.181 [TX CF15] 67 2F FD 3E 7A 8D F5 3D
10:56:53.192 [TX CF0] 67 20 EA BF D6 07 AD 1F
10:56:53.203 [TX CF1] 67 21 5C 5E BC FD 82 7B
10:56:53.215 [TX CF2] 67 22 15 F6 4D EC DF DA
10:56:53.227 [TX CF3] 67 23 47 B5 9F 6D 5E DE
10:56:53.238 [TX CF4] 67 24 FD C6 7B 9D F7 5D
10:56:53.249 [TX CF5] 67 25 EE FF DE 87 BE 1F
10:56:53.259 [TX CF6] 67 26 7E 5E 00 FC 0A 78
10:56:53.269 [TX CF7] 67 27 25 F0 6D E1 1F C2
10:56:53.280 [TX CF8] 67 28 C7 86 9F 0F 5E 22
10:56:53.291 [TX CF9] 67 29 FC 4E 78 AD F1 7D
10:56:53.301 [TX CF10] 67 2A E3 3F C7 07 8F 1F
10:56:53.311 [TX CF11] 67 2B 20 5E 44 FC 92 79
10:56:53.321 [TX CF12] 67 2C 35 F2 8D E5 5F CB
10:56:53.332 [TX CF13] 67 2D 47 97 9F 31 5E 66
10:56:53.342 [TX CF14] 67 2E FC D6 79 BD F3 9D
10:56:53.353 [TX CF15] 67 2F E7 7F CF 87 A0 1F
10:56:53.364 [TX CF0] 67 20 42 5E 88 FD 1A 7A
10:56:53.375 [TX CF1] 67 21 45 F4 AD E9 9F D3
10:56:53.387 [TX CF2] 67 22 C7 A8 9F 53 5E AA
10:56:53.397 [TX CF3] 67 23 FD 5E 7A CD F5 BD
10:56:53.408 [TX CF4] 67 24 EB BF D8 07 B1 1F
10:56:53.418 [TX CF5] 67 25 64 5E CC FD A2 7B
10:56:53.429 [TX CF6] 67 26 55 F6 CD ED DF DC
10:56:53.439 [TX CF7] 67 27 47 B9 9F 75 5E EE
10:56:53.450 [TX CF8] 67 28 FD E6 7B DD F7 DD
10:56:53.461 [TX CF9] 67 29 FF F7 FF E0 47 C1
10:56:53.472 [TX CF10] 67 2A 17 83 3F 08 9E 15
10:56:53.483 [TX CF11] 67 2B 7C 33 78 77 F1 11
10:56:53.493 [TX CF12] 67 2C E2 67 C5 57 8B BF
10:56:53.504 [TX CF13] 67 2D 19 9E 37 7C 77 78
10:56:53.515 [TX CF14] 67 2E FF F2 21 E4 87 C9
10:56:53.527 [TX CF15] 67 2F 97 94 3F 2A 9E 59
10:56:53.537 [TX CF0] 67 20 7C BB 79 87 F3 31
10:56:53.547 [TX CF1] 67 21 E6 A7 CD D7 9C BF
10:56:53.558 [TX CF2] 67 22 3B 9E 7B 7C FF 7A
10:56:53.568 [TX CF3] 67 23 0F F4 41 E8 C7 D2
10:56:53.578 [TX CF4] 67 24 17 A5 3F 4C 9E 9D
10:56:53.589 [TX CF5] 67 25 7D 43 7A 97 F5 51
10:56:53.599 [TX CF6] 67 26 EA E7 D6 57 AD BF
10:56:53.609 [TX CF7] 67 27 5D 9E BF 7D 87 7B
10:56:53.620 [TX CF8] 67 28 1F F6 61 ED 07 DA
10:56:53.631 [TX CF9] 67 29 97 B6 3F 6E 9E E1
10:56:53.641 [TX CF10] 67 2A 7D CB 7B A7 F7 71
10:56:53.652 [TX CF11] 67 2B EF 27 DE D7 BE BF
10:56:53.662 [TX CF12] 67 2C 7F 9E 03 7C 0F 78
10:56:53.673 [TX CF13] 67 2D 2F F0 81 E1 47 C3
10:56:53.684 [TX CF14] 67 2E 17 87 3F 10 9E 25
10:56:53.696 [TX CF15] 67 2F 7C 53 78 B7 F1 91
10:56:53.707 [TX CF0] 67 20 E3 67 C7 57 8F BF
10:56:53.718 [TX CF1] 67 21 21 9E 47 7C 97 79
10:56:53.728 [TX CF2] 67 22 3F F2 A1 E5 87 CB
10:56:53.738 [TX CF3] 67 23 97 98 3F 32 9E 69
10:56:53.748 [TX CF4] 67 24 7C DB 79 C7 F3 B1
10:56:53.759 [TX CF5] 67 25 E7 A7 CF D7 A0 BF
10:56:53.769 [TX CF6] 67 26 43 9E 8B 7D 1F 7A
10:56:53.780 [TX CF7] 67 27 4F F4 C1 E9 C7 D4
10:56:53.790 [TX CF8] 67 28 17 A9 3F 54 9E AD
10:56:53.800 [TX CF9] 67 29 7D 63 7A D7 F5 D1
10:56:53.811 [TX CF10] 67 2A EB E7 D8 57 B1 BF
10:56:53.823 [TX CF11] 67 2B 65 9E CF 7D A7 7B
10:56:53.834 [TX CF12] 67 2C 5F F6 E1 EE 07 DC
10:56:53.844 [TX CF13] 67 2D 97 BA 3F 76 9E F1
10:56:53.855 [TX CF14] 67 2E 7D EB 7B E7 F7 F1
10:56:53.868 [TX CF15] 67 2F E0 27 C0 D7 82 BF
10:56:53.879 [TX CF0] 67 20 07 9E 13 7C 2F 78
10:56:53.891 [TX CF1] 67 21 6F F1 01 E2 47 C5
10:56:53.902 [TX CF2] 67 22 17 8B 3F 18 9E 35
10:56:53.914 [TX CF3] 67 23 7C 73 78 F7 F2 11
10:56:53.926 [TX CF4] 67 24 E4 67 C9 57 93 BF
10:56:53.937 [TX CF5] 67 25 29 9E 57 7C B7 79
10:56:53.948 [TX CF6] 67 26 7F F3 21 E6 87 CD
10:56:53.958 [TX CF7] 67 27 97 9C 3F 3A 9E 79
10:56:53.969 [TX CF8] 67 28 7C FB 7A 07 F4 31
10:56:53.979 [TX CF9] 67 29 E8 A7 D1 D7 A4 BF
10:56:53.991 [TX CF10] 67 2A 4B 9E 9B 7D 3F 7A
10:56:54.001 [TX CF11] 67 2B 8F F5 41 EA C7 D6
10:56:54.012 [TX CF12] 67 2C 17 AD 3F 5C 9E BD
10:56:54.022 [TX CF13] 67 2D 7D 83 7B 17 F6 51
10:56:54.034 [TX CF14] 67 2E EC E7 DA 57 B5 BF
10:56:54.044 [TX CF15] 67 2F 6D 9E DF 7D C7 7B
10:56:54.055 [TX CF0] 67 20 9F F7 61 EF 07 DE
10:56:54.066 [TX CF1] 67 21 97 BE 3F 7E 9E 01
10:56:54.076 [TX CF2] 67 22 7C 0B 78 27 F0 71
10:56:54.086 [TX CF3] 67 23 E1 27 C2 D7 86 BF
10:56:54.097 [TX CF4] 67 24 0F 9E 23 7C 4F 78
10:56:54.108 [TX CF5] 67 25 AF F1 81 E3 47 C7
10:56:54.118 [TX CF6] 67 26 17 8F 3F 20 9E 45
10:56:54.129 [TX CF7] 67 27 7C 93 79 37 F2 91
10:56:54.139 [TX CF8] 67 28 E5 67 CB 57 97 BF
10:56:54.149 [TX CF9] 67 29 31 9E 67 7C D7 79
10:56:54.160 [TX CF10] 67 2A BF F3 A1 E7 87 CF
10:56:54.170 [TX CF11] 67 2B 97 A0 3F 42 9E 89
10:56:54.181 [TX CF12] 67 2C 7D 1B 7A 47 F4 B1
10:56:54.191 [TX CF13] 67 2D E9 A7 D3 D7 A8 BF
10:56:54.202 [TX CF14] 67 2E 53 9E AB 7D 5F 7A
10:56:54.212 [TX CF15] 67 2F CF F5 C1 EB C7 D8
10:56:54.222 [TX CF0] 67 20 17 B1 3F 64 9E CD
10:56:54.233 [TX CF1] 67 21 7D A3 7B 57 F6 D1
10:56:54.244 [TX CF2] 67 22 ED E7 DC 57 B9 BF
10:56:54.254 [TX CF3] 67 23 75 9E EF 7D E7 7B
10:56:54.264 [TX CF4] 67 24 DF F7 E1 E0 07 C0
10:56:54.274 [TX CF5] 67 25 97 82 3F 06 9E 11
10:56:54.285 [TX CF6] 67 26 7C 2B 78 67 F0 F1
10:56:54.296 [TX CF7] 67 27 E2 27 C4 D7 8A BF
10:56:54.308 [TX CF8] 67 28 17 9E 33 7C 6F 78
10:56:54.318 [TX CF9] 67 29 EF F2 01 E4 47 C9
10:56:54.330 [TX CF10] 67 2A 17 93 3F 28 9E 55
10:56:54.340 [TX CF11] 67 2B 7C B3 79 77 F3 11
10:56:54.350 [TX CF12] 67 2C E6 67 CD 57 9B BF
10:56:54.360 [TX CF13] 67 2D 39 9E 77 7C F7 79
10:56:54.370 [TX CF14] 67 2E FF F4 21 E8 87 D1
10:56:54.381 [TX CF15] 67 2F 97 A4 3F 4A 9E 99
10:56:54.392 [TX CF0] 67 20 7D 3B 7A 87 F5 31
10:56:54.403 [TX CF1] 67 21 EA A7 D5 D7 AC BF
10:56:54.414 [TX CF2] 67 22 5B 9E BB 7D 7F 7B
10:56:54.424 [TX CF3] 67 23 0F F6 41 EC C7 DA
10:56:54.436 [TX CF4] 67 24 17 B5 3F 6C 9E DD
10:56:54.446 [TX CF5] 67 25 7D C3 7B 97 F7 51
10:56:54.456 [TX CF6] 67 26 EE E7 DE 57 BD BF
10:56:54.467 [TX CF7] 67 27 7D 9E FF 7C 07 78
10:56:54.478 [TX CF8] 67 28 1F F0 61 E1 07 C2
10:56:54.490 [TX CF9] 67 29 97 86 3F 0E 9E 21
10:56:54.501 [TX CF10] 67 2A 7C 4B 78 A7 F1 71
10:56:54.512 [TX CF11] 67 2B E3 27 C6 D7 8E BF
10:56:54.523 [TX CF12] 67 2C 1F 9E 43 7C 8F 79
10:56:54.533 [TX CF13] 67 2D 2F F2 81 E5 47 CB
10:56:54.543 [TX CF14] 67 2E 17 97 3F 30 9E 65
10:56:54.554 [TX CF15] 67 2F 7C D3 79 B7 F3 91
10:56:54.564 [TX CF0] 67 20 E7 67 CF 57 9F BF
10:56:54.574 [TX CF1] 67 21 41 9E 87 7D 17 7A
10:56:54.584 [TX CF2] 67 22 3F F4 A1 E9 87 D3
10:56:54.594 [TX CF3] 67 23 97 A8 3F 52 9E A9
10:56:54.605 [TX CF4] 67 24 7D 5B 7A C7 F5 B1
10:56:54.615 [TX CF5] 67 25 EB A7 D7 D7 B0 BF
10:56:54.626 [TX CF6] 67 26 63 9E CB 7D 9F 7B
10:56:54.638 [TX CF7] 67 27 4F F6 C1 ED C7 DC
10:56:54.648 [TX CF8] 67 28 17 B9 3F 74 9E ED
10:56:54.658 [TX CF9] 67 29 7D E3 7B D7 F7 D1
10:56:54.669 [TX CF10] 67 2A EF E7 C0 57 81 BF
10:56:54.679 [TX CF11] 67 2B 05 9E 0F 7C 27 78
10:56:54.690 [TX CF12] 67 2C 5F F0 E1 E2 07 C4
10:56:54.700 [TX CF13] 67 2D 97 8A 3F 16 9E 31
10:56:54.711 [TX CF14] 67 2E 7C 6B 78 E7 F1 F1
10:56:54.722 [TX CF15] 67 2F E4 27 C8 D7 92 BF
10:56:54.733 [TX CF0] 67 20 27 9E 53 7C AF 79
10:56:54.744 [TX CF1] 67 21 6F F3 01 E6 47 CD
10:56:54.755 [TX CF2] 67 22 17 9B 3F 38 9E 75
10:56:54.765 [TX CF3] 67 23 7C F3 79 F7 F4 11
10:56:54.776 [TX CF4] 67 24 E8 67 D1 57 A3 BF
10:56:54.787 [TX CF5] 67 25 49 9E 97 7D 37 7A
10:56:54.797 [TX CF6] 67 26 7F F5 21 EA 87 D5
10:56:54.808 [TX CF7] 67 27 97 AC 3F 5A 9E B9
10:56:54.818 [TX CF8] 67 28 7D 7B 7B 07 F6 31
10:56:54.829 [TX CF9] 67 29 EC A7 D9 D7 B4 BF
10:56:54.841 [TX CF10] 67 2A 6B 9E DB 7D BF 7B
10:56:54.851 [TX CF11] 67 2B 8F F7 41 EE C7 DE
10:56:54.862 [TX CF12] 67 2C 17 BD 3F 7C 9E FD
10:56:54.874 [TX CF13] 67 2D 7C 03 78 17 F0 51
10:56:54.884 [TX CF14] 67 2E E0 E7 C2 57 85 BF
10:56:54.895 [TX CF15] 67 2F 0D 9E 1F 7C 47 78
10:56:54.906 [TX CF0] 67 20 9F F1 61 E3 07 C6
10:56:54.916 [TX CF1] 67 21 97 8E 3F 1E 9E 41
10:56:54.927 [TX CF2] 67 22 7C 8B 79 27 F2 71
10:56:54.937 [TX CF3] 67 23 E5 27 CA D7 96 BF
10:56:54.947 [TX CF4] 67 24 2F 9E 63 7C CF 79
10:56:54.957 [TX CF5] 67 25 AF F3 81 E7 47 CF
10:56:54.968 [TX CF6] 67 26 17 9F 3F 40 9E 85
10:56:54.978 [TX CF7] 67 27 7D 13 7A 37 F4 91
10:56:54.988 [TX CF8] 67 28 E9 67 D3 57 A7 BF
10:56:54.998 [TX CF9] 67 29 51 9E A7 7D 57 7A
10:56:55.009 [TX CF10] 67 2A BF F5 A1 EB 87 D7
10:56:55.020 [TX CF11] 67 2B 97 B0 3F 62 9E C9
10:56:55.031 [TX CF12] 67 2C 7D 9B 7B 47 F6 B1
10:56:55.041 [TX CF13] 67 2D ED A7 DB D7 B8 BF
10:56:55.052 [TX CF14] 67 2E 73 9E EB 7D DF 7B
10:56:55.062 [TX CF15] 67 2F CF F7 C1 EF C7 C0
10:56:55.073 [TX CF0] 67 20 17 81 3F 04 9E 0D
10:56:55.083 [TX CF1] 67 21 7C 23 78 57 F0 D1
10:56:55.093 [TX CF2] 67 22 E1 E7 C4 57 89 BF
10:56:55.105 [TX CF3] 67 23 15 9E 2F 7C 67 78
10:56:55.116 [TX CF4] 67 24 DF F1 E1 E4 07 C8
10:56:55.127 [TX CF5] 67 25 97 92 3F 26 9E 51
10:56:55.138 [TX CF6] 67 26 7C AB 79 67 F2 F1
10:56:55.149 [TX CF7] 67 27 E6 27 CC D7 9A BF
10:56:55.160 [TX CF8] 67 28 37 9E 73 7C EF 79
10:56:55.172 [TX CF9] 67 29 EF F4 01 E8 47 D1
10:56:55.182 [TX CF10] 67 2A 17 A3 3F 48 9E 95
10:56:55.192 [TX CF11] 67 2B 7D 33 7A 77 F5 11
10:56:55.204 [TX CF12] 67 2C EA 67 D5 57 AB BF
10:56:55.214 [TX CF13] 67 2D 59 9E B7 7D 77 7A
10:56:55.224 [TX CF14] 67 2E FF F6 21 EC 87 D9
10:56:55.236 [TX CF15] 67 2F 97 B4 3F 6A 9E D9
10:56:55.247 [TX CF0] 67 20 7D BB 7B 87 F7 31
10:56:55.257 [TX CF1] 67 21 EE A7 DD D7 BC BF
10:56:55.267 [TX CF2] 67 22 7B 9E FB 7D FF 78
10:56:55.277 [TX CF3] 67 23 0F F0 41 E0 C7 C2
10:56:55.288 [TX CF4] 67 24 17 85 3F 0C 9E 1D
10:56:55.298 [TX CF5] 67 25 7C 43 78 97 F1 51
10:56:55.309 [TX CF6] 67 26 E2 E7 C6 57 8D BF
10:56:55.320 [TX CF7] 67 27 1D 9E 3F 7C 87 79
10:56:55.331 [TX CF8] 67 28 1F F2 61 E5 07 CA
10:56:55.341 [TX CF9] 67 29 97 96 3F 2E 9E 61
10:56:55.353 [TX CF10] 67 2A 7C CB 79 A7 F3 71
10:56:55.363 [TX CF11] 67 2B E7 27 CE D7 9E BF
10:56:55.374 [TX CF12] 67 2C 3F 9E 83 7D 0F 7A
10:56:55.384 [TX CF13] 67 2D 2F F4 81 E9 47 D3
10:56:55.395 [TX CF14] 67 2E 17 A7 3F 50 9E A5
10:56:55.405 [TX CF15] 67 2F 7D 53 7A B7 F5 91
10:56:55.416 [TX CF0] 67 20 EB 67 D7 57 AF BF
10:56:55.427 [TX CF1] 67 21 61 9E C7 7D 97 7B
10:56:55.437 [TX CF2] 67 22 3F F6 A1 ED 87 DB
10:56:55.447 [TX CF3] 67 23 97 B8 3F 72 9E E9
10:56:55.458 [TX CF4] 67 24 7D DB 7B C7 F7 B1
10:56:55.468 [TX CF5] 67 25 EF A7 DF D7 80 BF
10:56:55.478 [TX CF6] 67 26 03 9E 0B 7C 1F 78
10:56:55.488 [TX CF7] 67 27 4F F0 C1 E1 C7 C4
10:56:55.499 [TX CF8] 67 28 17 89 3F 14 9E 2D
10:56:55.509 [TX CF9] 67 29 7C 63 78 D7 F1 D1
10:56:55.520 [TX CF10] 67 2A E3 E7 C8 57 91 BF
10:56:55.531 [TX CF11] 67 2B 25 9E 4F 7C A7 79
10:56:55.542 [TX CF12] 67 2C 5F F2 E1 E6 07 CC
10:56:55.554 [TX CF13] 67 2D 97 9A 3F 36 9E 71
10:56:55.564 [TX CF14] 67 2E 7C EB 79 E7 F3 F1
10:56:55.575 [TX CF15] 67 2F E8 27 D0 D7 A2 BF
10:56:55.586 [TX CF0] 67 20 47 9E 93 7D 2F 7A
10:56:55.596 [TX CF1] 67 21 6F F5 01 EA 47 D5
10:56:55.607 [TX CF2] 67 22 17 AB 3F 58 9E B5
10:56:55.617 [TX CF3] 67 23 7D 73 7A F7 F6 11
10:56:55.628 [TX CF4] 67 24 EC 67 D9 57 B3 BF
10:56:55.638 [TX CF5] 67 25 69 9E D7 7D B7 7B
10:56:55.649 [TX CF6] 67 26 7F F7 21 EE 87 DD
10:56:55.659 [TX CF7] 67 27 97 BC 3F 7A 9E F9
10:56:55.671 [TX CF8] 67 28 7D FB 78 07 F0 31
10:56:55.682 [TX CF9] 67 29 E0 A7 C1 D7 84 BF
10:56:55.692 [TX CF10] 67 2A 0B 9E 1B 7C 3F 78
10:56:55.702 [TX CF11] 67 2B 8F F1 41 E2 C7 C6
10:56:55.712 [TX CF12] 67 2C 17 8D 3F 1C 9E 3D
10:56:55.723 [TX CF13] 67 2D 7C 83 79 17 F2 51
10:56:55.734 [TX CF14] 67 2E E4 E7 CA 57 95 BF
10:56:55.745 [TX CF15] 67 2F 2D 9E 5F 7C C7 79
10:56:55.757 [TX CF0] 67 20 9F F3 61 E7 07 CE
10:56:55.767 [TX CF1] 67 21 97 9E 3F 3E 9E 81
10:56:55.777 [TX CF2] 67 22 7D 0B 7A 27 F4 71
10:56:55.787 [TX CF3] 67 23 E9 27 D2 D7 A6 BF
10:56:55.797 [TX CF4] 67 24 4F 9E A3 7D 4F 7A
10:56:55.807 [TX CF5] 67 25 AF F5 81 EB 47 D7
10:56:55.818 [TX CF6] 67 26 17 AF 3F 60 9E C5
10:56:55.829 [TX CF7] 67 27 7D 93 7B 37 F6 91
10:56:55.841 [TX CF8] 67 28 ED 67 DB 57 B7 BF
10:56:55.851 [TX CF9] 67 29 71 9E E7 7D D7 7B
10:56:55.861 [TX CF10] 67 2A BF F7 A1 EF 87 DF
10:56:55.871 [TX CF11] 67 2B 97 80 3F 02 9E 09
10:56:55.881 [TX CF12] 67 2C 7C 1B 78 47 F0 B1
10:56:55.892 [TX CF13] 67 2D E1 A7 C3 D7 88 BF
10:56:55.903 [TX CF14] 67 2E 13 9E 2B 7C 5F 78
10:56:55.914 [TX CF15] 67 2F CF F1 C1 E3 C7 C8
10:56:55.924 [TX CF0] 67 20 17 91 3F 24 9E 4D
10:56:55.935 [TX CF1] 67 21 7C A3 79 57 F2 D1
10:56:55.946 [TX CF2] 67 22 E5 E7 CC 57 99 BF
10:56:55.958 [TX CF3] 67 23 35 9E 6F 7C E7 79
10:56:55.968 [TX CF4] 67 24 DF F3 E1 E8 07 D0
10:56:55.978 [TX CF5] 67 25 97 A2 3F 46 9E 91
10:56:55.988 [TX CF6] 67 26 7D 2B 7A 67 F4 F1
10:56:55.999 [TX CF7] 67 27 EA 27 D4 D7 AA BF
10:56:56.009 [TX CF8] 67 28 57 9E B3 7D 6F 7A
10:56:56.021 [TX CF9] 67 29 EF F6 01 EC 47 D9
10:56:56.032 [TX CF10] 67 2A 17 B3 3F 68 9E D5
10:56:56.042 [TX CF11] 67 2B 7D B3 7B 77 F7 11
10:56:56.054 [TX CF12] 67 2C EE 67 DD 57 BB BF
10:56:56.064 [TX CF13] 67 2D 79 9E F7 7D F7 7F
10:56:56.074 [TX CF14] 67 2E FD FF F8 11 F0 45
10:56:56.086 [TX CF15] 67 2F E0 CF C2 27 85 5F
10:56:56.096 [TX CF0] 67 20 0C DE 1D FC 44 78
10:56:56.107 [TX CF1] 67 21 99 F1 55 E2 EF C6
10:56:56.118 [TX CF2] 67 22 67 8D DF 1D DE 3F
10:56:56.128 [TX CF3] 67 23 FC 88 79 21 F2 65
10:56:56.139 [TX CF4] 67 24 E5 0F CA A7 96 5F
10:56:56.149 [TX CF5] 67 25 2E DE 61 FC CC 79
10:56:56.160 [TX CF6] 67 26 A9 F3 75 E7 2F CE
10:56:56.171 [TX CF7] 67 27 E7 9E DF 3F DE 83
10:56:56.181 [TX CF8] 67 28 FD 10 7A 31 F4 85
10:56:56.191 [TX CF9] 67 29 E9 4F D3 27 A7 5F
10:56:56.202 [TX CF10] 67 2A 50 DE A5 FD 54 7A
10:56:56.212 [TX CF11] 67 2B B9 F5 95 EB 6F D7
10:56:56.223 [TX CF12] 67 2C 67 AF DF 61 DE C7
10:56:56.234 [TX CF13] 67 2D FD 98 7B 41 F6 A5
10:56:56.244 [TX CF14] 67 2E ED 8F DB A7 B8 5F
10:56:56.254 [TX CF15] 67 2F 72 DE E9 FD DC 7B
10:56:56.265 [TX CF0] 67 20 C9 F7 B5 EF AF DF
10:56:56.276 [TX CF1] 67 21 E7 80 DF 03 DE 0B
10:56:56.287 [TX CF2] 67 22 FC 20 78 51 F0 C5
10:56:56.297 [TX CF3] 67 23 E1 CF C4 27 89 5F
10:56:56.308 [TX CF4] 67 24 14 DE 2D FC 64 78
10:56:56.319 [TX CF5] 67 25 D9 F1 D5 E3 EF C8
10:56:56.329 [TX CF6] 67 26 67 91 DF 25 DE 4F
10:56:56.341 [TX CF7] 67 27 FC A8 79 61 F2 E5
10:56:56.352 [TX CF8] 67 28 E6 0F CC A7 9A 5F
10:56:56.364 [TX CF9] 67 29 36 DE 71 FC EC 79
10:56:56.374 [TX CF10] 67 2A E9 F3 F5 E8 2F D0
10:56:56.386 [TX CF11] 67 2B E7 A2 DF 47 DE 93
10:56:56.397 [TX CF12] 67 2C FD 30 7A 71 F5 05
10:56:56.408 [TX CF13] 67 2D EA 4F D5 27 AB 5F
10:56:56.420 [TX CF14] 67 2E 58 DE B5 FD 74 7A
10:56:56.432 [TX CF15] 67 2F F9 F6 15 EC 6F D9
10:56:56.442 [TX CF0] 67 20 67 B3 DF 69 DE D7
10:56:56.453 [TX CF1] 67 21 FD B8 7B 81 F7 25
10:56:56.464 [TX CF2] 67 22 EE 8F DD A7 BC 5F
10:56:56.476 [TX CF3] 67 23 7A DE F9 FD FC 78
10:56:56.486 [TX CF4] 67 24 09 F0 35 E0 AF C1
10:56:56.497 [TX CF5] 67 25 E7 84 DF 0B DE 1B
10:56:56.507 [TX CF6] 67 26 FC 40 78 91 F1 45
10:56:56.517 [TX CF7] 67 27 E2 CF C6 27 8D 5F
10:56:56.528 [TX CF8] 67 28 1C DE 3D FC 84 79
10:56:56.538 [TX CF9] 67 29 19 F2 55 E4 EF CA
10:56:56.549 [TX CF10] 67 2A 67 95 DF 2D DE 5F
10:56:56.559 [TX CF11] 67 2B FC C8 79 A1 F3 65
10:56:56.571 [TX CF12] 67 2C E7 0F CE A7 9E 5F
10:56:56.581 [TX CF13] 67 2D 3E DE 81 FD 0C 7A
10:56:56.591 [TX CF14] 67 2E 29 F4 75 E9 2F D2
10:56:56.602 [TX CF15] 67 2F E7 A6 DF 4F DE A3
10:56:56.612 [TX CF0] 67 20 FD 50 7A B1 F5 85
10:56:56.622 [TX CF1] 67 21 EB 4F D7 27 AF 5F
10:56:56.633 [TX CF2] 67 22 60 DE C5 FD 94 7B
10:56:56.643 [TX CF3] 67 23 39 F6 95 ED 6F DB
10:56:56.654 [TX CF4] 67 24 67 B7 DF FF FF FF
10:56:56.673 [RX SF ] 67 02 76 10 FF FF FF FF
10:56:56.673 [RX    ] 76 10
10:56:56.674 [PASS  ] TransferData block=16 | expected: 76 ... | received: 76 10
10:56:56.685 ------------------------------------------------------------------------
10:56:56.685 [STEP  ] 0x36 block=17  offset=32640/45254  (72%)
10:56:56.685 [TX TransferData block=17 len=2040] 36 11 71 DE E7 FD D8 7B C1 F7 A5 EF 8F DF A7 80...
10:56:56.686 [TX FF ] 67 17 FA 36 11 71 DE E7
10:56:56.697 [TX CF1] 67 21 FD D8 7B C1 F7 A5
10:56:56.708 [TX CF2] 67 22 EF 8F DF A7 80 5F
10:56:56.720 [TX CF3] 67 23 02 DE 09 FC 1C 78
10:56:56.730 [TX CF4] 67 24 49 F0 B5 E1 AF C3
10:56:56.741 [TX CF5] 67 25 E7 88 DF 13 DE 2B
10:56:56.752 [TX CF6] 67 26 FC 60 78 D1 F1 C5
10:56:56.762 [TX CF7] 67 27 E3 CF C8 27 91 5F
10:56:56.772 [TX CF8] 67 28 24 DE 4D FC A4 79
10:56:56.783 [TX CF9] 67 29 59 F2 D5 E5 EF CC
10:56:56.793 [TX CF10] 67 2A 67 99 DF 35 DE 6F
10:56:56.805 [TX CF11] 67 2B FC E8 79 E1 F3 E5
10:56:56.815 [TX CF12] 67 2C E8 0F D0 A7 A2 5F
10:56:56.825 [TX CF13] 67 2D 46 DE 91 FD 2C 7A
10:56:56.836 [TX CF14] 67 2E 69 F4 F5 EA 2F D4
10:56:56.847 [TX CF15] 67 2F E7 AA DF 57 DE B3
10:56:56.858 [TX CF0] 67 20 FD 70 7A F1 F6 05
10:56:56.868 [TX CF1] 67 21 EC 4F D9 27 B3 5F
10:56:56.879 [TX CF2] 67 22 68 DE D5 FD B4 7B
10:56:56.890 [TX CF3] 67 23 79 F7 15 EE 6F DD
10:56:56.900 [TX CF4] 67 24 67 BB DF 79 DE F7
10:56:56.911 [TX CF5] 67 25 FD F8 78 01 F0 25
10:56:56.921 [TX CF6] 67 26 E0 8F C1 A7 84 5F
10:56:56.932 [TX CF7] 67 27 0A DE 19 FC 3C 78
10:56:56.942 [TX CF8] 67 28 89 F1 35 E2 AF C5
10:56:56.953 [TX CF9] 67 29 E7 8C DF 1B DE 3B
10:56:56.963 [TX CF10] 67 2A FC 80 79 11 F2 45
10:56:56.974 [TX CF11] 67 2B E4 CF CA 27 95 5F
10:56:56.985 [TX CF12] 67 2C 2C DE 5D FC C4 79
10:56:56.997 [TX CF13] 67 2D 99 F3 55 E6 EF CE
10:56:57.008 [TX CF14] 67 2E 67 9D DF 3D DE 7F
10:56:57.019 [TX CF15] 67 2F FD 08 7A 21 F4 65
10:56:57.030 [TX CF0] 67 20 E9 0F D2 A7 A6 5F
10:56:57.041 [TX CF1] 67 21 4E DE A1 FD 4C 7A
10:56:57.051 [TX CF2] 67 22 A9 F5 75 EB 2F D6
10:56:57.063 [TX CF3] 67 23 E7 AE DF 5F DE C3
10:56:57.074 [TX CF4] 67 24 FD 90 7B 31 F6 85
10:56:57.085 [TX CF5] 67 25 ED 4F DB 27 B7 5F
10:56:57.096 [TX CF6] 67 26 70 DE E5 FD D4 7B
10:56:57.107 [TX CF7] 67 27 B9 F7 95 EF 6F DF
10:56:57.119 [TX CF8] 67 28 67 BF DF 01 DE 07
10:56:57.130 [TX CF9] 67 29 FC 18 78 41 F0 A5
10:56:57.142 [TX CF10] 67 2A E1 8F C3 A7 88 5F
10:56:57.153 [TX CF11] 67 2B 12 DE 29 FC 5C 78
10:56:57.163 [TX CF12] 67 2C C9 F1 B5 E3 AF C7
10:56:57.174 [TX CF13] 67 2D E7 90 DF 23 DE 4B
10:56:57.186 [TX CF14] 67 2E FC A0 79 51 F2 C5
10:56:57.197 [TX CF15] 67 2F E5 CF CC 27 99 5F
10:56:57.208 [TX CF0] 67 20 34 DE 6D FC E4 79
10:56:57.218 [TX CF1] 67 21 D9 F3 D5 E7 EF D0
10:56:57.230 [TX CF2] 67 22 67 A1 DF 45 DE 8F
10:56:57.241 [TX CF3] 67 23 FD 28 7A 61 F4 E5
10:56:57.252 [TX CF4] 67 24 EA 0F D4 A7 AA 5F
10:56:57.262 [TX CF5] 67 25 56 DE B1 FD 6C 7A
10:56:57.272 [TX CF6] 67 26 E9 F5 F5 EC 2F D8
10:56:57.283 [TX CF7] 67 27 E7 B2 DF 67 DE D3
10:56:57.293 [TX CF8] 67 28 FD B0 7B 71 F7 05
10:56:57.305 [TX CF9] 67 29 EE 4F DD 27 BB 5F
10:56:57.315 [TX CF10] 67 2A 78 DE F5 FD F4 7B
10:56:57.325 [TX CF11] 67 2B F9 F0 15 E0 6F C1
10:56:57.335 [TX CF12] 67 2C 67 83 DF 09 DE 17
10:56:57.346 [TX CF13] 67 2D FC 38 78 81 F1 25
10:56:57.356 [TX CF14] 67 2E E2 8F C5 A7 8C 5F
10:56:57.367 [TX CF15] 67 2F 1A DE 39 FC 7C 79
10:56:57.378 [TX CF0] 67 20 09 F2 35 E4 AF C9
10:56:57.388 [TX CF1] 67 21 E7 94 DF 2B DE 5B
10:56:57.399 [TX CF2] 67 22 FC C0 79 91 F3 45
10:56:57.410 [TX CF3] 67 23 E6 CF CE 27 9D 5F
10:56:57.421 [TX CF4] 67 24 3C DE 7D FD 04 7A
10:56:57.431 [TX CF5] 67 25 19 F4 55 E8 EF D2
10:56:57.443 [TX CF6] 67 26 67 A5 DF 4D DE 9F
10:56:57.454 [TX CF7] 67 27 FD 48 7A A1 F5 65
10:56:57.465 [TX CF8] 67 28 EB 0F D6 A7 AE 5F
10:56:57.476 [TX CF9] 67 29 5E DE C1 FD 8C 7B
10:56:57.486 [TX CF10] 67 2A 29 F6 75 ED 2F DA
10:56:57.496 [TX CF11] 67 2B E7 B6 DF 6F DE E3
10:56:57.507 [TX CF12] 67 2C FD D0 7B B1 F7 85
10:56:57.517 [TX CF13] 67 2D EF 4F DF 27 BF 5F
10:56:57.527 [TX CF14] 67 2E 00 DE 05 FC 14 78
10:56:57.539 [TX CF15] 67 2F 39 F0 95 E1 6F C3
10:56:57.549 [TX CF0] 67 20 67 87 DF 11 DE 27
10:56:57.559 [TX CF1] 67 21 FC 58 78 C1 F1 A5
10:56:57.569 [TX CF2] 67 22 E3 8F C7 A7 90 5F
10:56:57.580 [TX CF3] 67 23 22 DE 49 FC 9C 79
10:56:57.591 [TX CF4] 67 24 49 F2 B5 E5 AF CB
10:56:57.602 [TX CF5] 67 25 E7 98 DF 33 DE 6B
10:56:57.612 [TX CF6] 67 26 FC E0 79 D1 F3 C5
10:56:57.623 [TX CF7] 67 27 E7 CF D0 27 A1 5F
10:56:57.634 [TX CF8] 67 28 44 DE 8D FD 24 7A
10:56:57.644 [TX CF9] 67 29 59 F4 D5 E9 EF D4
10:56:57.655 [TX CF10] 67 2A 67 A9 DF 55 DE AF
10:56:57.665 [TX CF11] 67 2B FD 68 7A E1 F5 E5
10:56:57.675 [TX CF12] 67 2C EC 0F D8 A7 B2 5F
10:56:57.687 [TX CF13] 67 2D 66 DE D1 FD AC 7B
10:56:57.697 [TX CF14] 67 2E 69 F6 F5 EE 2F DC
10:56:57.707 [TX CF15] 67 2F E7 BA DF 77 DE F3
10:56:57.719 [TX CF0] 67 20 FD F0 7B F1 F0 05
10:56:57.729 [TX CF1] 67 21 E0 4F C1 27 83 5F
10:56:57.740 [TX CF2] 67 22 08 DE 15 FC 34 78
10:56:57.751 [TX CF3] 67 23 79 F1 15 E2 6F C5
10:56:57.761 [TX CF4] 67 24 67 8B DF 19 DE 37
10:56:57.771 [TX CF5] 67 25 FC 78 79 01 F2 25
10:56:57.782 [TX CF6] 67 26 E4 8F C9 A7 94 5F
10:56:57.792 [TX CF7] 67 27 2A DE 59 FC BC 79
10:56:57.802 [TX CF8] 67 28 89 F3 35 E6 AF CD
10:56:57.814 [TX CF9] 67 29 E7 9C DF 3B DE 7B
10:56:57.824 [TX CF10] 67 2A FD 00 7A 11 F4 45
10:56:57.835 [TX CF11] 67 2B E8 CF D2 27 A5 5F
10:56:57.846 [TX CF12] 67 2C 4C DE 9D FD 44 7A
10:56:57.856 [TX CF13] 67 2D 99 F5 55 EA EF D6
10:56:57.867 [TX CF14] 67 2E 67 AD DF 5D DE BF
10:56:57.877 [TX CF15] 67 2F FD 88 7B 21 F6 65
10:56:57.887 [TX CF0] 67 20 ED 0F DA A7 B6 5F
10:56:57.898 [TX CF1] 67 21 6E DE E1 FD CC 7B
10:56:57.908 [TX CF2] 67 22 A9 F7 75 EF 2F DE
10:56:57.919 [TX CF3] 67 23 E7 BE DF 7F DE 03
10:56:57.930 [TX CF4] 67 24 FC 10 78 31 F0 85
10:56:57.940 [TX CF5] 67 25 E1 4F C3 27 87 5F
10:56:57.950 [TX CF6] 67 26 10 DE 25 FC 54 78
10:56:57.961 [TX CF7] 67 27 B9 F1 95 E3 6F C7
10:56:57.971 [TX CF8] 67 28 67 8F DF 21 DE 47
10:56:57.982 [TX CF9] 67 29 FC 98 79 41 F2 A5
10:56:57.993 [TX CF10] 67 2A E5 8F CB A7 98 5F
10:56:58.004 [TX CF11] 67 2B 32 DE 69 FC DC 79
10:56:58.015 [TX CF12] 67 2C C9 F3 B5 E7 AF CF
10:56:58.025 [TX CF13] 67 2D E7 A0 DF 43 DE 8B
10:56:58.036 [TX CF14] 67 2E FD 20 7A 51 F4 C5
10:56:58.047 [TX CF15] 67 2F E9 CF D4 27 A9 5F
10:56:58.057 [TX CF0] 67 20 54 DE AD FD 64 7A
10:56:58.067 [TX CF1] 67 21 D9 F5 D5 EB EF D8
10:56:58.078 [TX CF2] 67 22 67 B1 DF 65 DE CF
10:56:58.088 [TX CF3] 67 23 FD A8 7B 61 F6 E5
10:56:58.099 [TX CF4] 67 24 EE 0F DC A7 BA 5F
10:56:58.109 [TX CF5] 67 25 76 DE F1 FD EC 7B
10:56:58.121 [TX CF6] 67 26 E9 F7 F5 E0 2F C0
10:56:58.131 [TX CF7] 67 27 E7 82 DF 07 DE 13
10:56:58.143 [TX CF8] 67 28 FC 30 78 71 F1 05
10:56:58.154 [TX CF9] 67 29 E2 4F C5 27 8B 5F
10:56:58.164 [TX CF10] 67 2A 18 DE 35 FC 74 78
10:56:58.175 [TX CF11] 67 2B F9 F2 15 E4 6F C9
10:56:58.186 [TX CF12] 67 2C 67 93 DF 29 DE 57
10:56:58.197 [TX CF13] 67 2D FC B8 79 81 F3 25
10:56:58.207 [TX CF14] 67 2E E6 8F CD A7 9C 5F
10:56:58.219 [TX CF15] 67 2F 3A DE 79 FC FC 7A
10:56:58.229 [TX CF0] 67 20 09 F4 35 E8 AF D1
10:56:58.240 [TX CF1] 67 21 E7 A4 DF 4B DE 9B
10:56:58.250 [TX CF2] 67 22 FD 40 7A 91 F5 45
10:56:58.261 [TX CF3] 67 23 EA CF D6 27 AD 5F
10:56:58.272 [TX CF4] 67 24 5C DE BD FD 84 7B
10:56:58.282 [TX CF5] 67 25 19 F6 55 EC EF DA
10:56:58.293 [TX CF6] 67 26 67 B5 DF 6D DE DF
10:56:58.303 [TX CF7] 67 27 FD C8 7B A1 F7 65
10:56:58.313 [TX CF8] 67 28 EF 0F DE A7 BE 5F
10:56:58.323 [TX CF9] 67 29 7E DE 01 FC 0C 78
10:56:58.334 [TX CF10] 67 2A 29 F0 75 E1 2F C2
10:56:58.344 [TX CF11] 67 2B E7 86 DF 0F DE 23
10:56:58.354 [TX CF12] 67 2C FC 50 78 B1 F1 85
10:56:58.364 [TX CF13] 67 2D E3 4F C7 27 8F 5F
10:56:58.375 [TX CF14] 67 2E 20 DE 45 FC 94 79
10:56:58.387 [TX CF15] 67 2F 39 F2 95 E5 6F CB
10:56:58.398 [TX CF0] 67 20 67 97 DF 31 DE 67
10:56:58.408 [TX CF1] 67 21 FC D8 79 C1 F3 A5
10:56:58.420 [TX CF2] 67 22 E7 8F CF A7 A0 5F
10:56:58.431 [TX CF3] 67 23 42 DE 89 FD 1C 7A
10:56:58.443 [TX CF4] 67 24 49 F4 B5 E9 AF D3
10:56:58.453 [TX CF5] 67 25 E7 A8 DF 53 DE AB
10:56:58.464 [TX CF6] 67 26 FD 60 7A D1 F5 C5
10:56:58.475 [TX CF7] 67 27 EB CF D8 27 B1 5F
10:56:58.485 [TX CF8] 67 28 64 DE CD FD A4 7B
10:56:58.496 [TX CF9] 67 29 59 F6 D5 ED EF DC
10:56:58.507 [TX CF10] 67 2A 67 B9 DF 75 DE EF
10:56:58.518 [TX CF11] 67 2B FD E8 7B E1 F7 E5
10:56:58.528 [TX CF12] 67 2C E0 0F C0 A7 82 5F
10:56:58.540 [TX CF13] 67 2D 06 DE 11 FC 2C 78
10:56:58.550 [TX CF14] 67 2E 69 F0 F5 E2 2F C4
10:56:58.561 [TX CF15] 67 2F E7 8A DF 17 DE 33
10:56:58.572 [TX CF0] 67 20 FC 70 78 F1 F2 05
10:56:58.582 [TX CF1] 67 21 E4 4F C9 27 93 5F
10:56:58.593 [TX CF2] 67 22 28 DE 55 FC B4 79
10:56:58.604 [TX CF3] 67 23 79 F3 15 E6 6F CD
10:56:58.614 [TX CF4] 67 24 67 9B DF 39 DE 77
10:56:58.624 [TX CF5] 67 25 FC F8 7A 01 F4 25
10:56:58.636 [TX CF6] 67 26 E8 8F D1 A7 A4 5F
10:56:58.647 [TX CF7] 67 27 4A DE 99 FD 3C 7A
10:56:58.657 [TX CF8] 67 28 89 F5 35 EA AF D5
10:56:58.669 [TX CF9] 67 29 E7 AC DF 5B DE BB
10:56:58.679 [TX CF10] 67 2A FD 80 7B 11 F6 45
10:56:58.689 [TX CF11] 67 2B EC CF DA 27 B5 5F
10:56:58.701 [TX CF12] 67 2C 6C DE DD FD C4 7B
10:56:58.712 [TX CF13] 67 2D 99 F7 55 EE EF DE
10:56:58.722 [TX CF14] 67 2E 67 BD DF 7D DF FF
10:56:58.732 [TX CF15] 67 2F 7F FE 04 7C 11 78
10:56:58.742 [TX CF0] 67 20 33 F0 89 E1 57 C3
10:56:58.753 [TX CF1] 67 21 37 87 7F 11 1E 26
10:56:58.764 [TX CF2] 67 22 7C 55 78 BB F1 99
10:56:58.775 [TX CF3] 67 23 E3 77 C7 77 8F FF
10:56:58.786 [TX CF4] 67 24 22 1E 48 7C 99 79
10:56:58.798 [TX CF5] 67 25 43 F2 A9 E5 97 CB
10:56:58.809 [TX CF6] 67 26 B7 98 7F 33 1E 6A
10:56:58.820 [TX CF7] 67 27 7C DD 79 CB F3 B9
10:56:58.831 [TX CF8] 67 28 E7 B7 CF F7 A0 FF
10:56:58.843 [TX CF9] 67 29 44 1E 8C 7D 21 7A
10:56:58.854 [TX CF10] 67 2A 53 F4 C9 E9 D7 D4
10:56:58.865 [TX CF11] 67 2B 37 A9 7F 55 1E AE
10:56:58.876 [TX CF12] 67 2C 7D 65 7A DB F5 D9
10:56:58.886 [TX CF13] 67 2D EB F7 D8 77 B1 FF
10:56:58.896 [TX CF14] 67 2E 66 1E D0 7D A9 7B
10:56:58.907 [TX CF15] 67 2F 63 F6 E9 EE 17 DC
10:56:58.918 [TX CF0] 67 20 B7 BA 7F 77 1E F2
10:56:58.928 [TX CF1] 67 21 7D ED 7B EB F7 F9
10:56:58.939 [TX CF2] 67 22 E0 37 C0 F7 82 FF
10:56:58.949 [TX CF3] 67 23 08 1E 14 7C 31 78
10:56:58.960 [TX CF4] 67 24 73 F1 09 E2 57 C5
10:56:58.972 [TX CF5] 67 25 37 8B 7F 19 1E 36
10:56:58.983 [TX CF6] 67 26 7C 75 78 FB F2 19
10:56:58.994 [TX CF7] 67 27 E4 77 C9 77 93 FF
10:56:59.004 [TX CF8] 67 28 2A 1E 58 7C B9 79
10:56:59.016 [TX CF9] 67 29 83 F3 29 E6 97 CD
10:56:59.026 [TX CF10] 67 2A B7 9C 7F 3B 1E 7A
10:56:59.037 [TX CF11] 67 2B 7C FD 7A 0B F4 39
10:56:59.047 [TX CF12] 67 2C E8 B7 D1 F7 A4 FF
10:56:59.058 [TX CF13] 67 2D 4C 1E 9C 7D 41 7A
10:56:59.069 [TX CF14] 67 2E 93 F5 49 EA D7 D6
10:56:59.081 [TX CF15] 67 2F 37 AD 7F 5D 1E BE
10:56:59.091 [TX CF0] 67 20 7D 85 7B 1B F6 59
10:56:59.102 [TX CF1] 67 21 EC F7 DA 77 B5 FF
10:56:59.113 [TX CF2] 67 22 6E 1E E0 7D C9 7B
10:56:59.123 [TX CF3] 67 23 A3 F7 69 EF 17 DE
10:56:59.133 [TX CF4] 67 24 B7 BE 7F 7F 1E 02
10:56:59.144 [TX CF5] 67 25 7C 0D 78 2B F0 79
10:56:59.154 [TX CF6] 67 26 E1 37 C2 F7 86 FF
10:56:59.164 [TX CF7] 67 27 10 1E 24 7C 51 78
10:56:59.174 [TX CF8] 67 28 B3 F1 89 E3 57 C7
10:56:59.186 [TX CF9] 67 29 37 8F 7F 21 1E 46
10:56:59.196 [TX CF10] 67 2A 7C 95 79 3B F2 99
10:56:59.207 [TX CF11] 67 2B E5 77 CB 77 97 FF
10:56:59.218 [TX CF12] 67 2C 32 1E 68 7C D9 79
10:56:59.228 [TX CF13] 67 2D C3 F3 A9 E7 97 CF
10:56:59.239 [TX CF14] 67 2E B7 A0 7F 43 1E 8A
10:56:59.250 [TX CF15] 67 2F 7D 1D 7A 4B F4 B9
10:56:59.261 [TX CF0] 67 20 E9 B7 D3 F7 A8 FF
10:56:59.271 [TX CF1] 67 21 54 1E AC 7D 61 7A
10:56:59.281 [TX CF2] 67 22 D3 F5 C9 EB D7 D8
10:56:59.291 [TX CF3] 67 23 37 B1 7F 65 1E CE
10:56:59.303 [TX CF4] 67 24 7D A5 7B 5B F6 D9
10:56:59.314 [TX CF5] 67 25 ED F7 DC 77 B9 FF
10:56:59.324 [TX CF6] 67 26 76 1E F0 7D E9 7B
10:56:59.335 [TX CF7] 67 27 E3 F7 E9 E0 17 C0
10:56:59.346 [TX CF8] 67 28 B7 82 7F 07 1E 12
10:56:59.357 [TX CF9] 67 29 7C 2D 78 6B F0 F9
10:56:59.367 [TX CF10] 67 2A E2 37 C4 F7 8A FF
10:56:59.378 [TX CF11] 67 2B 18 1E 34 7C 71 78
10:56:59.389 [TX CF12] 67 2C F3 F2 09 E4 57 C9
10:56:59.400 [TX CF13] 67 2D 37 93 7F 29 1E 56
10:56:59.411 [TX CF14] 67 2E 7C B5 79 7B F3 19
10:56:59.422 [TX CF15] 67 2F E6 77 CD 77 9B FF
10:56:59.432 [TX CF0] 67 20 3A 1E 78 7C F9 7A
10:56:59.444 [TX CF1] 67 21 03 F4 29 E8 97 D1
10:56:59.454 [TX CF2] 67 22 B7 A4 7F 4B 1E 9A
10:56:59.464 [TX CF3] 67 23 7D 3D 7A 8B F5 39
10:56:59.474 [TX CF4] 67 24 EA B7 D5 F7 AC FF
10:56:59.486 [TX CF5] 67 25 5C 1E BC 7D 81 7B
10:56:59.497 [TX CF6] 67 26 13 F6 49 EC D7 DA
10:56:59.508 [TX CF7] 67 27 37 B5 7F 6D 1E DE
10:56:59.520 [TX CF8] 67 28 7D C5 7B 9B F7 59
10:56:59.530 [TX CF9] 67 29 EE F7 DE 77 BD FF
10:56:59.540 [TX CF10] 67 2A 7E 1E 00 7C 09 78
10:56:59.551 [TX CF11] 67 2B 23 F0 69 E1 17 C2
10:56:59.561 [TX CF12] 67 2C B7 86 7F 0F 1E 22
10:56:59.572 [TX CF13] 67 2D 7C 4D 78 AB F1 79
10:56:59.582 [TX CF14] 67 2E E3 37 C6 F7 8E FF
10:56:59.593 [TX CF15] 67 2F 20 1E 44 7C 91 79
10:56:59.603 [TX CF0] 67 20 33 F2 89 E5 57 CB
10:56:59.614 [TX CF1] 67 21 37 97 7F 31 1E 66
10:56:59.624 [TX CF2] 67 22 7C D5 79 BB F3 99
10:56:59.635 [TX CF3] 67 23 E7 77 CF 77 9F FF
10:56:59.654 [TX CF4] 67 24 42 1E 88 7D 19 7A
10:56:59.664 [TX CF5] 67 25 43 F4 A9 E9 97 D3
10:56:59.676 [TX CF6] 67 26 B7 A8 7F 53 1E AA
10:56:59.686 [TX CF7] 67 27 7D 5D 7A CB F5 B9
10:56:59.696 [TX CF8] 67 28 EB B7 D7 F7 B0 FF
10:56:59.706 [TX CF9] 67 29 64 1E CC 7D A1 7B
10:56:59.717 [TX CF10] 67 2A 53 F6 C9 ED D7 DC
10:56:59.727 [TX CF11] 67 2B 37 B9 7F 75 1E EE
10:56:59.739 [TX CF12] 67 2C 7D E5 7B DB F7 D9
10:56:59.749 [TX CF13] 67 2D EF F7 C0 77 81 FF
10:56:59.761 [TX CF14] 67 2E 06 1E 10 7C 29 78
10:56:59.771 [TX CF15] 67 2F 63 F0 E9 E2 17 C4
10:56:59.781 [TX CF0] 67 20 B7 8A 7F 17 1E 32
10:56:59.791 [TX CF1] 67 21 7C 6D 78 EB F1 F9
10:56:59.801 [TX CF2] 67 22 E4 37 C8 F7 92 FF
10:56:59.812 [TX CF3] 67 23 28 1E 54 7C B1 79
10:56:59.822 [TX CF4] 67 24 73 F3 09 E6 57 CD
10:56:59.832 [TX CF5] 67 25 37 9B 7F 39 1E 76
10:56:59.843 [TX CF6] 67 26 7C F5 79 FB F4 19
10:56:59.853 [TX CF7] 67 27 E8 77 D1 77 A3 FF
10:56:59.864 [TX CF8] 67 28 4A 1E 98 7D 39 7A
10:56:59.874 [TX CF9] 67 29 83 F5 29 EA 97 D5
10:56:59.884 [TX CF10] 67 2A B7 AC 7F 5B 1E BA
10:56:59.894 [TX CF11] 67 2B 7D 7D 7B 0B F6 39
10:56:59.905 [TX CF12] 67 2C EC B7 D9 F7 B4 FF
10:56:59.915 [TX CF13] 67 2D 6C 1E DC 7D C1 7B
10:56:59.926 [TX CF14] 67 2E 93 F7 49 EE D7 DE
10:56:59.936 [TX CF15] 67 2F 37 BD 7F 7D 1E FE
10:56:59.948 [TX CF0] 67 20 7C 05 78 1B F0 59
10:56:59.958 [TX CF1] 67 21 E0 F7 C2 77 85 FF
10:56:59.969 [TX CF2] 67 22 0E 1E 20 7C 49 78
10:56:59.980 [TX CF3] 67 23 A3 F1 69 E3 17 C6
10:56:59.991 [TX CF4] 67 24 B7 8E 7F 1F 1E 42
10:57:00.002 [TX CF5] 67 25 7C 8D 79 2B F2 79
10:57:00.012 [TX CF6] 67 26 E5 37 CA F7 96 FF
10:57:00.023 [TX CF7] 67 27 30 1E 64 7C D1 79
10:57:00.034 [TX CF8] 67 28 B3 F3 89 E7 57 CF
10:57:00.046 [TX CF9] 67 29 37 9F 7F 41 1E 86
10:57:00.057 [TX CF10] 67 2A 7D 15 7A 3B F4 99
10:57:00.068 [TX CF11] 67 2B E9 77 D3 77 A7 FF
10:57:00.079 [TX CF12] 67 2C 52 1E A8 7D 59 7A
10:57:00.091 [TX CF13] 67 2D C3 F5 A9 EB 97 D7
10:57:00.102 [TX CF14] 67 2E B7 B0 7F 63 1E CA
10:57:00.113 [TX CF15] 67 2F 7D 9D 7B 4B F6 B9
10:57:00.124 [TX CF0] 67 20 ED B7 DB F7 B8 FF
10:57:00.135 [TX CF1] 67 21 74 1E EC 7D E1 7B
10:57:00.146 [TX CF2] 67 22 D3 F7 C9 EF D7 C0
10:57:00.156 [TX CF3] 67 23 37 81 7F 05 1E 0E
10:57:00.167 [TX CF4] 67 24 7C 25 78 5B F0 D9
10:57:00.177 [TX CF5] 67 25 E1 F7 C4 77 89 FF
10:57:00.188 [TX CF6] 67 26 16 1E 30 7C 69 78
10:57:00.198 [TX CF7] 67 27 E3 F1 E9 E4 17 C8
10:57:00.210 [TX CF8] 67 28 B7 92 7F 27 1E 52
10:57:00.220 [TX CF9] 67 29 7C AD 79 6B F2 F9
10:57:00.231 [TX CF10] 67 2A E6 37 CC F7 9A FF
10:57:00.243 [TX CF11] 67 2B 38 1E 74 7C F1 79
10:57:00.253 [TX CF12] 67 2C F3 F4 09 E8 57 D1
10:57:00.264 [TX CF13] 67 2D 37 A3 7F 49 1E 96
10:57:00.274 [TX CF14] 67 2E 7D 35 7A 7B F5 19
10:57:00.286 [TX CF15] 67 2F EA 77 D5 77 AB FF
10:57:00.297 [TX CF0] 67 20 5A 1E B8 7D 79 7B
10:57:00.307 [TX CF1] 67 21 03 F6 29 EC 97 D9
10:57:00.319 [TX CF2] 67 22 B7 B4 7F 6B 1E DA
10:57:00.329 [TX CF3] 67 23 7D BD 7B 8B F7 39
10:57:00.340 [TX CF4] 67 24 EE B7 DD FF FF FF
10:57:00.359 [RX SF ] 67 02 76 11 FF FF FF FF
10:57:00.359 [RX    ] 76 11
10:57:00.360 [PASS  ] TransferData block=17 | expected: 76 ... | received: 76 11
10:57:00.370 ------------------------------------------------------------------------
10:57:00.370 [STEP  ] 0x36 block=18  offset=34680/45254  (76%)
10:57:00.372 [TX TransferData block=18 len=2040] 36 12 F7 BC FF 7C 1E FC 7C 01 78 13 F0 49 E0 D7...
10:57:00.372 [TX FF ] 67 17 FA 36 12 F7 BC FF
10:57:00.382 [TX CF1] 67 21 7C 1E FC 7C 01 78
10:57:00.392 [TX CF2] 67 22 13 F0 49 E0 D7 C2
10:57:00.403 [TX CF3] 67 23 37 85 7F 0D 1E 1E
10:57:00.413 [TX CF4] 67 24 7C 45 78 9B F1 59
10:57:00.424 [TX CF5] 67 25 E2 F7 C6 77 8D FF
10:57:00.436 [TX CF6] 67 26 1E 1E 40 7C 89 79
10:57:00.446 [TX CF7] 67 27 23 F2 69 E5 17 CA
10:57:00.457 [TX CF8] 67 28 B7 96 7F 2F 1E 62
10:57:00.468 [TX CF9] 67 29 7C CD 79 AB F3 79
10:57:00.478 [TX CF10] 67 2A E7 37 CE F7 9E FF
10:57:00.488 [TX CF11] 67 2B 40 1E 84 7D 11 7A
10:57:00.499 [TX CF12] 67 2C 33 F4 89 E9 57 D3
10:57:00.509 [TX CF13] 67 2D 37 A7 7F 51 1E A6
10:57:00.519 [TX CF14] 67 2E 7D 55 7A BB F5 99
10:57:00.531 [TX CF15] 67 2F EB 77 D7 77 AF FF
10:57:00.542 [TX CF0] 67 20 62 1E C8 7D 99 7B
10:57:00.554 [TX CF1] 67 21 43 F6 A9 ED 97 DB
10:57:00.566 [TX CF2] 67 22 B7 B8 7F 73 1E EA
10:57:00.577 [TX CF3] 67 23 7D DD 7B CB F7 B9
10:57:00.588 [TX CF4] 67 24 EF B7 DF F7 80 FF
10:57:00.600 [TX CF5] 67 25 04 1E 0C 7C 21 78
10:57:00.610 [TX CF6] 67 26 53 F0 C9 E1 D7 C4
10:57:00.622 [TX CF7] 67 27 37 89 7F 15 1E 2E
10:57:00.632 [TX CF8] 67 28 7C 65 78 DB F1 D9
10:57:00.643 [TX CF9] 67 29 E3 F7 C8 77 91 FF
10:57:00.654 [TX CF10] 67 2A 26 1E 50 7C A9 79
10:57:00.665 [TX CF11] 67 2B 63 F2 E9 E6 17 CC
10:57:00.675 [TX CF12] 67 2C B7 9A 7F 37 1E 72
10:57:00.686 [TX CF13] 67 2D 7C ED 79 EB F3 F9
10:57:00.696 [TX CF14] 67 2E E8 37 D0 F7 A2 FF
10:57:00.707 [TX CF15] 67 2F 48 1E 94 7D 31 7A
10:57:00.717 [TX CF0] 67 20 73 F5 09 EA 57 D5
10:57:00.728 [TX CF1] 67 21 37 AB 7F 59 1E B6
10:57:00.738 [TX CF2] 67 22 7D 75 7A FB F6 19
10:57:00.749 [TX CF3] 67 23 EC 77 D9 77 B3 FF
10:57:00.759 [TX CF4] 67 24 6A 1E D8 7D B9 7B
10:57:00.770 [TX CF5] 67 25 83 F7 29 EE 97 DD
10:57:00.780 [TX CF6] 67 26 B7 BC 7F 7B 1E FA
10:57:00.792 [TX CF7] 67 27 7D FD 78 0B F0 39
10:57:00.802 [TX CF8] 67 28 E0 B7 C1 F7 84 FF
10:57:00.814 [TX CF9] 67 29 0C 1E 1C 7C 41 78
10:57:00.826 [TX CF10] 67 2A 93 F1 49 E2 D7 C6
10:57:00.837 [TX CF11] 67 2B 37 8D 7F 1D 1E 3E
10:57:00.848 [TX CF12] 67 2C 7C 85 79 1B F2 59
10:57:00.858 [TX CF13] 67 2D E4 F7 CA 77 95 FF
10:57:00.869 [TX CF14] 67 2E 2E 1E 60 7C C9 79
10:57:00.879 [TX CF15] 67 2F A3 F3 69 E7 17 CE
10:57:00.890 [TX CF0] 67 20 B7 9E 7F 3F 1E 82
10:57:00.901 [TX CF1] 67 21 7D 0D 7A 2B F4 79
10:57:00.911 [TX CF2] 67 22 E9 37 D2 F7 A6 FF
10:57:00.921 [TX CF3] 67 23 50 1E A4 7D 51 7A
10:57:00.933 [TX CF4] 67 24 B3 F5 89 EB 57 D7
10:57:00.943 [TX CF5] 67 25 37 AF 7F 61 1E C6
10:57:00.954 [TX CF6] 67 26 7D 95 7B 3B F6 99
10:57:00.964 [TX CF7] 67 27 ED 77 DB 77 B7 FF
10:57:00.974 [TX CF8] 67 28 72 1E E8 7D D9 7B
10:57:00.984 [TX CF9] 67 29 C3 F7 A9 EF 97 DF
10:57:00.995 [TX CF10] 67 2A B7 80 7F 03 1E 0A
10:57:01.005 [TX CF11] 67 2B 7C 1D 78 4B F0 B9
10:57:01.016 [TX CF12] 67 2C E1 B7 C3 F7 88 FF
10:57:01.027 [TX CF13] 67 2D 14 1E 2C 7C 61 78
10:57:01.038 [TX CF14] 67 2E D3 F1 C9 E3 D7 C8
10:57:01.048 [TX CF15] 67 2F 37 91 7F 25 1E 4E
10:57:01.058 [TX CF0] 67 20 7C A5 79 5B F2 D9
10:57:01.069 [TX CF1] 67 21 E5 F7 CC 77 99 FF
10:57:01.079 [TX CF2] 67 22 36 1E 70 7C E9 79
10:57:01.091 [TX CF3] 67 23 E3 F3 E9 E8 17 D0
10:57:01.102 [TX CF4] 67 24 B7 A2 7F 47 1E 92
10:57:01.113 [TX CF5] 67 25 7D 2D 7A 6B F4 F9
10:57:01.123 [TX CF6] 67 26 EA 37 D4 F7 AA FF
10:57:01.134 [TX CF7] 67 27 58 1E B4 7D 71 7A
10:57:01.145 [TX CF8] 67 28 F3 F6 09 EC 57 D9
10:57:01.156 [TX CF9] 67 29 37 B3 7F 69 1E D6
10:57:01.166 [TX CF10] 67 2A 7D B5 7B 7B F7 19
10:57:01.176 [TX CF11] 67 2B EE 77 DD 77 BB FF
10:57:01.187 [TX CF12] 67 2C 7A 1E F8 7D F9 78
10:57:01.197 [TX CF13] 67 2D 03 F0 29 E0 97 C1
10:57:01.208 [TX CF14] 67 2E B7 84 7F 0B 1E 1A
10:57:01.218 [TX CF15] 67 2F 7C 3D 78 8B F1 39
10:57:01.229 [TX CF0] 67 20 E2 B7 C5 F7 8C FF
10:57:01.240 [TX CF1] 67 21 1C 1E 3C 7C 81 79
10:57:01.251 [TX CF2] 67 22 13 F2 49 E4 D7 CA
10:57:01.262 [TX CF3] 67 23 37 95 7F 2D 1E 5E
10:57:01.274 [TX CF4] 67 24 7C C5 79 9B F3 59
10:57:01.285 [TX CF5] 67 25 E6 F7 CE 77 9D FF
10:57:01.296 [TX CF6] 67 26 3E 1E 80 7D 09 7A
10:57:01.307 [TX CF7] 67 27 23 F4 69 E9 17 D2
10:57:01.319 [TX CF8] 67 28 B7 A6 7F 4F 1E A2
10:57:01.330 [TX CF9] 67 29 7D 4D 7A AB F5 79
10:57:01.341 [TX CF10] 67 2A EB 37 D6 F7 AE FF
10:57:01.351 [TX CF11] 67 2B 60 1E C4 7D 91 7B
10:57:01.361 [TX CF12] 67 2C 33 F6 89 ED 57 DB
10:57:01.371 [TX CF13] 67 2D 37 B7 7F 71 1E E6
10:57:01.381 [TX CF14] 67 2E 7D D5 7B BB F7 99
10:57:01.391 [TX CF15] 67 2F EF 77 DF 77 FF DF
10:57:01.402 [TX CF0] 67 20 FF 81 1F 04 5E 0C
10:57:01.412 [TX CF1] 67 21 FC 22 78 55 F0 CD
10:57:01.422 [TX CF2] 67 22 E1 DF C4 47 89 9F
10:57:01.434 [TX CF3] 67 23 15 5E 2E FC 66 78
10:57:01.444 [TX CF4] 67 24 DD F1 DD E3 FF C8
10:57:01.456 [TX CF5] 67 25 87 92 1F 26 5E 50
10:57:01.467 [TX CF6] 67 26 FC AA 79 65 F2 ED
10:57:01.479 [TX CF7] 67 27 E6 1F CC C7 9A 9F
10:57:01.489 [TX CF8] 67 28 37 5E 72 FC EE 79
10:57:01.500 [TX CF9] 67 29 ED F3 FD E8 3F D1
10:57:01.511 [TX CF10] 67 2A 07 A3 1F 48 5E 94
10:57:01.522 [TX CF11] 67 2B FD 32 7A 75 F5 0D
10:57:01.534 [TX CF12] 67 2C EA 5F D5 47 AB 9F
10:57:01.545 [TX CF13] 67 2D 59 5E B6 FD 76 7A
10:57:01.556 [TX CF14] 67 2E FD F6 1D EC 7F D9
10:57:01.566 [TX CF15] 67 2F 87 B4 1F 6A 5E D8
10:57:01.577 [TX CF0] 67 20 FD BA 7B 85 F7 2D
10:57:01.588 [TX CF1] 67 21 EE 9F DD C7 BC 9F
10:57:01.598 [TX CF2] 67 22 7B 5E FA FD FE 78
10:57:01.610 [TX CF3] 67 23 0D F0 3D E0 BF C2
10:57:01.620 [TX CF4] 67 24 07 85 1F 0C 5E 1C
10:57:01.632 [TX CF5] 67 25 FC 42 78 95 F1 4D
10:57:01.643 [TX CF6] 67 26 E2 DF C6 47 8D 9F
10:57:01.653 [TX CF7] 67 27 1D 5E 3E FC 86 79
10:57:01.663 [TX CF8] 67 28 1D F2 5D E4 FF CA
10:57:01.673 [TX CF9] 67 29 87 96 1F 2E 5E 60
10:57:01.684 [TX CF10] 67 2A FC CA 79 A5 F3 6D
10:57:01.694 [TX CF11] 67 2B E7 1F CE C7 9E 9F
10:57:01.705 [TX CF12] 67 2C 3F 5E 82 FD 0E 7A
10:57:01.716 [TX CF13] 67 2D 2D F4 7D E9 3F D3
10:57:01.727 [TX CF14] 67 2E 07 A7 1F 50 5E A4
10:57:01.737 [TX CF15] 67 2F FD 52 7A B5 F5 8D
10:57:01.748 [TX CF0] 67 20 EB 5F D7 47 AF 9F
10:57:01.759 [TX CF1] 67 21 61 5E C6 FD 96 7B
10:57:01.769 [TX CF2] 67 22 3D F6 9D ED 7F DB
10:57:01.780 [TX CF3] 67 23 87 B8 1F 72 5E E8
10:57:01.790 [TX CF4] 67 24 FD DA 7B C5 F7 AD
10:57:01.800 [TX CF5] 67 25 EF 9F DF C7 80 9F
10:57:01.811 [TX CF6] 67 26 03 5E 0A FC 1E 78
10:57:01.822 [TX CF7] 67 27 4D F0 BD E1 BF C4
10:57:01.832 [TX CF8] 67 28 07 89 1F 14 5E 2C
10:57:01.843 [TX CF9] 67 29 FC 62 78 D5 F1 CD
10:57:01.853 [TX CF10] 67 2A E3 DF C8 47 91 9F
10:57:01.864 [TX CF11] 67 2B 25 5E 4E FC A6 79
10:57:01.875 [TX CF12] 67 2C 5D F2 DD E5 FF CC
10:57:01.885 [TX CF13] 67 2D 87 9A 1F 36 5E 70
10:57:01.896 [TX CF14] 67 2E FC EA 79 E5 F3 ED
10:57:01.906 [TX CF15] 67 2F E8 1F D0 C7 A2 9F
10:57:01.917 [TX CF0] 67 20 47 5E 92 FD 2E 7A
10:57:01.929 [TX CF1] 67 21 6D F4 FD EA 3F D5
10:57:01.939 [TX CF2] 67 22 07 AB 1F 58 5E B4
10:57:01.949 [TX CF3] 67 23 FD 72 7A F5 F6 0D
10:57:01.960 [TX CF4] 67 24 EC 5F D9 47 B3 9F
10:57:01.972 [TX CF5] 67 25 69 5E D6 FD B6 7B
10:57:01.982 [TX CF6] 67 26 7D F7 1D EE 7F DD
10:57:01.992 [TX CF7] 67 27 87 BC 1F 7A 5E F8
10:57:02.004 [TX CF8] 67 28 FD FA 78 05 F0 2D
10:57:02.014 [TX CF9] 67 29 E0 9F C1 C7 84 9F
10:57:02.024 [TX CF10] 67 2A 0B 5E 1A FC 3E 78
10:57:02.035 [TX CF11] 67 2B 8D F1 3D E2 BF C6
10:57:02.045 [TX CF12] 67 2C 07 8D 1F 1C 5E 3C
10:57:02.056 [TX CF13] 67 2D FC 82 79 15 F2 4D
10:57:02.067 [TX CF14] 67 2E E4 DF CA 47 95 9F
10:57:02.077 [TX CF15] 67 2F 2D 5E 5E FC C6 79
10:57:02.088 [TX CF0] 67 20 9D F3 5D E6 FF CE
10:57:02.100 [TX CF1] 67 21 87 9E 1F 3E 5E 80
10:57:02.110 [TX CF2] 67 22 FD 0A 7A 25 F4 6D
10:57:02.122 [TX CF3] 67 23 E9 1F D2 C7 A6 9F
10:57:02.133 [TX CF4] 67 24 4F 5E A2 FD 4E 7A
10:57:02.144 [TX CF5] 67 25 AD F5 7D EB 3F D7
10:57:02.154 [TX CF6] 67 26 07 AF 1F 60 5E C4
10:57:02.164 [TX CF7] 67 27 FD 92 7B 35 F6 8D
10:57:02.175 [TX CF8] 67 28 ED 5F DB 47 B7 9F
10:57:02.187 [TX CF9] 67 29 71 5E E6 FD D6 7B
10:57:02.197 [TX CF10] 67 2A BD F7 9D EF 7F DF
10:57:02.209 [TX CF11] 67 2B 87 80 1F 02 5E 08
10:57:02.220 [TX CF12] 67 2C FC 1A 78 45 F0 AD
10:57:02.231 [TX CF13] 67 2D E1 9F C3 C7 88 9F
10:57:02.242 [TX CF14] 67 2E 13 5E 2A FC 5E 78
10:57:02.254 [TX CF15] 67 2F CD F1 BD E3 BF C8
10:57:02.266 [TX CF0] 67 20 07 91 1F 24 5E 4C
10:57:02.277 [TX CF1] 67 21 FC A2 79 55 F2 CD
10:57:02.288 [TX CF2] 67 22 E5 DF CC 47 99 9F
10:57:02.299 [TX CF3] 67 23 35 5E 6E FC E6 79
10:57:02.310 [TX CF4] 67 24 DD F3 DD E7 FF D0
10:57:02.321 [TX CF5] 67 25 87 A2 1F 46 5E 90
10:57:02.331 [TX CF6] 67 26 FD 2A 7A 65 F4 ED
10:57:02.342 [TX CF7] 67 27 EA 1F D4 C7 AA 9F
10:57:02.354 [TX CF8] 67 28 57 5E B2 FD 6E 7A
10:57:02.365 [TX CF9] 67 29 ED F5 FD EC 3F D9
10:57:02.376 [TX CF10] 67 2A 07 B3 1F 68 5E D4
10:57:02.387 [TX CF11] 67 2B FD B2 7B 75 F7 0D
10:57:02.397 [TX CF12] 67 2C EE 5F DD 47 BB 9F
10:57:02.407 [TX CF13] 67 2D 79 5E F6 FD F6 7B
10:57:02.417 [TX CF14] 67 2E FD F0 1D E0 7F C1
10:57:02.428 [TX CF15] 67 2F 87 84 1F 0A 5E 18
10:57:02.438 [TX CF0] 67 20 FC 3A 78 85 F1 2D
10:57:02.448 [TX CF1] 67 21 E2 9F C5 C7 8C 9F
10:57:02.459 [TX CF2] 67 22 1B 5E 3A FC 7E 79
10:57:02.469 [TX CF3] 67 23 0D F2 3D E4 BF CA
10:57:02.481 [TX CF4] 67 24 07 95 1F 2C 5E 5C
10:57:02.492 [TX CF5] 67 25 FC C2 79 95 F3 4D
10:57:02.502 [TX CF6] 67 26 E6 DF CE 47 9D 9F
10:57:02.512 [TX CF7] 67 27 3D 5E 7E FD 06 7A
10:57:02.523 [TX CF8] 67 28 1D F4 5D E8 FF D2
10:57:02.533 [TX CF9] 67 29 87 A6 1F 4E 5E A0
10:57:02.544 [TX CF10] 67 2A FD 4A 7A A5 F5 6D
10:57:02.556 [TX CF11] 67 2B EB 1F D6 C7 AE 9F
10:57:02.568 [TX CF12] 67 2C 5F 5E C2 FD 8E 7B
10:57:02.578 [TX CF13] 67 2D 2D F6 7D ED 3F DB
10:57:02.589 [TX CF14] 67 2E 07 B7 1F 70 5E E4
10:57:02.599 [TX CF15] 67 2F FD D2 7B B5 F7 8D
10:57:02.610 [TX CF0] 67 20 EF 5F DF 47 BF 9F
10:57:02.620 [TX CF1] 67 21 01 5E 06 FC 16 78
10:57:02.631 [TX CF2] 67 22 3D F0 9D E1 7F C3
10:57:02.642 [TX CF3] 67 23 87 88 1F 12 5E 28
10:57:02.653 [TX CF4] 67 24 FC 5A 78 C5 F1 AD
10:57:02.663 [TX CF5] 67 25 E3 9F C7 C7 90 9F
10:57:02.673 [TX CF6] 67 26 23 5E 4A FC 9E 79
10:57:02.685 [TX CF7] 67 27 4D F2 BD E5 BF CC
10:57:02.696 [TX CF8] 67 28 07 99 1F 34 5E 6C
10:57:02.707 [TX CF9] 67 29 FC E2 79 D5 F3 CD
10:57:02.718 [TX CF10] 67 2A E7 DF D0 47 A1 9F
10:57:02.729 [TX CF11] 67 2B 45 5E 8E FD 26 7A
10:57:02.740 [TX CF12] 67 2C 5D F4 DD E9 FF D4
10:57:02.752 [TX CF13] 67 2D 87 AA 1F 56 5E B0
10:57:02.763 [TX CF14] 67 2E FD 6A 7A E5 F5 ED
10:57:02.773 [TX CF15] 67 2F EC 1F D8 C7 B2 9F
10:57:02.784 [TX CF0] 67 20 67 5E D2 FD AE 7B
10:57:02.794 [TX CF1] 67 21 6D F6 FD EE 3F DD
10:57:02.805 [TX CF2] 67 22 07 BB 1F 78 5E F4
10:57:02.816 [TX CF3] 67 23 FD F2 7B F5 F0 0D
10:57:02.826 [TX CF4] 67 24 E0 5F C1 47 83 9F
10:57:02.837 [TX CF5] 67 25 09 5E 16 FC 36 78
10:57:02.847 [TX CF6] 67 26 7D F1 1D E2 7F C5
10:57:02.858 [TX CF7] 67 27 87 8C 1F 1A 5E 38
10:57:02.869 [TX CF8] 67 28 FC 7A 79 05 F2 2D
10:57:02.880 [TX CF9] 67 29 E4 9F C9 C7 94 9F
10:57:02.891 [TX CF10] 67 2A 2B 5E 5A FC BE 79
10:57:02.902 [TX CF11] 67 2B 8D F3 3D E6 BF CE
10:57:02.913 [TX CF12] 67 2C 07 9D 1F 3C 5E 7C
10:57:02.923 [TX CF13] 67 2D FD 02 7A 15 F4 4D
10:57:02.935 [TX CF14] 67 2E E8 DF D2 47 A5 9F
10:57:02.945 [TX CF15] 67 2F 4D 5E 9E FD 46 7A
10:57:02.957 [TX CF0] 67 20 9D F5 5D EA FF D6
10:57:02.967 [TX CF1] 67 21 87 AE 1F 5E 5E C0
10:57:02.978 [TX CF2] 67 22 FD 8A 7B 25 F6 6D
10:57:02.990 [TX CF3] 67 23 ED 1F DA C7 B6 9F
10:57:03.001 [TX CF4] 67 24 6F 5E E2 FD CE 7B
10:57:03.013 [TX CF5] 67 25 AD F7 7D EF 3F DF
10:57:03.024 [TX CF6] 67 26 07 BF 1F 00 5E 04
10:57:03.035 [TX CF7] 67 27 FC 12 78 35 F0 8D
10:57:03.046 [TX CF8] 67 28 E1 5F C3 47 87 9F
10:57:03.056 [TX CF9] 67 29 11 5E 26 FC 56 78
10:57:03.068 [TX CF10] 67 2A BD F1 9D E3 7F C7
10:57:03.078 [TX CF11] 67 2B 87 90 1F 22 5E 48
10:57:03.089 [TX CF12] 67 2C FC 9A 79 45 F2 AD
10:57:03.099 [TX CF13] 67 2D E5 9F CB C7 98 9F
10:57:03.109 [TX CF14] 67 2E 33 5E 6A FC DE 79
10:57:03.121 [TX CF15] 67 2F CD F3 BD E7 BF D0
10:57:03.131 [TX CF0] 67 20 07 A1 1F 44 5E 8C
10:57:03.142 [TX CF1] 67 21 FD 22 7A 55 F4 CD
10:57:03.152 [TX CF2] 67 22 E9 DF D4 47 A9 9F
10:57:03.163 [TX CF3] 67 23 55 5E AE FD 66 7A
10:57:03.173 [TX CF4] 67 24 DD F5 DD EB FF D8
10:57:03.184 [TX CF5] 67 25 87 B2 1F 66 5E D0
10:57:03.196 [TX CF6] 67 26 FD AA 7B 65 F6 ED
10:57:03.207 [TX CF7] 67 27 EE 1F DC C7 BA 9F
10:57:03.218 [TX CF8] 67 28 77 5E F2 FD EE 7B
10:57:03.228 [TX CF9] 67 29 ED F7 FD E0 3F C1
10:57:03.238 [TX CF10] 67 2A 07 83 1F 08 5E 14
10:57:03.249 [TX CF11] 67 2B FC 32 78 75 F1 0D
10:57:03.259 [TX CF12] 67 2C E2 5F C5 47 8B 9F
10:57:03.271 [TX CF13] 67 2D 19 5E 36 FC 76 78
10:57:03.283 [TX CF14] 67 2E FD F2 1D E4 7F C9
10:57:03.294 [TX CF15] 67 2F 87 94 1F 2A 5E 58
10:57:03.306 [TX CF0] 67 20 FC BA 79 85 F3 2D
10:57:03.317 [TX CF1] 67 21 E6 9F CD C7 9C 9F
10:57:03.327 [TX CF2] 67 22 3B 5E 7A FC FE 7A
10:57:03.339 [TX CF3] 67 23 0D F4 3D E8 BF D2
10:57:03.349 [TX CF4] 67 24 07 A5 1F 4C 5E 9C
10:57:03.360 [TX CF5] 67 25 FD 42 7A 95 F5 4D
10:57:03.371 [TX CF6] 67 26 EA DF D6 47 AD 9F
10:57:03.381 [TX CF7] 67 27 5D 5E BE FD 86 7B
10:57:03.393 [TX CF8] 67 28 1D F6 5D EC FF DA
10:57:03.403 [TX CF9] 67 29 87 B6 1F 6E 5E E0
10:57:03.415 [TX CF10] 67 2A FD CA 7B A5 F7 6D
10:57:03.425 [TX CF11] 67 2B EF 1F DE C7 BE 9F
10:57:03.437 [TX CF12] 67 2C 7F 5E 02 FC 0E 78
10:57:03.447 [TX CF13] 67 2D 2D F0 7D E1 3F C3
10:57:03.459 [TX CF14] 67 2E 07 87 1F 10 5E 24
10:57:03.470 [TX CF15] 67 2F FC 52 78 B5 F1 8D
10:57:03.480 [TX CF0] 67 20 E3 5F C7 47 8F 9F
10:57:03.491 [TX CF1] 67 21 21 5E 46 FC 96 79
10:57:03.502 [TX CF2] 67 22 3D F2 9D E5 7F CB
10:57:03.513 [TX CF3] 67 23 87 98 1F 32 5E 68
10:57:03.523 [TX CF4] 67 24 FC DA 79 C5 F3 AD
10:57:03.534 [TX CF5] 67 25 E7 9F CF C7 A0 9F
10:57:03.544 [TX CF6] 67 26 43 5E 8A FD 1E 7A
10:57:03.555 [TX CF7] 67 27 4D F4 BD E9 BF D4
10:57:03.567 [TX CF8] 67 28 07 A9 1F 54 5E AC
10:57:03.577 [TX CF9] 67 29 FD 62 7A D5 F5 CD
10:57:03.587 [TX CF10] 67 2A EB DF D8 47 B1 9F
10:57:03.597 [TX CF11] 67 2B 65 5E CE FD A6 7B
10:57:03.607 [TX CF12] 67 2C 5D F6 DD ED FF DC
10:57:03.618 [TX CF13] 67 2D 87 BA 1F 76 5E F0
10:57:03.629 [TX CF14] 67 2E FD EA 7B E5 F7 ED
10:57:03.641 [TX CF15] 67 2F E0 1F C0 C7 82 9F
10:57:03.651 [TX CF0] 67 20 07 5E 12 FC 2E 78
10:57:03.661 [TX CF1] 67 21 6D F0 FD E2 3F C5
10:57:03.672 [TX CF2] 67 22 07 8B 1F 18 5E 34
10:57:03.683 [TX CF3] 67 23 FC 72 78 F5 F2 0D
10:57:03.693 [TX CF4] 67 24 E4 5F C9 47 93 9F
10:57:03.705 [TX CF5] 67 25 29 5E 56 FC B6 79
10:57:03.715 [TX CF6] 67 26 7D F3 1D E6 7F CD
10:57:03.726 [TX CF7] 67 27 87 9C 1F 3A 5E 78
10:57:03.737 [TX CF8] 67 28 FC FA 7A 05 F4 2D
10:57:03.747 [TX CF9] 67 29 E8 9F D1 C7 A4 9F
10:57:03.758 [TX CF10] 67 2A 4B 5E 9A FD 3E 7A
10:57:03.769 [TX CF11] 67 2B 8D F5 3D EA BF D6
10:57:03.780 [TX CF12] 67 2C 07 AD 1F 5C 5E BC
10:57:03.792 [TX CF13] 67 2D FD 82 7B 15 F6 4D
10:57:03.803 [TX CF14] 67 2E EC DF DA 47 B5 9F
10:57:03.815 [TX CF15] 67 2F 6D 5E DE FD C6 7B
10:57:03.826 [TX CF0] 67 20 9D F7 5D EE FF DE
10:57:03.837 [TX CF1] 67 21 87 BE 1F 7E 5E 00
10:57:03.849 [TX CF2] 67 22 FC 0A 78 25 F0 6D
10:57:03.860 [TX CF3] 67 23 E1 1F C2 C7 86 9F
10:57:03.871 [TX CF4] 67 24 0F 5E 22 FC 4E 78
10:57:03.881 [TX CF5] 67 25 AD F1 7D E3 3F C7
10:57:03.892 [TX CF6] 67 26 07 8F 1F 20 5E 44
10:57:03.903 [TX CF7] 67 27 FC 92 79 35 F2 8D
10:57:03.914 [TX CF8] 67 28 E5 5F CB 47 97 9F
10:57:03.924 [TX CF9] 67 29 31 5E 66 FC D6 79
10:57:03.935 [TX CF10] 67 2A BD F3 9D E7 7F CF
10:57:03.945 [TX CF11] 67 2B 87 A0 1F 42 5E 88
10:57:03.955 [TX CF12] 67 2C FD 1A 7A 45 F4 AD
10:57:03.965 [TX CF13] 67 2D E9 9F D3 C7 A8 9F
10:57:03.976 [TX CF14] 67 2E 53 5E AA FD 5E 7A
10:57:03.986 [TX CF15] 67 2F CD F5 BD EB BF D8
10:57:03.998 [TX CF0] 67 20 07 B1 1F 64 5E CC
10:57:04.008 [TX CF1] 67 21 FD A2 7B 55 F6 CD
10:57:04.020 [TX CF2] 67 22 ED DF DC 47 B9 9F
10:57:04.030 [TX CF3] 67 23 75 5E EE FD E6 7B
10:57:04.041 [TX CF4] 67 24 DD F7 DD FF FF FF
10:57:04.062 [RX SF ] 67 02 76 12 FF FF FF FF
10:57:04.062 [RX    ] 76 12
10:57:04.063 [PASS  ] TransferData block=18 | expected: 76 ... | received: 76 12
10:57:04.073 ------------------------------------------------------------------------
10:57:04.073 [STEP  ] 0x36 block=19  offset=36720/45254  (81%)
10:57:04.073 [TX TransferData block=19 len=2040] 36 13 FF F7 FF E0 47 C1 17 83 3F 08 9E 15 7C 33...
10:57:04.074 [TX FF ] 67 17 FA 36 13 FF F7 FF
10:57:04.084 [TX CF1] 67 21 E0 47 C1 17 83 3F
10:57:04.095 [TX CF2] 67 22 08 9E 15 7C 33 78
10:57:04.105 [TX CF3] 67 23 77 F1 11 E2 67 C5
10:57:04.115 [TX CF4] 67 24 57 8B BF 19 9E 37
10:57:04.126 [TX CF5] 67 25 7C 77 78 FF F2 21
10:57:04.137 [TX CF6] 67 26 E4 87 C9 97 94 3F
10:57:04.147 [TX CF7] 67 27 2A 9E 59 7C BB 79
10:57:04.158 [TX CF8] 67 28 87 F3 31 E6 A7 CD
10:57:04.169 [TX CF9] 67 29 D7 9C BF 3B 9E 7B
10:57:04.179 [TX CF10] 67 2A 7C FF 7A 0F F4 41
10:57:04.190 [TX CF11] 67 2B E8 C7 D2 17 A5 3F
10:57:04.200 [TX CF12] 67 2C 4C 9E 9D 7D 43 7A
10:57:04.210 [TX CF13] 67 2D 97 F5 51 EA E7 D6
10:57:04.221 [TX CF14] 67 2E 57 AD BF 5D 9E BF
10:57:04.231 [TX CF15] 67 2F 7D 87 7B 1F F6 61
10:57:04.242 [TX CF0] 67 20 ED 07 DA 97 B6 3F
10:57:04.252 [TX CF1] 67 21 6E 9E E1 7D CB 7B
10:57:04.263 [TX CF2] 67 22 A7 F7 71 EF 27 DE
10:57:04.274 [TX CF3] 67 23 D7 BE BF 7F 9E 03
10:57:04.284 [TX CF4] 67 24 7C 0F 78 2F F0 81
10:57:04.295 [TX CF5] 67 25 E1 47 C3 17 87 3F
10:57:04.305 [TX CF6] 67 26 10 9E 25 7C 53 78
10:57:04.316 [TX CF7] 67 27 B7 F1 91 E3 67 C7
10:57:04.327 [TX CF8] 67 28 57 8F BF 21 9E 47
10:57:04.337 [TX CF9] 67 29 7C 97 79 3F F2 A1
10:57:04.348 [TX CF10] 67 2A E5 87 CB 97 98 3F
10:57:04.358 [TX CF11] 67 2B 32 9E 69 7C DB 79
10:57:04.369 [TX CF12] 67 2C C7 F3 B1 E7 A7 CF
10:57:04.379 [TX CF13] 67 2D D7 A0 BF 43 9E 8B
10:57:04.390 [TX CF14] 67 2E 7D 1F 7A 4F F4 C1
10:57:04.400 [TX CF15] 67 2F E9 C7 D4 17 A9 3F
10:57:04.411 [TX CF0] 67 20 54 9E AD 7D 63 7A
10:57:04.421 [TX CF1] 67 21 D7 F5 D1 EB E7 D8
10:57:04.432 [TX CF2] 67 22 57 B1 BF 65 9E CF
10:57:04.443 [TX CF3] 67 23 7D A7 7B 5F F6 E1
10:57:04.454 [TX CF4] 67 24 EE 07 DC 97 BA 3F
10:57:04.464 [TX CF5] 67 25 76 9E F1 7D EB 7B
10:57:04.475 [TX CF6] 67 26 E7 F7 F1 E0 27 C0
10:57:04.485 [TX CF7] 67 27 D7 82 BF 07 9E 13
10:57:04.496 [TX CF8] 67 28 7C 2F 78 6F F1 01
10:57:04.506 [TX CF9] 67 29 E2 47 C5 17 8B 3F
10:57:04.517 [TX CF10] 67 2A 18 9E 35 7C 73 78
10:57:04.528 [TX CF11] 67 2B F7 F2 11 E4 67 C9
10:57:04.540 [TX CF12] 67 2C 57 93 BF 29 9E 57
10:57:04.552 [TX CF13] 67 2D 7C B7 79 7F F3 21
10:57:04.563 [TX CF14] 67 2E E6 87 CD 97 9C 3F
10:57:04.573 [TX CF15] 67 2F 3A 9E 79 7C FB 7A
10:57:04.584 [TX CF0] 67 20 07 F4 31 E8 A7 D1
10:57:04.594 [TX CF1] 67 21 D7 A4 BF 4B 9E 9B
10:57:04.605 [TX CF2] 67 22 7D 3F 7A 8F F5 41
10:57:04.615 [TX CF3] 67 23 EA C7 D6 17 AD 3F
10:57:04.626 [TX CF4] 67 24 5C 9E BD 7D 83 7B
10:57:04.637 [TX CF5] 67 25 17 F6 51 EC E7 DA
10:57:04.647 [TX CF6] 67 26 57 B5 BF 6D 9E DF
10:57:04.657 [TX CF7] 67 27 7D C7 7B 9F F7 61
10:57:04.669 [TX CF8] 67 28 EF 07 DE 97 BE 3F
10:57:04.679 [TX CF9] 67 29 7E 9E 01 7C 0B 78
10:57:04.689 [TX CF10] 67 2A 27 F0 71 E1 27 C2
10:57:04.700 [TX CF11] 67 2B D7 86 BF 0F 9E 23
10:57:04.710 [TX CF12] 67 2C 7C 4F 78 AF F1 81
10:57:04.721 [TX CF13] 67 2D E3 47 C7 17 8F 3F
10:57:04.731 [TX CF14] 67 2E 20 9E 45 7C 93 79
10:57:04.742 [TX CF15] 67 2F 37 F2 91 E5 67 CB
10:57:04.753 [TX CF0] 67 20 57 97 BF 31 9E 67
10:57:04.763 [TX CF1] 67 21 7C D7 79 BF F3 A1
10:57:04.773 [TX CF2] 67 22 E7 87 CF 97 A0 3F
10:57:04.784 [TX CF3] 67 23 42 9E 89 7D 1B 7A
10:57:04.796 [TX CF4] 67 24 47 F4 B1 E9 A7 D3
10:57:04.807 [TX CF5] 67 25 D7 A8 BF 53 9E AB
10:57:04.818 [TX CF6] 67 26 7D 5F 7A CF F5 C1
10:57:04.829 [TX CF7] 67 27 EB C7 D8 17 B1 3F
10:57:04.840 [TX CF8] 67 28 64 9E CD 7D A3 7B
10:57:04.851 [TX CF9] 67 29 57 F6 D1 ED E7 DC
10:57:04.862 [TX CF10] 67 2A 57 B9 BF 75 9E EF
10:57:04.872 [TX CF11] 67 2B 7D E7 7B DF F7 E1
10:57:04.883 [TX CF12] 67 2C E0 07 C0 97 82 3F
10:57:04.893 [TX CF13] 67 2D 06 9E 11 7C 2B 78
10:57:04.903 [TX CF14] 67 2E 67 F0 F1 E2 27 C4
10:57:04.914 [TX CF15] 67 2F D7 8A BF 17 9E 33
10:57:04.924 [TX CF0] 67 20 7C 6F 78 EF F2 01
10:57:04.936 [TX CF1] 67 21 E4 47 C9 17 93 3F
10:57:04.949 [TX CF2] 67 22 28 9E 55 7C B3 79
10:57:04.959 [TX CF3] 67 23 77 F3 11 E6 67 CD
10:57:04.971 [TX CF4] 67 24 57 9B BF 39 9E 77
10:57:04.982 [TX CF5] 67 25 7C F7 79 FF F4 21
10:57:04.993 [TX CF6] 67 26 E8 87 D1 97 A4 3F
10:57:05.005 [TX CF7] 67 27 4A 9E 99 7D 3B 7A
10:57:05.016 [TX CF8] 67 28 87 F5 31 EA A7 D5
10:57:05.027 [TX CF9] 67 29 D7 AC BF 5B 9E BB
10:57:05.038 [TX CF10] 67 2A 7D 7F 7B 0F F6 41
10:57:05.049 [TX CF11] 67 2B EC C7 DA 17 B5 3F
10:57:05.059 [TX CF12] 67 2C 6C 9E DD 7D C3 7B
10:57:05.071 [TX CF13] 67 2D 97 F7 51 EE E7 DE
10:57:05.081 [TX CF14] 67 2E 57 BD BF 7D 9E FF
10:57:05.092 [TX CF15] 67 2F 7C 07 78 1F F0 61
10:57:05.104 [TX CF0] 67 20 E1 07 C2 97 86 3F
10:57:05.116 [TX CF1] 67 21 0E 9E 21 7C 4B 78
10:57:05.127 [TX CF2] 67 22 A7 F1 71 E3 27 C6
10:57:05.138 [TX CF3] 67 23 D7 8E BF 1F 9E 43
10:57:05.148 [TX CF4] 67 24 7C 8F 79 2F F2 81
10:57:05.160 [TX CF5] 67 25 E5 47 CB 17 97 3F
10:57:05.170 [TX CF6] 67 26 30 9E 65 7C D3 79
10:57:05.181 [TX CF7] 67 27 B7 F3 91 E7 67 CF
10:57:05.191 [TX CF8] 67 28 57 9F BF 41 9E 87
10:57:05.203 [TX CF9] 67 29 7D 17 7A 3F F4 A1
10:57:05.214 [TX CF10] 67 2A E9 87 D3 97 A8 3F
10:57:05.225 [TX CF11] 67 2B 52 9E A9 7D 5B 7A
10:57:05.237 [TX CF12] 67 2C C7 F5 B1 EB A7 D7
10:57:05.248 [TX CF13] 67 2D D7 B0 BF 63 9E CB
10:57:05.259 [TX CF14] 67 2E 7D 9F 7B 4F F6 C1
10:57:05.271 [TX CF15] 67 2F ED C7 DC 17 B9 3F
10:57:05.281 [TX CF0] 67 20 74 9E ED 7D E3 7B
10:57:05.291 [TX CF1] 67 21 D7 F7 D1 EF E7 C0
10:57:05.303 [TX CF2] 67 22 57 81 BF 05 9E 0F
10:57:05.313 [TX CF3] 67 23 7C 27 78 5F F0 E1
10:57:05.323 [TX CF4] 67 24 E2 07 C4 97 8A 3F
10:57:05.335 [TX CF5] 67 25 16 9E 31 7C 6B 78
10:57:05.346 [TX CF6] 67 26 E7 F1 F1 E4 27 C8
10:57:05.357 [TX CF7] 67 27 D7 92 BF 27 9E 53
10:57:05.369 [TX CF8] 67 28 7C AF 79 6F F3 01
10:57:05.379 [TX CF9] 67 29 E6 47 CD 17 9B 3F
10:57:05.390 [TX CF10] 67 2A 38 9E 75 7C F3 79
10:57:05.401 [TX CF11] 67 2B F7 F4 11 E8 67 D1
10:57:05.413 [TX CF12] 67 2C 57 A3 BF 49 9E 97
10:57:05.423 [TX CF13] 67 2D 7D 37 7A 7F F5 21
10:57:05.434 [TX CF14] 67 2E EA 87 D5 97 AC 3F
10:57:05.444 [TX CF15] 67 2F 5A 9E B9 7D 7B 7B
10:57:05.456 [TX CF0] 67 20 07 F6 31 EC A7 D9
10:57:05.467 [TX CF1] 67 21 D7 B4 BF 6B 9E DB
10:57:05.477 [TX CF2] 67 22 7D BF 7B 8F F7 41
10:57:05.488 [TX CF3] 67 23 EE C7 DE 17 BD 3F
10:57:05.499 [TX CF4] 67 24 7C 9E FD 7C 03 78
10:57:05.509 [TX CF5] 67 25 17 F0 51 E0 E7 C2
10:57:05.520 [TX CF6] 67 26 57 85 BF 0D 9E 1F
10:57:05.531 [TX CF7] 67 27 7C 47 78 9F F1 61
10:57:05.541 [TX CF8] 67 28 E3 07 C6 97 8E 3F
10:57:05.552 [TX CF9] 67 29 1E 9E 41 7C 8B 79
10:57:05.563 [TX CF10] 67 2A 27 F2 71 E5 27 CA
10:57:05.573 [TX CF11] 67 2B D7 96 BF 2F 9E 63
10:57:05.583 [TX CF12] 67 2C 7C CF 79 AF F3 81
10:57:05.594 [TX CF13] 67 2D E7 47 CF 17 9F 3F
10:57:05.604 [TX CF14] 67 2E 40 9E 85 7D 13 7A
10:57:05.614 [TX CF15] 67 2F 37 F4 91 E9 67 D3
10:57:05.625 [TX CF0] 67 20 57 A7 BF 51 9E A7
10:57:05.636 [TX CF1] 67 21 7D 57 7A BF F5 A1
10:57:05.646 [TX CF2] 67 22 EB 87 D7 97 B0 3F
10:57:05.657 [TX CF3] 67 23 62 9E C9 7D 9B 7B
10:57:05.668 [TX CF4] 67 24 47 F6 B1 ED A7 DB
10:57:05.678 [TX CF5] 67 25 D7 B8 BF 73 9E EB
10:57:05.689 [TX CF6] 67 26 7D DF 7B CF F7 C1
10:57:05.699 [TX CF7] 67 27 EF C7 C0 17 81 3F
10:57:05.709 [TX CF8] 67 28 04 9E 0D 7C 23 78
10:57:05.719 [TX CF9] 67 29 57 F0 D1 E1 E7 C4
10:57:05.729 [TX CF10] 67 2A 57 89 BF 15 9E 2F
10:57:05.740 [TX CF11] 67 2B 7C 67 78 DF F1 E1
10:57:05.750 [TX CF12] 67 2C E4 07 C8 97 92 3F
10:57:05.761 [TX CF13] 67 2D 26 9E 51 7C AB 79
10:57:05.771 [TX CF14] 67 2E 67 F2 F1 E6 27 CC
10:57:05.782 [TX CF15] 67 2F D7 9A BF 37 9E 73
10:57:05.792 [TX CF0] 67 20 7C EF 79 EF F4 01
10:57:05.802 [TX CF1] 67 21 E8 47 D1 17 A3 3F
10:57:05.813 [TX CF2] 67 22 48 9E 95 7D 33 7A
10:57:05.823 [TX CF3] 67 23 77 F5 11 EA 67 D5
10:57:05.833 [TX CF4] 67 24 57 AB BF 59 9E B7
10:57:05.844 [TX CF5] 67 25 7D 77 7A FF F6 21
10:57:05.854 [TX CF6] 67 26 EC 87 D9 97 B4 3F
10:57:05.865 [TX CF7] 67 27 6A 9E D9 7D BB 7B
10:57:05.875 [TX CF8] 67 28 87 F7 31 EE A7 DD
10:57:05.886 [TX CF9] 67 29 D7 BC BF 7B 9E FB
10:57:05.897 [TX CF10] 67 2A 7D FF 78 0F F0 41
10:57:05.907 [TX CF11] 67 2B E0 C7 C2 17 85 3F
10:57:05.918 [TX CF12] 67 2C 0C 9E 1D 7C 43 78
10:57:05.928 [TX CF13] 67 2D 97 F1 51 E2 E7 C6
10:57:05.939 [TX CF14] 67 2E 57 8D BF 1D 9E 3F
10:57:05.949 [TX CF15] 67 2F 7C 87 79 1F F2 61
10:57:05.960 [TX CF0] 67 20 E5 07 CA 97 96 3F
10:57:05.970 [TX CF1] 67 21 2E 9E 61 7C CB 79
10:57:05.981 [TX CF2] 67 22 A7 F3 71 E7 27 CE
10:57:05.991 [TX CF3] 67 23 D7 9E BF 3F 9E 83
10:57:06.003 [TX CF4] 67 24 7D 0F 7A 2F F4 81
10:57:06.013 [TX CF5] 67 25 E9 47 D3 17 A7 3F
10:57:06.024 [TX CF6] 67 26 50 9E A5 7D 53 7A
10:57:06.034 [TX CF7] 67 27 B7 F5 91 EB 67 D7
10:57:06.045 [TX CF8] 67 28 57 AF BF 61 9E C7
10:57:06.055 [TX CF9] 67 29 7D 97 7B 3F F6 A1
10:57:06.066 [TX CF10] 67 2A ED 87 DB 97 B8 3F
10:57:06.076 [TX CF11] 67 2B 72 9E E9 7D DB 7B
10:57:06.086 [TX CF12] 67 2C C7 F7 B1 EF A7 DF
10:57:06.097 [TX CF13] 67 2D D7 80 BF 03 9E 0B
10:57:06.107 [TX CF14] 67 2E 7C 1F 78 4F F0 C1
10:57:06.118 [TX CF15] 67 2F E1 C7 C4 17 89 3F
10:57:06.129 [TX CF0] 67 20 14 9E 2D 7C 63 78
10:57:06.139 [TX CF1] 67 21 D7 F1 D1 E3 E7 C8
10:57:06.151 [TX CF2] 67 22 57 91 BF 25 9E 4F
10:57:06.162 [TX CF3] 67 23 7C A7 79 5F F2 E1
10:57:06.173 [TX CF4] 67 24 E6 07 CC 97 9A 3F
10:57:06.183 [TX CF5] 67 25 36 9E 71 7C EB 79
10:57:06.193 [TX CF6] 67 26 E7 F3 F1 E8 27 D0
10:57:06.204 [TX CF7] 67 27 D7 A2 BF 47 9E 93
10:57:06.214 [TX CF8] 67 28 7D 2F 7A 6F F5 01
10:57:06.225 [TX CF9] 67 29 EA 47 D5 17 AB 3F
10:57:06.235 [TX CF10] 67 2A 58 9E B5 7D 73 7A
10:57:06.247 [TX CF11] 67 2B F7 F6 11 EC 67 D9
10:57:06.259 [TX CF12] 67 2C 57 B3 BF 69 9E D7
10:57:06.271 [TX CF13] 67 2D 7D B7 7B 7F F7 21
10:57:06.282 [TX CF14] 67 2E EE 87 DD 97 BC 3F
10:57:06.293 [TX CF15] 67 2F 7A 9E F9 7D FB 78
10:57:06.305 [TX CF0] 67 20 07 F0 31 E0 A7 C1
10:57:06.317 [TX CF1] 67 21 D7 84 BF 0B 9E 1B
10:57:06.328 [TX CF2] 67 22 7C 3F 78 8F F1 41
10:57:06.339 [TX CF3] 67 23 E2 C7 C6 17 8D 3F
10:57:06.350 [TX CF4] 67 24 1C 9E 3D 7C 83 79
10:57:06.360 [TX CF5] 67 25 17 F2 51 E4 E7 CA
10:57:06.372 [TX CF6] 67 26 57 95 BF 2D 9E 5F
10:57:06.383 [TX CF7] 67 27 7C C7 79 9F F3 61
10:57:06.394 [TX CF8] 67 28 E7 07 CE 97 9E 3F
10:57:06.405 [TX CF9] 67 29 3E 9E 81 7D 0B 7A
10:57:06.416 [TX CF10] 67 2A 27 F4 71 E9 27 D2
10:57:06.427 [TX CF11] 67 2B D7 A6 BF 4F 9E A3
10:57:06.439 [TX CF12] 67 2C 7D 4F 7A AF F5 81
10:57:06.450 [TX CF13] 67 2D EB 47 D7 17 AF 3F
10:57:06.460 [TX CF14] 67 2E 60 9E C5 7D 93 7B
10:57:06.472 [TX CF15] 67 2F 37 F6 91 ED 67 DB
10:57:06.482 [TX CF0] 67 20 57 B7 BF 71 9E E7
10:57:06.492 [TX CF1] 67 21 7D D7 7B BF F7 A1
10:57:06.503 [TX CF2] 67 22 EF 87 DF 97 80 3F
10:57:06.514 [TX CF3] 67 23 02 9E 09 7C 1B 78
10:57:06.524 [TX CF4] 67 24 47 F0 B1 E1 A7 C3
10:57:06.536 [TX CF5] 67 25 D7 88 BF 13 9E 2B
10:57:06.547 [TX CF6] 67 26 7C 5F 78 CF F1 C1
10:57:06.557 [TX CF7] 67 27 E3 C7 C8 17 91 3F
10:57:06.567 [TX CF8] 67 28 24 9E 4D 7C A3 79
10:57:06.579 [TX CF9] 67 29 57 F2 D1 E5 E7 CC
10:57:06.589 [TX CF10] 67 2A 57 99 BF 35 9E 6F
10:57:06.599 [TX CF11] 67 2B 7C E7 79 DF F3 E1
10:57:06.609 [TX CF12] 67 2C E8 07 D0 97 A2 3F
10:57:06.620 [TX CF13] 67 2D 46 9E 91 7D 2B 7A
10:57:06.631 [TX CF14] 67 2E 67 F4 F1 EA 27 D4
10:57:06.641 [TX CF15] 67 2F D7 AA BF 57 9E B3
10:57:06.651 [TX CF0] 67 20 7D 6F 7A EF F6 01
10:57:06.662 [TX CF1] 67 21 EC 47 D9 17 B3 3F
10:57:06.672 [TX CF2] 67 22 68 9E D5 7D B3 7B
10:57:06.683 [TX CF3] 67 23 77 F7 11 EE 67 DD
10:57:06.694 [TX CF4] 67 24 57 BB BF 79 9E F7
10:57:06.704 [TX CF5] 67 25 7D F7 7F FD FF F8
10:57:06.716 [TX CF6] 67 26 11 F0 45 E0 CF C2
10:57:06.727 [TX CF7] 67 27 27 85 5F 0C DE 1D
10:57:06.738 [TX CF8] 67 28 FC 44 78 99 F1 55
10:57:06.748 [TX CF9] 67 29 E2 EF C6 67 8D DF
10:57:06.758 [TX CF10] 67 2A 1D DE 3F FC 88 79
10:57:06.769 [TX CF11] 67 2B 21 F2 65 E5 0F CA
10:57:06.779 [TX CF12] 67 2C A7 96 5F 2E DE 61
10:57:06.789 [TX CF13] 67 2D FC CC 79 A9 F3 75
10:57:06.799 [TX CF14] 67 2E E7 2F CE E7 9E DF
10:57:06.810 [TX CF15] 67 2F 3F DE 83 FD 10 7A
10:57:06.821 [TX CF0] 67 20 31 F4 85 E9 4F D3
10:57:06.832 [TX CF1] 67 21 27 A7 5F 50 DE A5
10:57:06.842 [TX CF2] 67 22 FD 54 7A B9 F5 95
10:57:06.853 [TX CF3] 67 23 EB 6F D7 67 AF DF
10:57:06.864 [TX CF4] 67 24 61 DE C7 FD 98 7B
10:57:06.874 [TX CF5] 67 25 41 F6 A5 ED 8F DB
10:57:06.885 [TX CF6] 67 26 A7 B8 5F 72 DE E9
10:57:06.896 [TX CF7] 67 27 FD DC 7B C9 F7 B5
10:57:06.907 [TX CF8] 67 28 EF AF DF E7 80 DF
10:57:06.917 [TX CF9] 67 29 03 DE 0B FC 20 78
10:57:06.928 [TX CF10] 67 2A 51 F0 C5 E1 CF C4
10:57:06.938 [TX CF11] 67 2B 27 89 5F 14 DE 2D
10:57:06.949 [TX CF12] 67 2C FC 64 78 D9 F1 D5
10:57:06.960 [TX CF13] 67 2D E3 EF C8 67 91 DF
10:57:06.970 [TX CF14] 67 2E 25 DE 4F FC A8 79
10:57:06.981 [TX CF15] 67 2F 61 F2 E5 E6 0F CC
10:57:06.991 [TX CF0] 67 20 A7 9A 5F 36 DE 71
10:57:07.002 [TX CF1] 67 21 FC EC 79 E9 F3 F5
10:57:07.012 [TX CF2] 67 22 E8 2F D0 E7 A2 DF
10:57:07.023 [TX CF3] 67 23 47 DE 93 FD 30 7A
10:57:07.033 [TX CF4] 67 24 71 F5 05 EA 4F D5
10:57:07.044 [TX CF5] 67 25 27 AB 5F 58 DE B5
10:57:07.055 [TX CF6] 67 26 FD 74 7A F9 F6 15
10:57:07.066 [TX CF7] 67 27 EC 6F D9 67 B3 DF
10:57:07.077 [TX CF8] 67 28 69 DE D7 FD B8 7B
10:57:07.087 [TX CF9] 67 29 81 F7 25 EE 8F DD
10:57:07.098 [TX CF10] 67 2A A7 BC 5F 7A DE F9
10:57:07.108 [TX CF11] 67 2B FD FC 78 09 F0 35
10:57:07.120 [TX CF12] 67 2C E0 AF C1 E7 84 DF
10:57:07.130 [TX CF13] 67 2D 0B DE 1B FC 40 78
10:57:07.141 [TX CF14] 67 2E 91 F1 45 E2 CF C6
10:57:07.151 [TX CF15] 67 2F 27 8D 5F 1C DE 3D
10:57:07.161 [TX CF0] 67 20 FC 84 79 19 F2 55
10:57:07.172 [TX CF1] 67 21 E4 EF CA 67 95 DF
10:57:07.182 [TX CF2] 67 22 2D DE 5F FC C8 79
10:57:07.193 [TX CF3] 67 23 A1 F3 65 E7 0F CE
10:57:07.203 [TX CF4] 67 24 A7 9E 5F 3E DE 81
10:57:07.214 [TX CF5] 67 25 FD 0C 7A 29 F4 75
10:57:07.224 [TX CF6] 67 26 E9 2F D2 E7 A6 DF
10:57:07.235 [TX CF7] 67 27 4F DE A3 FD 50 7A
10:57:07.246 [TX CF8] 67 28 B1 F5 85 EB 4F D7
10:57:07.257 [TX CF9] 67 29 27 AF 5F 60 DE C5
10:57:07.269 [TX CF10] 67 2A FD 94 7B 39 F6 95
10:57:07.280 [TX CF11] 67 2B ED 6F DB 67 B7 DF
10:57:07.291 [TX CF12] 67 2C 71 DE E7 FD D8 7B
10:57:07.303 [TX CF13] 67 2D C1 F7 A5 EF 8F DF
10:57:07.313 [TX CF14] 67 2E A7 80 5F 02 DE 09
10:57:07.323 [TX CF15] 67 2F FC 1C 78 49 F0 B5
10:57:07.334 [TX CF0] 67 20 E1 AF C3 E7 88 DF
10:57:07.344 [TX CF1] 67 21 13 DE 2B FC 60 78
10:57:07.354 [TX CF2] 67 22 D1 F1 C5 E3 CF C8
10:57:07.365 [TX CF3] 67 23 27 91 5F 24 DE 4D
10:57:07.375 [TX CF4] 67 24 FC A4 79 59 F2 D5
10:57:07.386 [TX CF5] 67 25 E5 EF CC 67 99 DF
10:57:07.397 [TX CF6] 67 26 35 DE 6F FC E8 79
10:57:07.407 [TX CF7] 67 27 E1 F3 E5 E8 0F D0
10:57:07.418 [TX CF8] 67 28 A7 A2 5F 46 DE 91
10:57:07.428 [TX CF9] 67 29 FD 2C 7A 69 F4 F5
10:57:07.439 [TX CF10] 67 2A EA 2F D4 E7 AA DF
10:57:07.450 [TX CF11] 67 2B 57 DE B3 FD 70 7A
10:57:07.461 [TX CF12] 67 2C F1 F6 05 EC 4F D9
10:57:07.472 [TX CF13] 67 2D 27 B3 5F 68 DE D5
10:57:07.483 [TX CF14] 67 2E FD B4 7B 79 F7 15
10:57:07.493 [TX CF15] 67 2F EE 6F DD 67 BB DF
10:57:07.505 [TX CF0] 67 20 79 DE F7 FD F8 78
10:57:07.515 [TX CF1] 67 21 01 F0 25 E0 8F C1
10:57:07.525 [TX CF2] 67 22 A7 84 5F 0A DE 19
10:57:07.536 [TX CF3] 67 23 FC 3C 78 89 F1 35
10:57:07.547 [TX CF4] 67 24 E2 AF C5 E7 8C DF
10:57:07.558 [TX CF5] 67 25 1B DE 3B FC 80 79
10:57:07.569 [TX CF6] 67 26 11 F2 45 E4 CF CA
10:57:07.580 [TX CF7] 67 27 27 95 5F 2C DE 5D
10:57:07.591 [TX CF8] 67 28 FC C4 79 99 F3 55
10:57:07.601 [TX CF9] 67 29 E6 EF CE 67 9D DF
10:57:07.611 [TX CF10] 67 2A 3D DE 7F FD 08 7A
10:57:07.621 [TX CF11] 67 2B 21 F4 65 E9 0F D2
10:57:07.632 [TX CF12] 67 2C A7 A6 5F 4E DE A1
10:57:07.643 [TX CF13] 67 2D FD 4C 7A A9 F5 75
10:57:07.654 [TX CF14] 67 2E EB 2F D6 E7 AE DF
10:57:07.664 [TX CF15] 67 2F 5F DE C3 FD 90 7B
10:57:07.676 [TX CF0] 67 20 31 F6 85 ED 4F DB
10:57:07.687 [TX CF1] 67 21 27 B7 5F 70 DE E5
10:57:07.698 [TX CF2] 67 22 FD D4 7B B9 F7 95
10:57:07.708 [TX CF3] 67 23 EF 6F DF 67 BF DF
10:57:07.719 [TX CF4] 67 24 01 DE 07 FF FF FF
10:57:07.740 [RX SF ] 67 02 76 13 FF FF FF FF
10:57:07.740 [RX    ] 76 13
10:57:07.741 [PASS  ] TransferData block=19 | expected: 76 ... | received: 76 13
10:57:07.752 ------------------------------------------------------------------------
10:57:07.752 [STEP  ] 0x36 block=20  offset=38760/45254  (85%)
10:57:07.752 [TX TransferData block=20 len=2040] 36 14 FC 18 78 41 F0 A5 E1 8F C3 A7 88 5F 12 DE...
10:57:07.753 [TX FF ] 67 17 FA 36 14 FC 18 78
10:57:07.763 [TX CF1] 67 21 41 F0 A5 E1 8F C3
10:57:07.774 [TX CF2] 67 22 A7 88 5F 12 DE 29
10:57:07.786 [TX CF3] 67 23 FC 5C 78 C9 F1 B5
10:57:07.797 [TX CF4] 67 24 E3 AF C7 E7 90 DF
10:57:07.807 [TX CF5] 67 25 23 DE 4B FC A0 79
10:57:07.818 [TX CF6] 67 26 51 F2 C5 E5 CF CC
10:57:07.828 [TX CF7] 67 27 27 99 5F 34 DE 6D
10:57:07.839 [TX CF8] 67 28 FC E4 79 D9 F3 D5
10:57:07.849 [TX CF9] 67 29 E7 EF D0 67 A1 DF
10:57:07.860 [TX CF10] 67 2A 45 DE 8F FD 28 7A
10:57:07.870 [TX CF11] 67 2B 61 F4 E5 EA 0F D4
10:57:07.882 [TX CF12] 67 2C A7 AA 5F 56 DE B1
10:57:07.892 [TX CF13] 67 2D FD 6C 7A E9 F5 F5
10:57:07.902 [TX CF14] 67 2E EC 2F D8 E7 B2 DF
10:57:07.913 [TX CF15] 67 2F 67 DE D3 FD B0 7B
10:57:07.924 [TX CF0] 67 20 71 F7 05 EE 4F DD
10:57:07.934 [TX CF1] 67 21 27 BB 5F 78 DE F5
10:57:07.945 [TX CF2] 67 22 FD F4 7B F9 F0 15
10:57:07.957 [TX CF3] 67 23 E0 6F C1 67 83 DF
10:57:07.967 [TX CF4] 67 24 09 DE 17 FC 38 78
10:57:07.977 [TX CF5] 67 25 81 F1 25 E2 8F C5
10:57:07.988 [TX CF6] 67 26 A7 8C 5F 1A DE 39
10:57:08.000 [TX CF7] 67 27 FC 7C 79 09 F2 35
10:57:08.011 [TX CF8] 67 28 E4 AF C9 E7 94 DF
10:57:08.023 [TX CF9] 67 29 2B DE 5B FC C0 79
10:57:08.033 [TX CF10] 67 2A 91 F3 45 E6 CF CE
10:57:08.044 [TX CF11] 67 2B 27 9D 5F 3C DE 7D
10:57:08.054 [TX CF12] 67 2C FD 04 7A 19 F4 55
10:57:08.064 [TX CF13] 67 2D E8 EF D2 67 A5 DF
10:57:08.074 [TX CF14] 67 2E 4D DE 9F FD 48 7A
10:57:08.085 [TX CF15] 67 2F A1 F5 65 EB 0F D6
10:57:08.096 [TX CF0] 67 20 A7 AE 5F 5E DE C1
10:57:08.107 [TX CF1] 67 21 FD 8C 7B 29 F6 75
10:57:08.117 [TX CF2] 67 22 ED 2F DA E7 B6 DF
10:57:08.129 [TX CF3] 67 23 6F DE E3 FD D0 7B
10:57:08.139 [TX CF4] 67 24 B1 F7 85 EF 4F DF
10:57:08.149 [TX CF5] 67 25 27 BF 5F 00 DE 05
10:57:08.159 [TX CF6] 67 26 FC 14 78 39 F0 95
10:57:08.170 [TX CF7] 67 27 E1 6F C3 67 87 DF
10:57:08.180 [TX CF8] 67 28 11 DE 27 FC 58 78
10:57:08.191 [TX CF9] 67 29 C1 F1 A5 E3 8F C7
10:57:08.203 [TX CF10] 67 2A A7 90 5F 22 DE 49
10:57:08.213 [TX CF11] 67 2B FC 9C 79 49 F2 B5
10:57:08.224 [TX CF12] 67 2C E5 AF CB E7 98 DF
10:57:08.234 [TX CF13] 67 2D 33 DE 6B FC E0 79
10:57:08.245 [TX CF14] 67 2E D1 F3 C5 E7 CF D0
10:57:08.257 [TX CF15] 67 2F 27 A1 5F 44 DE 8D
10:57:08.269 [TX CF0] 67 20 FD 24 7A 59 F4 D5
10:57:08.279 [TX CF1] 67 21 E9 EF D4 67 A9 DF
10:57:08.289 [TX CF2] 67 22 55 DE AF FD 68 7A
10:57:08.300 [TX CF3] 67 23 E1 F5 E5 EC 0F D8
10:57:08.310 [TX CF4] 67 24 A7 B2 5F 66 DE D1
10:57:08.320 [TX CF5] 67 25 FD AC 7B 69 F6 F5
10:57:08.331 [TX CF6] 67 26 EE 2F DC E7 BA DF
10:57:08.341 [TX CF7] 67 27 77 DE F3 FD F0 7B
10:57:08.351 [TX CF8] 67 28 F1 F0 05 E0 4F C1
10:57:08.363 [TX CF9] 67 29 27 83 5F 08 DE 15
10:57:08.373 [TX CF10] 67 2A FC 34 78 79 F1 15
10:57:08.384 [TX CF11] 67 2B E2 6F C5 67 8B DF
10:57:08.394 [TX CF12] 67 2C 19 DE 37 FC 78 79
10:57:08.404 [TX CF13] 67 2D 01 F2 25 E4 8F C9
10:57:08.415 [TX CF14] 67 2E A7 94 5F 2A DE 59
10:57:08.425 [TX CF15] 67 2F FC BC 79 89 F3 35
10:57:08.436 [TX CF0] 67 20 E6 AF CD E7 9C DF
10:57:08.446 [TX CF1] 67 21 3B DE 7B FD 00 7A
10:57:08.457 [TX CF2] 67 22 11 F4 45 E8 CF D2
10:57:08.467 [TX CF3] 67 23 27 A5 5F 4C DE 9D
10:57:08.479 [TX CF4] 67 24 FD 44 7A 99 F5 55
10:57:08.489 [TX CF5] 67 25 EA EF D6 67 AD DF
10:57:08.499 [TX CF6] 67 26 5D DE BF FD 88 7B
10:57:08.510 [TX CF7] 67 27 21 F6 65 ED 0F DA
10:57:08.520 [TX CF8] 67 28 A7 B6 5F 6E DE E1
10:57:08.530 [TX CF9] 67 29 FD CC 7B A9 F7 75
10:57:08.542 [TX CF10] 67 2A EF 2F DE E7 BE DF
10:57:08.553 [TX CF11] 67 2B 7F DE 03 FC 10 78
10:57:08.564 [TX CF12] 67 2C 31 F0 85 E1 4F C3
10:57:08.576 [TX CF13] 67 2D 27 87 5F 10 DE 25
10:57:08.587 [TX CF14] 67 2E FC 54 78 B9 F1 95
10:57:08.597 [TX CF15] 67 2F E3 6F C7 67 8F DF
10:57:08.607 [TX CF0] 67 20 21 DE 47 FC 98 79
10:57:08.618 [TX CF1] 67 21 41 F2 A5 E5 8F CB
10:57:08.628 [TX CF2] 67 22 A7 98 5F 32 DE 69
10:57:08.638 [TX CF3] 67 23 FC DC 79 C9 F3 B5
10:57:08.648 [TX CF4] 67 24 E7 AF CF E7 A0 DF
10:57:08.659 [TX CF5] 67 25 43 DE 8B FD 20 7A
10:57:08.669 [TX CF6] 67 26 51 F4 C5 E9 CF D4
10:57:08.680 [TX CF7] 67 27 27 A9 5F 54 DE AD
10:57:08.690 [TX CF8] 67 28 FD 64 7A D9 F5 D5
10:57:08.701 [TX CF9] 67 29 EB EF D8 67 B1 DF
10:57:08.711 [TX CF10] 67 2A 65 DE CF FD A8 7B
10:57:08.722 [TX CF11] 67 2B 61 F6 E5 EE 0F DC
10:57:08.732 [TX CF12] 67 2C A7 BA 5F 76 DE F1
10:57:08.743 [TX CF13] 67 2D FD EC 7B E9 F7 F5
10:57:08.753 [TX CF14] 67 2E E0 2F C0 E7 82 DF
10:57:08.764 [TX CF15] 67 2F 07 DE 13 FC 30 78
10:57:08.774 [TX CF0] 67 20 71 F1 05 E2 4F C5
10:57:08.785 [TX CF1] 67 21 27 8B 5F 18 DE 35
10:57:08.796 [TX CF2] 67 22 FC 74 78 F9 F2 15
10:57:08.807 [TX CF3] 67 23 E4 6F C9 67 93 DF
10:57:08.818 [TX CF4] 67 24 29 DE 57 FC B8 79
10:57:08.830 [TX CF5] 67 25 81 F3 25 E6 8F CD
10:57:08.841 [TX CF6] 67 26 A7 9C 5F 3A DE 79
10:57:08.853 [TX CF7] 67 27 FC FC 7A 09 F4 35
10:57:08.864 [TX CF8] 67 28 E8 AF D1 E7 A4 DF
10:57:08.877 [TX CF9] 67 29 4B DE 9B FD 40 7A
10:57:08.887 [TX CF10] 67 2A 91 F5 45 EA CF D6
10:57:08.898 [TX CF11] 67 2B 27 AD 5F 5C DE BD
10:57:08.909 [TX CF12] 67 2C FD 84 7B 19 F6 55
10:57:08.919 [TX CF13] 67 2D EC EF DA 67 B5 DF
10:57:08.930 [TX CF14] 67 2E 6D DE DF FD C8 7B
10:57:08.941 [TX CF15] 67 2F A1 F7 65 EF 0F DE
10:57:08.952 [TX CF0] 67 20 A7 BE 5F 7E DE 01
10:57:08.964 [TX CF1] 67 21 FC 0C 78 29 F0 75
10:57:08.975 [TX CF2] 67 22 E1 2F C2 E7 86 DF
10:57:08.985 [TX CF3] 67 23 0F DE 23 FC 50 78
10:57:08.995 [TX CF4] 67 24 B1 F1 85 E3 4F C7
10:57:09.005 [TX CF5] 67 25 27 8F 5F 20 DE 45
10:57:09.016 [TX CF6] 67 26 FC 94 79 39 F2 95
10:57:09.028 [TX CF7] 67 27 E5 6F CB 67 97 DF
10:57:09.039 [TX CF8] 67 28 31 DE 67 FC D8 79
10:57:09.050 [TX CF9] 67 29 C1 F3 A5 E7 8F CF
10:57:09.061 [TX CF10] 67 2A A7 A0 5F 42 DE 89
10:57:09.072 [TX CF11] 67 2B FD 1C 7A 49 F4 B5
10:57:09.082 [TX CF12] 67 2C E9 AF D3 E7 A8 DF
10:57:09.092 [TX CF13] 67 2D 53 DE AB FD 60 7A
10:57:09.104 [TX CF14] 67 2E D1 F5 C5 EB CF D8
10:57:09.114 [TX CF15] 67 2F 27 B1 5F 64 DE CD
10:57:09.125 [TX CF0] 67 20 FD A4 7B 59 F6 D5
10:57:09.136 [TX CF1] 67 21 ED EF DC 67 B9 DF
10:57:09.147 [TX CF2] 67 22 75 DE EF FD E8 7B
10:57:09.158 [TX CF3] 67 23 E1 F7 E5 E0 0F C0
10:57:09.170 [TX CF4] 67 24 A7 82 5F 06 DE 11
10:57:09.181 [TX CF5] 67 25 FC 2C 78 69 F0 F5
10:57:09.192 [TX CF6] 67 26 E2 2F C4 E7 8A DF
10:57:09.203 [TX CF7] 67 27 17 DE 33 FC 70 78
10:57:09.214 [TX CF8] 67 28 F1 F2 05 E4 4F C9
10:57:09.224 [TX CF9] 67 29 27 93 5F 28 DE 55
10:57:09.235 [TX CF10] 67 2A FC B4 79 79 F3 15
10:57:09.245 [TX CF11] 67 2B E6 6F CD 67 9B DF
10:57:09.255 [TX CF12] 67 2C 39 DE 77 FC F8 7A
10:57:09.265 [TX CF13] 67 2D 01 F4 25 E8 8F D1
10:57:09.275 [TX CF14] 67 2E A7 A4 5F 4A DE 99
10:57:09.286 [TX CF15] 67 2F FD 3C 7A 89 F5 35
10:57:09.298 [TX CF0] 67 20 EA AF D5 E7 AC DF
10:57:09.308 [TX CF1] 67 21 5B DE BB FD 80 7B
10:57:09.320 [TX CF2] 67 22 11 F6 45 EC CF DA
10:57:09.330 [TX CF3] 67 23 27 B5 5F 6C DE DD
10:57:09.340 [TX CF4] 67 24 FD C4 7B 99 F7 55
10:57:09.351 [TX CF5] 67 25 EE EF DE 67 BD DF
10:57:09.361 [TX CF6] 67 26 7D DF FF 7F FE 04
10:57:09.371 [TX CF7] 67 27 7C 11 78 33 F0 89
10:57:09.381 [TX CF8] 67 28 E1 57 C3 37 87 7F
10:57:09.391 [TX CF9] 67 29 11 1E 26 7C 55 78
10:57:09.403 [TX CF10] 67 2A BB F1 99 E3 77 C7
10:57:09.414 [TX CF11] 67 2B 77 8F FF 22 1E 48
10:57:09.424 [TX CF12] 67 2C 7C 99 79 43 F2 A9
10:57:09.435 [TX CF13] 67 2D E5 97 CB B7 98 7F
10:57:09.445 [TX CF14] 67 2E 33 1E 6A 7C DD 79
10:57:09.455 [TX CF15] 67 2F CB F3 B9 E7 B7 CF
10:57:09.466 [TX CF0] 67 20 F7 A0 FF 44 1E 8C
10:57:09.477 [TX CF1] 67 21 7D 21 7A 53 F4 C9
10:57:09.488 [TX CF2] 67 22 E9 D7 D4 37 A9 7F
10:57:09.498 [TX CF3] 67 23 55 1E AE 7D 65 7A
10:57:09.509 [TX CF4] 67 24 DB F5 D9 EB F7 D8
10:57:09.519 [TX CF5] 67 25 77 B1 FF 66 1E D0
10:57:09.530 [TX CF6] 67 26 7D A9 7B 63 F6 E9
10:57:09.541 [TX CF7] 67 27 EE 17 DC B7 BA 7F
10:57:09.552 [TX CF8] 67 28 77 1E F2 7D ED 7B
10:57:09.563 [TX CF9] 67 29 EB F7 F9 E0 37 C0
10:57:09.574 [TX CF10] 67 2A F7 82 FF 08 1E 14
10:57:09.585 [TX CF11] 67 2B 7C 31 78 73 F1 09
10:57:09.596 [TX CF12] 67 2C E2 57 C5 37 8B 7F
10:57:09.607 [TX CF13] 67 2D 19 1E 36 7C 75 78
10:57:09.619 [TX CF14] 67 2E FB F2 19 E4 77 C9
10:57:09.630 [TX CF15] 67 2F 77 93 FF 2A 1E 58
10:57:09.641 [TX CF0] 67 20 7C B9 79 83 F3 29
10:57:09.652 [TX CF1] 67 21 E6 97 CD B7 9C 7F
10:57:09.663 [TX CF2] 67 22 3B 1E 7A 7C FD 7A
10:57:09.673 [TX CF3] 67 23 0B F4 39 E8 B7 D1
10:57:09.683 [TX CF4] 67 24 F7 A4 FF 4C 1E 9C
10:57:09.693 [TX CF5] 67 25 7D 41 7A 93 F5 49
10:57:09.703 [TX CF6] 67 26 EA D7 D6 37 AD 7F
10:57:09.714 [TX CF7] 67 27 5D 1E BE 7D 85 7B
10:57:09.724 [TX CF8] 67 28 1B F6 59 EC F7 DA
10:57:09.734 [TX CF9] 67 29 77 B5 FF 6E 1E E0
10:57:09.745 [TX CF10] 67 2A 7D C9 7B A3 F7 69
10:57:09.755 [TX CF11] 67 2B EF 17 DE B7 BE 7F
10:57:09.765 [TX CF12] 67 2C 7F 1E 02 7C 0D 78
10:57:09.775 [TX CF13] 67 2D 2B F0 79 E1 37 C2
10:57:09.786 [TX CF14] 67 2E F7 86 FF 10 1E 24
10:57:09.797 [TX CF15] 67 2F 7C 51 78 B3 F1 89
10:57:09.808 [TX CF0] 67 20 E3 57 C7 37 8F 7F
10:57:09.820 [TX CF1] 67 21 21 1E 46 7C 95 79
10:57:09.830 [TX CF2] 67 22 3B F2 99 E5 77 CB
10:57:09.841 [TX CF3] 67 23 77 97 FF 32 1E 68
10:57:09.851 [TX CF4] 67 24 7C D9 79 C3 F3 A9
10:57:09.862 [TX CF5] 67 25 E7 97 CF B7 A0 7F
10:57:09.873 [TX CF6] 67 26 43 1E 8A 7D 1D 7A
10:57:09.883 [TX CF7] 67 27 4B F4 B9 E9 B7 D3
10:57:09.893 [TX CF8] 67 28 F7 A8 FF 54 1E AC
10:57:09.904 [TX CF9] 67 29 7D 61 7A D3 F5 C9
10:57:09.914 [TX CF10] 67 2A EB D7 D8 37 B1 7F
10:57:09.925 [TX CF11] 67 2B 65 1E CE 7D A5 7B
10:57:09.935 [TX CF12] 67 2C 5B F6 D9 ED F7 DC
10:57:09.946 [TX CF13] 67 2D 77 B9 FF 76 1E F0
10:57:09.957 [TX CF14] 67 2E 7D E9 7B E3 F7 E9
10:57:09.967 [TX CF15] 67 2F E0 17 C0 B7 82 7F
10:57:09.978 [TX CF0] 67 20 07 1E 12 7C 2D 78
10:57:09.989 [TX CF1] 67 21 6B F0 F9 E2 37 C4
10:57:10.000 [TX CF2] 67 22 F7 8A FF 18 1E 34
10:57:10.010 [TX CF3] 67 23 7C 71 78 F3 F2 09
10:57:10.022 [TX CF4] 67 24 E4 57 C9 37 93 7F
10:57:10.033 [TX CF5] 67 25 29 1E 56 7C B5 79
10:57:10.043 [TX CF6] 67 26 7B F3 19 E6 77 CD
10:57:10.055 [TX CF7] 67 27 77 9B FF 3A 1E 78
10:57:10.065 [TX CF8] 67 28 7C F9 7A 03 F4 29
10:57:10.077 [TX CF9] 67 29 E8 97 D1 B7 A4 7F
10:57:10.087 [TX CF10] 67 2A 4B 1E 9A 7D 3D 7A
10:57:10.099 [TX CF11] 67 2B 8B F5 39 EA B7 D5
10:57:10.110 [TX CF12] 67 2C F7 AC FF 5C 1E BC
10:57:10.121 [TX CF13] 67 2D 7D 81 7B 13 F6 49
10:57:10.132 [TX CF14] 67 2E EC D7 DA 37 B5 7F
10:57:10.142 [TX CF15] 67 2F 6D 1E DE 7D C5 7B
10:57:10.153 [TX CF0] 67 20 9B F7 59 EE F7 DE
10:57:10.163 [TX CF1] 67 21 77 BD FF 7E 1E 00
10:57:10.173 [TX CF2] 67 22 7C 09 78 23 F0 69
10:57:10.184 [TX CF3] 67 23 E1 17 C2 B7 86 7F
10:57:10.195 [TX CF4] 67 24 0F 1E 22 7C 4D 78
10:57:10.205 [TX CF5] 67 25 AB F1 79 E3 37 C6
10:57:10.215 [TX CF6] 67 26 F7 8E FF 20 1E 44
10:57:10.226 [TX CF7] 67 27 7C 91 79 33 F2 89
10:57:10.237 [TX CF8] 67 28 E5 57 CB 37 97 7F
10:57:10.248 [TX CF9] 67 29 31 1E 66 7C D5 79
10:57:10.259 [TX CF10] 67 2A BB F3 99 E7 77 CF
10:57:10.271 [TX CF11] 67 2B 77 9F FF 42 1E 88
10:57:10.281 [TX CF12] 67 2C 7D 19 7A 43 F4 A9
10:57:10.291 [TX CF13] 67 2D E9 97 D3 B7 A8 7F
10:57:10.302 [TX CF14] 67 2E 53 1E AA 7D 5D 7A
10:57:10.313 [TX CF15] 67 2F CB F5 B9 EB B7 D7
10:57:10.323 [TX CF0] 67 20 F7 B0 FF 64 1E CC
10:57:10.334 [TX CF1] 67 21 7D A1 7B 53 F6 C9
10:57:10.344 [TX CF2] 67 22 ED D7 DC 37 B9 7F
10:57:10.355 [TX CF3] 67 23 75 1E EE 7D E5 7B
10:57:10.367 [TX CF4] 67 24 DB F7 D9 EF F7 C0
10:57:10.378 [TX CF5] 67 25 77 81 FF 06 1E 10
10:57:10.389 [TX CF6] 67 26 7C 29 78 63 F0 E9
10:57:10.401 [TX CF7] 67 27 E2 17 C4 B7 8A 7F
10:57:10.412 [TX CF8] 67 28 17 1E 32 7C 6D 78
10:57:10.424 [TX CF9] 67 29 EB F1 F9 E4 37 C8
10:57:10.434 [TX CF10] 67 2A F7 92 FF 28 1E 54
10:57:10.445 [TX CF11] 67 2B 7C B1 79 73 F3 09
10:57:10.457 [TX CF12] 67 2C E6 57 CD 37 9B 7F
10:57:10.467 [TX CF13] 67 2D 39 1E 76 7C F5 79
10:57:10.477 [TX CF14] 67 2E FB F4 19 E8 77 D1
10:57:10.488 [TX CF15] 67 2F 77 A3 FF 4A 1E 98
10:57:10.498 [TX CF0] 67 20 7D 39 7A 83 F5 29
10:57:10.509 [TX CF1] 67 21 EA 97 D5 B7 AC 7F
10:57:10.519 [TX CF2] 67 22 5B 1E BA 7D 7D 7B
10:57:10.530 [TX CF3] 67 23 0B F6 39 EC B7 D9
10:57:10.540 [TX CF4] 67 24 F7 B4 FF 6C 1E DC
10:57:10.551 [TX CF5] 67 25 7D C1 7B 93 F7 49
10:57:10.561 [TX CF6] 67 26 EE D7 DE 37 BD 7F
10:57:10.571 [TX CF7] 67 27 7D 1E FE 7C 05 78
10:57:10.581 [TX CF8] 67 28 1B F0 59 E0 F7 C2
10:57:10.592 [TX CF9] 67 29 77 85 FF 0E 1E 20
10:57:10.603 [TX CF10] 67 2A 7C 49 78 A3 F1 69
10:57:10.614 [TX CF11] 67 2B E3 17 C6 B7 8E 7F
10:57:10.624 [TX CF12] 67 2C 1F 1E 42 7C 8D 79
10:57:10.635 [TX CF13] 67 2D 2B F2 79 E5 37 CA
10:57:10.645 [TX CF14] 67 2E F7 96 FF 30 1E 64
10:57:10.656 [TX CF15] 67 2F 7C D1 79 B3 F3 89
10:57:10.667 [TX CF0] 67 20 E7 57 CF 37 9F 7F
10:57:10.677 [TX CF1] 67 21 41 1E 86 7D 15 7A
10:57:10.688 [TX CF2] 67 22 3B F4 99 E9 77 D3
10:57:10.699 [TX CF3] 67 23 77 A7 FF 52 1E A8
10:57:10.709 [TX CF4] 67 24 7D 59 7A C3 F5 A9
10:57:10.719 [TX CF5] 67 25 EB 97 D7 B7 B0 7F
10:57:10.730 [TX CF6] 67 26 63 1E CA 7D 9D 7B
10:57:10.740 [TX CF7] 67 27 4B F6 B9 ED B7 DB
10:57:10.751 [TX CF8] 67 28 F7 B8 FF 74 1E EC
10:57:10.761 [TX CF9] 67 29 7D E1 7B D3 F7 C9
10:57:10.772 [TX CF10] 67 2A EF D7 C0 37 81 7F
10:57:10.783 [TX CF11] 67 2B 05 1E 0E 7C 25 78
10:57:10.794 [TX CF12] 67 2C 5B F0 D9 E1 F7 C4
10:57:10.804 [TX CF13] 67 2D 77 89 FF 16 1E 30
10:57:10.814 [TX CF14] 67 2E 7C 69 78 E3 F1 E9
10:57:10.824 [TX CF15] 67 2F E4 17 C8 B7 92 7F
10:57:10.836 [TX CF0] 67 20 27 1E 52 7C AD 79
10:57:10.847 [TX CF1] 67 21 6B F2 F9 E6 37 CC
10:57:10.858 [TX CF2] 67 22 F7 9A FF 38 1E 74
10:57:10.870 [TX CF3] 67 23 7C F1 79 F3 F4 09
10:57:10.880 [TX CF4] 67 24 E8 57 D1 37 A3 7F
10:57:10.890 [TX CF5] 67 25 49 1E 96 7D 35 7A
10:57:10.901 [TX CF6] 67 26 7B F5 19 EA 77 D5
10:57:10.912 [TX CF7] 67 27 77 AB FF 5A 1E B8
10:57:10.922 [TX CF8] 67 28 7D 79 7B 03 F6 29
10:57:10.933 [TX CF9] 67 29 EC 97 D9 B7 B4 7F
10:57:10.943 [TX CF10] 67 2A 6B 1E DA 7D BD 7B
10:57:10.954 [TX CF11] 67 2B 8B F7 39 EE B7 DD
10:57:10.965 [TX CF12] 67 2C F7 BC FF 7C 1E FC
10:57:10.975 [TX CF13] 67 2D 7C 01 78 13 F0 49
10:57:10.987 [TX CF14] 67 2E E0 D7 C2 37 85 7F
10:57:10.999 [TX CF15] 67 2F 0D 1E 1E 7C 45 78
10:57:11.009 [TX CF0] 67 20 9B F1 59 E2 F7 C6
10:57:11.020 [TX CF1] 67 21 77 8D FF 1E 1E 40
10:57:11.031 [TX CF2] 67 22 7C 89 79 23 F2 69
10:57:11.042 [TX CF3] 67 23 E5 17 CA B7 96 7F
10:57:11.053 [TX CF4] 67 24 2F 1E 62 7C CD 79
10:57:11.064 [TX CF5] 67 25 AB F3 79 E7 37 CE
10:57:11.075 [TX CF6] 67 26 F7 9E FF 40 1E 84
10:57:11.087 [TX CF7] 67 27 7D 11 7A 33 F4 89
10:57:11.097 [TX CF8] 67 28 E9 57 D3 37 A7 7F
10:57:11.108 [TX CF9] 67 29 51 1E A6 7D 55 7A
10:57:11.118 [TX CF10] 67 2A BB F5 99 EB 77 D7
10:57:11.128 [TX CF11] 67 2B 77 AF FF 62 1E C8
10:57:11.139 [TX CF12] 67 2C 7D 99 7B 43 F6 A9
10:57:11.149 [TX CF13] 67 2D ED 97 DB B7 B8 7F
10:57:11.159 [TX CF14] 67 2E 73 1E EA 7D DD 7B
10:57:11.171 [TX CF15] 67 2F CB F7 B9 EF B7 DF
10:57:11.181 [TX CF0] 67 20 F7 80 FF 04 1E 0C
10:57:11.191 [TX CF1] 67 21 7C 21 78 53 F0 C9
10:57:11.202 [TX CF2] 67 22 E1 D7 C4 37 89 7F
10:57:11.212 [TX CF3] 67 23 15 1E 2E 7C 65 78
10:57:11.224 [TX CF4] 67 24 DB F1 D9 E3 F7 C8
10:57:11.234 [TX CF5] 67 25 77 91 FF 26 1E 50
10:57:11.247 [TX CF6] 67 26 7C A9 79 63 F2 E9
10:57:11.258 [TX CF7] 67 27 E6 17 CC B7 9A 7F
10:57:11.269 [TX CF8] 67 28 37 1E 72 7C ED 79
10:57:11.281 [TX CF9] 67 29 EB F3 F9 E8 37 D0
10:57:11.292 [TX CF10] 67 2A F7 A2 FF 48 1E 94
10:57:11.304 [TX CF11] 67 2B 7D 31 7A 73 F5 09
10:57:11.315 [TX CF12] 67 2C EA 57 D5 37 AB 7F
10:57:11.327 [TX CF13] 67 2D 59 1E B6 7D 75 7A
10:57:11.339 [TX CF14] 67 2E FB F6 19 EC 77 D9
10:57:11.349 [TX CF15] 67 2F 77 B3 FF 6A 1E D8
10:57:11.360 [TX CF0] 67 20 7D B9 7B 83 F7 29
10:57:11.371 [TX CF1] 67 21 EE 97 DD B7 BC 7F
10:57:11.381 [TX CF2] 67 22 7B 1E FA 7D FD 78
10:57:11.392 [TX CF3] 67 23 0B F0 39 E0 B7 C1
10:57:11.403 [TX CF4] 67 24 F7 84 FF FF FF FF
10:57:11.425 [RX SF ] 67 02 76 14 FF FF FF FF
10:57:11.426 [RX    ] 76 14
10:57:11.427 [PASS  ] TransferData block=20 | expected: 76 ... | received: 76 14
10:57:11.437 ------------------------------------------------------------------------
10:57:11.437 [STEP  ] 0x36 block=21  offset=40800/45254  (90%)
10:57:11.437 [TX TransferData block=21 len=2040] 36 15 0C 1E 1C 7C 41 78 93 F1 49 E2 D7 C6 37 8D...
10:57:11.437 [TX FF ] 67 17 FA 36 15 0C 1E 1C
10:57:11.449 [TX CF1] 67 21 7C 41 78 93 F1 49
10:57:11.459 [TX CF2] 67 22 E2 D7 C6 37 8D 7F
10:57:11.470 [TX CF3] 67 23 1D 1E 3E 7C 85 79
10:57:11.480 [TX CF4] 67 24 1B F2 59 E4 F7 CA
10:57:11.492 [TX CF5] 67 25 77 95 FF 2E 1E 60
10:57:11.503 [TX CF6] 67 26 7C C9 79 A3 F3 69
10:57:11.513 [TX CF7] 67 27 E7 17 CE B7 9E 7F
10:57:11.525 [TX CF8] 67 28 3F 1E 82 7D 0D 7A
10:57:11.535 [TX CF9] 67 29 2B F4 79 E9 37 D2
10:57:11.546 [TX CF10] 67 2A F7 A6 FF 50 1E A4
10:57:11.556 [TX CF11] 67 2B 7D 51 7A B3 F5 89
10:57:11.567 [TX CF12] 67 2C EB 57 D7 37 AF 7F
10:57:11.578 [TX CF13] 67 2D 61 1E C6 7D 95 7B
10:57:11.588 [TX CF14] 67 2E 3B F6 99 ED 77 DB
10:57:11.598 [TX CF15] 67 2F 77 B7 FF 72 1E E8
10:57:11.608 [TX CF0] 67 20 7D D9 7B C3 F7 A9
10:57:11.620 [TX CF1] 67 21 EF 97 DF B7 80 7F
10:57:11.631 [TX CF2] 67 22 03 1E 0A 7C 1D 78
10:57:11.642 [TX CF3] 67 23 4B F0 B9 E1 B7 C3
10:57:11.653 [TX CF4] 67 24 F7 88 FF 14 1E 2C
10:57:11.665 [TX CF5] 67 25 7C 61 78 D3 F1 C9
10:57:11.675 [TX CF6] 67 26 E3 D7 C8 37 91 7F
10:57:11.686 [TX CF7] 67 27 25 1E 4E 7C A5 79
10:57:11.696 [TX CF8] 67 28 5B F2 D9 E5 F7 CC
10:57:11.707 [TX CF9] 67 29 77 99 FF 36 1E 70
10:57:11.718 [TX CF10] 67 2A 7C E9 79 E3 F3 E9
10:57:11.728 [TX CF11] 67 2B E8 17 D0 B7 A2 7F
10:57:11.739 [TX CF12] 67 2C 47 1E 92 7D 2D 7A
10:57:11.750 [TX CF13] 67 2D 6B F4 F9 EA 37 D4
10:57:11.761 [TX CF14] 67 2E F7 AA FF 58 1E B4
10:57:11.771 [TX CF15] 67 2F 7D 71 7A F3 F6 09
10:57:11.782 [TX CF0] 67 20 EC 57 D9 37 B3 7F
10:57:11.792 [TX CF1] 67 21 69 1E D6 7D B5 7B
10:57:11.803 [TX CF2] 67 22 7B F7 19 EE 77 DD
10:57:11.814 [TX CF3] 67 23 77 BB FF 7A 1E F8
10:57:11.824 [TX CF4] 67 24 7D F9 78 03 F0 29
10:57:11.836 [TX CF5] 67 25 E0 97 C1 B7 84 7F
10:57:11.846 [TX CF6] 67 26 0B 1E 1A 7C 3D 78
10:57:11.857 [TX CF7] 67 27 8B F1 39 E2 B7 C5
10:57:11.869 [TX CF8] 67 28 F7 8C FF 1C 1E 3C
10:57:11.881 [TX CF9] 67 29 7C 81 79 13 F2 49
10:57:11.892 [TX CF10] 67 2A E4 D7 CA 37 95 7F
10:57:11.903 [TX CF11] 67 2B 2D 1E 5E 7C C5 79
10:57:11.914 [TX CF12] 67 2C 9B F3 59 E6 F7 CE
10:57:11.924 [TX CF13] 67 2D 77 9D FF 3E 1E 80
10:57:11.935 [TX CF14] 67 2E 7D 09 7A 23 F4 69
10:57:11.945 [TX CF15] 67 2F E9 17 D2 B7 A6 7F
10:57:11.957 [TX CF0] 67 20 4F 1E A2 7D 4D 7A
10:57:11.968 [TX CF1] 67 21 AB F5 79 EB 37 D6
10:57:11.979 [TX CF2] 67 22 F7 AE FF 60 1E C4
10:57:11.990 [TX CF3] 67 23 7D 91 7B 33 F6 89
10:57:12.001 [TX CF4] 67 24 ED 57 DB 37 B7 7F
10:57:12.011 [TX CF5] 67 25 71 1E E6 7D D5 7B
10:57:12.022 [TX CF6] 67 26 BB F7 99 EF 77 DF
10:57:12.033 [TX CF7] 67 27 77 FF DF FF 81 1F
10:57:12.043 [TX CF8] 67 28 04 5E 0C FC 22 78
10:57:12.054 [TX CF9] 67 29 55 F0 CD E1 DF C4
10:57:12.064 [TX CF10] 67 2A 47 89 9F 15 5E 2E
10:57:12.075 [TX CF11] 67 2B FC 66 78 DD F1 DD
10:57:12.085 [TX CF12] 67 2C E3 FF C8 87 92 1F
10:57:12.095 [TX CF13] 67 2D 26 5E 50 FC AA 79
10:57:12.106 [TX CF14] 67 2E 65 F2 ED E6 1F CC
10:57:12.118 [TX CF15] 67 2F C7 9A 9F 37 5E 72
10:57:12.128 [TX CF0] 67 20 FC EE 79 ED F3 FD
10:57:12.139 [TX CF1] 67 21 E8 3F D1 07 A3 1F
10:57:12.149 [TX CF2] 67 22 48 5E 94 FD 32 7A
10:57:12.161 [TX CF3] 67 23 75 F5 0D EA 5F D5
10:57:12.171 [TX CF4] 67 24 47 AB 9F 59 5E B6
10:57:12.182 [TX CF5] 67 25 FD 76 7A FD F6 1D
10:57:12.192 [TX CF6] 67 26 EC 7F D9 87 B4 1F
10:57:12.203 [TX CF7] 67 27 6A 5E D8 FD BA 7B
10:57:12.214 [TX CF8] 67 28 85 F7 2D EE 9F DD
10:57:12.224 [TX CF9] 67 29 C7 BC 9F 7B 5E FA
10:57:12.235 [TX CF10] 67 2A FD FE 78 0D F0 3D
10:57:12.245 [TX CF11] 67 2B E0 BF C2 07 85 1F
10:57:12.256 [TX CF12] 67 2C 0C 5E 1C FC 42 78
10:57:12.268 [TX CF13] 67 2D 95 F1 4D E2 DF C6
10:57:12.279 [TX CF14] 67 2E 47 8D 9F 1D 5E 3E
10:57:12.290 [TX CF15] 67 2F FC 86 79 1D F2 5D
10:57:12.301 [TX CF0] 67 20 E4 FF CA 87 96 1F
10:57:12.313 [TX CF1] 67 21 2E 5E 60 FC CA 79
10:57:12.324 [TX CF2] 67 22 A5 F3 6D E7 1F CE
10:57:12.335 [TX CF3] 67 23 C7 9E 9F 3F 5E 82
10:57:12.346 [TX CF4] 67 24 FD 0E 7A 2D F4 7D
10:57:12.358 [TX CF5] 67 25 E9 3F D3 07 A7 1F
10:57:12.369 [TX CF6] 67 26 50 5E A4 FD 52 7A
10:57:12.381 [TX CF7] 67 27 B5 F5 8D EB 5F D7
10:57:12.392 [TX CF8] 67 28 47 AF 9F 61 5E C6
10:57:12.403 [TX CF9] 67 29 FD 96 7B 3D F6 9D
10:57:12.415 [TX CF10] 67 2A ED 7F DB 87 B8 1F
10:57:12.425 [TX CF11] 67 2B 72 5E E8 FD DA 7B
10:57:12.437 [TX CF12] 67 2C C5 F7 AD EF 9F DF
10:57:12.448 [TX CF13] 67 2D C7 80 9F 03 5E 0A
10:57:12.459 [TX CF14] 67 2E FC 1E 78 4D F0 BD
10:57:12.469 [TX CF15] 67 2F E1 BF C4 07 89 1F
10:57:12.480 [TX CF0] 67 20 14 5E 2C FC 62 78
10:57:12.491 [TX CF1] 67 21 D5 F1 CD E3 DF C8
10:57:12.502 [TX CF2] 67 22 47 91 9F 25 5E 4E
10:57:12.513 [TX CF3] 67 23 FC A6 79 5D F2 DD
10:57:12.523 [TX CF4] 67 24 E5 FF CC 87 9A 1F
10:57:12.534 [TX CF5] 67 25 36 5E 70 FC EA 79
10:57:12.545 [TX CF6] 67 26 E5 F3 ED E8 1F D0
10:57:12.556 [TX CF7] 67 27 C7 A2 9F 47 5E 92
10:57:12.567 [TX CF8] 67 28 FD 2E 7A 6D F4 FD
10:57:12.577 [TX CF9] 67 29 EA 3F D5 07 AB 1F
10:57:12.588 [TX CF10] 67 2A 58 5E B4 FD 72 7A
10:57:12.599 [TX CF11] 67 2B F5 F6 0D EC 5F D9
10:57:12.611 [TX CF12] 67 2C 47 B3 9F 69 5E D6
10:57:12.622 [TX CF13] 67 2D FD B6 7B 7D F7 1D
10:57:12.632 [TX CF14] 67 2E EE 7F DD 87 BC 1F
10:57:12.643 [TX CF15] 67 2F 7A 5E F8 FD FA 78
10:57:12.653 [TX CF0] 67 20 05 F0 2D E0 9F C1
10:57:12.664 [TX CF1] 67 21 C7 84 9F 0B 5E 1A
10:57:12.675 [TX CF2] 67 22 FC 3E 78 8D F1 3D
10:57:12.686 [TX CF3] 67 23 E2 BF C6 07 8D 1F
10:57:12.697 [TX CF4] 67 24 1C 5E 3C FC 82 79
10:57:12.709 [TX CF5] 67 25 15 F2 4D E4 DF CA
10:57:12.720 [TX CF6] 67 26 47 95 9F 2D 5E 5E
10:57:12.730 [TX CF7] 67 27 FC C6 79 9D F3 5D
10:57:12.741 [TX CF8] 67 28 E6 FF CE 87 9E 1F
10:57:12.751 [TX CF9] 67 29 3E 5E 80 FD 0A 7A
10:57:12.761 [TX CF10] 67 2A 25 F4 6D E9 1F D2
10:57:12.772 [TX CF11] 67 2B C7 A6 9F 4F 5E A2
10:57:12.782 [TX CF12] 67 2C FD 4E 7A AD F5 7D
10:57:12.793 [TX CF13] 67 2D EB 3F D7 07 AF 1F
10:57:12.805 [TX CF14] 67 2E 60 5E C4 FD 92 7B
10:57:12.815 [TX CF15] 67 2F 35 F6 8D ED 5F DB
10:57:12.826 [TX CF0] 67 20 47 B7 9F 71 5E E6
10:57:12.836 [TX CF1] 67 21 FD D6 7B BD F7 9D
10:57:12.847 [TX CF2] 67 22 EF 7F DF 87 80 1F
10:57:12.859 [TX CF3] 67 23 02 5E 08 FC 1A 78
10:57:12.871 [TX CF4] 67 24 45 F0 AD E1 9F C3
10:57:12.882 [TX CF5] 67 25 C7 88 9F 13 5E 2A
10:57:12.893 [TX CF6] 67 26 FC 5E 78 CD F1 BD
10:57:12.904 [TX CF7] 67 27 E3 BF C8 07 91 1F
10:57:12.915 [TX CF8] 67 28 24 5E 4C FC A2 79
10:57:12.925 [TX CF9] 67 29 55 F2 CD E5 DF CC
10:57:12.935 [TX CF10] 67 2A 47 99 9F 35 5E 6E
10:57:12.946 [TX CF11] 67 2B FC E6 79 DD F3 DD
10:57:12.957 [TX CF12] 67 2C E7 FF D0 87 A2 1F
10:57:12.968 [TX CF13] 67 2D 46 5E 90 FD 2A 7A
10:57:12.979 [TX CF14] 67 2E 65 F4 ED EA 1F D4
10:57:12.989 [TX CF15] 67 2F C7 AA 9F 57 5E B2
10:57:13.000 [TX CF0] 67 20 FD 6E 7A ED F5 FD
10:57:13.010 [TX CF1] 67 21 EC 3F D9 07 B3 1F
10:57:13.022 [TX CF2] 67 22 68 5E D4 FD B2 7B
10:57:13.032 [TX CF3] 67 23 75 F7 0D EE 5F DD
10:57:13.044 [TX CF4] 67 24 47 BB 9F 79 5E F6
10:57:13.055 [TX CF5] 67 25 FD F6 7B FD F0 1D
10:57:13.066 [TX CF6] 67 26 E0 7F C1 87 84 1F
10:57:13.077 [TX CF7] 67 27 0A 5E 18 FC 3A 78
10:57:13.088 [TX CF8] 67 28 85 F1 2D E2 9F C5
10:57:13.099 [TX CF9] 67 29 C7 8C 9F 1B 5E 3A
10:57:13.111 [TX CF10] 67 2A FC 7E 79 0D F2 3D
10:57:13.122 [TX CF11] 67 2B E4 BF CA 07 95 1F
10:57:13.133 [TX CF12] 67 2C 2C 5E 5C FC C2 79
10:57:13.144 [TX CF13] 67 2D 95 F3 4D E6 DF CE
10:57:13.156 [TX CF14] 67 2E 47 9D 9F 3D 5E 7E
10:57:13.168 [TX CF15] 67 2F FD 06 7A 1D F4 5D
10:57:13.178 [TX CF0] 67 20 E8 FF D2 87 A6 1F
10:57:13.189 [TX CF1] 67 21 4E 5E A0 FD 4A 7A
10:57:13.200 [TX CF2] 67 22 A5 F5 6D EB 1F D6
10:57:13.211 [TX CF3] 67 23 C7 AE 9F 5F 5E C2
10:57:13.223 [TX CF4] 67 24 FD 8E 7B 2D F6 7D
10:57:13.234 [TX CF5] 67 25 ED 3F DB 07 B7 1F
10:57:13.244 [TX CF6] 67 26 70 5E E4 FD D2 7B
10:57:13.255 [TX CF7] 67 27 B5 F7 8D EF 5F DF
10:57:13.265 [TX CF8] 67 28 47 BF 9F 01 5E 06
10:57:13.277 [TX CF9] 67 29 FC 16 78 3D F0 9D
10:57:13.288 [TX CF10] 67 2A E1 7F C3 87 88 1F
10:57:13.299 [TX CF11] 67 2B 12 5E 28 FC 5A 78
10:57:13.309 [TX CF12] 67 2C C5 F1 AD E3 9F C7
10:57:13.320 [TX CF13] 67 2D C7 90 9F 23 5E 4A
10:57:13.331 [TX CF14] 67 2E FC 9E 79 4D F2 BD
10:57:13.341 [TX CF15] 67 2F E5 BF CC 07 99 1F
10:57:13.352 [TX CF0] 67 20 34 5E 6C FC E2 79
10:57:13.363 [TX CF1] 67 21 D5 F3 CD E7 DF D0
10:57:13.374 [TX CF2] 67 22 47 A1 9F 45 5E 8E
10:57:13.385 [TX CF3] 67 23 FD 26 7A 5D F4 DD
10:57:13.397 [TX CF4] 67 24 E9 FF D4 87 AA 1F
10:57:13.408 [TX CF5] 67 25 56 5E B0 FD 6A 7A
10:57:13.418 [TX CF6] 67 26 E5 F5 ED EC 1F D8
10:57:13.429 [TX CF7] 67 27 C7 B2 9F 67 5E D2
10:57:13.439 [TX CF8] 67 28 FD AE 7B 6D F6 FD
10:57:13.449 [TX CF9] 67 29 EE 3F DD 07 BB 1F
10:57:13.460 [TX CF10] 67 2A 78 5E F4 FD F2 7B
10:57:13.471 [TX CF11] 67 2B F5 F0 0D E0 5F C1
10:57:13.482 [TX CF12] 67 2C 47 83 9F 09 5E 16
10:57:13.492 [TX CF13] 67 2D FC 36 78 7D F1 1D
10:57:13.503 [TX CF14] 67 2E E2 7F C5 87 8C 1F
10:57:13.514 [TX CF15] 67 2F 1A 5E 38 FC 7A 79
10:57:13.525 [TX CF0] 67 20 05 F2 2D E4 9F C9
10:57:13.536 [TX CF1] 67 21 C7 94 9F 2B 5E 5A
10:57:13.547 [TX CF2] 67 22 FC BE 79 8D F3 3D
10:57:13.559 [TX CF3] 67 23 E6 BF CE 07 9D 1F
10:57:13.570 [TX CF4] 67 24 3C 5E 7C FD 02 7A
10:57:13.582 [TX CF5] 67 25 15 F4 4D E8 DF D2
10:57:13.592 [TX CF6] 67 26 47 A5 9F 4D 5E 9E
10:57:13.603 [TX CF7] 67 27 FD 46 7A 9D F5 5D
10:57:13.615 [TX CF8] 67 28 EA FF D6 87 AE 1F
10:57:13.625 [TX CF9] 67 29 5E 5E C0 FD 8A 7B
10:57:13.636 [TX CF10] 67 2A 25 F6 6D ED 1F DA
10:57:13.648 [TX CF11] 67 2B C7 B6 9F 6F 5E E2
10:57:13.660 [TX CF12] 67 2C FD CE 7B AD F7 7D
10:57:13.671 [TX CF13] 67 2D EF 3F DF 07 BF 1F
10:57:13.683 [TX CF14] 67 2E 00 5E 04 FC 12 78
10:57:13.693 [TX CF15] 67 2F 35 F0 8D E1 5F C3
10:57:13.703 [TX CF0] 67 20 47 87 9F 11 5E 26
10:57:13.714 [TX CF1] 67 21 FC 56 78 BD F1 9D
10:57:13.724 [TX CF2] 67 22 E3 7F C7 87 90 1F
10:57:13.734 [TX CF3] 67 23 22 5E 48 FC 9A 79
10:57:13.744 [TX CF4] 67 24 45 F2 AD E5 9F CB
10:57:13.755 [TX CF5] 67 25 C7 98 9F 33 5E 6A
10:57:13.765 [TX CF6] 67 26 FC DE 79 CD F3 BD
10:57:13.776 [TX CF7] 67 27 E7 BF D0 07 A1 1F
10:57:13.786 [TX CF8] 67 28 44 5E 8C FD 22 7A
10:57:13.797 [TX CF9] 67 29 55 F4 CD E9 DF D4
10:57:13.808 [TX CF10] 67 2A 47 A9 9F 55 5E AE
10:57:13.818 [TX CF11] 67 2B FD 66 7A DD F5 DD
10:57:13.829 [TX CF12] 67 2C EB FF D8 87 B2 1F
10:57:13.840 [TX CF13] 67 2D 66 5E D0 FD AA 7B
10:57:13.851 [TX CF14] 67 2E 65 F6 ED EE 1F DC
10:57:13.861 [TX CF15] 67 2F C7 BA 9F 77 5E F2
10:57:13.871 [TX CF0] 67 20 FD EE 7B ED F7 FD
10:57:13.882 [TX CF1] 67 21 E0 3F C1 07 83 1F
10:57:13.893 [TX CF2] 67 22 08 5E 14 FC 32 78
10:57:13.903 [TX CF3] 67 23 75 F1 0D E2 5F C5
10:57:13.913 [TX CF4] 67 24 47 8B 9F 19 5E 36
10:57:13.924 [TX CF5] 67 25 FC 76 78 FD F2 1D
10:57:13.934 [TX CF6] 67 26 E4 7F C9 87 94 1F
10:57:13.945 [TX CF7] 67 27 2A 5E 58 FC BA 79
10:57:13.955 [TX CF8] 67 28 85 F3 2D E6 9F CD
10:57:13.966 [TX CF9] 67 29 C7 9C 9F 3B 5E 7A
10:57:13.976 [TX CF10] 67 2A FC FE 7A 0D F4 3D
10:57:13.987 [TX CF11] 67 2B E8 BF D2 07 A5 1F
10:57:13.998 [TX CF12] 67 2C 4C 5E 9C FD 42 7A
10:57:14.009 [TX CF13] 67 2D 95 F5 4D EA DF D6
10:57:14.019 [TX CF14] 67 2E 47 AD 9F 5D 5E BE
10:57:14.030 [TX CF15] 67 2F FD 86 7B 1D F6 5D
10:57:14.041 [TX CF0] 67 20 EC FF DA 87 B6 1F
10:57:14.052 [TX CF1] 67 21 6E 5E E0 FD CA 7B
10:57:14.063 [TX CF2] 67 22 A5 F7 6D EF 1F DE
10:57:14.074 [TX CF3] 67 23 C7 BE 9F 7F 5E 02
10:57:14.085 [TX CF4] 67 24 FC 0E 78 2D F0 7D
10:57:14.095 [TX CF5] 67 25 E1 3F C3 07 87 1F
10:57:14.107 [TX CF6] 67 26 10 5E 24 FC 52 78
10:57:14.118 [TX CF7] 67 27 B5 F1 8D E3 5F C7
10:57:14.128 [TX CF8] 67 28 47 8F 9F 21 5E 46
10:57:14.139 [TX CF9] 67 29 FC 96 79 3D F2 9D
10:57:14.149 [TX CF10] 67 2A E5 7F CB 87 98 1F
10:57:14.159 [TX CF11] 67 2B 32 5E 68 FC DA 79
10:57:14.171 [TX CF12] 67 2C C5 F3 AD E7 9F CF
10:57:14.181 [TX CF13] 67 2D C7 A0 9F 43 5E 8A
10:57:14.192 [TX CF14] 67 2E FD 1E 7A 4D F4 BD
10:57:14.203 [TX CF15] 67 2F E9 BF D4 07 A9 1F
10:57:14.214 [TX CF0] 67 20 54 5E AC FD 62 7A
10:57:14.224 [TX CF1] 67 21 D5 F5 CD EB DF D8
10:57:14.234 [TX CF2] 67 22 47 B1 9F 65 5E CE
10:57:14.244 [TX CF3] 67 23 FD A6 7B 5D F6 DD
10:57:14.255 [TX CF4] 67 24 ED FF DC 87 BA 1F
10:57:14.265 [TX CF5] 67 25 76 5E F0 FD EA 7B
10:57:14.276 [TX CF6] 67 26 E5 F7 ED E0 1F C0
10:57:14.287 [TX CF7] 67 27 C7 82 9F 07 5E 12
10:57:14.297 [TX CF8] 67 28 FC 2E 78 6D F0 FD
10:57:14.308 [TX CF9] 67 29 E2 3F C5 07 8B 1F
10:57:14.320 [TX CF10] 67 2A 18 5E 34 FC 72 78
10:57:14.331 [TX CF11] 67 2B F5 F2 0D E4 5F C9
10:57:14.342 [TX CF12] 67 2C 47 93 9F 29 5E 56
10:57:14.353 [TX CF13] 67 2D FC B6 79 7D F3 1D
10:57:14.363 [TX CF14] 67 2E E6 7F CD 87 9C 1F
10:57:14.374 [TX CF15] 67 2F 3A 5E 78 FC FA 7A
10:57:14.384 [TX CF0] 67 20 05 F4 2D E8 9F D1
10:57:14.394 [TX CF1] 67 21 C7 A4 9F 4B 5E 9A
10:57:14.405 [TX CF2] 67 22 FD 3E 7A 8D F5 3D
10:57:14.415 [TX CF3] 67 23 EA BF D6 07 AD 1F
10:57:14.425 [TX CF4] 67 24 5C 5E BC FD 82 7B
10:57:14.435 [TX CF5] 67 25 15 F6 4D EC DF DA
10:57:14.446 [TX CF6] 67 26 47 B5 9F 6D 5E DE
10:57:14.457 [TX CF7] 67 27 FD C6 7B 9D F7 5D
10:57:14.468 [TX CF8] 67 28 EE FF DE 87 BE 1F
10:57:14.478 [TX CF9] 67 29 7E 5E 00 FC 0A 78
10:57:14.488 [TX CF10] 67 2A 25 F0 6D E1 1F C2
10:57:14.498 [TX CF11] 67 2B C7 86 9F 0F 5E 22
10:57:14.509 [TX CF12] 67 2C FC 4E 78 AD F1 7D
10:57:14.520 [TX CF13] 67 2D E3 3F C7 07 8F 1F
10:57:14.530 [TX CF14] 67 2E 20 5E 44 FC 92 79
10:57:14.542 [TX CF15] 67 2F 35 F2 8D E5 5F CB
10:57:14.553 [TX CF0] 67 20 47 97 9F 31 5E 66
10:57:14.564 [TX CF1] 67 21 FC D6 79 BD F3 9D
10:57:14.574 [TX CF2] 67 22 E7 7F CF 87 A0 1F
10:57:14.584 [TX CF3] 67 23 42 5E 88 FD 1A 7A
10:57:14.595 [TX CF4] 67 24 45 F4 AD E9 9F D3
10:57:14.605 [TX CF5] 67 25 C7 A8 9F 53 5E AA
10:57:14.616 [TX CF6] 67 26 FD 5E 7A CD F5 BD
10:57:14.626 [TX CF7] 67 27 EB BF D8 07 B1 1F
10:57:14.637 [TX CF8] 67 28 64 5E CC FD A2 7B
10:57:14.648 [TX CF9] 67 29 55 F6 CD ED DF DC
10:57:14.658 [TX CF10] 67 2A 47 B9 9F 75 5E EE
10:57:14.670 [TX CF11] 67 2B FD E6 7B DD F7 DD
10:57:14.680 [TX CF12] 67 2C FF F7 FF E0 47 C1
10:57:14.691 [TX CF13] 67 2D 17 83 3F 08 9E 15
10:57:14.701 [TX CF14] 67 2E 7C 33 78 77 F1 11
10:57:14.711 [TX CF15] 67 2F E2 67 C5 57 8B BF
10:57:14.721 [TX CF0] 67 20 19 9E 37 7C 77 78
10:57:14.731 [TX CF1] 67 21 FF F2 21 E4 87 C9
10:57:14.742 [TX CF2] 67 22 97 94 3F 2A 9E 59
10:57:14.753 [TX CF3] 67 23 7C BB 79 87 F3 31
10:57:14.763 [TX CF4] 67 24 E6 A7 CD D7 9C BF
10:57:14.773 [TX CF5] 67 25 3B 9E 7B 7C FF 7A
10:57:14.785 [TX CF6] 67 26 0F F4 41 E8 C7 D2
10:57:14.797 [TX CF7] 67 27 17 A5 3F 4C 9E 9D
10:57:14.808 [TX CF8] 67 28 7D 43 7A 97 F5 51
10:57:14.819 [TX CF9] 67 29 EA E7 D6 57 AD BF
10:57:14.829 [TX CF10] 67 2A 5D 9E BF 7D 87 7B
10:57:14.839 [TX CF11] 67 2B 1F F6 61 ED 07 DA
10:57:14.849 [TX CF12] 67 2C 97 B6 3F 6E 9E E1
10:57:14.860 [TX CF13] 67 2D 7D CB 7B A7 F7 71
10:57:14.871 [TX CF14] 67 2E EF 27 DE D7 BE BF
10:57:14.881 [TX CF15] 67 2F 7F 9E 03 7C 0F 78
10:57:14.891 [TX CF0] 67 20 2F F0 81 E1 47 C3
10:57:14.902 [TX CF1] 67 21 17 87 3F 10 9E 25
10:57:14.912 [TX CF2] 67 22 7C 53 78 B7 F1 91
10:57:14.923 [TX CF3] 67 23 E3 67 C7 57 8F BF
10:57:14.934 [TX CF4] 67 24 21 9E 47 7C 97 79
10:57:14.945 [TX CF5] 67 25 3F F2 A1 E5 87 CB
10:57:14.957 [TX CF6] 67 26 97 98 3F 32 9E 69
10:57:14.967 [TX CF7] 67 27 7C DB 79 C7 F3 B1
10:57:14.977 [TX CF8] 67 28 E7 A7 CF D7 A0 BF
10:57:14.988 [TX CF9] 67 29 43 9E 8B 7D 1F 7A
10:57:14.998 [TX CF10] 67 2A 4F F4 C1 E9 C7 D4
10:57:15.009 [TX CF11] 67 2B 17 A9 3F 54 9E AD
10:57:15.019 [TX CF12] 67 2C 7D 63 7A D7 F5 D1
10:57:15.030 [TX CF13] 67 2D EB E7 D8 57 B1 BF
10:57:15.040 [TX CF14] 67 2E 65 9E CF 7D A7 7B
10:57:15.051 [TX CF15] 67 2F 5F F6 E1 EE 07 DC
10:57:15.061 [TX CF0] 67 20 97 BA 3F 76 9E F1
10:57:15.072 [TX CF1] 67 21 7D EB 7B E7 F7 F1
10:57:15.082 [TX CF2] 67 22 E0 27 C0 D7 82 BF
10:57:15.092 [TX CF3] 67 23 07 9E 13 7C 2F 78
10:57:15.102 [TX CF4] 67 24 6F F1 01 FF FF FF
10:57:15.121 [RX SF ] 67 02 76 15 FF FF FF FF
10:57:15.121 [RX    ] 76 15
10:57:15.122 [PASS  ] TransferData block=21 | expected: 76 ... | received: 76 15
10:57:15.132 ------------------------------------------------------------------------
10:57:15.132 [STEP  ] 0x36 block=22  offset=42840/45254  (94%)
10:57:15.132 [TX TransferData block=22 len=2040] 36 16 E2 47 C5 17 8B 3F 18 9E 35 7C 73 78 F7 F2...
10:57:15.133 [TX FF ] 67 17 FA 36 16 E2 47 C5
10:57:15.145 [TX CF1] 67 21 17 8B 3F 18 9E 35
10:57:15.155 [TX CF2] 67 22 7C 73 78 F7 F2 11
10:57:15.165 [TX CF3] 67 23 E4 67 C9 57 93 BF
10:57:15.176 [TX CF4] 67 24 29 9E 57 7C B7 79
10:57:15.187 [TX CF5] 67 25 7F F3 21 E6 87 CD
10:57:15.198 [TX CF6] 67 26 97 9C 3F 3A 9E 79
10:57:15.208 [TX CF7] 67 27 7C FB 7A 07 F4 31
10:57:15.220 [TX CF8] 67 28 E8 A7 D1 D7 A4 BF
10:57:15.230 [TX CF9] 67 29 4B 9E 9B 7D 3F 7A
10:57:15.241 [TX CF10] 67 2A 8F F5 41 EA C7 D6
10:57:15.251 [TX CF11] 67 2B 17 AD 3F 5C 9E BD
10:57:15.261 [TX CF12] 67 2C 7D 83 7B 17 F6 51
10:57:15.271 [TX CF13] 67 2D EC E7 DA 57 B5 BF
10:57:15.281 [TX CF14] 67 2E 6D 9E DF 7D C7 7B
10:57:15.292 [TX CF15] 67 2F 9F F7 61 EF 07 DE
10:57:15.303 [TX CF0] 67 20 97 BE 3F 7E 9E 01
10:57:15.313 [TX CF1] 67 21 7C 0B 78 27 F0 71
10:57:15.324 [TX CF2] 67 22 E1 27 C2 D7 86 BF
10:57:15.334 [TX CF3] 67 23 0F 9E 23 7C 4F 78
10:57:15.344 [TX CF4] 67 24 AF F1 81 E3 47 C7
10:57:15.356 [TX CF5] 67 25 17 8F 3F 20 9E 45
10:57:15.366 [TX CF6] 67 26 7C 93 79 37 F2 91
10:57:15.376 [TX CF7] 67 27 E5 67 CB 57 97 BF
10:57:15.387 [TX CF8] 67 28 31 9E 67 7C D7 79
10:57:15.397 [TX CF9] 67 29 BF F3 A1 E7 87 CF
10:57:15.408 [TX CF10] 67 2A 97 A0 3F 42 9E 89
10:57:15.418 [TX CF11] 67 2B 7D 1B 7A 47 F4 B1
10:57:15.429 [TX CF12] 67 2C E9 A7 D3 D7 A8 BF
10:57:15.440 [TX CF13] 67 2D 53 9E AB 7D 5F 7A
10:57:15.450 [TX CF14] 67 2E CF F5 C1 EB C7 D8
10:57:15.460 [TX CF15] 67 2F 17 B1 3F 64 9E CD
10:57:15.470 [TX CF0] 67 20 7D A3 7B 57 F6 D1
10:57:15.481 [TX CF1] 67 21 ED E7 DC 57 B9 BF
10:57:15.491 [TX CF2] 67 22 75 9E EF 7D E7 7B
10:57:15.501 [TX CF3] 67 23 DF F7 E1 E0 07 C0
10:57:15.511 [TX CF4] 67 24 97 82 3F 06 9E 11
10:57:15.521 [TX CF5] 67 25 7C 2B 78 67 F0 F1
10:57:15.531 [TX CF6] 67 26 E2 27 C4 D7 8A BF
10:57:15.542 [TX CF7] 67 27 17 9E 33 7C 6F 78
10:57:15.553 [TX CF8] 67 28 EF F2 01 E4 47 C9
10:57:15.563 [TX CF9] 67 29 17 93 3F 28 9E 55
10:57:15.573 [TX CF10] 67 2A 7C B3 79 77 F3 11
10:57:15.584 [TX CF11] 67 2B E6 67 CD 57 9B BF
10:57:15.595 [TX CF12] 67 2C 39 9E 77 7C F7 79
10:57:15.605 [TX CF13] 67 2D FF F4 21 E8 87 D1
10:57:15.615 [TX CF14] 67 2E 97 A4 3F 4A 9E 99
10:57:15.626 [TX CF15] 67 2F 7D 3B 7A 87 F5 31
10:57:15.638 [TX CF0] 67 20 EA A7 D5 D7 AC BF
10:57:15.648 [TX CF1] 67 21 5B 9E BB 7D 7F 7B
10:57:15.659 [TX CF2] 67 22 0F F6 41 EC C7 DA
10:57:15.670 [TX CF3] 67 23 17 B5 3F 6C 9E DD
10:57:15.680 [TX CF4] 67 24 7D C3 7B 97 F7 51
10:57:15.690 [TX CF5] 67 25 EE E7 DE 57 BD BF
10:57:15.700 [TX CF6] 67 26 7D 9E FF 7C 07 78
10:57:15.711 [TX CF7] 67 27 1F F0 61 E1 07 C2
10:57:15.722 [TX CF8] 67 28 97 86 3F 0E 9E 21
10:57:15.733 [TX CF9] 67 29 7C 4B 78 A7 F1 71
10:57:15.743 [TX CF10] 67 2A E3 27 C6 D7 8E BF
10:57:15.753 [TX CF11] 67 2B 1F 9E 43 7C 8F 79
10:57:15.764 [TX CF12] 67 2C 2F F2 81 E5 47 CB
10:57:15.774 [TX CF13] 67 2D 17 97 3F 30 9E 65
10:57:15.785 [TX CF14] 67 2E 7C D3 79 B7 F3 91
10:57:15.796 [TX CF15] 67 2F E7 67 CF 57 9F BF
10:57:15.808 [TX CF0] 67 20 41 9E 87 7D 17 7A
10:57:15.818 [TX CF1] 67 21 3F F4 A1 E9 87 D3
10:57:15.829 [TX CF2] 67 22 97 A8 3F 52 9E A9
10:57:15.839 [TX CF3] 67 23 7D 5B 7A C7 F5 B1
10:57:15.849 [TX CF4] 67 24 EB A7 D7 D7 B0 BF
10:57:15.859 [TX CF5] 67 25 63 9E CB 7D 9F 7B
10:57:15.871 [TX CF6] 67 26 4F F6 C1 ED C7 DC
10:57:15.881 [TX CF7] 67 27 17 B9 3F 74 9E ED
10:57:15.892 [TX CF8] 67 28 7D E3 7B D7 F7 D1
10:57:15.903 [TX CF9] 67 29 EF E7 C0 57 81 BF
10:57:15.913 [TX CF10] 67 2A 05 9E 0F 7C 27 78
10:57:15.925 [TX CF11] 67 2B 5F F0 E1 E2 07 C4
10:57:15.935 [TX CF12] 67 2C 97 8A 3F 16 9E 31
10:57:15.946 [TX CF13] 67 2D 7C 6B 78 E7 F1 F1
10:57:15.956 [TX CF14] 67 2E E4 27 C8 D7 92 BF
10:57:15.967 [TX CF15] 67 2F 27 9E 53 7C AF 79
10:57:15.978 [TX CF0] 67 20 6F F3 01 E6 47 CD
10:57:15.988 [TX CF1] 67 21 17 9B 3F 38 9E 75
10:57:15.998 [TX CF2] 67 22 7C F3 79 F7 F4 11
10:57:16.008 [TX CF3] 67 23 E8 67 D1 57 A3 BF
10:57:16.020 [TX CF4] 67 24 49 9E 97 7D 37 7A
10:57:16.030 [TX CF5] 67 25 7F F5 21 EA 87 D5
10:57:16.041 [TX CF6] 67 26 97 AC 3F 5A 9E B9
10:57:16.051 [TX CF7] 67 27 7D 7B 7B 07 F6 31
10:57:16.061 [TX CF8] 67 28 EC A7 D9 D7 B4 BF
10:57:16.071 [TX CF9] 67 29 6B 9E DB 7D BF 7B
10:57:16.082 [TX CF10] 67 2A 8F F7 41 EE C7 DE
10:57:16.093 [TX CF11] 67 2B 17 BD 3F 7C 9E FD
10:57:16.103 [TX CF12] 67 2C 7C 03 78 17 F0 51
10:57:16.114 [TX CF13] 67 2D E0 E7 C2 57 85 BF
10:57:16.124 [TX CF14] 67 2E 0D 9E 1F 7C 47 78
10:57:16.134 [TX CF15] 67 2F 9F F1 61 E3 07 C6
10:57:16.144 [TX CF0] 67 20 97 8E 3F 1E 9E 41
10:57:16.154 [TX CF1] 67 21 7C 8B 79 27 F2 71
10:57:16.165 [TX CF2] 67 22 E5 27 CA D7 96 BF
10:57:16.176 [TX CF3] 67 23 2F 9E 63 7C CF 79
10:57:16.187 [TX CF4] 67 24 AF F3 81 E7 47 CF
10:57:16.197 [TX CF5] 67 25 17 9F 3F 40 9E 85
10:57:16.208 [TX CF6] 67 26 7D 13 7A 37 F4 91
10:57:16.218 [TX CF7] 67 27 E9 67 D3 57 A7 BF
10:57:16.229 [TX CF8] 67 28 51 9E A7 7D 57 7A
10:57:16.240 [TX CF9] 67 29 BF F5 A1 EB 87 D7
10:57:16.252 [TX CF10] 67 2A 97 B0 3F 62 9E C9
10:57:16.263 [TX CF11] 67 2B 7D 9B 7B 47 F6 B1
10:57:16.274 [TX CF12] 67 2C ED A7 DB D7 B8 BF
10:57:16.286 [TX CF13] 67 2D 73 9E EB 7D DF 7B
10:57:16.297 [TX CF14] 67 2E CF F7 C1 EF C7 C0
10:57:16.309 [TX CF15] 67 2F 17 81 3F 04 9E 0D
10:57:16.321 [TX CF0] 67 20 7C 23 78 57 F0 D1
10:57:16.332 [TX CF1] 67 21 E1 E7 C4 57 89 BF
10:57:16.344 [TX CF2] 67 22 15 9E 2F 7C 67 78
10:57:16.355 [TX CF3] 67 23 DF F1 E1 E4 07 C8
10:57:16.366 [TX CF4] 67 24 97 92 3F 26 9E 51
10:57:16.378 [TX CF5] 67 25 7C AB 79 67 F2 F1
10:57:16.388 [TX CF6] 67 26 E6 27 CC D7 9A BF
10:57:16.398 [TX CF7] 67 27 37 9E 73 7C EF 79
10:57:16.408 [TX CF8] 67 28 EF F4 01 E8 47 D1
10:57:16.419 [TX CF9] 67 29 17 A3 3F 48 9E 95
10:57:16.430 [TX CF10] 67 2A 7D 33 7A 77 F5 11
10:57:16.441 [TX CF11] 67 2B EA 67 D5 57 AB BF
10:57:16.451 [TX CF12] 67 2C 59 9E B7 7D 77 7A
10:57:16.463 [TX CF13] 67 2D FF F6 21 EC 87 D9
10:57:16.474 [TX CF14] 67 2E 97 B4 3F 6A 9E D9
10:57:16.484 [TX CF15] 67 2F 7D BB 7B 87 F7 31
10:57:16.495 [TX CF0] 67 20 EE A7 DD D7 BC BF
10:57:16.505 [TX CF1] 67 21 7B 9E FB 7D FF 78
10:57:16.515 [TX CF2] 67 22 0F F0 41 E0 C7 C2
10:57:16.527 [TX CF3] 67 23 17 85 3F 0C 9E 1D
10:57:16.538 [TX CF4] 67 24 7C 43 78 97 F1 51
10:57:16.548 [TX CF5] 67 25 E2 E7 C6 57 8D BF
10:57:16.560 [TX CF6] 67 26 1D 9E 3F 7C 87 79
10:57:16.572 [TX CF7] 67 27 1F F2 61 E5 07 CA
10:57:16.582 [TX CF8] 67 28 97 96 3F 2E 9E 61
10:57:16.592 [TX CF9] 67 29 7C CB 79 A7 F3 71
10:57:16.603 [TX CF10] 67 2A E7 27 CE D7 9E BF
10:57:16.613 [TX CF11] 67 2B 3F 9E 83 7D 0F 7A
10:57:16.623 [TX CF12] 67 2C 2F F4 81 E9 47 D3
10:57:16.634 [TX CF13] 67 2D 17 A7 3F 50 9E A5
10:57:16.645 [TX CF14] 67 2E 7D 53 7A B7 F5 91
10:57:16.655 [TX CF15] 67 2F EB 67 D7 57 AF BF
10:57:16.665 [TX CF0] 67 20 61 9E C7 7D 97 7B
10:57:16.675 [TX CF1] 67 21 3F F6 A1 ED 87 DB
10:57:16.686 [TX CF2] 67 22 97 B8 3F 72 9E E9
10:57:16.697 [TX CF3] 67 23 7D DB 7B C7 F7 B1
10:57:16.707 [TX CF4] 67 24 EF A7 DF D7 80 BF
10:57:16.718 [TX CF5] 67 25 03 9E 0B 7C 1F 78
10:57:16.728 [TX CF6] 67 26 4F F0 C1 E1 C7 C4
10:57:16.738 [TX CF7] 67 27 17 89 3F 14 9E 2D
10:57:16.749 [TX CF8] 67 28 7C 63 78 D7 F1 D1
10:57:16.760 [TX CF9] 67 29 E3 E7 C8 57 91 BF
10:57:16.770 [TX CF10] 67 2A 25 9E 4F 7C A7 79
10:57:16.781 [TX CF11] 67 2B 5F F2 E1 E6 07 CC
10:57:16.791 [TX CF12] 67 2C 97 9A 3F 36 9E 71
10:57:16.802 [TX CF13] 67 2D 7C EB 79 E7 F3 F1
10:57:16.812 [TX CF14] 67 2E E8 27 D0 D7 A2 BF
10:57:16.823 [TX CF15] 67 2F 47 9E 93 7D 2F 7A
10:57:16.834 [TX CF0] 67 20 6F F5 01 EA 47 D5
10:57:16.845 [TX CF1] 67 21 17 AB 3F 58 9E B5
10:57:16.855 [TX CF2] 67 22 7D 73 7A F7 F6 11
10:57:16.865 [TX CF3] 67 23 EC 67 D9 57 B3 BF
10:57:16.875 [TX CF4] 67 24 69 9E D7 7D B7 7B
10:57:16.887 [TX CF5] 67 25 7F F7 21 EE 87 DD
10:57:16.898 [TX CF6] 67 26 97 BC 3F 7A 9E F9
10:57:16.908 [TX CF7] 67 27 7D FB 78 07 F0 31
10:57:16.919 [TX CF8] 67 28 E0 A7 C1 D7 84 BF
10:57:16.931 [TX CF9] 67 29 0B 9E 1B 7C 3F 78
10:57:16.941 [TX CF10] 67 2A 8F F1 41 E2 C7 C6
10:57:16.953 [TX CF11] 67 2B 17 8D 3F 1C 9E 3D
10:57:16.963 [TX CF12] 67 2C 7C 83 79 17 F2 51
10:57:16.974 [TX CF13] 67 2D E4 E7 CA 57 95 BF
10:57:16.984 [TX CF14] 67 2E 2D 9E 5F 7C C7 79
10:57:16.994 [TX CF15] 67 2F 9F F3 61 E7 07 CE
10:57:17.005 [TX CF0] 67 20 97 9E 3F 3E 9E 81
10:57:17.017 [TX CF1] 67 21 7D 0B 7A 27 F4 71
10:57:17.028 [TX CF2] 67 22 E9 27 D2 D7 A6 BF
10:57:17.039 [TX CF3] 67 23 4F 9E A3 7D 4F 7A
10:57:17.049 [TX CF4] 67 24 AF F5 81 EB 47 D7
10:57:17.060 [TX CF5] 67 25 17 AF 3F 60 9E C5
10:57:17.072 [TX CF6] 67 26 7D 93 7B 37 F6 91
10:57:17.082 [TX CF7] 67 27 ED 67 DB 57 B7 BF
10:57:17.092 [TX CF8] 67 28 71 9E E7 7D D7 7B
10:57:17.103 [TX CF9] 67 29 BF F7 A1 EF 87 DF
10:57:17.113 [TX CF10] 67 2A 97 80 3F 02 9E 09
10:57:17.125 [TX CF11] 67 2B 7C 1B 78 47 F0 B1
10:57:17.136 [TX CF12] 67 2C E1 A7 C3 D7 88 BF
10:57:17.147 [TX CF13] 67 2D 13 9E 2B 7C 5F 78
10:57:17.157 [TX CF14] 67 2E CF F1 C1 E3 C7 C8
10:57:17.168 [TX CF15] 67 2F 17 91 3F 24 9E 4D
10:57:17.178 [TX CF0] 67 20 7C A3 79 57 F2 D1
10:57:17.188 [TX CF1] 67 21 E5 E7 CC 57 99 BF
10:57:17.198 [TX CF2] 67 22 35 9E 6F 7C E7 79
10:57:17.209 [TX CF3] 67 23 DF F3 E1 E8 07 D0
10:57:17.219 [TX CF4] 67 24 97 A2 3F 46 9E 91
10:57:17.230 [TX CF5] 67 25 7D 2B 7A 67 F4 F1
10:57:17.240 [TX CF6] 67 26 EA 27 D4 D7 AA BF
10:57:17.251 [TX CF7] 67 27 57 9E B3 7D 6F 7A
10:57:17.261 [TX CF8] 67 28 EF F6 01 EC 47 D9
10:57:17.272 [TX CF9] 67 29 17 B3 3F 68 9E D5
10:57:17.282 [TX CF10] 67 2A 7D B3 7B 77 F7 11
10:57:17.293 [TX CF11] 67 2B EE 67 DD 57 BB BF
10:57:17.304 [TX CF12] 67 2C 79 9E F7 7D F7 7F
10:57:17.314 [TX CF13] 67 2D FD FF F8 11 F0 45
10:57:17.324 [TX CF14] 67 2E E0 CF C2 27 85 5F
10:57:17.335 [TX CF15] 67 2F 0C DE 1D FC 44 78
10:57:17.345 [TX CF0] 67 20 99 F1 55 E2 EF C6
10:57:17.356 [TX CF1] 67 21 67 8D DF 1D DE 3F
10:57:17.367 [TX CF2] 67 22 FC 88 79 21 F2 65
10:57:17.377 [TX CF3] 67 23 E5 0F CA A7 96 5F
10:57:17.388 [TX CF4] 67 24 2E DE 61 FC CC 79
10:57:17.398 [TX CF5] 67 25 A9 F3 75 E7 2F CE
10:57:17.409 [TX CF6] 67 26 E7 9E DF 3F DE 83
10:57:17.419 [TX CF7] 67 27 FD 10 7A 31 F4 85
10:57:17.430 [TX CF8] 67 28 E9 4F D3 27 A7 5F
10:57:17.441 [TX CF9] 67 29 50 DE A5 FD 54 7A
10:57:17.452 [TX CF10] 67 2A B9 F5 95 EB 6F D7
10:57:17.464 [TX CF11] 67 2B 67 AF DF 61 DE C7
10:57:17.474 [TX CF12] 67 2C FD 98 7B 41 F6 A5
10:57:17.484 [TX CF13] 67 2D ED 8F DB A7 B8 5F
10:57:17.494 [TX CF14] 67 2E 72 DE E9 FD DC 7B
10:57:17.505 [TX CF15] 67 2F C9 F7 B5 EF AF DF
10:57:17.515 [TX CF0] 67 20 E7 80 DF 03 DE 0B
10:57:17.525 [TX CF1] 67 21 FC 20 78 51 F0 C5
10:57:17.536 [TX CF2] 67 22 E1 CF C4 27 89 5F
10:57:17.548 [TX CF3] 67 23 14 DE 2D FC 64 78
10:57:17.559 [TX CF4] 67 24 D9 F1 D5 E3 EF C8
10:57:17.571 [TX CF5] 67 25 67 91 DF 25 DE 4F
10:57:17.632 [TX CF6] 67 26 FC A8 79 61 F2 E5
10:57:17.643 [TX CF7] 67 27 E6 0F CC A7 9A 5F
10:57:17.654 [TX CF8] 67 28 36 DE 71 FC EC 79
10:57:17.665 [TX CF9] 67 29 E9 F3 F5 E8 2F D0
10:57:17.675 [TX CF10] 67 2A E7 A2 DF 47 DE 93
10:57:17.686 [TX CF11] 67 2B FD 30 7A 71 F5 05
10:57:17.697 [TX CF12] 67 2C EA 4F D5 27 AB 5F
10:57:17.707 [TX CF13] 67 2D 58 DE B5 FD 74 7A
10:57:17.719 [TX CF14] 67 2E F9 F6 15 EC 6F D9
10:57:17.730 [TX CF15] 67 2F 67 B3 DF 69 DE D7
10:57:17.741 [TX CF0] 67 20 FD B8 7B 81 F7 25
10:57:17.751 [TX CF1] 67 21 EE 8F DD A7 BC 5F
10:57:17.761 [TX CF2] 67 22 7A DE F9 FD FC 78
10:57:17.772 [TX CF3] 67 23 09 F0 35 E0 AF C1
10:57:17.783 [TX CF4] 67 24 E7 84 DF 0B DE 1B
10:57:17.793 [TX CF5] 67 25 FC 40 78 91 F1 45
10:57:17.805 [TX CF6] 67 26 E2 CF C6 27 8D 5F
10:57:17.815 [TX CF7] 67 27 1C DE 3D FC 84 79
10:57:17.825 [TX CF8] 67 28 19 F2 55 E4 EF CA
10:57:17.836 [TX CF9] 67 29 67 95 DF 2D DE 5F
10:57:17.847 [TX CF10] 67 2A FC C8 79 A1 F3 65
10:57:17.857 [TX CF11] 67 2B E7 0F CE A7 9E 5F
10:57:17.868 [TX CF12] 67 2C 3E DE 81 FD 0C 7A
10:57:17.878 [TX CF13] 67 2D 29 F4 75 E9 2F D2
10:57:17.888 [TX CF14] 67 2E E7 A6 DF 4F DE A3
10:57:17.899 [TX CF15] 67 2F FD 50 7A B1 F5 85
10:57:17.909 [TX CF0] 67 20 EB 4F D7 27 AF 5F
10:57:17.921 [TX CF1] 67 21 60 DE C5 FD 94 7B
10:57:17.932 [TX CF2] 67 22 39 F6 95 ED 6F DB
10:57:17.942 [TX CF3] 67 23 67 B7 DF 71 DE E7
10:57:17.954 [TX CF4] 67 24 FD D8 7B C1 F7 A5
10:57:17.964 [TX CF5] 67 25 EF 8F DF A7 80 5F
10:57:17.975 [TX CF6] 67 26 02 DE 09 FC 1C 78
10:57:17.985 [TX CF7] 67 27 49 F0 B5 E1 AF C3
10:57:17.995 [TX CF8] 67 28 E7 88 DF 13 DE 2B
10:57:18.006 [TX CF9] 67 29 FC 60 78 D1 F1 C5
10:57:18.017 [TX CF10] 67 2A E3 CF C8 27 91 5F
10:57:18.028 [TX CF11] 67 2B 24 DE 4D FC A4 79
10:57:18.038 [TX CF12] 67 2C 59 F2 D5 E5 EF CC
10:57:18.049 [TX CF13] 67 2D 67 99 DF 35 DE 6F
10:57:18.059 [TX CF14] 67 2E FC E8 79 E1 F3 E5
10:57:18.069 [TX CF15] 67 2F E8 0F D0 A7 A2 5F
10:57:18.080 [TX CF0] 67 20 46 DE 91 FD 2C 7A
10:57:18.090 [TX CF1] 67 21 69 F4 F5 EA 2F D4
10:57:18.101 [TX CF2] 67 22 E7 AA DF 57 DE B3
10:57:18.111 [TX CF3] 67 23 FD 70 7A F1 F6 05
10:57:18.122 [TX CF4] 67 24 EC 4F D9 27 B3 5F
10:57:18.132 [TX CF5] 67 25 68 DE D5 FD B4 7B
10:57:18.143 [TX CF6] 67 26 79 F7 15 EE 6F DD
10:57:18.154 [TX CF7] 67 27 67 BB DF 79 DE F7
10:57:18.165 [TX CF8] 67 28 FD F8 78 01 F0 25
10:57:18.175 [TX CF9] 67 29 E0 8F C1 A7 84 5F
10:57:18.186 [TX CF10] 67 2A 0A DE 19 FC 3C 78
10:57:18.197 [TX CF11] 67 2B 89 F1 35 E2 AF C5
10:57:18.207 [TX CF12] 67 2C E7 8C DF 1B DE 3B
10:57:18.218 [TX CF13] 67 2D FC 80 79 11 F2 45
10:57:18.228 [TX CF14] 67 2E E4 CF CA 27 95 5F
10:57:18.238 [TX CF15] 67 2F 2C DE 5D FC C4 79
10:57:18.248 [TX CF0] 67 20 99 F3 55 E6 EF CE
10:57:18.259 [TX CF1] 67 21 67 9D DF 3D DE 7F
10:57:18.269 [TX CF2] 67 22 FD 08 7A 21 F4 65
10:57:18.280 [TX CF3] 67 23 E9 0F D2 A7 A6 5F
10:57:18.290 [TX CF4] 67 24 4E DE A1 FD 4C 7A
10:57:18.300 [TX CF5] 67 25 A9 F5 75 EB 2F D6
10:57:18.312 [TX CF6] 67 26 E7 AE DF 5F DE C3
10:57:18.322 [TX CF7] 67 27 FD 90 7B 31 F6 85
10:57:18.332 [TX CF8] 67 28 ED 4F DB 27 B7 5F
10:57:18.342 [TX CF9] 67 29 70 DE E5 FD D4 7B
10:57:18.353 [TX CF10] 67 2A B9 F7 95 EF 6F DF
10:57:18.363 [TX CF11] 67 2B 67 BF DF 01 DE 07
10:57:18.374 [TX CF12] 67 2C FC 18 78 41 F0 A5
10:57:18.385 [TX CF13] 67 2D E1 8F C3 A7 88 5F
10:57:18.395 [TX CF14] 67 2E 12 DE 29 FC 5C 78
10:57:18.406 [TX CF15] 67 2F C9 F1 B5 E3 AF C7
10:57:18.416 [TX CF0] 67 20 E7 90 DF 23 DE 4B
10:57:18.427 [TX CF1] 67 21 FC A0 79 51 F2 C5
10:57:18.438 [TX CF2] 67 22 E5 CF CC 27 99 5F
10:57:18.449 [TX CF3] 67 23 34 DE 6D FC E4 79
10:57:18.459 [TX CF4] 67 24 D9 F3 D5 E7 EF D0
10:57:18.470 [TX CF5] 67 25 67 A1 DF 45 DE 8F
10:57:18.480 [TX CF6] 67 26 FD 28 7A 61 F4 E5
10:57:18.491 [TX CF7] 67 27 EA 0F D4 A7 AA 5F
10:57:18.501 [TX CF8] 67 28 56 DE B1 FD 6C 7A
10:57:18.512 [TX CF9] 67 29 E9 F5 F5 EC 2F D8
10:57:18.522 [TX CF10] 67 2A E7 B2 DF 67 DE D3
10:57:18.532 [TX CF11] 67 2B FD B0 7B 71 F7 05
10:57:18.543 [TX CF12] 67 2C EE 4F DD 27 BB 5F
10:57:18.553 [TX CF13] 67 2D 78 DE F5 FD F4 7B
10:57:18.564 [TX CF14] 67 2E F9 F0 15 E0 6F C1
10:57:18.574 [TX CF15] 67 2F 67 83 DF 09 DE 17
10:57:18.585 [TX CF0] 67 20 FC 38 78 81 F1 25
10:57:18.595 [TX CF1] 67 21 E2 8F C5 A7 8C 5F
10:57:18.605 [TX CF2] 67 22 1A DE 39 FC 7C 79
10:57:18.615 [TX CF3] 67 23 09 F2 35 E4 AF C9
10:57:18.626 [TX CF4] 67 24 E7 94 DF 2B DE 5B
10:57:18.637 [TX CF5] 67 25 FC C0 79 91 F3 45
10:57:18.648 [TX CF6] 67 26 E6 CF CE 27 9D 5F
10:57:18.658 [TX CF7] 67 27 3C DE 7D FD 04 7A
10:57:18.669 [TX CF8] 67 28 19 F4 55 E8 EF D2
10:57:18.679 [TX CF9] 67 29 67 A5 DF 4D DE 9F
10:57:18.689 [TX CF10] 67 2A FD 48 7A A1 F5 65
10:57:18.701 [TX CF11] 67 2B EB 0F D6 A7 AE 5F
10:57:18.712 [TX CF12] 67 2C 5E DE C1 FD 8C 7B
10:57:18.723 [TX CF13] 67 2D 29 F6 75 ED 2F DA
10:57:18.734 [TX CF14] 67 2E E7 B6 DF 6F DE E3
10:57:18.746 [TX CF15] 67 2F FD D0 7B B1 F7 85
10:57:18.757 [TX CF0] 67 20 EF 4F DF 27 BF 5F
10:57:18.768 [TX CF1] 67 21 00 DE 05 FC 14 78
10:57:18.780 [TX CF2] 67 22 39 F0 95 E1 6F C3
10:57:18.792 [TX CF3] 67 23 67 87 DF 11 DE 27
10:57:18.803 [TX CF4] 67 24 FC 58 78 FF FF FF
10:57:18.822 [RX SF ] 67 02 76 16 FF FF FF FF
10:57:18.822 [RX    ] 76 16
10:57:18.822 [PASS  ] TransferData block=22 | expected: 76 ... | received: 76 16
10:57:18.834 ------------------------------------------------------------------------
10:57:18.834 [STEP  ] 0x36 block=23  offset=44880/45254  (99%)
10:57:18.834 [TX TransferData block=23 len=374] 36 17 C1 F1 A5 E3 8F C7 A7 90 5F 22 DE 49 FC 9C...
10:57:18.835 [TX FF ] 67 11 78 36 17 C1 F1 A5
10:57:18.846 [TX CF1] 67 21 E3 8F C7 A7 90 5F
10:57:18.856 [TX CF2] 67 22 22 DE 49 FC 9C 79
10:57:18.867 [TX CF3] 67 23 49 F2 B5 E5 AF CB
10:57:18.878 [TX CF4] 67 24 E7 98 DF 33 DE 6B
10:57:18.888 [TX CF5] 67 25 FC E0 79 D1 F3 C5
10:57:18.899 [TX CF6] 67 26 E7 CF D0 27 A1 5F
10:57:18.909 [TX CF7] 67 27 44 DE 8D FD 24 7A
10:57:18.920 [TX CF8] 67 28 59 F4 D5 E9 EF D4
10:57:18.930 [TX CF9] 67 29 67 A9 DF 55 DE AF
10:57:18.942 [TX CF10] 67 2A FD 68 7A E1 F5 E5
10:57:18.953 [TX CF11] 67 2B EC 0F D8 A7 B2 5F
10:57:18.965 [TX CF12] 67 2C 66 DE D1 FD AC 7B
10:57:18.975 [TX CF13] 67 2D 69 F6 F5 EE 2F DC
10:57:18.986 [TX CF14] 67 2E E7 BA DF 77 DE F3
10:57:18.996 [TX CF15] 67 2F FD F0 7B F1 F0 05
10:57:19.007 [TX CF0] 67 20 E0 4F C1 27 83 5F
10:57:19.019 [TX CF1] 67 21 08 DE 15 FC 34 78
10:57:19.029 [TX CF2] 67 22 79 F1 15 E2 6F C5
10:57:19.040 [TX CF3] 67 23 67 8B DF 19 DE 37
10:57:19.050 [TX CF4] 67 24 FC 78 79 01 F2 25
10:57:19.060 [TX CF5] 67 25 E4 8F C9 A7 94 5F
10:57:19.072 [TX CF6] 67 26 2A DE 59 FC BC 79
10:57:19.083 [TX CF7] 67 27 89 F3 35 E6 AF CD
10:57:19.093 [TX CF8] 67 28 E7 9C DF 3B DE 7B
10:57:19.103 [TX CF9] 67 29 FD 00 7A 11 F4 45
10:57:19.114 [TX CF10] 67 2A E8 CF D2 27 A5 5F
10:57:19.124 [TX CF11] 67 2B 4C DE 9D FD 44 7A
10:57:19.135 [TX CF12] 67 2C 99 F5 55 EA EF D6
10:57:19.145 [TX CF13] 67 2D 67 AD DF 5D DE BF
10:57:19.156 [TX CF14] 67 2E FD 88 7B 21 F6 65
10:57:19.166 [TX CF15] 67 2F ED 0F DA A7 B6 5F
10:57:19.177 [TX CF0] 67 20 6E DE E1 FD CC 7B
10:57:19.188 [TX CF1] 67 21 A9 F7 75 EF 2F DE
10:57:19.198 [TX CF2] 67 22 E7 BE DF 7F DE 03
10:57:19.209 [TX CF3] 67 23 FC 10 78 31 F0 85
10:57:19.219 [TX CF4] 67 24 E1 4F C3 27 87 5F
10:57:19.229 [TX CF5] 67 25 10 DE 25 FC 54 78
10:57:19.240 [TX CF6] 67 26 B9 F1 95 E3 6F C7
10:57:19.250 [TX CF7] 67 27 67 8F DF 21 DE 47
10:57:19.261 [TX CF8] 67 28 FC 98 79 41 F2 A5
10:57:19.272 [TX CF9] 67 29 E5 8F CB A7 98 5F
10:57:19.283 [TX CF10] 67 2A 32 DE 69 FC DC 79
10:57:19.293 [TX CF11] 67 2B C9 F3 B5 E7 AF CF
10:57:19.304 [TX CF12] 67 2C E7 A0 DF 43 DE 8B
10:57:19.314 [TX CF13] 67 2D FD 20 7A 51 F4 C5
10:57:19.325 [TX CF14] 67 2E E9 CF D4 27 A9 5F
10:57:19.336 [TX CF15] 67 2F 54 DE AD FD 64 7A
10:57:19.347 [TX CF0] 67 20 D9 F5 D5 EB EF D8
10:57:19.358 [TX CF1] 67 21 67 B1 DF 65 DE CF
10:57:19.368 [TX CF2] 67 22 FD A8 7B 61 F6 E5
10:57:19.379 [TX CF3] 67 23 EE 0F DC A7 BA 5F
10:57:19.389 [TX CF4] 67 24 76 DE F1 FD EC 7B
10:57:19.400 [TX CF5] 67 25 E9 F7 F4 90 18 00
10:57:19.410 [TX CF6] 67 26 02 49 34 12 2E 01
10:57:19.421 [TX CF7] 67 27 0E CD 08 AC D1 65
10:57:19.431 [TX CF8] 67 28 12 09 05 04 08 95
10:57:19.442 [TX CF9] 67 29 58 0B 2C 9C 0B 0B
10:57:19.453 [TX CF10] 67 2A F9 6A 0C 07 81 00
10:57:19.463 [TX CF11] 67 2B 90 00 F0 AD 40 01
10:57:19.475 [TX CF12] 67 2C 70 C2 20 B2 09 30
10:57:19.485 [TX CF13] 67 2D 31 28 80 36 D0 6A
10:57:19.497 [TX CF14] 67 2E 50 10 94 A0 00 FF
10:57:19.517 [RX SF ] 67 02 76 17 FF FF FF FF
10:57:19.517 [RX    ] 76 17
10:57:19.518 [PASS  ] TransferData block=23 | expected: 76 ... | received: 76 17
10:57:19.528 [INFO  ] Transfer complete: 45254 bytes sent
10:57:19.528 ------------------------------------------------------------------------
10:57:19.529 [STEP  ] 0x37 – TransferExit
10:57:19.529 [TX TransferExit] 37
10:57:19.529 [TX SF ] 67 01 37 FF FF FF FF FF
10:57:19.549 [RX SF ] 67 01 77 FF FF FF FF FF
10:57:19.550 [RX    ] 77
10:57:19.550 [PASS  ] TransferExit positive response | expected: 77 ... | received: 77
10:57:19.550 ------------------------------------------------------------------------
10:57:19.550 [STEP  ] 0x31 01 0212 – CheckMemory (signature verification)
10:57:19.551 [TX RoutineControl CheckMemory] 31 01 02 12 01 CB 24 63 23 AA 90 3E 67 B9 AC A0...
10:57:19.551 [TX FF ] 67 11 04 31 01 02 12 01
10:57:19.562 [TX CF1] 67 21 CB 24 63 23 AA 90
10:57:19.573 [TX CF2] 67 22 3E 67 B9 AC A0 79
10:57:19.583 [TX CF3] 67 23 6A 33 32 3D FD ED
10:57:19.593 [TX CF4] 67 24 72 C2 2B 48 AA 1D
10:57:19.604 [TX CF5] 67 25 1F 29 A4 F9 94 51
10:57:19.614 [TX CF6] 67 26 65 3B E1 8C E6 C5
10:57:19.625 [TX CF7] 67 27 D2 91 51 2C 5E F9
10:57:19.636 [TX CF8] 67 28 25 82 27 D4 E9 44
10:57:19.647 [TX CF9] 67 29 C7 CC 5D 7E 14 AE
10:57:19.658 [TX CF10] 67 2A A8 6C 37 97 BF 7A
10:57:19.669 [TX CF11] 67 2B D4 92 88 61 B0 EC
10:57:19.680 [TX CF12] 67 2C 5E 3B BE 83 C4 17
10:57:19.690 [TX CF13] 67 2D BF F9 37 A4 92 E5
10:57:19.702 [TX CF14] 67 2E B1 17 83 7E B5 32
10:57:19.713 [TX CF15] 67 2F 15 9A 33 81 20 E2
10:57:19.723 [TX CF0] 67 20 97 E3 40 B2 16 45
10:57:19.734 [TX CF1] 67 21 63 C9 14 EE F4 08
10:57:19.744 [TX CF2] 67 22 5A D9 A8 72 CA B3
10:57:19.756 [TX CF3] 67 23 61 5C 2C D5 40 CA
10:57:19.767 [TX CF4] 67 24 1C C1 45 03 A9 26
10:57:19.778 [TX CF5] 67 25 87 2E 8E E0 D0 A7
10:57:19.788 [TX CF6] 67 26 48 00 1F 2D 07 2A
10:57:19.799 [TX CF7] 67 27 66 9D 7C 11 EB 3E
10:57:19.809 [TX CF8] 67 28 E9 0C C3 2F 15 CA
10:57:19.820 [TX CF9] 67 29 06 BA 8A 76 FA 29
10:57:19.830 [TX CF10] 67 2A F4 19 AB 45 7C 95
10:57:19.841 [TX CF11] 67 2B AD 89 AB E2 D8 91
10:57:19.852 [TX CF12] 67 2C 39 AA 4A 0C F3 72
10:57:19.863 [TX CF13] 67 2D EB F1 54 71 3D CF
10:57:19.874 [TX CF14] 67 2E 4A C0 EF 23 53 32
10:57:19.885 [TX CF15] 67 2F 7F 90 C7 0C 97 A0
10:57:19.895 [TX CF0] 67 20 23 BF 99 AD C3 FD
10:57:19.906 [TX CF1] 67 21 AB 46 9D 70 05 CB
10:57:19.917 [TX CF2] 67 22 00 5A 3D 5F 45 2E
10:57:19.928 [TX CF3] 67 23 1B 49 17 B0 BF 21
10:57:19.940 [TX CF4] 67 24 30 98 3B 9F 86 13
10:57:19.950 [TX CF5] 67 25 7F E7 AF E8 4E 27
10:57:19.962 [TX CF6] 67 26 4A 39 DE CF 82 67
10:57:19.973 [TX CF7] 67 27 32 0C 62 06 35 BF
10:57:19.985 [TX CF8] 67 28 32 70 3B 85 1A 01
10:57:19.996 [TX CF9] 67 29 0B 91 82 7B 33 83
10:57:20.008 [TX CF10] 67 2A DD AC 6F 79 27 4C
10:57:20.019 [TX CF11] 67 2B 35 C4 E4 FF FF FF
10:57:20.037 [RX SF ] 67 03 7F 31 78 FF FF FF
10:57:20.037 [INFO  ] NRC 0x78 – ResponsePending, waiting P2*...
10:57:20.047 [RX SF (after NRC78)] 67 03 7F 31 78 FF FF FF
10:57:20.057 [RX SF (after NRC78)] 67 03 7F 31 78 FF FF FF
10:57:20.067 [RX SF (after NRC78)] 67 03 7F 31 78 FF FF FF
10:57:20.078 [RX SF (after NRC78)] 67 03 7F 31 78 FF FF FF
10:57:20.088 [RX SF (after NRC78)] 67 03 7F 31 78 FF FF FF
10:57:20.097 [RX SF (after NRC78)] 67 03 7F 31 78 FF FF FF
10:57:20.107 [RX SF (after NRC78)] 67 03 7F 31 78 FF FF FF
10:57:20.118 [RX SF (after NRC78)] 67 03 7F 31 78 FF FF FF
10:57:20.128 [RX SF (after NRC78)] 67 03 7F 31 78 FF FF FF
10:57:20.137 [RX SF (after NRC78)] 67 03 7F 31 78 FF FF FF
10:57:20.148 [RX SF (after NRC78)] 67 03 7F 31 78 FF FF FF
10:57:20.157 [RX SF (after NRC78)] 67 03 7F 31 78 FF FF FF
10:57:20.167 [RX SF (after NRC78)] 67 03 7F 31 78 FF FF FF
10:57:20.178 [RX SF (after NRC78)] 67 03 7F 31 78 FF FF FF
10:57:20.188 [RX SF (after NRC78)] 67 03 7F 31 78 FF FF FF
10:57:20.198 [RX SF (after NRC78)] 67 03 7F 31 78 FF FF FF
10:57:20.207 [RX SF (after NRC78)] 67 03 7F 31 78 FF FF FF
10:57:20.217 [RX SF (after NRC78)] 67 03 7F 31 78 FF FF FF
10:57:20.227 [RX SF (after NRC78)] 67 03 7F 31 78 FF FF FF
10:57:20.237 [RX SF (after NRC78)] 67 03 7F 31 78 FF FF FF
10:57:20.247 [RX SF (after NRC78)] 67 03 7F 31 78 FF FF FF
10:57:20.257 [RX SF (after NRC78)] 67 03 7F 31 78 FF FF FF
10:57:20.267 [RX SF (after NRC78)] 67 03 7F 31 78 FF FF FF
10:57:20.276 [RX SF (after NRC78)] 67 03 7F 31 78 FF FF FF
10:57:20.284 [RX SF (after NRC78)] 67 03 7F 31 78 FF FF FF
10:57:20.293 [RX SF (after NRC78)] 67 03 7F 31 78 FF FF FF
10:57:20.302 [RX SF (after NRC78)] 67 03 7F 31 78 FF FF FF
10:57:20.313 [RX SF (after NRC78)] 67 03 7F 31 78 FF FF FF
10:57:20.321 [RX SF (after NRC78)] 67 03 7F 31 78 FF FF FF
10:57:20.330 [RX SF (after NRC78)] 67 03 7F 31 78 FF FF FF
10:57:20.340 [RX SF (after NRC78)] 67 03 7F 31 78 FF FF FF
10:57:20.348 [RX SF (after NRC78)] 67 03 7F 31 78 FF FF FF
10:57:20.357 [RX SF (after NRC78)] 67 03 7F 31 78 FF FF FF
10:57:20.367 [RX SF (after NRC78)] 67 03 7F 31 78 FF FF FF
10:57:20.375 [RX SF (after NRC78)] 67 03 7F 31 78 FF FF FF
10:57:20.385 [RX SF (after NRC78)] 67 03 7F 31 78 FF FF FF
10:57:20.396 [RX SF (after NRC78)] 67 03 7F 31 78 FF FF FF
10:57:20.408 [RX SF (after NRC78)] 67 03 7F 31 78 FF FF FF
10:57:20.417 [RX SF (after NRC78)] 67 03 7F 31 78 FF FF FF
10:57:20.427 [RX SF (after NRC78)] 67 03 7F 31 78 FF FF FF
10:57:20.436 [RX SF (after NRC78)] 67 03 7F 31 78 FF FF FF
10:57:20.444 [RX SF (after NRC78)] 67 03 7F 31 78 FF FF FF
10:57:20.452 [RX SF (after NRC78)] 67 03 7F 31 78 FF FF FF
10:57:20.462 [RX SF (after NRC78)] 67 03 7F 31 78 FF FF FF
10:57:20.472 [RX SF (after NRC78)] 67 03 7F 31 78 FF FF FF
10:57:20.483 [RX SF (after NRC78)] 67 03 7F 31 78 FF FF FF
10:57:20.494 [RX SF (after NRC78)] 67 03 7F 31 78 FF FF FF
10:57:20.503 [RX SF (after NRC78)] 67 03 7F 31 78 FF FF FF
10:57:20.513 [RX SF (after NRC78)] 67 03 7F 31 78 FF FF FF
10:57:20.544 [RX SF (after NRC78)] 67 06 71 01 02 12 10 00
10:57:20.544 [RX    ] 71 01 02 12 10 00
10:57:20.544 [PASS  ] CheckMemory positive response | expected: 71 ... | received: 71 01 02 12 10 00
10:57:20.545 [INFO  ] LIN TP transport closed
10:57:20.545 ========================================================================
10:57:20.546 [SUMRY ] PASS=86  FAIL=0  TOTAL=86  ALL PASS
10:57:20.546 ========================================================================
